prefill_chunk,kv_prefill,n_decode,kv_decode,time_us
0,0,1,16,9.19467
0,0,1,32,11.1567
0,0,1,64,13.4507
0,0,1,128,19.168
0,0,1,256,19.264
0,0,1,512,19.2953
0,0,1,1024,19.893
0,0,1,2048,20.928
0,0,1,4096,23.2747
0,0,1,8192,33.2163
0,0,1,16384,50.6127
0,0,2,16,9.71733
0,0,2,32,11.6693
0,0,2,64,13.973
0,0,2,128,20.149
0,0,2,256,20.1173
0,0,2,512,20.2773
0,0,2,1024,21.8237
0,0,2,2048,23.5087
0,0,2,4096,31.7973
0,0,2,8192,48.128
0,0,2,16384,76.757
0,0,4,16,9.67433
0,0,4,32,11.68
0,0,4,64,14.1123
0,0,4,128,20.1387
0,0,4,256,20.3943
0,0,4,512,21.312
0,0,4,1024,23.146
0,0,4,2048,31.4237
0,0,4,4096,47.9563
0,0,4,8192,76.8523
0,0,4,16384,133.343
0,0,8,16,9.77033
0,0,8,32,11.808
0,0,8,64,14.1973
0,0,8,128,20.576
0,0,8,256,21.259
0,0,8,512,26.2397
0,0,8,1024,31.1997
0,0,8,2048,47.6583
0,0,8,4096,75.7753
0,0,8,8192,133.172
0,0,8,16384,244.766
0,0,16,16,10.0153
0,0,16,32,12.256
0,0,16,64,14.8267
0,0,16,128,21.8237
0,0,16,256,27.0933
0,0,16,512,33.2693
0,0,16,1024,49.2163
0,0,16,2048,78.9753
0,0,16,4096,138.132
0,0,16,8192,251.059
0,0,16,16384,484.327
0,0,32,16,10.6557
0,0,32,32,13.4713
0,0,32,64,16.395
0,0,32,128,28.0847
0,0,32,256,34.5703
0,0,32,512,50.005
0,0,32,1024,79.754
0,0,32,2048,138.015
0,0,32,4096,253.385
0,0,32,8192,486.195
0,0,32,16384,940.91
0,0,64,16,13.1307
0,0,64,32,17.7383
0,0,64,64,21.973
0,0,64,128,31.68
0,0,64,256,47.7643
0,0,64,512,78.09
0,0,64,1024,136.116
0,0,64,2048,253.982
0,0,64,4096,484.22
0,0,64,8192,938.809
0,0,64,16384,1860.96
0,0,128,16,20.256
0,0,128,32,29.8987
0,0,128,64,39.8717
0,0,128,128,56.5863
0,0,128,256,87.572
0,0,128,512,146.655
0,0,128,1024,262.825
0,0,128,2048,496.7
0,0,128,4096,955.459
0,0,128,8192,1893.18
0,0,128,16384,3735.57
0,0,256,16,33.1193
0,0,256,32,48.7463
0,0,256,64,66.7947
0,0,256,128,98.143
0,0,256,256,157.342
0,0,256,512,275.144
0,0,256,1024,510.097
0,0,256,2048,983.16
0,0,256,4096,1912.65
0,0,256,8192,3814
0,0,256,16384,7541.84
16,0,0,0,10.2187
16,0,1,16,16.3837
16,0,1,32,18.3357
16,0,1,64,20.629
16,0,1,128,26.5167
16,0,1,256,26.7737
16,0,1,512,26.6777
16,0,1,1024,27.2953
16,0,1,2048,28.3413
16,0,1,4096,30.56
16,0,1,8192,40.757
16,0,1,16384,56.9173
16,0,2,16,16.192
16,0,2,32,18.1657
16,0,2,64,20.3413
16,0,2,128,26.8907
16,0,2,256,26.656
16,0,2,512,27.0613
16,0,2,1024,28.1917
16,0,2,2048,30.3467
16,0,2,4096,38.9873
16,0,2,8192,55.231
16,0,2,16384,83.9357
16,0,4,16,16.1387
16,0,4,32,18.1653
16,0,4,64,20.6083
16,0,4,128,26.6443
16,0,4,256,27.157
16,0,4,512,27.9357
16,0,4,1024,29.9523
16,0,4,2048,38.2833
16,0,4,4096,55.1143
16,0,4,8192,85.29
16,0,4,16384,140.522
16,0,8,16,16.2983
16,0,8,32,18.3247
16,0,8,64,20.7567
16,0,8,128,27.264
16,0,8,256,28.416
16,0,8,512,33.0777
16,0,8,1024,38.7197
16,0,8,2048,54.5607
16,0,8,4096,83.5933
16,0,8,8192,140.713
16,0,8,16384,254.195
16,0,16,16,16.586
16,0,16,32,18.848
16,0,16,64,21.344
16,0,16,128,28.8
16,0,16,256,33.7063
16,0,16,512,40.5327
16,0,16,1024,56.6823
16,0,16,2048,86.644
16,0,16,4096,144.479
16,0,16,8192,261.139
16,0,16,16384,491.761
16,0,32,16,17.163
16,0,32,32,19.9787
16,0,32,64,22.8583
16,0,32,128,34.7727
16,0,32,256,42.0583
16,0,32,512,58.7303
16,0,32,1024,87.5513
16,0,32,2048,148.351
16,0,32,4096,261.982
16,0,32,8192,490.726
16,0,32,16384,950.723
16,0,64,16,19.8187
16,0,64,32,24.4803
16,0,64,64,29.0773
16,0,64,128,39.668
16,0,64,256,55.8393
16,0,64,512,84.7787
16,0,64,1024,144.852
16,0,64,2048,260.211
16,0,64,4096,491.581
16,0,64,8192,946.713
16,0,64,16384,1857.99
16,0,128,16,26.8803
16,0,128,32,35.3063
16,0,128,64,44.4693
16,0,128,128,60.703
16,0,128,256,90.4207
16,0,128,512,151.241
16,0,128,1024,265.075
16,0,128,2048,501.16
16,0,128,4096,962.03
16,0,128,8192,1893.12
16,0,128,16384,3741.33
16,16,0,0,10.4
16,16,1,16,16.555
16,16,1,32,18.5707
16,16,1,64,20.832
16,16,1,128,26.8577
16,16,1,256,26.9437
16,16,1,512,27.061
16,16,1,1024,27.3917
16,16,1,2048,28.8533
16,16,1,4096,30.9227
16,16,1,8192,41.056
16,16,1,16384,57.7057
16,16,2,16,16.384
16,16,2,32,18.2827
16,16,2,64,20.6493
16,16,2,128,26.7727
16,16,2,256,27.317
16,16,2,512,26.9333
16,16,2,1024,28.576
16,16,2,2048,30.165
16,16,2,4096,39.605
16,16,2,8192,55.2747
16,16,2,16384,85.1933
16,16,4,16,16.4267
16,16,4,32,18.3787
16,16,4,64,20.7893
16,16,4,128,27.2107
16,16,4,256,27.071
16,16,4,512,28.288
16,16,4,1024,29.9307
16,16,4,2048,38.7937
16,16,4,4096,54.8153
16,16,4,8192,84.4687
16,16,4,16384,143.348
16,16,8,16,16.5547
16,16,8,32,18.5927
16,16,8,64,21.013
16,16,8,128,27.4557
16,16,8,256,28.5967
16,16,8,512,33.0983
16,16,8,1024,38.72
16,16,8,2048,54.7197
16,16,8,4096,83.552
16,16,8,8192,140.308
16,16,8,16384,250.537
16,16,16,16,16.8103
16,16,16,32,19.135
16,16,16,64,21.6747
16,16,16,128,29.013
16,16,16,256,33.9517
16,16,16,512,40.8313
16,16,16,1024,56.4047
16,16,16,2048,87.434
16,16,16,4096,145.972
16,16,16,8192,262.259
16,16,16,16384,490.812
16,16,32,16,17.5137
16,16,32,32,20.2883
16,16,32,64,22.932
16,16,32,128,35.1037
16,16,32,256,42.5913
16,16,32,512,58.656
16,16,32,1024,88.7563
16,16,32,2048,148.34
16,16,32,4096,261.512
16,16,32,8192,496.732
16,16,32,16384,953.806
16,16,64,16,20.1493
16,16,64,32,24.843
16,16,64,64,29.387
16,16,64,128,39.3593
16,16,64,256,55.2527
16,16,64,512,85.4283
16,16,64,1024,143.689
16,16,64,2048,262.995
16,16,64,4096,494.95
16,16,64,8192,951.363
16,16,64,16384,1867.31
16,16,128,16,26.9763
16,16,128,32,35.5827
16,16,128,64,44.5973
16,16,128,128,60.747
16,16,128,256,90.8897
16,16,128,512,149.418
16,16,128,1024,265.544
16,16,128,2048,500.54
16,16,128,4096,970.925
16,16,128,8192,1889.23
16,16,128,16384,3742.2
16,32,0,0,12.2343
16,32,1,16,18.559
16,32,1,32,20.3837
16,32,1,64,22.677
16,32,1,128,28.6933
16,32,1,256,28.853
16,32,1,512,28.8637
16,32,1,1024,29.2907
16,32,1,2048,30.4963
16,32,1,4096,32.7357
16,32,1,8192,42.314
16,32,1,16384,58.453
16,32,2,16,18.2607
16,32,2,32,20.203
16,32,2,64,22.4857
16,32,2,128,28.725
16,32,2,256,29.1727
16,32,2,512,28.8953
16,32,2,1024,30.5597
16,32,2,2048,32.0947
16,32,2,4096,40.9923
16,32,2,8192,57.5357
16,32,2,16384,85.6733
16,32,4,16,18.4
16,32,4,32,20.2563
16,32,4,64,22.677
16,32,4,128,29.1413
16,32,4,256,28.981
16,32,4,512,30.2293
16,32,4,1024,32.0103
16,32,4,2048,40.4797
16,32,4,4096,57.1303
16,32,4,8192,85.5887
16,32,4,16384,142.953
16,32,8,16,18.4427
16,32,8,32,20.4477
16,32,8,64,22.8153
16,32,8,128,29.3223
16,32,8,256,30.368
16,32,8,512,34.997
16,32,8,1024,40.7033
16,32,8,2048,56.2243
16,32,8,4096,85.0547
16,32,8,8192,142.624
16,32,8,16384,254.622
16,32,16,16,18.7517
16,32,16,32,20.928
16,32,16,64,23.477
16,32,16,128,30.7093
16,32,16,256,35.487
16,32,16,512,42.56
16,32,16,1024,58.496
16,32,16,2048,89.13
16,32,16,4096,148.169
16,32,16,8192,263.091
16,32,16,16384,493.959
16,32,32,16,19.2537
16,32,32,32,22.069
16,32,32,64,24.9067
16,32,32,128,36.8963
16,32,32,256,44.458
16,32,32,512,60.053
16,32,32,1024,89.6107
16,32,32,2048,149.695
16,32,32,4096,264.68
16,32,32,8192,494.716
16,32,32,16384,950.446
16,32,64,16,22.048
16,32,64,32,26.6023
16,32,64,64,31.3067
16,32,64,128,41.0977
16,32,64,256,57.8873
16,32,64,512,86.7933
16,32,64,1024,147.839
16,32,64,2048,266.388
16,32,64,4096,492.689
16,32,64,8192,947.939
16,32,64,16384,1858.14
16,32,128,16,28.8743
16,32,128,32,37.3227
16,32,128,64,46.7197
16,32,128,128,62.5703
16,32,128,256,93.0233
16,32,128,512,151.412
16,32,128,1024,268.073
16,32,128,2048,501.873
16,32,128,4096,963.011
16,32,128,8192,1891.54
16,32,128,16384,3752.17
16,64,0,0,14.5283
16,64,1,16,20.7467
16,64,1,32,22.6767
16,64,1,64,24.9597
16,64,1,128,30.9227
16,64,1,256,31.1683
16,64,1,512,31.0507
16,64,1,1024,31.5733
16,64,1,2048,32.6827
16,64,1,4096,34.8797
16,64,1,8192,45.4183
16,64,1,16384,61.7807
16,64,2,16,20.4797
16,64,2,32,22.4637
16,64,2,64,24.7357
16,64,2,128,31.189
16,64,2,256,31.0717
16,64,2,512,31.434
16,64,2,1024,32.629
16,64,2,2048,34.549
16,64,2,4096,42.9333
16,64,2,8192,60.1807
16,64,2,16384,88.714
16,64,4,16,20.544
16,64,4,32,22.5063
16,64,4,64,24.9493
16,64,4,128,31.0077
16,64,4,256,31.4453
16,64,4,512,32.3093
16,64,4,1024,34.624
16,64,4,2048,42.474
16,64,4,4096,59.445
16,64,4,8192,88.1707
16,64,4,16384,144.842
16,64,8,16,20.6717
16,64,8,32,22.784
16,64,8,64,25.1083
16,64,8,128,31.7973
16,64,8,256,32.5227
16,64,8,512,37.653
16,64,8,1024,42.9333
16,64,8,2048,58.9853
16,64,8,4096,87.018
16,64,8,8192,145.375
16,64,8,16384,255.55
16,64,16,16,20.9597
16,64,16,32,23.296
16,64,16,64,25.7493
16,64,16,128,33.1417
16,64,16,256,38.016
16,64,16,512,45.237
16,64,16,1024,60.8953
16,64,16,2048,91.5297
16,64,16,4096,149.727
16,64,16,8192,261.854
16,64,16,16384,498.908
16,64,32,16,21.4923
16,64,32,32,24.3937
16,64,32,64,27.1037
16,64,32,128,39.0933
16,64,32,256,46.7193
16,64,32,512,62.2933
16,64,32,1024,94.005
16,64,32,2048,151.007
16,64,32,4096,267.305
16,64,32,8192,496.135
16,64,32,16384,960.729
16,64,64,16,24.213
16,64,64,32,28.8317
16,64,64,64,33.4503
16,64,64,128,43.1353
16,64,64,256,59.754
16,64,64,512,89.0763
16,64,64,1024,150.207
16,64,64,2048,264.201
16,64,64,4096,496.605
16,64,64,8192,949.167
16,64,64,16384,1860.91
16,64,128,16,31.2107
16,64,128,32,39.594
16,64,128,64,48.7787
16,64,128,128,64.8097
16,64,128,256,94.7623
16,64,128,512,154.655
16,64,128,1024,269.864
16,64,128,2048,504.082
16,64,128,4096,970.702
16,64,128,8192,1894.16
16,64,128,16384,3746.37
16,128,0,0,20.832
16,128,1,16,27.3803
16,128,1,32,29.3547
16,128,1,64,31.6797
16,128,1,128,37.5787
16,128,1,256,37.696
16,128,1,512,37.8447
16,128,1,1024,38.1223
16,128,1,2048,39.3917
16,128,1,4096,41.4287
16,128,1,8192,51.9573
16,128,1,16384,68.1697
16,128,2,16,27.1783
16,128,2,32,29.1413
16,128,2,64,31.412
16,128,2,128,37.5463
16,128,2,256,37.6013
16,128,2,512,37.7497
16,128,2,1024,39.1247
16,128,2,2048,40.906
16,128,2,4096,49.8557
16,128,2,8192,66.1007
16,128,2,16384,95.999
16,128,4,16,27.125
16,128,4,32,29.152
16,128,4,64,31.7547
16,128,4,128,37.803
16,128,4,256,37.6637
16,128,4,512,38.9643
16,128,4,1024,40.832
16,128,4,2048,49.4813
16,128,4,4096,65.834
16,128,4,8192,94.6123
16,128,4,16384,153.834
16,128,8,16,27.594
16,128,8,32,29.632
16,128,8,64,31.925
16,128,8,128,38.2183
16,128,8,256,39.156
16,128,8,512,44.202
16,128,8,1024,50.0057
16,128,8,2048,65.408
16,128,8,4096,93.9717
16,128,8,8192,151.967
16,128,8,16384,261.128
16,128,16,16,27.5947
16,128,16,32,29.876
16,128,16,64,32.4907
16,128,16,128,39.5093
16,128,16,256,44.746
16,128,16,512,51.4883
16,128,16,1024,67.2
16,128,16,2048,97.8553
16,128,16,4096,154.399
16,128,16,8192,271.795
16,128,16,16384,502.407
16,128,32,16,28.1063
16,128,32,32,30.9227
16,128,32,64,33.6313
16,128,32,128,45.5343
16,128,32,256,53.3017
16,128,32,512,68.6177
16,128,32,1024,98.2503
16,128,32,2048,157.076
16,128,32,4096,272.638
16,128,32,8192,503.111
16,128,32,16384,956.867
16,128,64,16,30.8157
16,128,64,32,35.403
16,128,64,64,40.4583
16,128,64,128,50.4527
16,128,64,256,66.709
16,128,64,512,96.4893
16,128,64,1024,155.188
16,128,64,2048,271.689
16,128,64,4096,503.378
16,128,64,8192,960.665
16,128,64,16384,1862.65
16,128,128,16,37.856
16,128,128,32,46.1757
16,128,128,64,55.5093
16,128,128,128,72.0313
16,128,128,256,102.154
16,128,128,512,161.129
16,128,128,1024,276.638
16,128,128,2048,509.958
16,128,128,4096,973.39
16,128,128,8192,1905.73
16,128,128,16384,3737.33
16,256,0,0,20.9277
16,256,1,16,27.5513
16,256,1,32,29.3867
16,256,1,64,31.7117
16,256,1,128,37.717
16,256,1,256,37.845
16,256,1,512,37.9403
16,256,1,1024,38.325
16,256,1,2048,39.6053
16,256,1,4096,41.7277
16,256,1,8192,52.0637
16,256,1,16384,67.861
16,256,2,16,27.2
16,256,2,32,29.152
16,256,2,64,31.5087
16,256,2,128,37.5993
16,256,2,256,37.8877
16,256,2,512,37.781
16,256,2,1024,39.1997
16,256,2,2048,40.9707
16,256,2,4096,50.08
16,256,2,8192,66.2933
16,256,2,16384,95.2843
16,256,4,16,27.2633
16,256,4,32,29.4073
16,256,4,64,31.6693
16,256,4,128,37.76
16,256,4,256,38.0257
16,256,4,512,38.987
16,256,4,1024,40.714
16,256,4,2048,49.2793
16,256,4,4096,66.0057
16,256,4,8192,95.6577
16,256,4,16384,151.647
16,256,8,16,27.7117
16,256,8,32,29.6843
16,256,8,64,32.139
16,256,8,128,38.346
16,256,8,256,39.1777
16,256,8,512,44.0743
16,256,8,1024,49.6747
16,256,8,2048,65.887
16,256,8,4096,94.1543
16,256,8,8192,153.418
16,256,8,16384,261.822
16,256,16,16,27.872
16,256,16,32,30.069
16,256,16,64,32.8203
16,256,16,128,39.679
16,256,16,256,44.6287
16,256,16,512,52.1377
16,256,16,1024,67.4027
16,256,16,2048,97.2697
16,256,16,4096,158.1
16,256,16,8192,272.062
16,256,16,16384,504.657
16,256,32,16,28.1707
16,256,32,32,30.997
16,256,32,64,33.7803
16,256,32,128,45.2903
16,256,32,256,53.258
16,256,32,512,69.333
16,256,32,1024,99.0927
16,256,32,2048,157.78
16,256,32,4096,271.636
16,256,32,8192,502.44
16,256,32,16384,957.176
16,256,64,16,30.901
16,256,64,32,35.5733
16,256,64,64,40.5123
16,256,64,128,50.3777
16,256,64,256,66.7513
16,256,64,512,96.0197
16,256,64,1024,156.447
16,256,64,2048,273.993
16,256,64,4096,504.092
16,256,64,8192,959.321
16,256,64,16384,1860.44
16,256,128,16,37.8773
16,256,128,32,46.5493
16,256,128,64,55.626
16,256,128,128,71.733
16,256,128,256,102.122
16,256,128,512,161.354
16,256,128,1024,274.441
16,256,128,2048,509.479
16,256,128,4096,969.7
16,256,128,8192,1899.23
16,256,128,16384,3725.57
16,512,0,0,21.1407
16,512,1,16,27.744
16,512,1,32,29.568
16,512,1,64,31.9783
16,512,1,128,37.9197
16,512,1,256,38.09
16,512,1,512,38.166
16,512,1,1024,38.496
16,512,1,2048,39.6583
16,512,1,4096,41.7707
16,512,1,8192,52.3633
16,512,1,16384,68.6717
16,512,2,16,27.488
16,512,2,32,29.344
16,512,2,64,31.8287
16,512,2,128,37.8453
16,512,2,256,37.962
16,512,2,512,38.1003
16,512,2,1024,39.4347
16,512,2,2048,41.0453
16,512,2,4096,50.912
16,512,2,8192,66.624
16,512,2,16384,95.659
16,512,4,16,27.6053
16,512,4,32,29.6747
16,512,4,64,32.011
16,512,4,128,38.145
16,512,4,256,38.272
16,512,4,512,39.157
16,512,4,1024,41.2163
16,512,4,2048,49.8353
16,512,4,4096,66.2287
16,512,4,8192,95.2
16,512,4,16384,153.055
16,512,8,16,27.7863
16,512,8,32,29.888
16,512,8,64,32.2133
16,512,8,128,38.474
16,512,8,256,39.306
16,512,8,512,44.223
16,512,8,1024,50.496
16,512,8,2048,66.5377
16,512,8,4096,94.238
16,512,8,8192,152.319
16,512,8,16384,264.264
16,512,16,16,27.915
16,512,16,32,30.293
16,512,16,64,32.9053
16,512,16,128,39.7123
16,512,16,256,44.608
16,512,16,512,51.6893
16,512,16,1024,67.744
16,512,16,2048,97.514
16,512,16,4096,155.657
16,512,16,8192,274.91
16,512,16,16384,501.052
16,512,32,16,28.4687
16,512,32,32,31.0073
16,512,32,64,34.0693
16,512,32,128,45.674
16,512,32,256,53.5893
16,512,32,512,70.0373
16,512,32,1024,98.325
16,512,32,2048,157.547
16,512,32,4096,273.833
16,512,32,8192,503.228
16,512,32,16384,956.794
16,512,64,16,31.3057
16,512,64,32,36.096
16,512,64,64,41.173
16,512,64,128,50.7837
16,512,64,256,67.103
16,512,64,512,97.386
16,512,64,1024,155.519
16,512,64,2048,272.189
16,512,64,4096,500.178
16,512,64,8192,956.41
16,512,64,16384,1868.86
16,512,128,16,38.2083
16,512,128,32,46.762
16,512,128,64,56.2237
16,512,128,128,72.384
16,512,128,256,102.506
16,512,128,512,161.908
16,512,128,1024,277.652
16,512,128,2048,512.551
16,512,128,4096,973.934
16,512,128,8192,1893.15
16,512,128,16384,3741.84
16,1024,0,0,21.685
16,1024,1,16,28.2123
16,1024,1,32,30.1547
16,1024,1,64,32.5437
16,1024,1,128,38.4107
16,1024,1,256,38.677
16,1024,1,512,38.432
16,1024,1,1024,39.103
16,1024,1,2048,40.1063
16,1024,1,4096,42.3467
16,1024,1,8192,52.9587
16,1024,1,16384,70.0797
16,1024,2,16,28.1277
16,1024,2,32,29.9413
16,1024,2,64,32.2027
16,1024,2,128,38.5487
16,1024,2,256,38.624
16,1024,2,512,38.667
16,1024,2,1024,40.192
16,1024,2,2048,41.792
16,1024,2,4096,51.6263
16,1024,2,8192,68.1277
16,1024,2,16384,96.543
16,1024,4,16,28.2233
16,1024,4,32,30.1547
16,1024,4,64,32.4903
16,1024,4,128,38.7083
16,1024,4,256,38.8157
16,1024,4,512,39.6467
16,1024,4,1024,41.536
16,1024,4,2048,50.8587
16,1024,4,4096,67.1247
16,1024,4,8192,97.843
16,1024,4,16384,153.14
16,1024,8,16,28.3203
16,1024,8,32,30.368
16,1024,8,64,32.7357
16,1024,8,128,38.9333
16,1024,8,256,39.8287
16,1024,8,512,44.885
16,1024,8,1024,51.1357
16,1024,8,2048,67.147
16,1024,8,4096,96.3507
16,1024,8,8192,152.596
16,1024,8,16384,263.134
16,1024,16,16,28.6397
16,1024,16,32,30.8907
16,1024,16,64,33.428
16,1024,16,128,40.2343
16,1024,16,256,45.568
16,1024,16,512,52.6397
16,1024,16,1024,69.0023
16,1024,16,2048,98.9093
16,1024,16,4096,157.481
16,1024,16,8192,275.465
16,1024,16,16384,503.335
16,1024,32,16,28.8423
16,1024,32,32,31.6263
16,1024,32,64,34.3997
16,1024,32,128,46.5383
16,1024,32,256,54.6447
16,1024,32,512,70.0693
16,1024,32,1024,100.203
16,1024,32,2048,161.716
16,1024,32,4096,275.081
16,1024,32,8192,504.86
16,1024,32,16384,952.932
16,1024,64,16,31.6047
16,1024,64,32,36.5333
16,1024,64,64,41.9837
16,1024,64,128,52.32
16,1024,64,256,67.5613
16,1024,64,512,97.7173
16,1024,64,1024,156.533
16,1024,64,2048,275.603
16,1024,64,4096,506.205
16,1024,64,8192,953.678
16,1024,64,16384,1868.91
16,1024,128,16,38.645
16,1024,128,32,47.712
16,1024,128,64,56.959
16,1024,128,128,73.1613
16,1024,128,256,103.007
16,1024,128,512,162.068
16,1024,128,1024,280.073
16,1024,128,2048,511.004
16,1024,128,4096,970.34
16,1024,128,8192,1899.21
16,1024,128,16384,3730.36
16,2048,0,0,22.7727
16,2048,1,16,29.4287
16,2048,1,32,31.3593
16,2048,1,64,33.6423
16,2048,1,128,39.669
16,2048,1,256,39.7
16,2048,1,512,39.9147
16,2048,1,1024,40.2023
16,2048,1,2048,41.1943
16,2048,1,4096,43.4027
16,2048,1,8192,55.019
16,2048,1,16384,70.9437
16,2048,2,16,29.141
16,2048,2,32,31.2213
16,2048,2,64,33.429
16,2048,2,128,39.6263
16,2048,2,256,39.8713
16,2048,2,512,39.7537
16,2048,2,1024,40.9813
16,2048,2,2048,43.264
16,2048,2,4096,52.9383
16,2048,2,8192,69.6527
16,2048,2,16384,99.21
16,2048,4,16,29.28
16,2048,4,32,31.1993
16,2048,4,64,33.5787
16,2048,4,128,39.6793
16,2048,4,256,39.882
16,2048,4,512,40.8633
16,2048,4,1024,42.836
16,2048,4,2048,52.5227
16,2048,4,4096,68.6613
16,2048,4,8192,97.9193
16,2048,4,16384,155.039
16,2048,8,16,29.3653
16,2048,8,32,31.392
16,2048,8,64,33.7807
16,2048,8,128,40.1917
16,2048,8,256,40.8737
16,2048,8,512,46.08
16,2048,8,1024,52.5863
16,2048,8,2048,68.9697
16,2048,8,4096,98.3453
16,2048,8,8192,155.359
16,2048,8,16384,264.714
16,2048,16,16,29.5467
16,2048,16,32,31.8393
16,2048,16,64,34.3247
16,2048,16,128,41.269
16,2048,16,256,46.2507
16,2048,16,512,54.5277
16,2048,16,1024,70.474
16,2048,16,2048,99.775
16,2048,16,4096,158.985
16,2048,16,8192,277.214
16,2048,16,16384,506.491
16,2048,32,16,29.92
16,2048,32,32,32.5337
16,2048,32,64,35.456
16,2048,32,128,47.808
16,2048,32,256,56.1707
16,2048,32,512,71.5627
16,2048,32,1024,101.002
16,2048,32,2048,162.367
16,2048,32,4096,274.931
16,2048,32,8192,508.583
16,2048,32,16384,959.556
16,2048,64,16,33.088
16,2048,64,32,38.0267
16,2048,64,64,43.1677
16,2048,64,128,53.1833
16,2048,64,256,69.237
16,2048,64,512,98.026
16,2048,64,1024,156.372
16,2048,64,2048,274.302
16,2048,64,4096,501.917
16,2048,64,8192,955.545
16,2048,64,16384,1858.86
16,2048,128,16,40.0533
16,2048,128,32,49.2473
16,2048,128,64,58.762
16,2048,128,128,74.5163
16,2048,128,256,105.248
16,2048,128,512,164.713
16,2048,128,1024,280.147
16,2048,128,2048,510.589
16,2048,128,4096,975.214
16,2048,128,8192,1897.82
16,2048,128,16384,3737.1
16,4096,0,0,25.3653
16,4096,1,16,31.8393
16,4096,1,32,33.8773
16,4096,1,64,36.234
16,4096,1,128,42.2297
16,4096,1,256,42.378
16,4096,1,512,42.4957
16,4096,1,1024,42.954
16,4096,1,2048,44.1383
16,4096,1,4096,46.0157
16,4096,1,8192,58.2933
16,4096,1,16384,74.975
16,4096,2,16,31.8077
16,4096,2,32,33.6207
16,4096,2,64,35.9037
16,4096,2,128,42.347
16,4096,2,256,42.325
16,4096,2,512,42.3677
16,4096,2,1024,43.6593
16,4096,2,2048,45.8023
16,4096,2,4096,56.5653
16,4096,2,8192,73.29
16,4096,2,16384,102.291
16,4096,4,16,32.064
16,4096,4,32,33.9517
16,4096,4,64,36.3307
16,4096,4,128,42.5813
16,4096,4,256,42.6667
16,4096,4,512,43.4353
16,4096,4,1024,45.7383
16,4096,4,2048,55.669
16,4096,4,4096,72.6073
16,4096,4,8192,101.78
16,4096,4,16384,158.633
16,4096,8,16,32.021
16,4096,8,32,34.176
16,4096,8,64,36.7247
16,4096,8,128,42.9753
16,4096,8,256,43.818
16,4096,8,512,48.8207
16,4096,8,1024,56.1387
16,4096,8,2048,72.5973
16,4096,8,4096,101.738
16,4096,8,8192,160.19
16,4096,8,16384,270.876
16,4096,16,16,32.683
16,4096,16,32,34.6133
16,4096,16,64,37.3757
16,4096,16,128,44.491
16,4096,16,256,49.546
16,4096,16,512,57.813
16,4096,16,1024,74.197
16,4096,16,2048,104.703
16,4096,16,4096,162.228
16,4096,16,8192,281.438
16,4096,16,16384,510.344
16,4096,32,16,32.896
16,4096,32,32,35.8293
16,4096,32,64,39.275
16,4096,32,128,50.6883
16,4096,32,256,58.368
16,4096,32,512,75.1033
16,4096,32,1024,104.799
16,4096,32,2048,166.878
16,4096,32,4096,277.822
16,4096,32,8192,512.252
16,4096,32,16384,963.374
16,4096,64,16,36.256
16,4096,64,32,41.002
16,4096,64,64,45.8133
16,4096,64,128,55.8713
16,4096,64,256,71.6473
16,4096,64,512,102.484
16,4096,64,1024,159.893
16,4096,64,2048,278.27
16,4096,64,4096,505.543
16,4096,64,8192,962.873
16,4096,64,16384,1867.84
16,4096,128,16,42.4317
16,4096,128,32,51.4983
16,4096,128,64,61.7707
16,4096,128,128,77.5237
16,4096,128,256,108.426
16,4096,128,512,167.348
16,4096,128,1024,282.643
16,4096,128,2048,516.434
16,4096,128,4096,977.817
16,4096,128,8192,1900.16
16,4096,128,16384,3748.87
16,8192,0,0,35.1573
16,8192,1,16,42.1857
16,8192,1,32,43.946
16,8192,1,64,46.4637
16,8192,1,128,52.1263
16,8192,1,256,52.693
16,8192,1,512,52.3947
16,8192,1,1024,53.2907
16,8192,1,2048,54.0167
16,8192,1,4096,56.714
16,8192,1,8192,68.1917
16,8192,1,16384,86.9333
16,8192,2,16,41.7387
16,8192,2,32,43.9143
16,8192,2,64,46.3247
16,8192,2,128,52.4473
16,8192,2,256,52.3307
16,8192,2,512,52.8417
16,8192,2,1024,53.8233
16,8192,2,2048,56.0423
16,8192,2,4096,66.7833
16,8192,2,8192,85.6957
16,8192,2,16384,114.922
16,8192,4,16,42.2183
16,8192,4,32,44.586
16,8192,4,64,47.0077
16,8192,4,128,52.7473
16,8192,4,256,52.7997
16,8192,4,512,54.153
16,8192,4,1024,56.267
16,8192,4,2048,66.442
16,8192,4,4096,85.1293
16,8192,4,8192,113.674
16,8192,4,16384,169.471
16,8192,8,16,42.1863
16,8192,8,32,44.693
16,8192,8,64,47.0183
16,8192,8,128,53.0553
16,8192,8,256,53.8883
16,8192,8,512,58.879
16,8192,8,1024,66.431
16,8192,8,2048,83.9247
16,8192,8,4096,112.053
16,8192,8,8192,169.919
16,8192,8,16384,280.798
16,8192,16,16,42.7947
16,8192,16,32,45.3117
16,8192,16,64,47.957
16,8192,16,128,54.6977
16,8192,16,256,59.8507
16,8192,16,512,68.619
16,8192,16,1024,86.443
16,8192,16,2048,115.412
16,8192,16,4096,174.419
16,8192,16,8192,289.236
16,8192,16,16384,518.407
16,8192,32,16,44.458
16,8192,32,32,47.3587
16,8192,32,64,50.3247
16,8192,32,128,62.6337
16,8192,32,256,70.698
16,8192,32,512,88.159
16,8192,32,1024,117.418
16,8192,32,2048,175.242
16,8192,32,4096,291.976
16,8192,32,8192,522.556
16,8192,32,16384,978.158
16,8192,64,16,47.8933
16,8192,64,32,52.5227
16,8192,64,64,57.3543
16,8192,64,128,67.4457
16,8192,64,256,84.3093
16,8192,64,512,114.112
16,8192,64,1024,173.556
16,8192,64,2048,289.202
16,8192,64,4096,517.927
16,8192,64,8192,971.332
16,8192,64,16384,1881.97
16,8192,128,16,53.5467
16,8192,128,32,63.306
16,8192,128,64,73.7597
16,8192,128,128,89.5883
16,8192,128,256,120.821
16,8192,128,512,180.276
16,8192,128,1024,295.123
16,8192,128,2048,527.037
16,8192,128,4096,985.166
16,8192,128,8192,1924.65
16,8192,128,16384,3765.47
16,16384,0,0,51.7117
16,16384,1,16,58.4417
16,16384,1,32,60.5013
16,16384,1,64,62.9013
16,16384,1,128,68.5547
16,16384,1,256,68.906
16,16384,1,512,68.64
16,16384,1,1024,68.927
16,16384,1,2048,69.8123
16,16384,1,4096,72.5647
16,16384,1,8192,84.7347
16,16384,1,16384,102.805
16,16384,2,16,58.4
16,16384,2,32,60.4793
16,16384,2,64,62.7517
16,16384,2,128,68.725
16,16384,2,256,69.194
16,16384,2,512,68.917
16,16384,2,1024,70.229
16,16384,2,2048,72.2977
16,16384,2,4096,83.4127
16,16384,2,8192,102.261
16,16384,2,16384,130.463
16,16384,4,16,58.5697
16,16384,4,32,60.7247
16,16384,4,64,63.4347
16,16384,4,128,68.6607
16,16384,4,256,69.492
16,16384,4,512,69.952
16,16384,4,1024,72.724
16,16384,4,2048,83.2843
16,16384,4,4096,101.119
16,16384,4,8192,129.354
16,16384,4,16384,188.638
16,16384,8,16,58.6763
16,16384,8,32,60.8
16,16384,8,64,63.2747
16,16384,8,128,69.61
16,16384,8,256,69.984
16,16384,8,512,75.6583
16,16384,8,1024,83.0713
16,16384,8,2048,100.799
16,16384,8,4096,130.293
16,16384,8,8192,187.305
16,16384,8,16384,300.307
16,16384,16,16,59.349
16,16384,16,32,61.418
16,16384,16,64,64.4577
16,16384,16,128,71.3917
16,16384,16,256,76.6927
16,16384,16,512,84.725
16,16384,16,1024,102.676
16,16384,16,2048,133.216
16,16384,16,4096,191.966
16,16384,16,8192,306.621
16,16384,16,16384,540.701
16,16384,32,16,61.3757
16,16384,32,32,64.6497
16,16384,32,64,67.3063
16,16384,32,128,78.88
16,16384,32,256,88.075
16,16384,32,512,104.959
16,16384,32,1024,135.029
16,16384,32,2048,195.594
16,16384,32,4096,310.003
16,16384,32,8192,539.143
16,16384,32,16384,996.931
16,16384,64,16,65.1623
16,16384,64,32,69.6427
16,16384,64,64,75.0173
16,16384,64,128,85.0337
16,16384,64,256,101.833
16,16384,64,512,131.327
16,16384,64,1024,190.719
16,16384,64,2048,309.587
16,16384,64,4096,536.539
16,16384,64,8192,991.972
16,16384,64,16384,1900.77
16,16384,128,16,70.666
16,16384,128,32,80.202
16,16384,128,64,91.0077
16,16384,128,128,107.104
16,16384,128,256,138.27
16,16384,128,512,196.425
16,16384,128,1024,313.108
16,16384,128,2048,543.484
16,16384,128,4096,1003.21
16,16384,128,8192,1929.62
16,16384,128,16384,3776.91
32,0,0,0,20.437
32,0,1,16,26.5277
32,0,1,32,28.4587
32,0,1,64,30.794
32,0,1,128,36.864
32,0,1,256,37.1097
32,0,1,512,37.1727
32,0,1,1024,37.5887
32,0,1,2048,38.6877
32,0,1,4096,41.109
32,0,1,8192,51.9877
32,0,1,16384,68.8847
32,0,2,16,26.571
32,0,2,32,28.448
32,0,2,64,30.7407
32,0,2,128,37.2583
32,0,2,256,37.002
32,0,2,512,37.3977
32,0,2,1024,38.3037
32,0,2,2048,40.4057
32,0,2,4096,50.3143
32,0,2,8192,66.6773
32,0,2,16384,97.0027
32,0,4,16,26.4957
32,0,4,32,28.469
32,0,4,64,30.869
32,0,4,128,37.0987
32,0,4,256,37.6003
32,0,4,512,38.1327
32,0,4,1024,40.0953
32,0,4,2048,49.6
32,0,4,4096,66.2817
32,0,4,8192,95.701
32,0,4,16384,152.618
32,0,8,16,26.6773
32,0,8,32,28.565
32,0,8,64,31.0723
32,0,8,128,37.589
32,0,8,256,38.3243
32,0,8,512,43.5517
32,0,8,1024,49.759
32,0,8,2048,66.3027
32,0,8,4096,95.6043
32,0,8,8192,152.788
32,0,8,16384,262.75
32,0,16,16,26.9763
32,0,16,32,29.248
32,0,16,64,31.7863
32,0,16,128,39.0827
32,0,16,256,43.967
32,0,16,512,52.0423
32,0,16,1024,67.466
32,0,16,2048,97.4287
32,0,16,4096,158.302
32,0,16,8192,273.757
32,0,16,16384,506.258
32,0,32,16,27.701
32,0,32,32,30.3253
32,0,32,64,33.216
32,0,32,128,45.1723
32,0,32,256,53.0023
32,0,32,512,69.461
32,0,32,1024,98.5597
32,0,32,2048,156.735
32,0,32,4096,274.633
32,0,32,8192,503.474
32,0,32,16384,963.588
32,0,64,16,30.3357
32,0,64,32,35.1787
32,0,64,64,39.7757
32,0,64,128,49.8873
32,0,64,256,66.154
32,0,64,512,95.6583
32,0,64,1024,155.562
32,0,64,2048,273.502
32,0,64,4096,498.962
32,0,64,8192,964.697
32,0,64,16384,1871.66
32,0,128,16,37.2477
32,0,128,32,45.7067
32,0,128,64,55.328
32,0,128,128,71.061
32,0,128,256,100.992
32,0,128,512,161.055
32,0,128,1024,278.686
32,0,128,2048,505.542
32,0,128,4096,972.399
32,0,128,8192,1898.65
32,0,128,16384,3750.31
32,16,0,0,20.6723
32,16,1,16,26.8263
32,16,1,32,28.704
32,16,1,64,30.9757
32,16,1,128,37.1837
32,16,1,256,37.28
32,16,1,512,37.4077
32,16,1,1024,37.6967
32,16,1,2048,38.9223
32,16,1,4096,41.1307
32,16,1,8192,52.1803
32,16,1,16384,67.85
32,16,2,16,26.699
32,16,2,32,28.6187
32,16,2,64,30.965
32,16,2,128,37.2267
32,16,2,256,37.5773
32,16,2,512,37.2587
32,16,2,1024,38.9433
32,16,2,2048,40.5757
32,16,2,4096,50.7303
32,16,2,8192,67.7113
32,16,2,16384,94.9327
32,16,4,16,26.6453
32,16,4,32,28.7673
32,16,4,64,31.2003
32,16,4,128,37.5787
32,16,4,256,37.5253
32,16,4,512,38.6987
32,16,4,1024,40.5437
32,16,4,2048,49.9933
32,16,4,4096,65.7067
32,16,4,8192,95.6797
32,16,4,16384,153.022
32,16,8,16,26.7943
32,16,8,32,28.8743
32,16,8,64,31.1677
32,16,8,128,37.7387
32,16,8,256,38.8697
32,16,8,512,43.6163
32,16,8,1024,50.3787
32,16,8,2048,66.7077
32,16,8,4096,94.7827
32,16,8,8192,152.65
32,16,8,16384,263.4
32,16,16,16,27.0717
32,16,16,32,29.472
32,16,16,64,32.0003
32,16,16,128,39.189
32,16,16,256,44.0737
32,16,16,512,51.4557
32,16,16,1024,68.437
32,16,16,2048,98.6127
32,16,16,4096,157.13
32,16,16,8192,273.682
32,16,16,16384,500.808
32,16,32,16,27.8927
32,16,32,32,30.6023
32,16,32,64,33.344
32,16,32,128,45.4717
32,16,32,256,53.1413
32,16,32,512,69.8343
32,16,32,1024,99.1987
32,16,32,2048,159.326
32,16,32,4096,272.873
32,16,32,8192,506.759
32,16,32,16384,966.789
32,16,64,16,30.442
32,16,64,32,35.072
32,16,64,64,40.1067
32,16,64,128,50.2293
32,16,64,256,66.7843
32,16,64,512,95.9137
32,16,64,1024,155.252
32,16,64,2048,274.484
32,16,64,4096,501.416
32,16,64,8192,952.708
32,16,64,16384,1869.18
32,16,128,16,37.6103
32,16,128,32,45.867
32,16,128,64,55.1247
32,16,128,128,71.594
32,16,128,256,102.346
32,16,128,512,160.03
32,16,128,1024,276.798
32,16,128,2048,506.566
32,16,128,4096,976.335
32,16,128,8192,1903.03
32,16,128,16384,3751.09
32,32,0,0,20.8957
32,32,1,16,27.0293
32,32,1,32,29.0553
32,32,1,64,31.221
32,32,1,128,37.408
32,32,1,256,37.685
32,32,1,512,37.525
32,32,1,1024,38.2187
32,32,1,2048,39.1563
32,32,1,4096,41.5783
32,32,1,8192,52.1597
32,32,1,16384,68.469
32,32,2,16,26.901
32,32,2,32,29.0663
32,32,2,64,31.2423
32,32,2,128,37.8453
32,32,2,256,37.5257
32,32,2,512,37.9627
32,32,2,1024,38.8797
32,32,2,2048,40.959
32,32,2,4096,50.933
32,32,2,8192,67.3917
32,32,2,16384,95.1027
32,32,4,16,27.062
32,32,4,32,28.9387
32,32,4,64,31.509
32,32,4,128,37.45
32,32,4,256,37.9623
32,32,4,512,38.7193
32,32,4,1024,40.9597
32,32,4,2048,50.1753
32,32,4,4096,66.5487
32,32,4,8192,95.5837
32,32,4,16384,153.599
32,32,8,16,27.1677
32,32,8,32,29.1093
32,32,8,64,31.5303
32,32,8,128,38.079
32,32,8,256,38.762
32,32,8,512,44.16
32,32,8,1024,50.3247
32,32,8,2048,67.392
32,32,8,4096,95.0707
32,32,8,8192,153.439
32,32,8,16384,264.573
32,32,16,16,27.4237
32,32,16,32,29.664
32,32,16,64,32.1277
32,32,16,128,39.4343
32,32,16,256,44.5973
32,32,16,512,52.2773
32,32,16,1024,68.2443
32,32,16,2048,97.707
32,32,16,4096,157.428
32,32,16,8192,273.342
32,32,16,16384,502.79
32,32,32,16,28.106
32,32,32,32,30.954
32,32,32,64,33.6853
32,32,32,128,45.7483
32,32,32,256,53.056
32,32,32,512,69.0227
32,32,32,1024,99.0707
32,32,32,2048,159.294
32,32,32,4096,273.268
32,32,32,8192,507.943
32,32,32,16384,968.91
32,32,64,16,30.7943
32,32,64,32,35.5203
32,32,64,64,40.256
32,32,64,128,50.1007
32,32,64,256,66.7407
32,32,64,512,97.8657
32,32,64,1024,156.234
32,32,64,2048,272.318
32,32,64,4096,507.153
32,32,64,8192,961.818
32,32,64,16384,1864.6
32,32,128,16,37.717
32,32,128,32,46.272
32,32,128,64,55.2747
32,32,128,128,71.6693
32,32,128,256,102.378
32,32,128,512,161.235
32,32,128,1024,279.486
32,32,128,2048,511.613
32,32,128,4096,972.355
32,32,128,8192,1903.29
32,32,128,16384,3752.98
32,64,0,0,26.101
32,64,1,16,32.405
32,64,1,32,34.3463
32,64,1,64,36.6933
32,64,1,128,42.805
32,64,1,256,42.9117
32,64,1,512,43.1357
32,64,1,1024,43.3273
32,64,1,2048,44.6503
32,64,1,4096,46.9973
32,64,1,8192,58.037
32,64,1,16384,74.069
32,64,2,16,32.2877
32,64,2,32,34.239
32,64,2,64,36.5963
32,64,2,128,42.7733
32,64,2,256,43.2423
32,64,2,512,42.9327
32,64,2,1024,44.5543
32,64,2,2048,46.1543
32,64,2,4096,56.298
32,64,2,8192,73.0027
32,64,2,16384,102.314
32,64,4,16,32.3197
32,64,4,32,34.3357
32,64,4,64,36.7997
32,64,4,128,43.1573
32,64,4,256,43.072
32,64,4,512,44.255
32,64,4,1024,46.112
32,64,4,2048,55.328
32,64,4,4096,71.7763
32,64,4,8192,100.693
32,64,4,16384,159.381
32,64,8,16,32.5547
32,64,8,32,34.5173
32,64,8,64,36.8963
32,64,8,128,43.7657
32,64,8,256,44.2023
32,64,8,512,49.4923
32,64,8,1024,56.234
32,64,8,2048,72.458
32,64,8,4096,101.237
32,64,8,8192,158.175
32,64,8,16384,270.825
32,64,16,16,32.6933
32,64,16,32,34.976
32,64,16,64,37.525
32,64,16,128,44.7563
32,64,16,256,49.589
32,64,16,512,57.4823
32,64,16,1024,73.525
32,64,16,2048,104.127
32,64,16,4096,161.589
32,64,16,8192,279.198
32,64,16,16384,510.641
32,64,32,16,33.248
32,64,32,32,36.1597
32,64,32,64,39.0077
32,64,32,128,51.1573
32,64,32,256,59.1143
32,64,32,512,75.0083
32,64,32,1024,105.066
32,64,32,2048,164.543
32,64,32,4096,279.837
32,64,32,8192,506.481
32,64,32,16384,965.732
32,64,64,16,36.096
32,64,64,32,40.4907
32,64,64,64,45.5243
32,64,64,128,55.669
32,64,64,256,71.722
32,64,64,512,101.695
32,64,64,1024,162.11
32,64,64,2048,276.617
32,64,64,4096,512.509
32,64,64,8192,963.865
32,64,64,16384,1876.46
32,64,128,16,43.168
32,64,128,32,51.413
32,64,128,64,60.7677
32,64,128,128,77.4397
32,64,128,256,106.858
32,64,128,512,165.471
32,64,128,1024,281.417
32,64,128,2048,519.185
32,64,128,4096,981.679
32,64,128,8192,1908.34
32,64,128,16384,3768.61
32,128,0,0,28.075
32,128,1,16,34.5493
32,128,1,32,36.491
32,128,1,64,38.7623
32,128,1,128,44.8637
32,128,1,256,44.992
32,128,1,512,44.8527
32,128,1,1024,45.4607
32,128,1,2048,46.837
32,128,1,4096,48.9703
32,128,1,8192,59.679
32,128,1,16384,76.4143
32,128,2,16,34.4747
32,128,2,32,36.4053
32,128,2,64,38.6553
32,128,2,128,45.0453
32,128,2,256,44.981
32,128,2,512,45.248
32,128,2,1024,46.304
32,128,2,2048,48.319
32,128,2,4096,58.5593
32,128,2,8192,76.2347
32,128,2,16384,104.416
32,128,4,16,34.5913
32,128,4,32,36.4793
32,128,4,64,38.9123
32,128,4,128,44.9917
32,128,4,256,45.2797
32,128,4,512,46.2067
32,128,4,1024,48.138
32,128,4,2048,57.5783
32,128,4,4096,74.932
32,128,4,8192,102.794
32,128,4,16384,161.983
32,128,8,16,34.73
32,128,8,32,36.683
32,128,8,64,38.997
32,128,8,128,45.493
32,128,8,256,46.196
32,128,8,512,51.0923
32,128,8,1024,58.143
32,128,8,2048,74.389
32,128,8,4096,103.711
32,128,8,8192,160.031
32,128,8,16384,272.222
32,128,16,16,34.8587
32,128,16,32,37.1623
32,128,16,64,39.6897
32,128,16,128,46.8053
32,128,16,256,51.328
32,128,16,512,59.392
32,128,16,1024,76.0947
32,128,16,2048,105.097
32,128,16,4096,163.945
32,128,16,8192,281.331
32,128,16,16384,510.63
32,128,32,16,35.5193
32,128,32,32,38.3577
32,128,32,64,41.2903
32,128,32,128,53.054
32,128,32,256,61.3547
32,128,32,512,77.92
32,128,32,1024,106.122
32,128,32,2048,166.474
32,128,32,4096,280.819
32,128,32,8192,516.552
32,128,32,16384,965.828
32,128,64,16,38.197
32,128,64,32,43.1993
32,128,64,64,48.256
32,128,64,128,58.4523
32,128,64,256,74.2507
32,128,64,512,104.373
32,128,64,1024,164.212
32,128,64,2048,281.747
32,128,64,4096,513.341
32,128,64,8192,968.548
32,128,64,16384,1872.71
32,128,128,16,45.215
32,128,128,32,53.749
32,128,128,64,63.0713
32,128,128,128,79.5513
32,128,128,256,109.652
32,128,128,512,168.905
32,128,128,1024,285.278
32,128,128,2048,515.431
32,128,128,4096,983.15
32,128,128,8192,1904.37
32,128,128,16384,3746.5
32,256,0,0,28.2667
32,256,1,16,34.656
32,256,1,32,36.576
32,256,1,64,38.9117
32,256,1,128,44.9263
32,256,1,256,45.216
32,256,1,512,45.0547
32,256,1,1024,45.664
32,256,1,2048,46.7627
32,256,1,4096,49.1933
32,256,1,8192,60.715
32,256,1,16384,76.8637
32,256,2,16,34.5703
32,256,2,32,36.586
32,256,2,64,38.9663
32,256,2,128,45.172
32,256,2,256,45.2053
32,256,2,512,45.2047
32,256,2,1024,46.474
32,256,2,2048,48.3623
32,256,2,4096,58.8583
32,256,2,8192,75.584
32,256,2,16384,104.789
32,256,4,16,34.56
32,256,4,32,36.5643
32,256,4,64,39.04
32,256,4,128,45.291
32,256,4,256,45.2787
32,256,4,512,46.175
32,256,4,1024,48.3307
32,256,4,2048,57.9193
32,256,4,4096,74.389
32,256,4,8192,103.52
32,256,4,16384,161.397
32,256,8,16,34.762
32,256,8,32,36.736
32,256,8,64,39.2107
32,256,8,128,45.5787
32,256,8,256,46.5067
32,256,8,512,51.3577
32,256,8,1024,58.6337
32,256,8,2048,74.869
32,256,8,4096,104.363
32,256,8,8192,161.236
32,256,8,16384,272.297
32,256,16,16,35.1467
32,256,16,32,37.354
32,256,16,64,39.7763
32,256,16,128,46.8157
32,256,16,256,51.637
32,256,16,512,59.9573
32,256,16,1024,76.2767
32,256,16,2048,106.518
32,256,16,4096,166.686
32,256,16,8192,280.03
32,256,16,16384,512.114
32,256,32,16,35.765
32,256,32,32,38.4633
32,256,32,64,41.2903
32,256,32,128,53.0023
32,256,32,256,60.8003
32,256,32,512,77.802
32,256,32,1024,107.487
32,256,32,2048,167.541
32,256,32,4096,281.065
32,256,32,8192,511.709
32,256,32,16384,967.961
32,256,64,16,38.336
32,256,64,32,43.3273
32,256,64,64,48.266
32,256,64,128,58.2393
32,256,64,256,74.751
32,256,64,512,104.042
32,256,64,1024,165.503
32,256,64,2048,279.614
32,256,64,4096,510.343
32,256,64,8192,967.343
32,256,64,16384,1872.44
32,256,128,16,45.344
32,256,128,32,54.112
32,256,128,64,63.136
32,256,128,128,80.181
32,256,128,256,110.24
32,256,128,512,168.404
32,256,128,1024,286.046
32,256,128,2048,518.663
32,256,128,4096,981.017
32,256,128,8192,1898.9
32,256,128,16384,3758.4
32,512,0,0,28.4373
32,512,1,16,34.7943
32,512,1,32,36.756
32,512,1,64,38.9757
32,512,1,128,45.1193
32,512,1,256,45.2477
32,512,1,512,45.2053
32,512,1,1024,45.8453
32,512,1,2048,46.8377
32,512,1,4096,49.2377
32,512,1,8192,61.1617
32,512,1,16384,77.7267
32,512,2,16,34.7517
32,512,2,32,36.7783
32,512,2,64,39.05
32,512,2,128,45.1947
32,512,2,256,45.4183
32,512,2,512,45.3973
32,512,2,1024,46.6557
32,512,2,2048,48.725
32,512,2,4096,59.2523
32,512,2,8192,75.5513
32,512,2,16384,105.002
32,512,4,16,34.8477
32,512,4,32,36.768
32,512,4,64,39.189
32,512,4,128,45.4183
32,512,4,256,45.4823
32,512,4,512,46.3467
32,512,4,1024,48.532
32,512,4,2048,58.411
32,512,4,4096,74.9747
32,512,4,8192,105.13
32,512,4,16384,160.49
32,512,8,16,34.912
32,512,8,32,36.96
32,512,8,64,39.1363
32,512,8,128,45.5887
32,512,8,256,46.6017
32,512,8,512,51.5947
32,512,8,1024,58.8047
32,512,8,2048,75.1567
32,512,8,4096,103.861
32,512,8,8192,161.556
32,512,8,16384,274.962
32,512,16,16,35.2107
32,512,16,32,37.4817
32,512,16,64,40.074
32,512,16,128,46.9963
32,512,16,256,51.914
32,512,16,512,60.4153
32,512,16,1024,76.757
32,512,16,2048,107.21
32,512,16,4096,166.879
32,512,16,8192,279.187
32,512,16,16384,515.229
32,512,32,16,35.8717
32,512,32,32,38.5383
32,512,32,64,41.3113
32,512,32,128,53.3867
32,512,32,256,61.898
32,512,32,512,78.2823
32,512,32,1024,108.352
32,512,32,2048,167.103
32,512,32,4096,284.628
32,512,32,8192,514.781
32,512,32,16384,968.804
32,512,64,16,38.6777
32,512,64,32,43.605
32,512,64,64,48.703
32,512,64,128,58.8047
32,512,64,256,75.0707
32,512,64,512,105.225
32,512,64,1024,163.701
32,512,64,2048,280.265
32,512,64,4096,513.768
32,512,64,8192,959.663
32,512,64,16384,1874.24
32,512,128,16,45.7603
32,512,128,32,54.2493
32,512,128,64,63.957
32,512,128,128,80.3293
32,512,128,256,110.39
32,512,128,512,170.186
32,512,128,1024,285.63
32,512,128,2048,520.647
32,512,128,4096,982.863
32,512,128,8192,1901.64
32,512,128,16384,3739.05
32,1024,0,0,28.8207
32,1024,1,16,35.1357
32,1024,1,32,37.2697
32,1024,1,64,39.413
32,1024,1,128,45.354
32,1024,1,256,45.577
32,1024,1,512,45.749
32,1024,1,1024,46.1973
32,1024,1,2048,47.5833
32,1024,1,4096,49.7597
32,1024,1,8192,61.5353
32,1024,1,16384,78.5697
32,1024,2,16,34.9757
32,1024,2,32,36.8417
32,1024,2,64,39.2637
32,1024,2,128,45.4717
32,1024,2,256,45.6107
32,1024,2,512,45.663
32,1024,2,1024,47.1353
32,1024,2,2048,49.1727
32,1024,2,4096,59.8077
32,1024,2,8192,76.416
32,1024,2,16384,105.044
32,1024,4,16,35.0393
32,1024,4,32,36.885
32,1024,4,64,39.5093
32,1024,4,128,45.5363
32,1024,4,256,45.5777
32,1024,4,512,46.5703
32,1024,4,1024,49.183
32,1024,4,2048,59.4877
32,1024,4,4096,75.6367
32,1024,4,8192,105.152
32,1024,4,16384,164.415
32,1024,8,16,35.2317
32,1024,8,32,37.269
32,1024,8,64,39.424
32,1024,8,128,45.93
32,1024,8,256,46.8267
32,1024,8,512,51.9787
32,1024,8,1024,59.648
32,1024,8,2048,76.5223
32,1024,8,4096,105.406
32,1024,8,8192,160.767
32,1024,8,16384,271.593
32,1024,16,16,35.4663
32,1024,16,32,37.7277
32,1024,16,64,40.2343
32,1024,16,128,47.221
32,1024,16,256,52.6287
32,1024,16,512,60.843
32,1024,16,1024,77.4177
32,1024,16,2048,107.796
32,1024,16,4096,168.234
32,1024,16,8192,283.795
32,1024,16,16384,512.914
32,1024,32,16,36.159
32,1024,32,32,39.0717
32,1024,32,64,41.92
32,1024,32,128,54.048
32,1024,32,256,62.6127
32,1024,32,512,79.2413
32,1024,32,1024,107.583
32,1024,32,2048,167.242
32,1024,32,4096,283.976
32,1024,32,8192,515.113
32,1024,32,16384,966.041
32,1024,64,16,39.2423
32,1024,64,32,44.1277
32,1024,64,64,49.44
32,1024,64,128,59.6797
32,1024,64,256,75.2097
32,1024,64,512,105.13
32,1024,64,1024,165.088
32,1024,64,2048,282.547
32,1024,64,4096,513.106
32,1024,64,8192,969.454
32,1024,64,16384,1883.68
32,1024,128,16,45.717
32,1024,128,32,54.7827
32,1024,128,64,64.458
32,1024,128,128,81.066
32,1024,128,256,111.347
32,1024,128,512,170.602
32,1024,128,1024,287.284
32,1024,128,2048,520.369
32,1024,128,4096,977.721
32,1024,128,8192,1904.19
32,1024,128,16384,3759.5
32,2048,0,0,30.4423
32,2048,1,16,36.8533
32,2048,1,32,38.7837
32,2048,1,64,41.1833
32,2048,1,128,47.0617
32,2048,1,256,47.4133
32,2048,1,512,47.3703
32,2048,1,1024,47.6687
32,2048,1,2048,49.5677
32,2048,1,4096,52.1813
32,2048,1,8192,64.0103
32,2048,1,16384,80.596
32,2048,2,16,36.5543
32,2048,2,32,38.645
32,2048,2,64,40.8533
32,2048,2,128,47.125
32,2048,2,256,47.2113
32,2048,2,512,47.232
32,2048,2,1024,48.9597
32,2048,2,2048,51.1673
32,2048,2,4096,62.2503
32,2048,2,8192,79.924
32,2048,2,16384,108.917
32,2048,4,16,36.5867
32,2048,4,32,38.7193
32,2048,4,64,41.131
32,2048,4,128,47.22
32,2048,4,256,47.2423
32,2048,4,512,48.5117
32,2048,4,1024,50.933
32,2048,4,2048,61.6197
32,2048,4,4096,78.5487
32,2048,4,8192,107.989
32,2048,4,16384,164.788
32,2048,8,16,36.8213
32,2048,8,32,38.72
32,2048,8,64,41.2163
32,2048,8,128,47.786
32,2048,8,256,48.9387
32,2048,8,512,53.9517
32,2048,8,1024,61.706
32,2048,8,2048,78.4313
32,2048,8,4096,107.561
32,2048,8,8192,165.14
32,2048,8,16384,274.633
32,2048,16,16,37.5893
32,2048,16,32,39.306
32,2048,16,64,42.0693
32,2048,16,128,49.2267
32,2048,16,256,54.453
32,2048,16,512,63.2853
32,2048,16,1024,80.245
32,2048,16,2048,110.207
32,2048,16,4096,169.193
32,2048,16,8192,284.99
32,2048,16,16384,516.071
32,2048,32,16,37.845
32,2048,32,32,40.7257
32,2048,32,64,43.9777
32,2048,32,128,56.0847
32,2048,32,256,64.5007
32,2048,32,512,82.057
32,2048,32,1024,111.146
32,2048,32,2048,172.788
32,2048,32,4096,285.448
32,2048,32,8192,516.86
32,2048,32,16384,964.654
32,2048,64,16,40.768
32,2048,64,32,45.7273
32,2048,64,64,51.2207
32,2048,64,128,60.9487
32,2048,64,256,77.355
32,2048,64,512,107.509
32,2048,64,1024,167.795
32,2048,64,2048,285.192
32,2048,64,4096,515.069
32,2048,64,8192,964.9
32,2048,64,16384,1878.37
32,2048,128,16,47.978
32,2048,128,32,57.013
32,2048,128,64,67.3487
32,2048,128,128,83.7533
32,2048,128,256,114.058
32,2048,128,512,174.804
32,2048,128,1024,290.536
32,2048,128,2048,523.442
32,2048,128,4096,989.038
32,2048,128,8192,1902.1
32,2048,128,16384,3758.12
32,4096,0,0,35.328
32,4096,1,16,41.4927
32,4096,1,32,43.37
32,4096,1,64,46.1643
32,4096,1,128,51.8397
32,4096,1,256,52.0317
32,4096,1,512,51.861
32,4096,1,1024,52.7043
32,4096,1,2048,53.632
32,4096,1,4096,56.597
32,4096,1,8192,68.362
32,4096,1,16384,87.0507
32,4096,2,16,41.4287
32,4096,2,32,43.7867
32,4096,2,64,46.0687
32,4096,2,128,51.7867
32,4096,2,256,51.979
32,4096,2,512,51.8927
32,4096,2,1024,53.5463
32,4096,2,2048,55.253
32,4096,2,4096,66.881
32,4096,2,8192,85.4603
32,4096,2,16384,114.826
32,4096,4,16,41.1303
32,4096,4,32,43.541
32,4096,4,64,45.8667
32,4096,4,128,51.6363
32,4096,4,256,51.8607
32,4096,4,512,52.576
32,4096,4,1024,55.6587
32,4096,4,2048,66.303
32,4096,4,4096,84.4893
32,4096,4,8192,113.791
32,4096,4,16384,171.049
32,4096,8,16,41.4823
32,4096,8,32,43.6803
32,4096,8,64,46.0363
32,4096,8,128,52.1383
32,4096,8,256,53.098
32,4096,8,512,58.357
32,4096,8,1024,66.1227
32,4096,8,2048,84.2027
32,4096,8,4096,113.172
32,4096,8,8192,170.868
32,4096,8,16384,283.7
32,4096,16,16,41.9193
32,4096,16,32,44.17
32,4096,16,64,46.6673
32,4096,16,128,53.696
32,4096,16,256,59.1993
32,4096,16,512,67.872
32,4096,16,1024,85.802
32,4096,16,2048,114.868
32,4096,16,4096,174.292
32,4096,16,8192,290.888
32,4096,16,16384,520.957
32,4096,32,16,42.6557
32,4096,32,32,45.4727
32,4096,32,64,48.619
32,4096,32,128,60.3303
32,4096,32,256,69.2057
32,4096,32,512,86.5067
32,4096,32,1024,116.287
32,4096,32,2048,175.754
32,4096,32,4096,291.433
32,4096,32,8192,522.333
32,4096,32,16384,985.465
32,4096,64,16,45.7807
32,4096,64,32,50.464
32,4096,64,64,55.6683
32,4096,64,128,65.7057
32,4096,64,256,81.9517
32,4096,64,512,112.768
32,4096,64,1024,173.343
32,4096,64,2048,288.532
32,4096,64,4096,517.543
32,4096,64,8192,969.892
32,4096,64,16384,1889.3
32,4096,128,16,51.8397
32,4096,128,32,62.2497
32,4096,128,64,71.9463
32,4096,128,128,89.0663
32,4096,128,256,119.53
32,4096,128,512,178.708
32,4096,128,1024,293.108
32,4096,128,2048,527.922
32,4096,128,4096,990.02
32,4096,128,8192,1909.28
32,4096,128,16384,3759.31
32,8192,0,0,65.9087
32,8192,1,16,72.309
32,8192,1,32,74.2387
32,8192,1,64,76.468
32,8192,1,128,82.848
32,8192,1,256,82.9007
32,8192,1,512,83.221
32,8192,1,1024,82.325
32,8192,1,2048,85.364
32,8192,1,4096,88.7457
32,8192,1,8192,100.096
32,8192,1,16384,117.215
32,8192,2,16,72.1917
32,8192,2,32,74.4957
32,8192,2,64,76.1703
32,8192,2,128,82.709
32,8192,2,256,82.132
32,8192,2,512,82.4197
32,8192,2,1024,84.0637
32,8192,2,2048,87.444
32,8192,2,4096,98.0047
32,8192,2,8192,116.139
32,8192,2,16384,143.594
32,8192,4,16,72.085
32,8192,4,32,73.7823
32,8192,4,64,76.502
32,8192,4,128,82.059
32,8192,4,256,83.2643
32,8192,4,512,84.267
32,8192,4,1024,87.243
32,8192,4,2048,97.9313
32,8192,4,4096,114.486
32,8192,4,8192,143.691
32,8192,4,16384,200.696
32,8192,8,16,71.2323
32,8192,8,32,74.7523
32,8192,8,64,77.3873
32,8192,8,128,83.179
32,8192,8,256,84.577
32,8192,8,512,89.985
32,8192,8,1024,98.07
32,8192,8,2048,113.921
32,8192,8,4096,142.881
32,8192,8,8192,201.644
32,8192,8,16384,310.584
32,8192,16,16,72.8537
32,8192,16,32,76.278
32,8192,16,64,78.5707
32,8192,16,128,85.8777
32,8192,16,256,90.6253
32,8192,16,512,100.043
32,8192,16,1024,116.149
32,8192,16,2048,147.585
32,8192,16,4096,205.368
32,8192,16,8192,321.208
32,8192,16,16384,556.751
32,8192,32,16,74.1447
32,8192,32,32,77.132
32,8192,32,64,80.2037
32,8192,32,128,92.171
32,8192,32,256,101.463
32,8192,32,512,118.262
32,8192,32,1024,147.906
32,8192,32,2048,207
32,8192,32,4096,323.022
32,8192,32,8192,552.198
32,8192,32,16384,1008.93
32,8192,64,16,77.9527
32,8192,64,32,83.1263
32,8192,64,64,88.587
32,8192,64,128,97.8577
32,8192,64,256,114.453
32,8192,64,512,144.631
32,8192,64,1024,203.991
32,8192,64,2048,321.624
32,8192,64,4096,550.138
32,8192,64,8192,1008.69
32,8192,64,16384,1915.34
32,8192,128,16,83.3283
32,8192,128,32,92.3207
32,8192,128,64,103.308
32,8192,128,128,118.999
32,8192,128,256,150.103
32,8192,128,512,208.13
32,8192,128,1024,326.968
32,8192,128,2048,557.979
32,8192,128,4096,1017.78
32,8192,128,8192,1945
32,8192,128,16384,3786.07
32,16384,0,0,91.105
32,16384,1,16,97.0247
32,16384,1,32,99.8087
32,16384,1,64,101.164
32,16384,1,128,107.436
32,16384,1,256,108.961
32,16384,1,512,108.118
32,16384,1,1024,109.142
32,16384,1,2048,110.443
32,16384,1,4096,113.131
32,16384,1,8192,124.705
32,16384,1,16384,142.348
32,16384,2,16,96.2567
32,16384,2,32,99.7443
32,16384,2,64,102.347
32,16384,2,128,107.905
32,16384,2,256,107.403
32,16384,2,512,108.492
32,16384,2,1024,110.049
32,16384,2,2048,113.579
32,16384,2,4096,123.372
32,16384,2,8192,140.48
32,16384,2,16384,168.386
32,16384,4,16,96.7683
32,16384,4,32,99.2327
32,16384,4,64,101.036
32,16384,4,128,106.656
32,16384,4,256,107.585
32,16384,4,512,108.278
32,16384,4,1024,111.436
32,16384,4,2048,122.295
32,16384,4,4096,138.732
32,16384,4,8192,167.276
32,16384,4,16384,226.369
32,16384,8,16,96.0007
32,16384,8,32,98.646
32,16384,8,64,100.236
32,16384,8,128,107.532
32,16384,8,256,108.214
32,16384,8,512,113.504
32,16384,8,1024,121.953
32,16384,8,2048,137.783
32,16384,8,4096,166.87
32,16384,8,8192,225.057
32,16384,8,16384,338.499
32,16384,16,16,97.4627
32,16384,16,32,99.1367
32,16384,16,64,102.124
32,16384,16,128,108.876
32,16384,16,256,114.711
32,16384,16,512,123.926
32,16384,16,1024,140.758
32,16384,16,2048,170.423
32,16384,16,4096,229.336
32,16384,16,8192,345.337
32,16384,16,16384,576.197
32,16384,32,16,97.547
32,16384,32,32,100.064
32,16384,32,64,104.225
32,16384,32,128,115.777
32,16384,32,256,124.779
32,16384,32,512,139.905
32,16384,32,1024,171.714
32,16384,32,2048,229.943
32,16384,32,4096,343.833
32,16384,32,8192,578.415
32,16384,32,16384,1032.97
32,16384,64,16,103.404
32,16384,64,32,107.457
32,16384,64,64,113.377
32,16384,64,128,122.379
32,16384,64,256,139.585
32,16384,64,512,168.364
32,16384,64,1024,227.713
32,16384,64,2048,343.267
32,16384,64,4096,575.172
32,16384,64,8192,1029.51
32,16384,64,16384,1947.64
32,16384,128,16,107.51
32,16384,128,32,117.953
32,16384,128,64,128.397
32,16384,128,128,144.982
32,16384,128,256,173.878
32,16384,128,512,232.663
32,16384,128,1024,352.92
32,16384,128,2048,585.029
32,16384,128,4096,1046.4
32,16384,128,8192,1962.46
32,16384,128,16384,3806.76
64,0,0,0,20.4587
64,0,1,16,26.774
64,0,1,32,28.6937
64,0,1,64,31.0823
64,0,1,128,37.3013
64,0,1,256,37.429
64,0,1,512,37.4297
64,0,1,1024,37.835
64,0,1,2048,38.891
64,0,1,4096,41.504
64,0,1,8192,52.64
64,0,1,16384,69.996
64,0,2,16,26.741
64,0,2,32,28.7363
64,0,2,64,30.934
64,0,2,128,37.5367
64,0,2,256,37.269
64,0,2,512,37.664
64,0,2,1024,38.6783
64,0,2,2048,40.8317
64,0,2,4096,51.04
64,0,2,8192,68.5867
64,0,2,16384,97.419
64,0,4,16,26.688
64,0,4,32,28.672
64,0,4,64,31.1683
64,0,4,128,37.2163
64,0,4,256,37.7283
64,0,4,512,38.3793
64,0,4,1024,40.6297
64,0,4,2048,50.827
64,0,4,4096,68.2563
64,0,4,8192,96.6083
64,0,4,16384,153.389
64,0,8,16,26.8377
64,0,8,32,28.8747
64,0,8,64,31.3177
64,0,8,128,37.7607
64,0,8,256,38.7093
64,0,8,512,43.819
64,0,8,1024,51.3497
64,0,8,2048,67.9467
64,0,8,4096,96.8967
64,0,8,8192,155.254
64,0,8,16384,266.37
64,0,16,16,26.9543
64,0,16,32,29.227
64,0,16,64,31.9147
64,0,16,128,38.902
64,0,16,256,44.4167
64,0,16,512,52.4907
64,0,16,1024,69.7817
64,0,16,2048,99.5843
64,0,16,4096,158.241
64,0,16,8192,274.818
64,0,16,16384,506.19
64,0,32,16,27.766
64,0,32,32,30.5497
64,0,32,64,33.4613
64,0,32,128,45.824
64,0,32,256,54.2623
64,0,32,512,71.147
64,0,32,1024,100.833
64,0,32,2048,161.91
64,0,32,4096,277.645
64,0,32,8192,507.439
64,0,32,16384,966.268
64,0,64,16,30.5927
64,0,64,32,35.595
64,0,64,64,40.427
64,0,64,128,50.4967
64,0,64,256,66.838
64,0,64,512,97.771
64,0,64,1024,156.834
64,0,64,2048,272.653
64,0,64,4096,506.574
64,0,64,8192,969.447
64,0,64,16384,1875.73
64,0,128,16,37.2923
64,0,128,32,45.888
64,0,128,64,55.5843
64,0,128,128,71.851
64,0,128,256,102.315
64,0,128,512,161.537
64,0,128,1024,278.594
64,0,128,2048,510.351
64,0,128,4096,972.444
64,0,128,8192,1908.39
64,0,128,16384,3746.99
64,16,0,0,23.4663
64,16,1,16,29.7597
64,16,1,32,31.6693
64,16,1,64,34.027
64,16,1,128,40.0107
64,16,1,256,40.31
64,16,1,512,40.1813
64,16,1,1024,40.757
64,16,1,2048,41.7173
64,16,1,4096,44.2987
64,16,1,8192,55.5843
64,16,1,16384,72.672
64,16,2,16,29.8247
64,16,2,32,31.669
64,16,2,64,33.963
64,16,2,128,40.5657
64,16,2,256,40.3093
64,16,2,512,40.7467
64,16,2,1024,41.5687
64,16,2,2048,43.8933
64,16,2,4096,53.8787
64,16,2,8192,71.2323
64,16,2,16384,100.235
64,16,4,16,29.728
64,16,4,32,31.68
64,16,4,64,34.144
64,16,4,128,40.256
64,16,4,256,40.747
64,16,4,512,41.5573
64,16,4,1024,43.5623
64,16,4,2048,53.3547
64,16,4,4096,71.6593
64,16,4,8192,100.353
64,16,4,16384,156.513
64,16,8,16,29.8233
64,16,8,32,31.9467
64,16,8,64,34.23
64,16,8,128,40.8007
64,16,8,256,41.8993
64,16,8,512,47.2213
64,16,8,1024,54.347
64,16,8,2048,71.1043
64,16,8,4096,99.9477
64,16,8,8192,158.678
64,16,8,16384,270.743
64,16,16,16,30.059
64,16,16,32,32.3733
64,16,16,64,34.827
64,16,16,128,41.8993
64,16,16,256,46.9127
64,16,16,512,55.7867
64,16,16,1024,73.099
64,16,16,2048,102.72
64,16,16,4096,160.182
64,16,16,8192,278.028
64,16,16,16384,506.52
64,16,32,16,30.8583
64,16,32,32,33.6113
64,16,32,64,36.4373
64,16,32,128,48.512
64,16,32,256,57.2803
64,16,32,512,74.1663
64,16,32,1024,103.926
64,16,32,2048,163.926
64,16,32,4096,279.415
64,16,32,8192,510.361
64,16,32,16384,964.582
64,16,64,16,33.611
64,16,64,32,38.464
64,16,64,64,43.5093
64,16,64,128,53.408
64,16,64,256,70.3263
64,16,64,512,101.024
64,16,64,1024,159.084
64,16,64,2048,275.597
64,16,64,4096,507.545
64,16,64,8192,965.339
64,16,64,16384,1866.49
64,16,128,16,40.3413
64,16,128,32,49.1737
64,16,128,64,58.4963
64,16,128,128,74.784
64,16,128,256,104.801
64,16,128,512,163.766
64,16,128,1024,280.759
64,16,128,2048,515.865
64,16,128,4096,980.176
64,16,128,8192,1902.35
64,16,128,16384,3760.33
64,32,0,0,23.5413
64,32,1,16,29.8667
64,32,1,32,31.7867
64,32,1,64,34.0803
64,32,1,128,40.331
64,32,1,256,40.4377
64,32,1,512,40.374
64,32,1,1024,40.7147
64,32,1,2048,42.0267
64,32,1,4096,44.502
64,32,1,8192,55.9367
64,32,1,16384,73.463
64,32,2,16,29.8773
64,32,2,32,31.7013
64,32,2,64,34.048
64,32,2,128,40.2347
64,32,2,256,40.6613
64,32,2,512,40.4587
64,32,2,1024,41.984
64,32,2,2048,43.8187
64,32,2,4096,54.5073
64,32,2,8192,71.03
64,32,2,16384,100.268
64,32,4,16,29.824
64,32,4,32,31.8827
64,32,4,64,34.2827
64,32,4,128,40.6827
64,32,4,256,40.5337
64,32,4,512,41.739
64,32,4,1024,43.5307
64,32,4,2048,53.9417
64,32,4,4096,71.1043
64,32,4,8192,100.577
64,32,4,16384,155.948
64,32,8,16,29.898
64,32,8,32,31.851
64,32,8,64,34.347
64,32,8,128,40.7793
64,32,8,256,41.7603
64,32,8,512,46.784
64,32,8,1024,54.2513
64,32,8,2048,71.6163
64,32,8,4096,99.8723
64,32,8,8192,158.284
64,32,8,16384,268.3
64,32,16,16,30.08
64,32,16,32,32.2027
64,32,16,64,34.838
64,32,16,128,41.963
64,32,16,256,47.413
64,32,16,512,55.424
64,32,16,1024,73.536
64,32,16,2048,103.051
64,32,16,4096,162.508
64,32,16,8192,279.756
64,32,16,16384,511.96
64,32,32,16,30.8693
64,32,32,32,33.7597
64,32,32,64,36.2457
64,32,32,128,48.5437
64,32,32,256,57.355
64,32,32,512,73.558
64,32,32,1024,104.395
64,32,32,2048,163.307
64,32,32,4096,278.946
64,32,32,8192,510.756
64,32,32,16384,963.877
64,32,64,16,33.771
64,32,64,32,38.6133
64,32,64,64,43.691
64,32,64,128,53.771
64,32,64,256,70.358
64,32,64,512,101.099
64,32,64,1024,157.836
64,32,64,2048,275.414
64,32,64,4096,505.816
64,32,64,8192,966.64
64,32,64,16384,1875.77
64,32,128,16,40.4583
64,32,128,32,48.8533
64,32,128,64,58.6353
64,32,128,128,74.7737
64,32,128,256,104.598
64,32,128,512,163.883
64,32,128,1024,282.924
64,32,128,2048,512.951
64,32,128,4096,976.506
64,32,128,8192,1905.46
64,32,128,16384,3759.77
64,64,0,0,26.0477
64,64,1,16,32.256
64,64,1,32,34.3473
64,64,1,64,36.619
64,64,1,128,42.944
64,64,1,256,42.9233
64,64,1,512,42.9127
64,64,1,1024,43.232
64,64,1,2048,44.6293
64,64,1,4096,46.934
64,64,1,8192,58.5927
64,64,1,16384,75.5843
64,64,2,16,32.32
64,64,2,32,34.272
64,64,2,64,36.7147
64,64,2,128,42.593
64,64,2,256,43.0723
64,64,2,512,42.9973
64,64,2,1024,44.4697
64,64,2,2048,46.1123
64,64,2,4096,56.6937
64,64,2,8192,73.6327
64,64,2,16384,102.752
64,64,4,16,32.416
64,64,4,32,34.4533
64,64,4,64,36.6933
64,64,4,128,43.222
64,64,4,256,43.0823
64,64,4,512,44.192
64,64,4,1024,46.123
64,64,4,2048,56.3413
64,64,4,4096,73.493
64,64,4,8192,102.454
64,64,4,16384,160.15
64,64,8,16,32.448
64,64,8,32,34.4533
64,64,8,64,36.9177
64,64,8,128,43.3597
64,64,8,256,44.2243
64,64,8,512,49.7067
64,64,8,1024,56.683
64,64,8,2048,73.355
64,64,8,4096,102.326
64,64,8,8192,159.382
64,64,8,16384,272.001
64,64,16,16,32.555
64,64,16,32,34.806
64,64,16,64,37.4503
64,64,16,128,44.5443
64,64,16,256,49.7067
64,64,16,512,58.102
64,64,16,1024,74.9013
64,64,16,2048,106.155
64,64,16,4096,166.294
64,64,16,8192,279.329
64,64,16,16384,509.73
64,64,32,16,33.2697
64,64,32,32,36.1913
64,64,32,64,38.9227
64,64,32,128,51.4773
64,64,32,256,59.617
64,64,32,512,76.534
64,64,32,1024,106.55
64,64,32,2048,165.526
64,64,32,4096,280.396
64,64,32,8192,509.933
64,64,32,16384,968.431
64,64,64,16,36.1493
64,64,64,32,40.9703
64,64,64,64,46.2403
64,64,64,128,56.2247
64,64,64,256,72.6297
64,64,64,512,103.638
64,64,64,1024,163.03
64,64,64,2048,278.304
64,64,64,4096,512.919
64,64,64,8192,964.154
64,64,64,16384,1874.08
64,64,128,16,42.795
64,64,128,32,51.6267
64,64,128,64,61.0347
64,64,128,128,77.078
64,64,128,256,107.926
64,64,128,512,167.105
64,64,128,1024,285.239
64,64,128,2048,514.221
64,64,128,4096,984.004
64,64,128,8192,1903.18
64,64,128,16384,3756.56
64,128,0,0,30.112
64,128,1,16,36.492
64,128,1,32,38.5393
64,128,1,64,40.8857
64,128,1,128,46.8053
64,128,1,256,47.104
64,128,1,512,47.083
64,128,1,1024,47.4557
64,128,1,2048,48.7797
64,128,1,4096,51.413
64,128,1,8192,62.976
64,128,1,16384,80.0967
64,128,2,16,36.5447
64,128,2,32,38.529
64,128,2,64,40.949
64,128,2,128,47.1253
64,128,2,256,47.1137
64,128,2,512,47.3173
64,128,2,1024,48.4163
64,128,2,2048,50.539
64,128,2,4096,61.462
64,128,2,8192,79.1133
64,128,2,16384,108.277
64,128,4,16,36.4157
64,128,4,32,38.55
64,128,4,64,41.0027
64,128,4,128,47.115
64,128,4,256,47.2963
64,128,4,512,48.2243
64,128,4,1024,50.5283
64,128,4,2048,60.565
64,128,4,4096,79.1253
64,128,4,8192,106.891
64,128,4,16384,165.12
64,128,8,16,36.5863
64,128,8,32,38.7093
64,128,8,64,41.0453
64,128,8,128,47.5097
64,128,8,256,48.341
64,128,8,512,53.6857
64,128,8,1024,61.0027
64,128,8,2048,78.2297
64,128,8,4096,107.521
64,128,8,8192,165.931
64,128,8,16384,276.875
64,128,16,16,36.9177
64,128,16,32,39.232
64,128,16,64,41.7387
64,128,16,128,48.757
64,128,16,256,54.144
64,128,16,512,62.368
64,128,16,1024,80.1813
64,128,16,2048,110.379
64,128,16,4096,166.922
64,128,16,8192,285.591
64,128,16,16384,515.33
64,128,32,16,37.5897
64,128,32,32,40.341
64,128,32,64,42.933
64,128,32,128,55.2533
64,128,32,256,64.0217
64,128,32,512,81.6967
64,128,32,1024,110.869
64,128,32,2048,170.103
64,128,32,4096,286.348
64,128,32,8192,516.951
64,128,32,16384,971.503
64,128,64,16,40.4057
64,128,64,32,45.0987
64,128,64,64,50.613
64,128,64,128,60.16
64,128,64,256,77.259
64,128,64,512,107.585
64,128,64,1024,166.112
64,128,64,2048,283.405
64,128,64,4096,514.145
64,128,64,8192,972.366
64,128,64,16384,1888.74
64,128,128,16,47.317
64,128,128,32,56
64,128,128,64,65.7287
64,128,128,128,82.0697
64,128,128,256,112.694
64,128,128,512,172.481
64,128,128,1024,286.23
64,128,128,2048,519.778
64,128,128,4096,986.531
64,128,128,8192,1920.44
64,128,128,16384,3779.74
64,256,0,0,30.1863
64,256,1,16,36.7793
64,256,1,32,38.624
64,256,1,64,40.9497
64,256,1,128,46.944
64,256,1,256,47.2327
64,256,1,512,47.253
64,256,1,1024,47.5627
64,256,1,2048,48.8003
64,256,1,4096,51.573
64,256,1,8192,63.1033
64,256,1,16384,81.4293
64,256,2,16,36.598
64,256,2,32,38.5393
64,256,2,64,40.9063
64,256,2,128,47.296
64,256,2,256,47.1567
64,256,2,512,47.6047
64,256,2,1024,48.5007
64,256,2,2048,50.9657
64,256,2,4096,61.4833
64,256,2,8192,79.6803
64,256,2,16384,108.939
64,256,4,16,36.747
64,256,4,32,38.6033
64,256,4,64,41.1417
64,256,4,128,47.168
64,256,4,256,47.53
64,256,4,512,48.2137
64,256,4,1024,50.581
64,256,4,2048,61.1413
64,256,4,4096,79.126
64,256,4,8192,108.246
64,256,4,16384,165.121
64,256,8,16,36.885
64,256,8,32,38.7307
64,256,8,64,41.1737
64,256,8,128,47.7237
64,256,8,256,48.4487
64,256,8,512,54.0057
64,256,8,1024,61.7277
64,256,8,2048,79.1263
64,256,8,4096,107.372
64,256,8,8192,165.227
64,256,8,16384,275.233
64,256,16,16,37.1307
64,256,16,32,39.3067
64,256,16,64,41.761
64,256,16,128,48.864
64,256,16,256,54.081
64,256,16,512,63.2753
64,256,16,1024,80.928
64,256,16,2048,111.062
64,256,16,4096,168.906
64,256,16,8192,283.543
64,256,16,16384,515.319
64,256,32,16,37.6533
64,256,32,32,40.6507
64,256,32,64,43.37
64,256,32,128,55.861
64,256,32,256,64.257
64,256,32,512,81.7173
64,256,32,1024,110.88
64,256,32,2048,171.105
64,256,32,4096,290.102
64,256,32,8192,517.442
64,256,32,16384,969.816
64,256,64,16,40.48
64,256,64,32,45.7603
64,256,64,64,50.8803
64,256,64,128,60.725
64,256,64,256,77.9097
64,256,64,512,107.072
64,256,64,1024,168.235
64,256,64,2048,282.422
64,256,64,4096,516.417
64,256,64,8192,972.045
64,256,64,16384,1883.46
64,256,128,16,47.2217
64,256,128,32,56.3843
64,256,128,64,66.122
64,256,128,128,82.987
64,256,128,256,113.025
64,256,128,512,172.139
64,256,128,1024,288.811
64,256,128,2048,520.812
64,256,128,4096,984.344
64,256,128,8192,1918.55
64,256,128,16384,3774.54
64,512,0,0,30.1867
64,512,1,16,36.7993
64,512,1,32,38.7197
64,512,1,64,40.9713
64,512,1,128,47.1257
64,512,1,256,47.264
64,512,1,512,47.2537
64,512,1,1024,47.7773
64,512,1,2048,49.035
64,512,1,4096,51.9037
64,512,1,8192,63.968
64,512,1,16384,81.6533
64,512,2,16,36.7673
64,512,2,32,38.667
64,512,2,64,40.982
64,512,2,128,47.2853
64,512,2,256,47.1677
64,512,2,512,47.2963
64,512,2,1024,48.5227
64,512,2,2048,51.307
64,512,2,4096,62.027
64,512,2,8192,80.5657
64,512,2,16384,108.598
64,512,4,16,36.6933
64,512,4,32,38.7637
64,512,4,64,40.9493
64,512,4,128,47.0507
64,512,4,256,47.5517
64,512,4,512,48.2343
64,512,4,1024,51.0717
64,512,4,2048,61.4723
64,512,4,4096,79.6913
64,512,4,8192,108.448
64,512,4,16384,165.665
64,512,8,16,36.8743
64,512,8,32,38.817
64,512,8,64,41.248
64,512,8,128,47.7227
64,512,8,256,48.682
64,512,8,512,54.336
64,512,8,1024,61.569
64,512,8,2048,79.1587
64,512,8,4096,108.182
64,512,8,8192,166.645
64,512,8,16384,274.028
64,512,16,16,37.184
64,512,16,32,39.296
64,512,16,64,42.0377
64,512,16,128,48.8327
64,512,16,256,54.1977
64,512,16,512,62.912
64,512,16,1024,80.8437
64,512,16,2048,110.422
64,512,16,4096,169.643
64,512,16,8192,285.345
64,512,16,16384,520.193
64,512,32,16,38.091
64,512,32,32,40.7147
64,512,32,64,43.4237
64,512,32,128,55.744
64,512,32,256,64.5543
64,512,32,512,81.461
64,512,32,1024,111.616
64,512,32,2048,171.446
64,512,32,4096,288.737
64,512,32,8192,520.983
64,512,32,16384,973.388
64,512,64,16,40.5867
64,512,64,32,45.856
64,512,64,64,50.9017
64,512,64,128,60.8227
64,512,64,256,77.8137
64,512,64,512,107.659
64,512,64,1024,167.67
64,512,64,2048,283.212
64,512,64,4096,516.407
64,512,64,8192,970.828
64,512,64,16384,1888.95
64,512,128,16,47.2317
64,512,128,32,56.641
64,512,128,64,66.4537
64,512,128,128,82.8377
64,512,128,256,113.494
64,512,128,512,172.875
64,512,128,1024,289.184
64,512,128,2048,522.817
64,512,128,4096,990.776
64,512,128,8192,1911.39
64,512,128,16384,3781.12
64,1024,0,0,31.829
64,1024,1,16,38.4537
64,1024,1,32,40.3953
64,1024,1,64,42.5387
64,1024,1,128,48.6393
64,1024,1,256,48.8217
64,1024,1,512,49.0033
64,1024,1,1024,49.3333
64,1024,1,2048,50.8267
64,1024,1,4096,53.7917
64,1024,1,8192,65.824
64,1024,1,16384,83.894
64,1024,2,16,38.4
64,1024,2,32,40.3737
64,1024,2,64,42.6983
64,1024,2,128,48.8853
64,1024,2,256,49.184
64,1024,2,512,48.949
64,1024,2,1024,50.677
64,1024,2,2048,53.2053
64,1024,2,4096,64.2143
64,1024,2,8192,81.931
64,1024,2,16384,110.848
64,1024,4,16,38.453
64,1024,4,32,40.3947
64,1024,4,64,42.9117
64,1024,4,128,49.142
64,1024,4,256,49.259
64,1024,4,512,50.2393
64,1024,4,1024,53.1097
64,1024,4,2048,64.0327
64,1024,4,4096,81.6637
64,1024,4,8192,110.646
64,1024,4,16384,168.32
64,1024,8,16,38.4843
64,1024,8,32,40.3733
64,1024,8,64,43.0827
64,1024,8,128,49.3867
64,1024,8,256,50.5073
64,1024,8,512,55.8293
64,1024,8,1024,63.905
64,1024,8,2048,81.3223
64,1024,8,4096,110.464
64,1024,8,8192,166.795
64,1024,8,16384,277.708
64,1024,16,16,38.9867
64,1024,16,32,41.1847
64,1024,16,64,43.7123
64,1024,16,128,51.04
64,1024,16,256,56.4163
64,1024,16,512,65.2057
64,1024,16,1024,82.5283
64,1024,16,2048,113.334
64,1024,16,4096,171.616
64,1024,16,8192,286.667
64,1024,16,16384,520.374
64,1024,32,16,39.5633
64,1024,32,32,42.539
64,1024,32,64,45.29
64,1024,32,128,57.792
64,1024,32,256,66.8483
64,1024,32,512,83.659
64,1024,32,1024,114.059
64,1024,32,2048,173.195
64,1024,32,4096,289.823
64,1024,32,8192,516.715
64,1024,32,16384,979.863
64,1024,64,16,42.5283
64,1024,64,32,47.211
64,1024,64,64,52.79
64,1024,64,128,62.763
64,1024,64,256,79.4347
64,1024,64,512,110.07
64,1024,64,1024,170.198
64,1024,64,2048,286.102
64,1024,64,4096,517.099
64,1024,64,8192,972.493
64,1024,64,16384,1881.4
64,1024,128,16,49.1207
64,1024,128,32,58.9757
64,1024,128,64,68.876
64,1024,128,128,85.44
64,1024,128,256,116.544
64,1024,128,512,175.382
64,1024,128,1024,290.795
64,1024,128,2048,525.932
64,1024,128,4096,989.207
64,1024,128,8192,1916.82
64,1024,128,16384,3768.7
64,2048,0,0,35.4453
64,2048,1,16,41.8237
64,2048,1,32,43.8083
64,2048,1,64,46.0693
64,2048,1,128,52.2447
64,2048,1,256,52.3627
64,2048,1,512,52.3947
64,2048,1,1024,52.7147
64,2048,1,2048,54.0797
64,2048,1,4096,57.153
64,2048,1,8192,68.811
64,2048,1,16384,86.934
64,2048,2,16,41.9403
64,2048,2,32,44.032
64,2048,2,64,46.272
64,2048,2,128,52.5763
64,2048,2,256,52.5013
64,2048,2,512,52.7467
64,2048,2,1024,54.3897
64,2048,2,2048,56.5017
64,2048,2,4096,67.52
64,2048,2,8192,85.824
64,2048,2,16384,114.443
64,2048,4,16,41.845
64,2048,4,32,44.0743
64,2048,4,64,46.5807
64,2048,4,128,52.3727
64,2048,4,256,52.9607
64,2048,4,512,54.219
64,2048,4,1024,56.3103
64,2048,4,2048,67.4663
64,2048,4,4096,84.992
64,2048,4,8192,114.603
64,2048,4,16384,170.869
64,2048,8,16,42.1547
64,2048,8,32,44.1493
64,2048,8,64,46.4427
64,2048,8,128,52.7787
64,2048,8,256,53.8667
64,2048,8,512,59.819
64,2048,8,1024,67.2
64,2048,8,2048,85.2903
64,2048,8,4096,114.837
64,2048,8,8192,171.585
64,2048,8,16384,281.409
64,2048,16,16,42.2717
64,2048,16,32,44.704
64,2048,16,64,47.1243
64,2048,16,128,54.0803
64,2048,16,256,59.4987
64,2048,16,512,68.192
64,2048,16,1024,86.433
64,2048,16,2048,115.893
64,2048,16,4096,177.173
64,2048,16,8192,293.131
64,2048,16,16384,527.372
64,2048,32,16,43.4027
64,2048,32,32,46.1547
64,2048,32,64,49.28
64,2048,32,128,61.1413
64,2048,32,256,70.283
64,2048,32,512,87.6273
64,2048,32,1024,118.347
64,2048,32,2048,175.936
64,2048,32,4096,291.873
64,2048,32,8192,525.963
64,2048,32,16384,982.498
64,2048,64,16,46.0373
64,2048,64,32,51.275
64,2048,64,64,56.203
64,2048,64,128,66.2397
64,2048,64,256,83.094
64,2048,64,512,113.494
64,2048,64,1024,172.246
64,2048,64,2048,289.504
64,2048,64,4096,519.35
64,2048,64,8192,974.017
64,2048,64,16384,1901.19
64,2048,128,16,53.0457
64,2048,128,32,62.699
64,2048,128,64,72.6927
64,2048,128,128,89.6747
64,2048,128,256,120.021
64,2048,128,512,180.341
64,2048,128,1024,295.839
64,2048,128,2048,529.025
64,2048,128,4096,993.952
64,2048,128,8192,1915.55
64,2048,128,16384,3769.26
64,4096,0,0,60.7463
64,4096,1,16,67.9677
64,4096,1,32,69.7493
64,4096,1,64,72.4063
64,4096,1,128,78.4107
64,4096,1,256,78.4107
64,4096,1,512,78.8483
64,4096,1,1024,79.0827
64,4096,1,2048,80.2557
64,4096,1,4096,83.7863
64,4096,1,8192,95.2003
64,4096,1,16384,113.355
64,4096,2,16,67.6267
64,4096,2,32,69.4187
64,4096,2,64,72.0857
64,4096,2,128,78.24
64,4096,2,256,77.696
64,4096,2,512,78.4107
64,4096,2,1024,79.9467
64,4096,2,2048,83.5943
64,4096,2,4096,93.0873
64,4096,2,8192,112.288
64,4096,2,16384,140.491
64,4096,4,16,67.3713
64,4096,4,32,69.5253
64,4096,4,64,72.054
64,4096,4,128,78.272
64,4096,4,256,78.1873
64,4096,4,512,79.8507
64,4096,4,1024,82.06
64,4096,4,2048,92.8313
64,4096,4,4096,110.603
64,4096,4,8192,139.338
64,4096,4,16384,196.438
64,4096,8,16,67.0507
64,4096,8,32,70.0587
64,4096,8,64,71.5947
64,4096,8,128,78.3043
64,4096,8,256,79.6593
64,4096,8,512,84.8957
64,4096,8,1024,93.4293
64,4096,8,2048,111.125
64,4096,8,4096,138.923
64,4096,8,8192,196.459
64,4096,8,16384,306.944
64,4096,16,16,67.6277
64,4096,16,32,70.016
64,4096,16,64,72.4903
64,4096,16,128,80.0323
64,4096,16,256,85.706
64,4096,16,512,94.261
64,4096,16,1024,111.477
64,4096,16,2048,141.963
64,4096,16,4096,201.6
64,4096,16,8192,316.053
64,4096,16,16384,548.278
64,4096,32,16,68.7043
64,4096,32,32,71.722
64,4096,32,64,75.3277
64,4096,32,128,87.7543
64,4096,32,256,96.2667
64,4096,32,512,113.163
64,4096,32,1024,142.753
64,4096,32,2048,205.568
64,4096,32,4096,318.592
64,4096,32,8192,547.648
64,4096,32,16384,1012.73
64,4096,64,16,71.9573
64,4096,64,32,77.4823
64,4096,64,64,82.1867
64,4096,64,128,92.117
64,4096,64,256,109.141
64,4096,64,512,138.154
64,4096,64,1024,199.745
64,4096,64,2048,313.429
64,4096,64,4096,541.889
64,4096,64,8192,1000.61
64,4096,64,16384,1914.07
64,4096,128,16,79.8937
64,4096,128,32,90.0693
64,4096,128,64,98.784
64,4096,128,128,115.339
64,4096,128,256,144.651
64,4096,128,512,204.683
64,4096,128,1024,324.074
64,4096,128,2048,556.437
64,4096,128,4096,1022.71
64,4096,128,8192,1946.7
64,4096,128,16384,3798.95
64,8192,0,0,87.3173
64,8192,1,16,95.1787
64,8192,1,32,96.821
64,8192,1,64,98.688
64,8192,1,128,104.853
64,8192,1,256,105.014
64,8192,1,512,104.789
64,8192,1,1024,105.6
64,8192,1,2048,107.659
64,8192,1,4096,110.228
64,8192,1,8192,121.963
64,8192,1,16384,139.883
64,8192,2,16,94.101
64,8192,2,32,96.661
64,8192,2,64,99.0827
64,8192,2,128,104.501
64,8192,2,256,104.565
64,8192,2,512,104.757
64,8192,2,1024,107.253
64,8192,2,2048,109.12
64,8192,2,4096,120.117
64,8192,2,8192,137.205
64,8192,2,16384,166.859
64,8192,4,16,93.9413
64,8192,4,32,96.064
64,8192,4,64,98.496
64,8192,4,128,104.907
64,8192,4,256,104.82
64,8192,4,512,106.133
64,8192,4,1024,108.758
64,8192,4,2048,120.192
64,8192,4,4096,137.365
64,8192,4,8192,166.645
64,8192,4,16384,222.837
64,8192,8,16,94.2293
64,8192,8,32,95.914
64,8192,8,64,98.1013
64,8192,8,128,104.875
64,8192,8,256,106.581
64,8192,8,512,111.519
64,8192,8,1024,119.808
64,8192,8,2048,136.107
64,8192,8,4096,166.091
64,8192,8,8192,223.382
64,8192,8,16384,334.677
64,8192,16,16,94.6983
64,8192,16,32,97.462
64,8192,16,64,99.232
64,8192,16,128,106.581
64,8192,16,256,112.799
64,8192,16,512,121.397
64,8192,16,1024,138.197
64,8192,16,2048,168.524
64,8192,16,4096,225.684
64,8192,16,8192,345.504
64,8192,16,16384,572.011
64,8192,32,16,95.1253
64,8192,32,32,98.7947
64,8192,32,64,101.962
64,8192,32,128,113.823
64,8192,32,256,123.552
64,8192,32,512,139.765
64,8192,32,1024,168.468
64,8192,32,2048,227.915
64,8192,32,4096,343.872
64,8192,32,8192,573.184
64,8192,32,16384,1032.57
64,8192,64,16,99.169
64,8192,64,32,103.617
64,8192,64,64,109.205
64,8192,64,128,119.104
64,8192,64,256,135.114
64,8192,64,512,165.183
64,8192,64,1024,224.854
64,8192,64,2048,341.834
64,8192,64,4096,575.242
64,8192,64,8192,1031.48
64,8192,64,16384,1942.09
64,8192,128,16,107.104
64,8192,128,32,116.469
64,8192,128,64,125.888
64,8192,128,128,142.219
64,8192,128,256,172.118
64,8192,128,512,231.882
64,8192,128,1024,350.688
64,8192,128,2048,585.291
64,8192,128,4096,1046.43
64,8192,128,8192,1965.21
64,8192,128,16384,3819.2
64,16384,0,0,138.71
64,16384,1,16,145.653
64,16384,1,32,147.68
64,16384,1,64,150.39
64,16384,1,128,157.12
64,16384,1,256,155.583
64,16384,1,512,156.042
64,16384,1,1024,157.099
64,16384,1,2048,158.581
64,16384,1,4096,161.301
64,16384,1,8192,174.187
64,16384,1,16384,190.293
64,16384,2,16,145.066
64,16384,2,32,147.871
64,16384,2,64,150.465
64,16384,2,128,156.044
64,16384,2,256,156.224
64,16384,2,512,156.469
64,16384,2,1024,157.611
64,16384,2,2048,160.705
64,16384,2,4096,171.584
64,16384,2,8192,189.931
64,16384,2,16384,218.144
64,16384,4,16,146.56
64,16384,4,32,147.851
64,16384,4,64,150.112
64,16384,4,128,156.586
64,16384,4,256,156.981
64,16384,4,512,157.76
64,16384,4,1024,161.098
64,16384,4,2048,171.2
64,16384,4,4096,188.906
64,16384,4,8192,216.8
64,16384,4,16384,274.571
64,16384,8,16,146.496
64,16384,8,32,148.523
64,16384,8,64,150.592
64,16384,8,128,157.195
64,16384,8,256,158.475
64,16384,8,512,162.986
64,16384,8,1024,171.029
64,16384,8,2048,187.83
64,16384,8,4096,217.621
64,16384,8,8192,274.165
64,16384,8,16384,384.416
64,16384,16,16,146.634
64,16384,16,32,149.569
64,16384,16,64,151.509
64,16384,16,128,159.413
64,16384,16,256,164.437
64,16384,16,512,173.397
64,16384,16,1024,189.771
64,16384,16,2048,220.128
64,16384,16,4096,278.741
64,16384,16,8192,396.8
64,16384,16,16384,627.136
64,16384,32,16,147.659
64,16384,32,32,150.164
64,16384,32,64,153.643
64,16384,32,128,165.877
64,16384,32,256,174.464
64,16384,32,512,191.424
64,16384,32,1024,220.939
64,16384,32,2048,278.784
64,16384,32,4096,398.987
64,16384,32,8192,627.018
64,16384,32,16384,1078.38
64,16384,64,16,151.072
64,16384,64,32,155.712
64,16384,64,64,160.458
64,16384,64,128,170.923
64,16384,64,256,187.498
64,16384,64,512,217.866
64,16384,64,1024,276.128
64,16384,64,2048,394.038
64,16384,64,4096,623.605
64,16384,64,8192,1087.27
64,16384,64,16384,1988.51
64,16384,128,16,157.973
64,16384,128,32,167.296
64,16384,128,64,176.81
64,16384,128,128,193.919
64,16384,128,256,223.807
64,16384,128,512,283.765
64,16384,128,1024,403.637
64,16384,128,2048,630.581
64,16384,128,4096,1092.49
64,16384,128,8192,2030.46
64,16384,128,16384,3878.14
128,0,0,0,23.2747
128,0,1,16,29.9733
128,0,1,32,31.8937
128,0,1,64,34.144
128,0,1,128,40.0847
128,0,1,256,40.384
128,0,1,512,40.448
128,0,1,1024,40.928
128,0,1,2048,42.037
128,0,1,4096,44.3203
128,0,1,8192,55.3807
128,0,1,16384,72.352
128,0,2,16,29.7917
128,0,2,32,31.84
128,0,2,64,34.2077
128,0,2,128,40.4163
128,0,2,256,40.256
128,0,2,512,40.4697
128,0,2,1024,41.664
128,0,2,2048,43.5947
128,0,2,4096,53.8027
128,0,2,8192,70.144
128,0,2,16384,99.3917
128,0,4,16,29.8663
128,0,4,32,31.7973
128,0,4,64,34.1977
128,0,4,128,40.309
128,0,4,256,40.8103
128,0,4,512,41.4393
128,0,4,1024,43.488
128,0,4,2048,53.1307
128,0,4,4096,70.72
128,0,4,8192,99.3173
128,0,4,16384,155.008
128,0,8,16,29.824
128,0,8,32,31.8613
128,0,8,64,34.293
128,0,8,128,40.8637
128,0,8,256,41.4287
128,0,8,512,47.1037
128,0,8,1024,53.034
128,0,8,2048,69.3553
128,0,8,4096,98.464
128,0,8,8192,156.427
128,0,8,16384,266.73
128,0,16,16,30.1223
128,0,16,32,32.373
128,0,16,64,34.9327
128,0,16,128,41.994
128,0,16,256,47.125
128,0,16,512,54.7307
128,0,16,1024,71.0613
128,0,16,2048,101.056
128,0,16,4096,159.51
128,0,16,8192,275.636
128,0,16,16384,506.165
128,0,32,16,30.8583
128,0,32,32,33.6
128,0,32,64,36.2987
128,0,32,128,48.586
128,0,32,256,56.0633
128,0,32,512,72.1597
128,0,32,1024,102.827
128,0,32,2048,158.997
128,0,32,4096,277.642
128,0,32,8192,507.051
128,0,32,16384,967.947
128,0,64,16,33.4507
128,0,64,32,37.973
128,0,64,64,42.1543
128,0,64,128,52.2557
128,0,64,256,67.584
128,0,64,512,98.0693
128,0,64,1024,157.046
128,0,64,2048,273.951
128,0,64,4096,503.029
128,0,64,8192,959.775
128,0,64,16384,1875.7
128,0,128,16,41.813
128,0,128,32,50.6133
128,0,128,64,60.5017
128,0,128,128,77.1637
128,0,128,256,107.296
128,0,128,512,166.687
128,0,128,1024,282.186
128,0,128,2048,516.5
128,0,128,4096,974.879
128,0,128,8192,1911.34
128,0,128,16384,3764.41
128,16,0,0,34.0797
128,16,1,16,40.3203
128,16,1,32,42.3783
128,16,1,64,44.5443
128,16,1,128,50.902
128,16,1,256,51.1043
128,16,1,512,50.9437
128,16,1,1024,51.4347
128,16,1,2048,52.48
128,16,1,4096,54.687
128,16,1,8192,66.6983
128,16,1,16384,84.4153
128,16,2,16,40.3617
128,16,2,32,42.2293
128,16,2,64,44.618
128,16,2,128,50.8693
128,16,2,256,51.1467
128,16,2,512,51.0183
128,16,2,1024,52.159
128,16,2,2048,54.2187
128,16,2,4096,64.6833
128,16,2,8192,82.2827
128,16,2,16384,111.371
128,16,4,16,40.3947
128,16,4,32,42.1757
128,16,4,64,44.7357
128,16,4,128,50.8273
128,16,4,256,51.125
128,16,4,512,51.926
128,16,4,1024,54.0697
128,16,4,2048,64.3953
128,16,4,4096,81.3333
128,16,4,8192,111.124
128,16,4,16384,167.755
128,16,8,16,40.3517
128,16,8,32,42.698
128,16,8,64,44.8003
128,16,8,128,51.1783
128,16,8,256,52.138
128,16,8,512,57.013
128,16,8,1024,64.3737
128,16,8,2048,81.4393
128,16,8,4096,110.391
128,16,8,8192,168.224
128,16,8,16384,278.699
128,16,16,16,40.7573
128,16,16,32,43.0077
128,16,16,64,45.5893
128,16,16,128,52.661
128,16,16,256,57.5043
128,16,16,512,66.112
128,16,16,1024,82.3147
128,16,16,2048,112.789
128,16,16,4096,172.384
128,16,16,8192,286.176
128,16,16,16384,518.388
128,16,32,16,41.483
128,16,32,32,44.107
128,16,32,64,46.9653
128,16,32,128,58.8903
128,16,32,256,67.1887
128,16,32,512,83.8923
128,16,32,1024,113.643
128,16,32,2048,172
128,16,32,4096,289.503
128,16,32,8192,519.37
128,16,32,16384,977.034
128,16,64,16,43.8397
128,16,64,32,48.6723
128,16,64,64,53.3973
128,16,64,128,63.0083
128,16,64,256,79.3707
128,16,64,512,109.003
128,16,64,1024,168.075
128,16,64,2048,284.65
128,16,64,4096,517.023
128,16,64,8192,969.108
128,16,64,16384,1888.32
128,16,128,16,52.075
128,16,128,32,61.7383
128,16,128,64,72.2133
128,16,128,128,88.0747
128,16,128,256,119.274
128,16,128,512,178.987
128,16,128,1024,294.859
128,16,128,2048,530.133
128,16,128,4096,985.065
128,16,128,8192,1910.88
128,16,128,16384,3770.8
128,32,0,0,34.1763
128,32,1,16,40.4913
128,32,1,32,42.4113
128,32,1,64,44.821
128,32,1,128,51.007
128,32,1,256,51.3707
128,32,1,512,51.285
128,32,1,1024,51.7543
128,32,1,2048,52.6183
128,32,1,4096,55.275
128,32,1,8192,66.8267
128,32,1,16384,84.1927
128,32,2,16,40.9707
128,32,2,32,42.4957
128,32,2,64,44.7253
128,32,2,128,51.2853
128,32,2,256,51.306
128,32,2,512,51.3387
128,32,2,1024,52.3407
128,32,2,2048,54.6993
128,32,2,4096,65.14
128,32,2,8192,82.25
128,32,2,16384,111.339
128,32,4,16,40.7577
128,32,4,32,42.6773
128,32,4,64,45.1197
128,32,4,128,51.2003
128,32,4,256,51.3167
128,32,4,512,52.0633
128,32,4,1024,54.2507
128,32,4,2048,64.5123
128,32,4,4096,81.6957
128,32,4,8192,111.466
128,32,4,16384,168.117
128,32,8,16,40.7247
128,32,8,32,42.7413
128,32,8,64,45.024
128,32,8,128,51.5733
128,32,8,256,52.4483
128,32,8,512,57.3443
128,32,8,1024,64.1603
128,32,8,2048,81.6747
128,32,8,4096,110.827
128,32,8,8192,168.832
128,32,8,16384,278.805
128,32,16,16,41.0133
128,32,16,32,43.4347
128,32,16,64,45.792
128,32,16,128,52.992
128,32,16,256,57.611
128,32,16,512,66.4533
128,32,16,1024,83.7963
128,32,16,2048,112.981
128,32,16,4096,172.309
128,32,16,8192,290.88
128,32,16,16384,519.445
128,32,32,16,41.7173
128,32,32,32,44.4693
128,32,32,64,47.2853
128,32,32,128,59.2207
128,32,32,256,67.2207
128,32,32,512,84.3097
128,32,32,1024,112.714
128,32,32,2048,174.303
128,32,32,4096,288.522
128,32,32,8192,523.743
128,32,32,16384,977.002
128,32,64,16,44.256
128,32,64,32,48.9923
128,32,64,64,53.3977
128,32,64,128,63.4133
128,32,64,256,79.4137
128,32,64,512,109.12
128,32,64,1024,170.72
128,32,64,2048,287.562
128,32,64,4096,515.817
128,32,64,8192,972.276
128,32,64,16384,1889.05
128,32,128,16,52.6723
128,32,128,32,62.08
128,32,128,64,72.3627
128,32,128,128,88.7143
128,32,128,256,118.987
128,32,128,512,178.773
128,32,128,1024,294.805
128,32,128,2048,530.815
128,32,128,4096,993.139
128,32,128,8192,1919.3
128,32,128,16384,3778.66
128,64,0,0,33.365
128,64,1,16,39.9147
128,64,1,32,41.983
128,64,1,64,44.256
128,64,1,128,50.2503
128,64,1,256,50.3677
128,64,1,512,50.5707
128,64,1,1024,51.029
128,64,1,2048,52.3837
128,64,1,4096,54.5923
128,64,1,8192,66.2503
128,64,1,16384,82.8053
128,64,2,16,39.8607
128,64,2,32,41.8773
128,64,2,64,44.2343
128,64,2,128,50.4217
128,64,2,256,50.7307
128,64,2,512,50.7207
128,64,2,1024,52.1923
128,64,2,2048,53.824
128,64,2,4096,64.4697
128,64,2,8192,81.685
128,64,2,16384,110.635
128,64,4,16,40.0643
128,64,4,32,41.8243
128,64,4,64,44.469
128,64,4,128,50.5383
128,64,4,256,50.6247
128,64,4,512,51.8293
128,64,4,1024,53.504
128,64,4,2048,64.139
128,64,4,4096,81.237
128,64,4,8192,109.589
128,64,4,16384,167.455
128,64,8,16,40.1387
128,64,8,32,42.2387
128,64,8,64,44.5757
128,64,8,128,50.9657
128,64,8,256,52.0427
128,64,8,512,56.832
128,64,8,1024,64.1383
128,64,8,2048,80.896
128,64,8,4096,110.688
128,64,8,8192,167.274
128,64,8,16384,276.405
128,64,16,16,40.4163
128,64,16,32,42.613
128,64,16,64,45.5467
128,64,16,128,52.4473
128,64,16,256,56.9813
128,64,16,512,65.5253
128,64,16,1024,82.8157
128,64,16,2048,112.032
128,64,16,4096,169.866
128,64,16,8192,288.042
128,64,16,16384,519.412
128,64,32,16,40.9387
128,64,32,32,43.7547
128,64,32,64,46.762
128,64,32,128,58.7197
128,64,32,256,66.5277
128,64,32,512,83.4447
128,64,32,1024,112.651
128,64,32,2048,173.44
128,64,32,4096,290.261
128,64,32,8192,519.765
128,64,32,16384,974.687
128,64,64,16,43.7757
128,64,64,32,48.235
128,64,64,64,53.0027
128,64,64,128,63.2007
128,64,64,256,78.9547
128,64,64,512,109.471
128,64,64,1024,169.76
128,64,64,2048,283.115
128,64,64,4096,514.09
128,64,64,8192,970.26
128,64,64,16384,1887.67
128,64,128,16,52
128,64,128,32,61.5683
128,64,128,64,71.1793
128,64,128,128,88.3193
128,64,128,256,118.645
128,64,128,512,177.845
128,64,128,1024,296.415
128,64,128,2048,531.785
128,64,128,4096,995.774
128,64,128,8192,1923.71
128,64,128,16384,3767.15
128,128,0,0,33.76
128,128,1,16,40.3637
128,128,1,32,42.3253
128,128,1,64,44.6507
128,128,1,128,50.667
128,128,1,256,50.72
128,128,1,512,50.88
128,128,1,1024,51.285
128,128,1,2048,52.5977
128,128,1,4096,54.741
128,128,1,8192,66.443
128,128,1,16384,83.2
128,128,2,16,40.0643
128,128,2,32,42.1333
128,128,2,64,44.4587
128,128,2,128,50.7203
128,128,2,256,50.8587
128,128,2,512,50.9547
128,128,2,1024,52.214
128,128,2,2048,53.8133
128,128,2,4096,64.8417
128,128,2,8192,81.834
128,128,2,16384,111.061
128,128,4,16,40.16
128,128,4,32,42.1757
128,128,4,64,44.661
128,128,4,128,50.784
128,128,4,256,50.8703
128,128,4,512,51.701
128,128,4,1024,53.739
128,128,4,2048,64.1487
128,128,4,4096,82.101
128,128,4,8192,111.029
128,128,4,16384,166.944
128,128,8,16,40.331
128,128,8,32,42.176
128,128,8,64,44.768
128,128,8,128,51.0827
128,128,8,256,52.0743
128,128,8,512,56.832
128,128,8,1024,63.9683
128,128,8,2048,81.162
128,128,8,4096,110.464
128,128,8,8192,167.476
128,128,8,16384,278.378
128,128,16,16,40.6823
128,128,16,32,42.8377
128,128,16,64,45.5143
128,128,16,128,52.5443
128,128,16,256,57.5257
128,128,16,512,66.2937
128,128,16,1024,82.3787
128,128,16,2048,112.725
128,128,16,4096,171.264
128,128,16,8192,289.738
128,128,16,16384,522.164
128,128,32,16,41.173
128,128,32,32,43.9253
128,128,32,64,47.1143
128,128,32,128,58.645
128,128,32,256,67.0823
128,128,32,512,83.8613
128,128,32,1024,112.757
128,128,32,2048,172.32
128,128,32,4096,288.32
128,128,32,8192,517.471
128,128,32,16384,977.577
128,128,64,16,43.787
128,128,64,32,48.5867
128,128,64,64,53.3653
128,128,64,128,63.104
128,128,64,256,79.4773
128,128,64,512,108.661
128,128,64,1024,168.607
128,128,64,2048,288.351
128,128,64,4096,513.45
128,128,64,8192,974.643
128,128,64,16384,1887.43
128,128,128,16,52.256
128,128,128,32,61.7167
128,128,128,64,71.414
128,128,128,128,88.4263
128,128,128,256,118.603
128,128,128,512,178.122
128,128,128,1024,293.887
128,128,128,2048,529.024
128,128,128,4096,993.641
128,128,128,8192,1916.8
128,128,128,16384,3788.1
128,256,0,0,34.4537
128,256,1,16,40.651
128,256,1,32,42.6767
128,256,1,64,44.821
128,256,1,128,50.837
128,256,1,256,51.2747
128,256,1,512,51.221
128,256,1,1024,51.4877
128,256,1,2048,52.8117
128,256,1,4096,55.0397
128,256,1,8192,67.222
128,256,1,16384,84.704
128,256,2,16,40.501
128,256,2,32,42.4213
128,256,2,64,44.8637
128,256,2,128,51.008
128,256,2,256,51.104
128,256,2,512,51.0507
128,256,2,1024,52.48
128,256,2,2048,54.3897
128,256,2,4096,65.5997
128,256,2,8192,83.4453
128,256,2,16384,111.701
128,256,4,16,40.7573
128,256,4,32,42.805
128,256,4,64,45.0987
128,256,4,128,51.125
128,256,4,256,51.498
128,256,4,512,52.1917
128,256,4,1024,54.5387
128,256,4,2048,64.949
128,256,4,4096,82.4533
128,256,4,8192,111.242
128,256,4,16384,171.029
128,256,8,16,40.501
128,256,8,32,42.8263
128,256,8,64,44.864
128,256,8,128,51.3277
128,256,8,256,52.544
128,256,8,512,57.067
128,256,8,1024,65.0133
128,256,8,2048,82.2823
128,256,8,4096,110.528
128,256,8,8192,168.096
128,256,8,16384,279.564
128,256,16,16,40.853
128,256,16,32,43.2
128,256,16,64,45.834
128,256,16,128,52.8213
128,256,16,256,57.525
128,256,16,512,66.8907
128,256,16,1024,84.161
128,256,16,2048,113.355
128,256,16,4096,172.629
128,256,16,8192,286.772
128,256,16,16384,518.367
128,256,32,16,41.654
128,256,32,32,44.4693
128,256,32,64,47.2643
128,256,32,128,59.435
128,256,32,256,68.298
128,256,32,512,84.9497
128,256,32,1024,114.305
128,256,32,2048,173.963
128,256,32,4096,295.881
128,256,32,8192,519.849
128,256,32,16384,976.563
128,256,64,16,44.2033
128,256,64,32,48.704
128,256,64,64,54.0903
128,256,64,128,63.9043
128,256,64,256,80.3513
128,256,64,512,110.197
128,256,64,1024,168.672
128,256,64,2048,287.626
128,256,64,4096,516.51
128,256,64,8192,972.105
128,256,64,16384,1891.39
128,256,128,16,52.7247
128,256,128,32,62.5487
128,256,128,64,72.1493
128,256,128,128,89.4613
128,256,128,256,120.042
128,256,128,512,178.923
128,256,128,1024,294.549
128,256,128,2048,526.612
128,256,128,4096,989.492
128,256,128,8192,1921.33
128,256,128,16384,3781.44
128,512,0,0,35.8503
128,512,1,16,41.9837
128,512,1,32,44.2987
128,512,1,64,46.2823
128,512,1,128,52.278
128,512,1,256,52.5017
128,512,1,512,52.5757
128,512,1,1024,52.9707
128,512,1,2048,54.2397
128,512,1,4096,57.163
128,512,1,8192,69.1303
128,512,1,16384,87.19
128,512,2,16,41.9413
128,512,2,32,44.0207
128,512,2,64,46.4107
128,512,2,128,52.5437
128,512,2,256,52.779
128,512,2,512,52.8103
128,512,2,1024,53.9947
128,512,2,2048,56.2987
128,512,2,4096,67.3497
128,512,2,8192,85.7497
128,512,2,16384,114.858
128,512,4,16,41.8133
128,512,4,32,44.32
128,512,4,64,46.72
128,512,4,128,52.768
128,512,4,256,52.9067
128,512,4,512,53.8343
128,512,4,1024,56.181
128,512,4,2048,67.1897
128,512,4,4096,84.5977
128,512,4,8192,113.525
128,512,4,16384,171.519
128,512,8,16,42.155
128,512,8,32,44.0963
128,512,8,64,46.507
128,512,8,128,52.9063
128,512,8,256,53.7923
128,512,8,512,58.912
128,512,8,1024,67.4453
128,512,8,2048,84.512
128,512,8,4096,113.759
128,512,8,8192,171.423
128,512,8,16384,281.385
128,512,16,16,42.261
128,512,16,32,44.7243
128,512,16,64,46.987
128,512,16,128,54.325
128,512,16,256,59.3803
128,512,16,512,68.5117
128,512,16,1024,86.069
128,512,16,2048,116.81
128,512,16,4096,174.794
128,512,16,8192,289.696
128,512,16,16384,521.576
128,512,32,16,43.1247
128,512,32,32,45.8563
128,512,32,64,48.5863
128,512,32,128,61.12
128,512,32,256,69.664
128,512,32,512,87.0933
128,512,32,1024,116.928
128,512,32,2048,175.135
128,512,32,4096,291.456
128,512,32,8192,522.592
128,512,32,16384,976.414
128,512,64,16,45.621
128,512,64,32,50.5487
128,512,64,64,55.4987
128,512,64,128,65.6747
128,512,64,256,82.8267
128,512,64,512,113.13
128,512,64,1024,172.085
128,512,64,2048,289.162
128,512,64,4096,519.328
128,512,64,8192,973.417
128,512,64,16384,1891.68
128,512,128,16,54.3673
128,512,128,32,64.288
128,512,128,64,74.2933
128,512,128,128,90.6987
128,512,128,256,121.29
128,512,128,512,180.938
128,512,128,1024,296.149
128,512,128,2048,528.084
128,512,128,4096,991.806
128,512,128,8192,1922.83
128,512,128,16384,3777.12
128,1024,0,0,38.112
128,1024,1,16,44.3203
128,1024,1,32,46.1657
128,1024,1,64,48.8213
128,1024,1,128,54.7727
128,1024,1,256,54.9227
128,1024,1,512,55.3177
128,1024,1,1024,55.7223
128,1024,1,2048,56.8847
128,1024,1,4096,59.477
128,1024,1,8192,71.9777
128,1024,1,16384,90.2397
128,1024,2,16,44.1807
128,1024,2,32,46.4537
128,1024,2,64,48.6823
128,1024,2,128,54.944
128,1024,2,256,55.296
128,1024,2,512,55.264
128,1024,2,1024,56.597
128,1024,2,2048,58.9757
128,1024,2,4096,70.2507
128,1024,2,8192,88.1917
128,1024,2,16384,117.259
128,1024,4,16,44.608
128,1024,4,32,46.592
128,1024,4,64,48.7037
128,1024,4,128,55.2423
128,1024,4,256,55.1567
128,1024,4,512,56.128
128,1024,4,1024,59.1257
128,1024,4,2048,70.101
128,1024,4,4096,88.1917
128,1024,4,8192,116.629
128,1024,4,16384,175.104
128,1024,8,16,44.7243
128,1024,8,32,46.7093
128,1024,8,64,48.789
128,1024,8,128,55.5307
128,1024,8,256,56.4063
128,1024,8,512,62.0583
128,1024,8,1024,69.7167
128,1024,8,2048,87.0617
128,1024,8,4096,116.362
128,1024,8,8192,173.183
128,1024,8,16384,284.501
128,1024,16,16,45.013
128,1024,16,32,47.2097
128,1024,16,64,49.7167
128,1024,16,128,57.002
128,1024,16,256,62.1327
128,1024,16,512,71.2437
128,1024,16,1024,88.7777
128,1024,16,2048,119.701
128,1024,16,4096,176.618
128,1024,16,8192,294.815
128,1024,16,16384,524.521
128,1024,32,16,45.8343
128,1024,32,32,48.3623
128,1024,32,64,51.3497
128,1024,32,128,63.8607
128,1024,32,256,72.3627
128,1024,32,512,89.5677
128,1024,32,1024,119.829
128,1024,32,2048,178.815
128,1024,32,4096,296.254
128,1024,32,8192,526.079
128,1024,32,16384,984.498
128,1024,64,16,48.565
128,1024,64,32,53.3123
128,1024,64,64,58.4727
128,1024,64,128,68.7683
128,1024,64,256,85.3867
128,1024,64,512,114.549
128,1024,64,1024,172.778
128,1024,64,2048,289.801
128,1024,64,4096,522.665
128,1024,64,8192,976.744
128,1024,64,16384,1891.96
128,1024,128,16,56.6397
128,1024,128,32,66.7627
128,1024,128,64,76.6613
128,1024,128,128,93.7597
128,1024,128,256,124.554
128,1024,128,512,183.509
128,1024,128,1024,299.808
128,1024,128,2048,532.788
128,1024,128,4096,995.443
128,1024,128,8192,1925.05
128,1024,128,16384,3788.19
128,2048,0,0,62.9123
128,2048,1,16,68.416
128,2048,1,32,70.4423
128,2048,1,64,72.9067
128,2048,1,128,79.0187
128,2048,1,256,78.5923
128,2048,1,512,78.7193
128,2048,1,1024,79.9043
128,2048,1,2048,81.4073
128,2048,1,4096,84.0633
128,2048,1,8192,95.2643
128,2048,1,16384,113.6
128,2048,2,16,67.957
128,2048,2,32,70.7737
128,2048,2,64,72.5337
128,2048,2,128,79.1137
128,2048,2,256,78.5377
128,2048,2,512,78.72
128,2048,2,1024,80.693
128,2048,2,2048,83.285
128,2048,2,4096,94.3353
128,2048,2,8192,111.829
128,2048,2,16384,141.813
128,2048,4,16,69.109
128,2048,4,32,71.413
128,2048,4,64,73.76
128,2048,4,128,79.5947
128,2048,4,256,79.8717
128,2048,4,512,81.4937
128,2048,4,1024,83.435
128,2048,4,2048,94.7727
128,2048,4,4096,112.501
128,2048,4,8192,141.258
128,2048,4,16384,200.447
128,2048,8,16,69.013
128,2048,8,32,71.1677
128,2048,8,64,73.3227
128,2048,8,128,80.309
128,2048,8,256,81.3553
128,2048,8,512,85.697
128,2048,8,1024,95.0507
128,2048,8,2048,112.266
128,2048,8,4096,140.928
128,2048,8,8192,200.661
128,2048,8,16384,307.028
128,2048,16,16,69.1627
128,2048,16,32,72.2453
128,2048,16,64,74.8267
128,2048,16,128,82.0583
128,2048,16,256,87.5837
128,2048,16,512,96.586
128,2048,16,1024,113.695
128,2048,16,2048,144.436
128,2048,16,4096,202.517
128,2048,16,8192,321.001
128,2048,16,16384,549.994
128,2048,32,16,69.3863
128,2048,32,32,72.5867
128,2048,32,64,75.7973
128,2048,32,128,88.8647
128,2048,32,256,97.3653
128,2048,32,512,114.496
128,2048,32,1024,144.181
128,2048,32,2048,202.038
128,2048,32,4096,319.456
128,2048,32,8192,554.313
128,2048,32,16384,1010.77
128,2048,64,16,74.2823
128,2048,64,32,78.6237
128,2048,64,64,83.989
128,2048,64,128,93.8133
128,2048,64,256,110.026
128,2048,64,512,139.84
128,2048,64,1024,201.023
128,2048,64,2048,316.874
128,2048,64,4096,546.345
128,2048,64,8192,1003.29
128,2048,64,16384,1928.01
128,2048,128,16,82.144
128,2048,128,32,92.4263
128,2048,128,64,101.395
128,2048,128,128,118.261
128,2048,128,256,148.864
128,2048,128,512,207.807
128,2048,128,1024,325.45
128,2048,128,2048,557.876
128,2048,128,4096,1021.69
128,2048,128,8192,1945.17
128,2048,128,16384,3808.99
128,4096,0,0,89.2153
128,4096,1,16,95.178
128,4096,1,32,97.2583
128,4096,1,64,99.3067
128,4096,1,128,105.258
128,4096,1,256,105.205
128,4096,1,512,105.419
128,4096,1,1024,105.983
128,4096,1,2048,107.67
128,4096,1,4096,110.997
128,4096,1,8192,122.559
128,4096,1,16384,140.736
128,4096,2,16,94.2607
128,4096,2,32,96.4267
128,4096,2,64,99.349
128,4096,2,128,105.557
128,4096,2,256,105.11
128,4096,2,512,105.333
128,4096,2,1024,107.584
128,4096,2,2048,109.674
128,4096,2,4096,120.992
128,4096,2,8192,138.037
128,4096,2,16384,167.733
128,4096,4,16,95.7003
128,4096,4,32,96.9283
128,4096,4,64,101.301
128,4096,4,128,106.518
128,4096,4,256,107.712
128,4096,4,512,107.157
128,4096,4,1024,111.626
128,4096,4,2048,121.056
128,4096,4,4096,137.909
128,4096,4,8192,167.498
128,4096,4,16384,224.778
128,4096,8,16,95.263
128,4096,8,32,98.293
128,4096,8,64,101.11
128,4096,8,128,106.923
128,4096,8,256,108.095
128,4096,8,512,112.351
128,4096,8,1024,120.981
128,4096,8,2048,137.909
128,4096,8,4096,166.976
128,4096,8,8192,223.818
128,4096,8,16384,337.663
128,4096,16,16,96.1173
128,4096,16,32,98.016
128,4096,16,64,101.236
128,4096,16,128,107.787
128,4096,16,256,113.247
128,4096,16,512,121.93
128,4096,16,1024,138.965
128,4096,16,2048,169.493
128,4096,16,4096,229.535
128,4096,16,8192,343.615
128,4096,16,16384,577.385
128,4096,32,16,96.1817
128,4096,32,32,99.6153
128,4096,32,64,103.092
128,4096,32,128,114.816
128,4096,32,256,123.872
128,4096,32,512,141.173
128,4096,32,1024,170.507
128,4096,32,2048,228.703
128,4096,32,4096,343.744
128,4096,32,8192,575.998
128,4096,32,16384,1033.42
128,4096,64,16,99.787
128,4096,64,32,105.269
128,4096,64,64,110.592
128,4096,64,128,119.786
128,4096,64,256,136.363
128,4096,64,512,166.368
128,4096,64,1024,226.111
128,4096,64,2048,342.57
128,4096,64,4096,572.948
128,4096,64,8192,1024.79
128,4096,64,16384,1940.78
128,4096,128,16,109.098
128,4096,128,32,118.101
128,4096,128,64,129.034
128,4096,128,128,144.235
128,4096,128,256,175.306
128,4096,128,512,234.624
128,4096,128,1024,352.244
128,4096,128,2048,587.188
128,4096,128,4096,1049.17
128,4096,128,8192,1980.59
128,4096,128,16384,3838.79
128,8192,0,0,138.602
128,8192,1,16,144.032
128,8192,1,32,146.421
128,8192,1,64,148.853
128,8192,1,128,154.26
128,8192,1,256,154.901
128,8192,1,512,153.984
128,8192,1,1024,155.072
128,8192,1,2048,156.981
128,8192,1,4096,160.18
128,8192,1,8192,171.552
128,8192,1,16384,189.823
128,8192,2,16,143.616
128,8192,2,32,145.141
128,8192,2,64,148.191
128,8192,2,128,154.442
128,8192,2,256,153.941
128,8192,2,512,154.922
128,8192,2,1024,156.789
128,8192,2,2048,158.452
128,8192,2,4096,170.421
128,8192,2,8192,187.594
128,8192,2,16384,216.693
128,8192,4,16,144.362
128,8192,4,32,147.178
128,8192,4,64,149.216
128,8192,4,128,154.73
128,8192,4,256,155.593
128,8192,4,512,157.429
128,8192,4,1024,158.965
128,8192,4,2048,169.6
128,8192,4,4096,187.946
128,8192,4,8192,217.376
128,8192,4,16384,274.357
128,8192,8,16,144.512
128,8192,8,32,146.954
128,8192,8,64,148.683
128,8192,8,128,155.326
128,8192,8,256,156.522
128,8192,8,512,162.421
128,8192,8,1024,170.752
128,8192,8,2048,187.36
128,8192,8,4096,215.529
128,8192,8,8192,273.909
128,8192,8,16384,383.509
128,8192,16,16,143.626
128,8192,16,32,147.008
128,8192,16,64,149.375
128,8192,16,128,157.044
128,8192,16,256,162.026
128,8192,16,512,172.021
128,8192,16,1024,188.138
128,8192,16,2048,219.018
128,8192,16,4096,277.386
128,8192,16,8192,392.128
128,8192,16,16384,623.476
128,8192,32,16,145.705
128,8192,32,32,148.704
128,8192,32,64,151.829
128,8192,32,128,163.604
128,8192,32,256,172.63
128,8192,32,512,188.885
128,8192,32,1024,218.794
128,8192,32,2048,280.489
128,8192,32,4096,393.791
128,8192,32,8192,621.118
128,8192,32,16384,1087.32
128,8192,64,16,149.215
128,8192,64,32,153.632
128,8192,64,64,159.573
128,8192,64,128,169.034
128,8192,64,256,185.482
128,8192,64,512,215.072
128,8192,64,1024,275.519
128,8192,64,2048,389.235
128,8192,64,4096,622.387
128,8192,64,8192,1080.15
128,8192,64,16384,1992.74
128,8192,128,16,158.56
128,8192,128,32,167.861
128,8192,128,64,177.748
128,8192,128,128,193.813
128,8192,128,256,224.106
128,8192,128,512,283.647
128,8192,128,1024,400.074
128,8192,128,2048,634.579
128,8192,128,4096,1097.68
128,8192,128,8192,2024.02
128,8192,128,16384,3877.29
128,16384,0,0,222.985
128,16384,1,16,228.48
128,16384,1,32,231.359
128,16384,1,64,233.056
128,16384,1,128,239.444
128,16384,1,256,239.679
128,16384,1,512,239.263
128,16384,1,1024,240.66
128,16384,1,2048,242.356
128,16384,1,4096,244.309
128,16384,1,8192,256.533
128,16384,1,16384,273.738
128,16384,2,16,228.309
128,16384,2,32,230.442
128,16384,2,64,232.81
128,16384,2,128,239.466
128,16384,2,256,239.328
128,16384,2,512,239.391
128,16384,2,1024,240.948
128,16384,2,2048,243.616
128,16384,2,4096,254.208
128,16384,2,8192,271.882
128,16384,2,16384,300.618
128,16384,4,16,229.705
128,16384,4,32,230.527
128,16384,4,64,233.631
128,16384,4,128,239.434
128,16384,4,256,239.69
128,16384,4,512,241.802
128,16384,4,1024,244.128
128,16384,4,2048,254.592
128,16384,4,4096,271.914
128,16384,4,8192,300.331
128,16384,4,16384,360.083
128,16384,8,16,229.056
128,16384,8,32,231.114
128,16384,8,64,234.218
128,16384,8,128,239.604
128,16384,8,256,240.543
128,16384,8,512,246.218
128,16384,8,1024,254.847
128,16384,8,2048,271.85
128,16384,8,4096,299.316
128,16384,8,8192,358.399
128,16384,8,16384,468.841
128,16384,16,16,228.917
128,16384,16,32,231.541
128,16384,16,64,234.164
128,16384,16,128,241.995
128,16384,16,256,246.591
128,16384,16,512,255.796
128,16384,16,1024,273.13
128,16384,16,2048,302.228
128,16384,16,4096,362.57
128,16384,16,8192,475.443
128,16384,16,16384,709.065
128,16384,32,16,230.399
128,16384,32,32,232.459
128,16384,32,64,236.821
128,16384,32,128,247.647
128,16384,32,256,258.037
128,16384,32,512,274.357
128,16384,32,1024,303.635
128,16384,32,2048,363.689
128,16384,32,4096,478.89
128,16384,32,8192,711.091
128,16384,32,16384,1166.62
128,16384,64,16,233.823
128,16384,64,32,238.868
128,16384,64,64,245.087
128,16384,64,128,254.261
128,16384,64,256,270.804
128,16384,64,512,299.284
128,16384,64,1024,359.114
128,16384,64,2048,475.092
128,16384,64,4096,707.753
128,16384,64,8192,1164.42
128,16384,64,16384,2082.59
128,16384,128,16,243.508
128,16384,128,32,253.034
128,16384,128,64,262.089
128,16384,128,128,278.41
128,16384,128,256,309.332
128,16384,128,512,369.321
128,16384,128,1024,485.897
128,16384,128,2048,717.758
128,16384,128,4096,1183.54
128,16384,128,8192,2114.92
128,16384,128,16384,3978.37
256,0,0,0,43.104
256,0,1,16,49.6103
256,0,1,32,51.2427
256,0,1,64,53.9093
256,0,1,128,60.107
256,0,1,256,60.2877
256,0,1,512,60.1813
256,0,1,1024,60.9173
256,0,1,2048,61.9303
256,0,1,4096,64.7683
256,0,1,8192,76.8
256,0,1,16384,95.145
256,0,2,16,49.45
256,0,2,32,51.1887
256,0,2,64,53.9733
256,0,2,128,60.0533
256,0,2,256,60.3197
256,0,2,512,60.085
256,0,2,1024,61.375
256,0,2,2048,64.0313
256,0,2,4096,74.8157
256,0,2,8192,93.5567
256,0,2,16384,121.654
256,0,4,16,49.6953
256,0,4,32,51.573
256,0,4,64,54.1753
256,0,4,128,60.5653
256,0,4,256,60.3087
256,0,4,512,61.2053
256,0,4,1024,63.8193
256,0,4,2048,74.4423
256,0,4,4096,93.3867
256,0,4,8192,122.196
256,0,4,16384,179.029
256,0,8,16,49.546
256,0,8,32,51.7337
256,0,8,64,53.887
256,0,8,128,60.3837
256,0,8,256,61.365
256,0,8,512,66.453
256,0,8,1024,74.432
256,0,8,2048,92.321
256,0,8,4096,121.333
256,0,8,8192,179.701
256,0,8,16384,290.538
256,0,16,16,49.8877
256,0,16,32,52.437
256,0,16,64,54.7733
256,0,16,128,61.7177
256,0,16,256,67.509
256,0,16,512,75.6257
256,0,16,1024,93.8987
256,0,16,2048,124.054
256,0,16,4096,182.538
256,0,16,8192,299.071
256,0,16,16384,531.72
256,0,32,16,50.9967
256,0,32,32,53.5677
256,0,32,64,56.426
256,0,32,128,68.4477
256,0,32,256,77.376
256,0,32,512,96.618
256,0,32,1024,124.266
256,0,32,2048,184.33
256,0,32,4096,298.292
256,0,32,8192,531.092
256,0,32,16384,986.227
256,0,64,16,53.397
256,0,64,32,58.069
256,0,64,64,63.0717
256,0,64,128,73.088
256,0,64,256,90.6777
256,0,64,512,120.448
256,0,64,1024,180.469
256,0,64,2048,297.269
256,0,64,4096,525.119
256,0,64,8192,982.45
256,0,64,16384,1892.98
256,0,128,16,60.1703
256,0,128,32,70.336
256,0,128,64,80.7353
256,0,128,128,97.4823
256,0,128,256,128.448
256,0,128,512,186.08
256,0,128,1024,304.864
256,0,128,2048,534.43
256,0,128,4096,999.048
256,0,128,8192,1929.86
256,0,128,16384,3788.91
256,16,0,0,44.4267
256,16,1,16,50.837
256,16,1,32,52.704
256,16,1,64,55.317
256,16,1,128,61.345
256,16,1,256,61.2693
256,16,1,512,61.7167
256,16,1,1024,62.069
256,16,1,2048,63.3813
256,16,1,4096,66.0587
256,16,1,8192,78.261
256,16,1,16384,96.8
256,16,2,16,51.1577
256,16,2,32,52.672
256,16,2,64,55.3703
256,16,2,128,61.546
256,16,2,256,61.493
256,16,2,512,61.6947
256,16,2,1024,63.0397
256,16,2,2048,65.6957
256,16,2,4096,76.7247
256,16,2,8192,94.4633
256,16,2,16384,124.394
256,16,4,16,51.2093
256,16,4,32,52.864
256,16,4,64,55.0817
256,16,4,128,61.823
256,16,4,256,61.5027
256,16,4,512,62.5597
256,16,4,1024,65.3967
256,16,4,2048,75.605
256,16,4,4096,94.4317
256,16,4,8192,123.124
256,16,4,16384,180.554
256,16,8,16,50.805
256,16,8,32,52.874
256,16,8,64,55.4127
256,16,8,128,61.6853
256,16,8,256,62.773
256,16,8,512,68.0417
256,16,8,1024,75.9047
256,16,8,2048,94.6873
256,16,8,4096,122.687
256,16,8,8192,180.415
256,16,8,16384,291.902
256,16,16,16,50.9653
256,16,16,32,53.4707
256,16,16,64,56.266
256,16,16,128,62.9437
256,16,16,256,68.8637
256,16,16,512,77.7283
256,16,16,1024,94.89
256,16,16,2048,125.674
256,16,16,4096,184.629
256,16,16,8192,302.708
256,16,16,16384,532.542
256,16,32,16,51.947
256,16,32,32,54.89
256,16,32,64,57.376
256,16,32,128,69.9843
256,16,32,256,78.6457
256,16,32,512,96.693
256,16,32,1024,126.55
256,16,32,2048,184.916
256,16,32,4096,302.549
256,16,32,8192,529.193
256,16,32,16384,984.274
256,16,64,16,54.463
256,16,64,32,59.3923
256,16,64,64,64.4587
256,16,64,128,74.7303
256,16,64,256,91.7117
256,16,64,512,121.568
256,16,64,1024,181.066
256,16,64,2048,298.132
256,16,64,4096,529.012
256,16,64,8192,983.292
256,16,64,16384,1892.06
256,16,128,16,61.387
256,16,128,32,72.0957
256,16,128,64,81.4933
256,16,128,128,98.2927
256,16,128,256,129.066
256,16,128,512,188.244
256,16,128,1024,303.103
256,16,128,2048,534.889
256,16,128,4096,1002.62
256,16,128,8192,1925.44
256,16,128,16384,3781.48
256,32,0,0,44.9283
256,32,1,16,50.9763
256,32,1,32,52.6927
256,32,1,64,55.7547
256,32,1,128,61.632
256,32,1,256,61.493
256,32,1,512,61.622
256,32,1,1024,62.165
256,32,1,2048,63.4553
256,32,1,4096,66.2717
256,32,1,8192,78.975
256,32,1,16384,96.4903
256,32,2,16,51.3273
256,32,2,32,53.12
256,32,2,64,55.1893
256,32,2,128,61.8453
256,32,2,256,61.706
256,32,2,512,61.898
256,32,2,1024,63.0923
256,32,2,2048,65.8343
256,32,2,4096,76.4693
256,32,2,8192,95.4243
256,32,2,16384,124.384
256,32,4,16,50.8157
256,32,4,32,53.1733
256,32,4,64,55.7867
256,32,4,128,61.824
256,32,4,256,61.739
256,32,4,512,62.751
256,32,4,1024,65.3543
256,32,4,2048,75.7647
256,32,4,4096,94.1753
256,32,4,8192,123.766
256,32,4,16384,182.315
256,32,8,16,51.125
256,32,8,32,53.3753
256,32,8,64,55.509
256,32,8,128,62.176
256,32,8,256,62.9227
256,32,8,512,68.693
256,32,8,1024,75.818
256,32,8,2048,93.9403
256,32,8,4096,123.808
256,32,8,8192,179.583
256,32,8,16384,291.305
256,32,16,16,51.4233
256,32,16,32,53.8773
256,32,16,64,55.936
256,32,16,128,63.5193
256,32,16,256,68.831
256,32,16,512,77.8667
256,32,16,1024,96.032
256,32,16,2048,125.803
256,32,16,4096,184.149
256,32,16,8192,298.848
256,32,16,16384,534.462
256,32,32,16,51.9143
256,32,32,32,54.6667
256,32,32,64,57.7483
256,32,32,128,70.0043
256,32,32,256,78.7837
256,32,32,512,96.522
256,32,32,1024,127.071
256,32,32,2048,185.184
256,32,32,4096,301.406
256,32,32,8192,531.422
256,32,32,16384,984.231
256,32,64,16,54.859
256,32,64,32,59.8497
256,32,64,64,64.6287
256,32,64,128,74.8147
256,32,64,256,92.1063
256,32,64,512,122.548
256,32,64,1024,183.135
256,32,64,2048,295.551
256,32,64,4096,530.75
256,32,64,8192,978.727
256,32,64,16384,1897.23
256,32,128,16,61.7923
256,32,128,32,72.7143
256,32,128,64,81.5467
256,32,128,128,98.848
256,32,128,256,129.067
256,32,128,512,187.786
256,32,128,1024,307.038
256,32,128,2048,537.897
256,32,128,4096,1001.49
256,32,128,8192,1927.48
256,32,128,16384,3788.18
256,64,0,0,44.5653
256,64,1,16,51.0293
256,64,1,32,53.0243
256,64,1,64,55.231
256,64,1,128,61.557
256,64,1,256,61.9943
256,64,1,512,61.9307
256,64,1,1024,62.2513
256,64,1,2048,63.5733
256,64,1,4096,65.9947
256,64,1,8192,78.378
256,64,1,16384,96.9283
256,64,2,16,51.242
256,64,2,32,53.1837
256,64,2,64,55.584
256,64,2,128,62.1323
256,64,2,256,62.0903
256,64,2,512,62.1867
256,64,2,1024,63.4237
256,64,2,2048,65.8563
256,64,2,4096,76.6293
256,64,2,8192,95.37
256,64,2,16384,124.917
256,64,4,16,51.2953
256,64,4,32,52.96
256,64,4,64,55.4017
256,64,4,128,61.5893
256,64,4,256,62.1013
256,64,4,512,62.666
256,64,4,1024,65.4503
256,64,4,2048,75.541
256,64,4,4096,94.3353
256,64,4,8192,124.512
256,64,4,16384,182.164
256,64,8,16,51.135
256,64,8,32,53.0453
256,64,8,64,55.6587
256,64,8,128,62.0687
256,64,8,256,63.0397
256,64,8,512,68.3833
256,64,8,1024,76.1703
256,64,8,2048,94.2723
256,64,8,4096,123.04
256,64,8,8192,180.916
256,64,8,16384,292.651
256,64,16,16,51.5723
256,64,16,32,53.7393
256,64,16,64,56.501
256,64,16,128,63.519
256,64,16,256,69.0553
256,64,16,512,77.7597
256,64,16,1024,95.872
256,64,16,2048,126.208
256,64,16,4096,184
256,64,16,8192,300.767
256,64,16,16384,531.326
256,64,32,16,52.4907
256,64,32,32,55.168
256,64,32,64,58.0267
256,64,32,128,70.4743
256,64,32,256,79.285
256,64,32,512,96.277
256,64,32,1024,125.461
256,64,32,2048,184.938
256,64,32,4096,300.948
256,64,32,8192,534.771
256,64,32,16384,998.695
256,64,64,16,54.8693
256,64,64,32,60.1387
256,64,64,64,64.8747
256,64,64,128,75.1137
256,64,64,256,92.1277
256,64,64,512,121.248
256,64,64,1024,182.048
256,64,64,2048,299.337
256,64,64,4096,531.668
256,64,64,8192,984.668
256,64,64,16384,1906.88
256,64,128,16,62.411
256,64,128,32,72.4157
256,64,128,64,81.856
256,64,128,128,98.8263
256,64,128,256,129.642
256,64,128,512,189.971
256,64,128,1024,305.012
256,64,128,2048,538.121
256,64,128,4096,1002.4
256,64,128,8192,1933.65
256,64,128,16384,3786.39
256,128,0,0,45.2477
256,128,1,16,51.6373
256,128,1,32,53.5997
256,128,1,64,55.5947
256,128,1,128,61.7707
256,128,1,256,61.9943
256,128,1,512,62.1123
256,128,1,1024,62.6133
256,128,1,2048,63.5627
256,128,1,4096,66.7197
256,128,1,8192,79.0287
256,128,1,16384,96.8213
256,128,2,16,51.4983
256,128,2,32,53.6313
256,128,2,64,56.0647
256,128,2,128,61.941
256,128,2,256,62.389
256,128,2,512,62.069
256,128,2,1024,63.8397
256,128,2,2048,66.4757
256,128,2,4096,77.386
256,128,2,8192,94.9223
256,128,2,16384,124.191
256,128,4,16,51.4987
256,128,4,32,53.4713
256,128,4,64,56.0527
256,128,4,128,62.4423
256,128,4,256,62.389
256,128,4,512,63.4877
256,128,4,1024,65.6957
256,128,4,2048,76.522
256,128,4,4096,94.997
256,128,4,8192,124.224
256,128,4,16384,182.057
256,128,8,16,51.4767
256,128,8,32,53.4177
256,128,8,64,55.9783
256,128,8,128,62.41
256,128,8,256,63.36
256,128,8,512,69.174
256,128,8,1024,76.501
256,128,8,2048,94.549
256,128,8,4096,123.552
256,128,8,8192,181.599
256,128,8,16384,291.817
256,128,16,16,51.766
256,128,16,32,54.1113
256,128,16,64,56.7987
256,128,16,128,64.128
256,128,16,256,69.0343
256,128,16,512,78.7097
256,128,16,1024,96.6927
256,128,16,2048,126.133
256,128,16,4096,185.418
256,128,16,8192,301.695
256,128,16,16384,532.915
256,128,32,16,52.565
256,128,32,32,55.1997
256,128,32,64,57.899
256,128,32,128,70.155
256,128,32,256,79.392
256,128,32,512,96.949
256,128,32,1024,126.912
256,128,32,2048,184.98
256,128,32,4096,302.1
256,128,32,8192,533.513
256,128,32,16384,992.435
256,128,64,16,55.0927
256,128,64,32,60.3943
256,128,64,64,65.077
256,128,64,128,74.9863
256,128,64,256,92.6077
256,128,64,512,122.591
256,128,64,1024,181.567
256,128,64,2048,298.143
256,128,64,4096,528.521
256,128,64,8192,982.141
256,128,64,16384,1897.13
256,128,128,16,62.229
256,128,128,32,72.544
256,128,128,64,82.3147
256,128,128,128,98.8583
256,128,128,256,129.899
256,128,128,512,189.557
256,128,128,1024,305.023
256,128,128,2048,538.558
256,128,128,4096,1005.91
256,128,128,8192,1931.36
256,128,128,16384,3794.26
256,256,0,0,45.5573
256,256,1,16,51.819
256,256,1,32,53.8983
256,256,1,64,56.1593
256,256,1,128,62.2497
256,256,1,256,62.698
256,256,1,512,62.57
256,256,1,1024,63.0297
256,256,1,2048,64.3833
256,256,1,4096,66.8373
256,256,1,8192,79.338
256,256,1,16384,97.6637
256,256,2,16,51.6157
256,256,2,32,53.6533
256,256,2,64,56.415
256,256,2,128,62.2827
256,256,2,256,62.5703
256,256,2,512,62.5703
256,256,2,1024,63.968
256,256,2,2048,66.528
256,256,2,4096,78.069
256,256,2,8192,96.7783
256,256,2,16384,124.48
256,256,4,16,51.7973
256,256,4,32,53.813
256,256,4,64,56.3623
256,256,4,128,62.7943
256,256,4,256,62.8797
256,256,4,512,63.691
256,256,4,1024,66.571
256,256,4,2048,76.981
256,256,4,4096,94.9447
256,256,4,8192,124.469
256,256,4,16384,180.757
256,256,8,16,51.84
256,256,8,32,54.0903
256,256,8,64,56.512
256,256,8,128,62.9753
256,256,8,256,63.6587
256,256,8,512,69.5467
256,256,8,1024,77.056
256,256,8,2048,95.616
256,256,8,4096,123.978
256,256,8,8192,181.279
256,256,8,16384,291.722
256,256,16,16,52.4047
256,256,16,32,54.7733
256,256,16,64,57.408
256,256,16,128,64.5123
256,256,16,256,69.7603
256,256,16,512,78.4207
256,256,16,1024,96.97
256,256,16,2048,126.176
256,256,16,4096,185.876
256,256,16,8192,304.138
256,256,16,16384,537.15
256,256,32,16,53.3223
256,256,32,32,55.7753
256,256,32,64,59.2427
256,256,32,128,70.7197
256,256,32,256,80.255
256,256,32,512,98.1957
256,256,32,1024,127.743
256,256,32,2048,186.431
256,256,32,4096,303.295
256,256,32,8192,532.202
256,256,32,16384,992.21
256,256,64,16,55.722
256,256,64,32,60.9063
256,256,64,64,65.898
256,256,64,128,75.1677
256,256,64,256,92.3513
256,256,64,512,122.687
256,256,64,1024,182.624
256,256,64,2048,299.124
256,256,64,4096,527.869
256,256,64,8192,983.719
256,256,64,16384,1899.49
256,256,128,16,62.7727
256,256,128,32,72.9493
256,256,128,64,82.944
256,256,128,128,100.192
256,256,128,256,130.452
256,256,128,512,190.186
256,256,128,1024,306.836
256,256,128,2048,539.177
256,256,128,4096,1002.77
256,256,128,8192,1929.42
256,256,128,16384,3773.99
256,512,0,0,65.152
256,512,1,16,72.0637
256,512,1,32,73.7707
256,512,1,64,76.4903
256,512,1,128,82.304
256,512,1,256,82.5383
256,512,1,512,82.4853
256,512,1,1024,83.136
256,512,1,2048,84.639
256,512,1,4096,86.8463
256,512,1,8192,99.54
256,512,1,16384,116.618
256,512,2,16,71.37
256,512,2,32,74.2287
256,512,2,64,76.041
256,512,2,128,82.645
256,512,2,256,81.866
256,512,2,512,82.389
256,512,2,1024,83.8613
256,512,2,2048,86.5283
256,512,2,4096,97.45
256,512,2,8192,115.819
256,512,2,16384,145.759
256,512,4,16,71.5303
256,512,4,32,73.824
256,512,4,64,76.1277
256,512,4,128,82.0043
256,512,4,256,82.1437
256,512,4,512,83.2103
256,512,4,1024,86.5487
256,512,4,2048,97.2693
256,512,4,4096,115.179
256,512,4,8192,144.394
256,512,4,16384,200.234
256,512,8,16,71.7967
256,512,8,32,74.1547
256,512,8,64,76.0103
256,512,8,128,82.2827
256,512,8,256,82.795
256,512,8,512,89.578
256,512,8,1024,97.4403
256,512,8,2048,113.95
256,512,8,4096,143.562
256,512,8,8192,199.541
256,512,8,16384,311.977
256,512,16,16,71.509
256,512,16,32,74.9753
256,512,16,64,76.97
256,512,16,128,83.9033
256,512,16,256,88.9913
256,512,16,512,99.0503
256,512,16,1024,116.436
256,512,16,2048,146.144
256,512,16,4096,205.354
256,512,16,8192,319.86
256,512,16,16384,550.644
256,512,32,16,73.301
256,512,32,32,75.8927
256,512,32,64,78.528
256,512,32,128,91.3917
256,512,32,256,100.031
256,512,32,512,116.234
256,512,32,1024,146.229
256,512,32,2048,205.194
256,512,32,4096,321.641
256,512,32,8192,555.049
256,512,32,16384,1011.79
256,512,64,16,75.7863
256,512,64,32,80.7153
256,512,64,64,86.1433
256,512,64,128,95.541
256,512,64,256,112.533
256,512,64,512,142.794
256,512,64,1024,199.817
256,512,64,2048,316.991
256,512,64,4096,550.931
256,512,64,8192,1006.78
256,512,64,16384,1919.16
256,512,128,16,83.0723
256,512,128,32,93.098
256,512,128,64,102.731
256,512,128,128,119.253
256,512,128,256,149.546
256,512,128,512,208.991
256,512,128,1024,326.217
256,512,128,2048,557.652
256,512,128,4096,1024.44
256,512,128,8192,1948.73
256,512,128,16384,3796.48
256,1024,0,0,83.648
256,1024,1,16,89.685
256,1024,1,32,91.4247
256,1024,1,64,93.216
256,1024,1,128,99.6263
256,1024,1,256,100.799
256,1024,1,512,100.32
256,1024,1,1024,101.226
256,1024,1,2048,102.987
256,1024,1,4096,105.824
256,1024,1,8192,117.151
256,1024,1,16384,135.126
256,1024,2,16,89.0127
256,1024,2,32,91.039
256,1024,2,64,93.684
256,1024,2,128,100.117
256,1024,2,256,99.2633
256,1024,2,512,100.171
256,1024,2,1024,102.025
256,1024,2,2048,104.735
256,1024,2,4096,115.21
256,1024,2,8192,133.834
256,1024,2,16384,161.599
256,1024,4,16,89.2147
256,1024,4,32,92.117
256,1024,4,64,94.399
256,1024,4,128,99.9673
256,1024,4,256,99.914
256,1024,4,512,101.493
256,1024,4,1024,104.703
256,1024,4,2048,115.253
256,1024,4,4096,132.682
256,1024,4,8192,161.898
256,1024,4,16384,219.125
256,1024,8,16,89.9727
256,1024,8,32,91.882
256,1024,8,64,94.1117
256,1024,8,128,101.077
256,1024,8,256,101.983
256,1024,8,512,106.443
256,1024,8,1024,115.893
256,1024,8,2048,132.34
256,1024,8,4096,161.824
256,1024,8,8192,218.9
256,1024,8,16384,329.248
256,1024,16,16,90.4097
256,1024,16,32,92.3207
256,1024,16,64,95.018
256,1024,16,128,103.466
256,1024,16,256,107.327
256,1024,16,512,116.852
256,1024,16,1024,133.802
256,1024,16,2048,164.234
256,1024,16,4096,221.95
256,1024,16,8192,338.836
256,1024,16,16384,568.659
256,1024,32,16,91.5197
256,1024,32,32,94.9753
256,1024,32,64,98.0153
256,1024,32,128,109.504
256,1024,32,256,118.666
256,1024,32,512,135.551
256,1024,32,1024,164.746
256,1024,32,2048,224.832
256,1024,32,4096,340.159
256,1024,32,8192,569.545
256,1024,32,16384,1028
256,1024,64,16,94.1437
256,1024,64,32,99.1997
256,1024,64,64,104.309
256,1024,64,128,114.048
256,1024,64,256,129.557
256,1024,64,512,160.256
256,1024,64,1024,219.819
256,1024,64,2048,335.241
256,1024,64,4096,568.232
256,1024,64,8192,1023.16
256,1024,64,16384,1935.62
256,1024,128,16,100.223
256,1024,128,32,109.952
256,1024,128,64,119.989
256,1024,128,128,136.597
256,1024,128,256,167.445
256,1024,128,512,226.474
256,1024,128,1024,341.151
256,1024,128,2048,574.729
256,1024,128,4096,1039.18
256,1024,128,8192,1963.31
256,1024,128,16384,3824.59
256,2048,0,0,96.3733
256,2048,1,16,101.397
256,2048,1,32,104.191
256,2048,1,64,105.845
256,2048,1,128,112.213
256,2048,1,256,112.373
256,2048,1,512,112.298
256,2048,1,1024,113.12
256,2048,1,2048,114.954
256,2048,1,4096,117.567
256,2048,1,8192,129.876
256,2048,1,16384,146.432
256,2048,2,16,101.749
256,2048,2,32,103.168
256,2048,2,64,105.322
256,2048,2,128,111.967
256,2048,2,256,112.277
256,2048,2,512,112.65
256,2048,2,1024,114.1
256,2048,2,2048,117.077
256,2048,2,4096,127.413
256,2048,2,8192,145.151
256,2048,2,16384,174.667
256,2048,4,16,101.098
256,2048,4,32,103.381
256,2048,4,64,105.823
256,2048,4,128,111.562
256,2048,4,256,113.055
256,2048,4,512,114.026
256,2048,4,1024,116.074
256,2048,4,2048,126.965
256,2048,4,4096,143.872
256,2048,4,8192,173.001
256,2048,4,16384,230.698
256,2048,8,16,101.578
256,2048,8,32,104.042
256,2048,8,64,106.068
256,2048,8,128,112.991
256,2048,8,256,114.708
256,2048,8,512,119.21
256,2048,8,1024,127.946
256,2048,8,2048,144.609
256,2048,8,4096,174.325
256,2048,8,8192,232.532
256,2048,8,16384,341.214
256,2048,16,16,102.122
256,2048,16,32,105.354
256,2048,16,64,106.997
256,2048,16,128,114.421
256,2048,16,256,119.317
256,2048,16,512,129.493
256,2048,16,1024,146.228
256,2048,16,2048,176.468
256,2048,16,4096,235.477
256,2048,16,8192,349.47
256,2048,16,16384,581.31
256,2048,32,16,103.477
256,2048,32,32,106.261
256,2048,32,64,109.547
256,2048,32,128,122.805
256,2048,32,256,130.559
256,2048,32,512,147.477
256,2048,32,1024,176.212
256,2048,32,2048,236.468
256,2048,32,4096,350.495
256,2048,32,8192,582.131
256,2048,32,16384,1044.05
256,2048,64,16,106.239
256,2048,64,32,111.488
256,2048,64,64,116.373
256,2048,64,128,126.933
256,2048,64,256,142.09
256,2048,64,512,172.917
256,2048,64,1024,233.097
256,2048,64,2048,348.958
256,2048,64,4096,577.801
256,2048,64,8192,1035.17
256,2048,64,16384,1943.51
256,2048,128,16,112.192
256,2048,128,32,122.272
256,2048,128,64,131.903
256,2048,128,128,148.597
256,2048,128,256,178.677
256,2048,128,512,238.687
256,2048,128,1024,355.305
256,2048,128,2048,585.705
256,2048,128,4096,1050.46
256,2048,128,8192,1973.91
256,2048,128,16384,3822.74
256,4096,0,0,143.796
256,4096,1,16,150.251
256,4096,1,32,152.127
256,4096,1,64,154.303
256,4096,1,128,160.405
256,4096,1,256,160.169
256,4096,1,512,160.714
256,4096,1,1024,161.258
256,4096,1,2048,162.665
256,4096,1,4096,165.674
256,4096,1,8192,177.524
256,4096,1,16384,195.594
256,4096,2,16,149.066
256,4096,2,32,151.177
256,4096,2,64,153.813
256,4096,2,128,160.277
256,4096,2,256,159.903
256,4096,2,512,159.796
256,4096,2,1024,162.154
256,4096,2,2048,164.511
256,4096,2,4096,175.615
256,4096,2,8192,194.004
256,4096,2,16384,222.036
256,4096,4,16,149.461
256,4096,4,32,151.22
256,4096,4,64,153.738
256,4096,4,128,160.255
256,4096,4,256,160.265
256,4096,4,512,161.983
256,4096,4,1024,164.628
256,4096,4,2048,174.911
256,4096,4,4096,192.16
256,4096,4,8192,220.735
256,4096,4,16384,279.572
256,4096,8,16,149.727
256,4096,8,32,152.053
256,4096,8,64,154.731
256,4096,8,128,161.077
256,4096,8,256,162.378
256,4096,8,512,167.806
256,4096,8,1024,176.149
256,4096,8,2048,193.055
256,4096,8,4096,222.175
256,4096,8,8192,278.174
256,4096,8,16384,390.431
256,4096,16,16,150.122
256,4096,16,32,152.212
256,4096,16,64,155.124
256,4096,16,128,163.019
256,4096,16,256,168.16
256,4096,16,512,176.906
256,4096,16,1024,193.173
256,4096,16,2048,224.106
256,4096,16,4096,282.612
256,4096,16,8192,397.374
256,4096,16,16384,633.031
256,4096,32,16,151.989
256,4096,32,32,154.912
256,4096,32,64,157.695
256,4096,32,128,168.831
256,4096,32,256,178.549
256,4096,32,512,195.413
256,4096,32,1024,224.991
256,4096,32,2048,283.486
256,4096,32,4096,398.751
256,4096,32,8192,627.571
256,4096,32,16384,1089.42
256,4096,64,16,154.655
256,4096,64,32,159.189
256,4096,64,64,164.703
256,4096,64,128,174.143
256,4096,64,256,190.367
256,4096,64,512,219.818
256,4096,64,1024,280.735
256,4096,64,2048,397.118
256,4096,64,4096,627.496
256,4096,64,8192,1086.85
256,4096,64,16384,1997.56
256,4096,128,16,159.947
256,4096,128,32,169.919
256,4096,128,64,180.063
256,4096,128,128,196.288
256,4096,128,256,226.539
256,4096,128,512,286.154
256,4096,128,1024,404.778
256,4096,128,2048,633.768
256,4096,128,4096,1100.36
256,4096,128,8192,2027.43
256,4096,128,16384,3880.7
256,8192,0,0,224.724
256,8192,1,16,232.253
256,8192,1,32,234.057
256,8192,1,64,234.996
256,8192,1,128,241.375
256,8192,1,256,241.813
256,8192,1,512,242.27
256,8192,1,1024,242.111
256,8192,1,2048,244.65
256,8192,1,4096,247.816
256,8192,1,8192,259.626
256,8192,1,16384,276.308
256,8192,2,16,230.558
256,8192,2,32,232.906
256,8192,2,64,235.316
256,8192,2,128,241.62
256,8192,2,256,241.717
256,8192,2,512,241.972
256,8192,2,1024,244.393
256,8192,2,2048,246.112
256,8192,2,4096,256.191
256,8192,2,8192,274.719
256,8192,2,16384,303.871
256,8192,4,16,231.455
256,8192,4,32,233.194
256,8192,4,64,235.466
256,8192,4,128,241.684
256,8192,4,256,241.546
256,8192,4,512,243.561
256,8192,4,1024,245.365
256,8192,4,2048,256.531
256,8192,4,4096,273.897
256,8192,4,8192,302.644
256,8192,4,16384,359.924
256,8192,8,16,231.188
256,8192,8,32,234.41
256,8192,8,64,236.298
256,8192,8,128,242.698
256,8192,8,256,244.095
256,8192,8,512,248.191
256,8192,8,1024,257.694
256,8192,8,2048,273.556
256,8192,8,4096,302.527
256,8192,8,8192,359.806
256,8192,8,16384,471.092
256,8192,16,16,232.607
256,8192,16,32,234.164
256,8192,16,64,238.005
256,8192,16,128,244.405
256,8192,16,256,249.791
256,8192,16,512,258.047
256,8192,16,1024,275.742
256,8192,16,2048,304.766
256,8192,16,4096,364.81
256,8192,16,8192,479.059
256,8192,16,16384,711.623
256,8192,32,16,233.514
256,8192,32,32,236.831
256,8192,32,64,239.711
256,8192,32,128,251.764
256,8192,32,256,259.785
256,8192,32,512,277.396
256,8192,32,1024,307.519
256,8192,32,2048,365.214
256,8192,32,4096,483.604
256,8192,32,8192,711.902
256,8192,32,16384,1169.37
256,8192,64,16,236.574
256,8192,64,32,240.651
256,8192,64,64,246.558
256,8192,64,128,257.001
256,8192,64,256,272.148
256,8192,64,512,302.27
256,8192,64,1024,360.885
256,8192,64,2048,477.246
256,8192,64,4096,708.712
256,8192,64,8192,1161
256,8192,64,16384,2080.27
256,8192,128,16,241.288
256,8192,128,32,251.22
256,8192,128,64,261.492
256,8192,128,128,277.407
256,8192,128,256,308.265
256,8192,128,512,369.79
256,8192,128,1024,487.678
256,8192,128,2048,715.761
256,8192,128,4096,1186.93
256,8192,128,8192,2116.08
256,8192,128,16384,3952.42
256,16384,0,0,387.519
256,16384,1,16,394.409
256,16384,1,32,395.881
256,16384,1,64,399.976
256,16384,1,128,406.59
256,16384,1,256,406.248
256,16384,1,512,406.014
256,16384,1,1024,405.929
256,16384,1,2048,408.062
256,16384,1,4096,411.39
256,16384,1,8192,422.58
256,16384,1,16384,440.788
256,16384,2,16,392.926
256,16384,2,32,396.157
256,16384,2,64,398.676
256,16384,2,128,403.87
256,16384,2,256,404.692
256,16384,2,512,405.257
256,16384,2,1024,407.059
256,16384,2,2048,409.074
256,16384,2,4096,420.435
256,16384,2,8192,436.936
256,16384,2,16384,466.504
256,16384,4,16,393.608
256,16384,4,32,396.232
256,16384,4,64,397.993
256,16384,4,128,403.838
256,16384,4,256,404.371
256,16384,4,512,405.726
256,16384,4,1024,407.827
256,16384,4,2048,418.302
256,16384,4,4096,436.563
256,16384,4,8192,465.246
256,16384,4,16384,523.038
256,16384,8,16,393.982
256,16384,8,32,396.627
256,16384,8,64,398.409
256,16384,8,128,405.225
256,16384,8,256,406.729
256,16384,8,512,410.441
256,16384,8,1024,419.977
256,16384,8,2048,436.637
256,16384,8,4096,465.641
256,16384,8,8192,521.161
256,16384,8,16384,633.544
256,16384,16,16,394.409
256,16384,16,32,396.202
256,16384,16,64,399.423
256,16384,16,128,407.219
256,16384,16,256,412.447
256,16384,16,512,420.221
256,16384,16,1024,438.323
256,16384,16,2048,468.457
256,16384,16,4096,527.165
256,16384,16,8192,644.21
256,16384,16,16384,872.316
256,16384,32,16,395.252
256,16384,32,32,398.867
256,16384,32,64,402.632
256,16384,32,128,413.715
256,16384,32,256,422.451
256,16384,32,512,438.121
256,16384,32,1024,468.541
256,16384,32,2048,530.088
256,16384,32,4096,645.81
256,16384,32,8192,872.722
256,16384,32,16384,1337.66
256,16384,64,16,397.907
256,16384,64,32,403.614
256,16384,64,64,409.321
256,16384,64,128,418.377
256,16384,64,256,434.515
256,16384,64,512,463.39
256,16384,64,1024,524.562
256,16384,64,2048,640.05
256,16384,64,4096,868.114
256,16384,64,8192,1323.76
256,16384,64,16384,2241.05
256,16384,128,16,404.392
256,16384,128,32,413.918
256,16384,128,64,424.318
256,16384,128,128,440.115
256,16384,128,256,470.077
256,16384,128,512,530.153
256,16384,128,1024,648.136
256,16384,128,2048,878.376
256,16384,128,4096,1345.8
256,16384,128,8192,2271.95
256,16384,128,16384,4132.13
512,0,0,0,81.7273
512,0,1,16,89.3227
512,0,1,32,90.8157
512,0,1,64,92.8843
512,0,1,128,98.72
512,0,1,256,99.1037
512,0,1,512,99.3703
512,0,1,1024,99.7853
512,0,1,2048,101.354
512,0,1,4096,104.885
512,0,1,8192,116.159
512,0,1,16384,133.994
512,0,2,16,89.045
512,0,2,32,90.9757
512,0,2,64,93.6523
512,0,2,128,99.4337
512,0,2,256,99.5193
512,0,2,512,99.8707
512,0,2,1024,101.077
512,0,2,2048,103.69
512,0,2,4096,115.317
512,0,2,8192,132.201
512,0,2,16384,161.515
512,0,4,16,88.469
512,0,4,32,91.4653
512,0,4,64,93.226
512,0,4,128,99.4133
512,0,4,256,99.9363
512,0,4,512,100.928
512,0,4,1024,103.872
512,0,4,2048,114.293
512,0,4,4096,131.615
512,0,4,8192,161.428
512,0,4,16384,218.505
512,0,8,16,88.309
512,0,8,32,90.9123
512,0,8,64,93.1943
512,0,8,128,99.786
512,0,8,256,101.354
512,0,8,512,105.481
512,0,8,1024,114.357
512,0,8,2048,130.688
512,0,8,4096,160.585
512,0,8,8192,217.428
512,0,8,16384,330.057
512,0,16,16,89.0987
512,0,16,32,91.242
512,0,16,64,94.272
512,0,16,128,101.836
512,0,16,256,106.719
512,0,16,512,115.818
512,0,16,1024,132.234
512,0,16,2048,163.541
512,0,16,4096,222.644
512,0,16,8192,335.145
512,0,16,16384,570.771
512,0,32,16,89.237
512,0,32,32,92.757
512,0,32,64,95.764
512,0,32,128,107.999
512,0,32,256,116.821
512,0,32,512,133.738
512,0,32,1024,163.231
512,0,32,2048,224.212
512,0,32,4096,338.217
512,0,32,8192,570.557
512,0,32,16384,1031.85
512,0,64,16,93.4617
512,0,64,32,98.0373
512,0,64,64,103.04
512,0,64,128,113.781
512,0,64,256,129.386
512,0,64,512,158.42
512,0,64,1024,219.807
512,0,64,2048,334.313
512,0,64,4096,567.913
512,0,64,8192,1019.99
512,0,64,16384,1929.83
512,0,128,16,99.691
512,0,128,32,110.058
512,0,128,64,119.498
512,0,128,128,136.233
512,0,128,256,165.791
512,0,128,512,225.279
512,0,128,1024,342.302
512,0,128,2048,575.55
512,0,128,4096,1043.15
512,0,128,8192,1974.88
512,0,128,16384,3826.12
512,16,0,0,87.1993
512,16,1,16,94.239
512,16,1,32,96.7897
512,16,1,64,98.207
512,16,1,128,103.924
512,16,1,256,105.194
512,16,1,512,104.384
512,16,1,1024,105.418
512,16,1,2048,106.517
512,16,1,4096,109.525
512,16,1,8192,121.536
512,16,1,16384,139.691
512,16,2,16,94.102
512,16,2,32,96.106
512,16,2,64,98.485
512,16,2,128,105.312
512,16,2,256,105.365
512,16,2,512,105.418
512,16,2,1024,106.56
512,16,2,2048,109.472
512,16,2,4096,119.435
512,16,2,8192,138.112
512,16,2,16384,167.444
512,16,4,16,94.944
512,16,4,32,96.5753
512,16,4,64,99.1997
512,16,4,128,105.13
512,16,4,256,105.173
512,16,4,512,106.601
512,16,4,1024,109.6
512,16,4,2048,119.999
512,16,4,4096,137.46
512,16,4,8192,166.592
512,16,4,16384,224.916
512,16,8,16,94.1757
512,16,8,32,96.3407
512,16,8,64,99.0713
512,16,8,128,105.899
512,16,8,256,106.004
512,16,8,512,111.402
512,16,8,1024,119.638
512,16,8,2048,136.97
512,16,8,4096,164.981
512,16,8,8192,222.826
512,16,8,16384,332.831
512,16,16,16,94.517
512,16,16,32,98.0473
512,16,16,64,99.7437
512,16,16,128,108.095
512,16,16,256,112.437
512,16,16,512,121.365
512,16,16,1024,139.498
512,16,16,2048,168.064
512,16,16,4096,226.922
512,16,16,8192,342.708
512,16,16,16384,573.694
512,16,32,16,94.794
512,16,32,32,97.8333
512,16,32,64,100.928
512,16,32,128,114.495
512,16,32,256,122.229
512,16,32,512,139.285
512,16,32,1024,169.151
512,16,32,2048,228.51
512,16,32,4096,344.628
512,16,32,8192,571.891
512,16,32,16384,1036.01
512,16,64,16,98.41
512,16,64,32,103.317
512,16,64,64,109.556
512,16,64,128,119.189
512,16,64,256,135.338
512,16,64,512,164.671
512,16,64,1024,222.847
512,16,64,2048,343.028
512,16,64,4096,579.176
512,16,64,8192,1025.22
512,16,64,16384,1934.83
512,16,128,16,106.304
512,16,128,32,116.03
512,16,128,64,125.193
512,16,128,128,142.389
512,16,128,256,172.405
512,16,128,512,231.637
512,16,128,1024,348.277
512,16,128,2048,579.165
512,16,128,4096,1042.35
512,16,128,8192,1972.88
512,16,128,16384,3816.44
512,32,0,0,87.274
512,32,1,16,94.4533
512,32,1,32,97.013
512,32,1,64,98.88
512,32,1,128,104.438
512,32,1,256,104.874
512,32,1,512,104.928
512,32,1,1024,105.173
512,32,1,2048,107.306
512,32,1,4096,110.602
512,32,1,8192,122.517
512,32,1,16384,140.51
512,32,2,16,94.4317
512,32,2,32,96.6823
512,32,2,64,98.6343
512,32,2,128,105.013
512,32,2,256,104.864
512,32,2,512,105.087
512,32,2,1024,106.997
512,32,2,2048,109.418
512,32,2,4096,120.587
512,32,2,8192,138.186
512,32,2,16384,166.857
512,32,4,16,94.1653
512,32,4,32,97.4293
512,32,4,64,98.9223
512,32,4,128,105.728
512,32,4,256,106.399
512,32,4,512,106.923
512,32,4,1024,108.639
512,32,4,2048,120.501
512,32,4,4096,137.3
512,32,4,8192,166.826
512,32,4,16384,223.017
512,32,8,16,94.688
512,32,8,32,97.1197
512,32,8,64,99.0077
512,32,8,128,104.895
512,32,8,256,107.22
512,32,8,512,111.819
512,32,8,1024,120.446
512,32,8,2048,136.939
512,32,8,4096,165.92
512,32,8,8192,223.881
512,32,8,16384,333.193
512,32,16,16,94.9113
512,32,16,32,97.2583
512,32,16,64,100.053
512,32,16,128,107.925
512,32,16,256,113.343
512,32,16,512,122.368
512,32,16,1024,138.794
512,32,16,2048,168.459
512,32,16,4096,227.402
512,32,16,8192,344.383
512,32,16,16384,578.962
512,32,32,16,95.5737
512,32,32,32,98.3467
512,32,32,64,101.482
512,32,32,128,113.802
512,32,32,256,121.995
512,32,32,512,140.063
512,32,32,1024,168.661
512,32,32,2048,228.693
512,32,32,4096,347.818
512,32,32,8192,574.131
512,32,32,16384,1034.88
512,32,64,16,98.4643
512,32,64,32,104.01
512,32,64,64,109.568
512,32,64,128,119.392
512,32,64,256,135.679
512,32,64,512,165.247
512,32,64,1024,224.009
512,32,64,2048,340.724
512,32,64,4096,572.211
512,32,64,8192,1027.39
512,32,64,16384,1949.64
512,32,128,16,106.207
512,32,128,32,115.818
512,32,128,64,125.248
512,32,128,128,142.122
512,32,128,256,173.236
512,32,128,512,232.191
512,32,128,1024,346.825
512,32,128,2048,578.483
512,32,128,4096,1041.09
512,32,128,8192,1978.76
512,32,128,16384,3835.36
512,64,0,0,92.2873
512,64,1,16,98.3257
512,64,1,32,100.821
512,64,1,64,103.433
512,64,1,128,108.885
512,64,1,256,109.513
512,64,1,512,109.215
512,64,1,1024,109.738
512,64,1,2048,110.89
512,64,1,4096,114.591
512,64,1,8192,125.93
512,64,1,16384,143.872
512,64,2,16,98.3783
512,64,2,32,100.875
512,64,2,64,102.826
512,64,2,128,109.353
512,64,2,256,109.141
512,64,2,512,109.439
512,64,2,1024,110.762
512,64,2,2048,113.429
512,64,2,4096,124.842
512,64,2,8192,142.847
512,64,2,16384,171.391
512,64,4,16,97.994
512,64,4,32,100.949
512,64,4,64,103.616
512,64,4,128,109.076
512,64,4,256,109.558
512,64,4,512,111.168
512,64,4,1024,113.418
512,64,4,2048,123.936
512,64,4,4096,141.226
512,64,4,8192,170.218
512,64,4,16384,228.233
512,64,8,16,98.8267
512,64,8,32,100.639
512,64,8,64,103.946
512,64,8,128,110.24
512,64,8,256,110.794
512,64,8,512,115.69
512,64,8,1024,123.487
512,64,8,2048,141.375
512,64,8,4096,170.388
512,64,8,8192,228.212
512,64,8,16384,340.083
512,64,16,16,99.093
512,64,16,32,100.917
512,64,16,64,104.298
512,64,16,128,111.38
512,64,16,256,117.461
512,64,16,512,125.643
512,64,16,1024,142.954
512,64,16,2048,173.685
512,64,16,4096,231.775
512,64,16,8192,349.535
512,64,16,16384,579.613
512,64,32,16,99.1033
512,64,32,32,102.378
512,64,32,64,106.133
512,64,32,128,117.898
512,64,32,256,126.452
512,64,32,512,143.872
512,64,32,1024,173.248
512,64,32,2048,231.391
512,64,32,4096,349.311
512,64,32,8192,580.872
512,64,32,16384,1043.14
512,64,64,16,102.506
512,64,64,32,107.924
512,64,64,64,113.386
512,64,64,128,122.761
512,64,64,256,138.538
512,64,64,512,169.226
512,64,64,1024,228.468
512,64,64,2048,346.122
512,64,64,4096,577.043
512,64,64,8192,1040.04
512,64,64,16384,1952.96
512,64,128,16,109.802
512,64,128,32,120.139
512,64,128,64,129.845
512,64,128,128,146.24
512,64,128,256,176.362
512,64,128,512,236.223
512,64,128,1024,352.265
512,64,128,2048,587.443
512,64,128,4096,1051.43
512,64,128,8192,1989.27
512,64,128,16384,3838.88
512,128,0,0,93.2483
512,128,1,16,100.085
512,128,1,32,102.016
512,128,1,64,104.448
512,128,1,128,110.068
512,128,1,256,110.335
512,128,1,512,110.538
512,128,1,1024,110.987
512,128,1,2048,113.418
512,128,1,4096,115.957
512,128,1,8192,127.082
512,128,1,16384,145.248
512,128,2,16,99.904
512,128,2,32,102.282
512,128,2,64,104.32
512,128,2,128,110.186
512,128,2,256,110.676
512,128,2,512,110.816
512,128,2,1024,112.031
512,128,2,2048,114.73
512,128,2,4096,125.919
512,128,2,8192,143.626
512,128,2,16384,173.311
512,128,4,16,99.69
512,128,4,32,101.428
512,128,4,64,104.575
512,128,4,128,110.592
512,128,4,256,110.762
512,128,4,512,111.915
512,128,4,1024,114.357
512,128,4,2048,125.195
512,128,4,4096,142.741
512,128,4,8192,171.967
512,128,4,16384,227.018
512,128,8,16,100.171
512,128,8,32,102.196
512,128,8,64,104.49
512,128,8,128,110.731
512,128,8,256,111.562
512,128,8,512,117.142
512,128,8,1024,125.269
512,128,8,2048,142.111
512,128,8,4096,171.689
512,128,8,8192,229.225
512,128,8,16384,340.351
512,128,16,16,100.287
512,128,16,32,102.804
512,128,16,64,105.237
512,128,16,128,112.896
512,128,16,256,117.781
512,128,16,512,126.388
512,128,16,1024,145.056
512,128,16,2048,174.11
512,128,16,4096,232.446
512,128,16,8192,350.26
512,128,16,16384,580.808
512,128,32,16,100.863
512,128,32,32,103.818
512,128,32,64,107.295
512,128,32,128,118.837
512,128,32,256,127.797
512,128,32,512,145.258
512,128,32,1024,175.178
512,128,32,2048,233.407
512,128,32,4096,348.884
512,128,32,8192,580.596
512,128,32,16384,1038.43
512,128,64,16,103.743
512,128,64,32,109.076
512,128,64,64,114.368
512,128,64,128,124.331
512,128,64,256,140.351
512,128,64,512,171.605
512,128,64,1024,229.823
512,128,64,2048,347.497
512,128,64,4096,573.543
512,128,64,8192,1029.07
512,128,64,16384,1941.48
512,128,128,16,111.743
512,128,128,32,120.842
512,128,128,64,131.093
512,128,128,128,147.562
512,128,128,256,178.367
512,128,128,512,237.279
512,128,128,1024,352.362
512,128,128,2048,585.821
512,128,128,4096,1052.9
512,128,128,8192,1974.2
512,128,128,16384,3833.67
512,256,0,0,94.3257
512,256,1,16,100.693
512,256,1,32,102.452
512,256,1,64,105.034
512,256,1,128,110.229
512,256,1,256,110.282
512,256,1,512,111.167
512,256,1,1024,111.817
512,256,1,2048,112.693
512,256,1,4096,116.448
512,256,1,8192,128.33
512,256,1,16384,145.908
512,256,2,16,100.202
512,256,2,32,102.645
512,256,2,64,105.535
512,256,2,128,110.826
512,256,2,256,111.295
512,256,2,512,111.733
512,256,2,1024,113.173
512,256,2,2048,116.288
512,256,2,4096,126.666
512,256,2,8192,145.236
512,256,2,16384,172.82
512,256,4,16,100.714
512,256,4,32,102.165
512,256,4,64,104.725
512,256,4,128,111.018
512,256,4,256,111.392
512,256,4,512,112.842
512,256,4,1024,115.305
512,256,4,2048,126.133
512,256,4,4096,143.093
512,256,4,8192,172.692
512,256,4,16384,230.612
512,256,8,16,101.215
512,256,8,32,103.466
512,256,8,64,106.154
512,256,8,128,111.882
512,256,8,256,113.333
512,256,8,512,118.708
512,256,8,1024,126.122
512,256,8,2048,143.552
512,256,8,4096,172.18
512,256,8,8192,229.61
512,256,8,16384,340.318
512,256,16,16,100.715
512,256,16,32,103.125
512,256,16,64,105.376
512,256,16,128,112.586
512,256,16,256,118.687
512,256,16,512,127.317
512,256,16,1024,144.49
512,256,16,2048,174.9
512,256,16,4096,233.769
512,256,16,8192,351.433
512,256,16,16384,583.4
512,256,32,16,101.983
512,256,32,32,104.427
512,256,32,64,108.491
512,256,32,128,121.087
512,256,32,256,128.906
512,256,32,512,145.546
512,256,32,1024,174.634
512,256,32,2048,235.06
512,256,32,4096,349.427
512,256,32,8192,583.208
512,256,32,16384,1036.07
512,256,64,16,105.077
512,256,64,32,110.09
512,256,64,64,115.296
512,256,64,128,125.418
512,256,64,256,141.312
512,256,64,512,171.871
512,256,64,1024,231.273
512,256,64,2048,348.788
512,256,64,4096,577.918
512,256,64,8192,1032.39
512,256,64,16384,1950.66
512,256,128,16,112
512,256,128,32,122.272
512,256,128,64,131.423
512,256,128,128,148.565
512,256,128,256,178.388
512,256,128,512,237.439
512,256,128,1024,355.86
512,256,128,2048,584.84
512,256,128,4096,1051.65
512,256,128,8192,1971.97
512,256,128,16384,3838.7
512,512,0,0,107.156
512,512,1,16,112.81
512,512,1,32,114.879
512,512,1,64,117.546
512,512,1,128,123.093
512,512,1,256,122.912
512,512,1,512,123.445
512,512,1,1024,123.284
512,512,1,2048,125.696
512,512,1,4096,129.194
512,512,1,8192,140.842
512,512,1,16384,157.908
512,512,2,16,113.706
512,512,2,32,114.388
512,512,2,64,117.28
512,512,2,128,123.627
512,512,2,256,123.54
512,512,2,512,123.412
512,512,2,1024,126.271
512,512,2,2048,127.572
512,512,2,4096,139.988
512,512,2,8192,157.066
512,512,2,16384,186.133
512,512,4,16,112.789
512,512,4,32,115.466
512,512,4,64,117.749
512,512,4,128,123.477
512,512,4,256,124.011
512,512,4,512,124.875
512,512,4,1024,128.266
512,512,4,2048,138.687
512,512,4,4096,155.604
512,512,4,8192,185.108
512,512,4,16384,243.882
512,512,8,16,112.565
512,512,8,32,115.625
512,512,8,64,117.718
512,512,8,128,123.85
512,512,8,256,125.493
512,512,8,512,131.263
512,512,8,1024,138.793
512,512,8,2048,155.434
512,512,8,4096,185.428
512,512,8,8192,242.804
512,512,8,16384,355.604
512,512,16,16,113.546
512,512,16,32,116.607
512,512,16,64,118.89
512,512,16,128,126.015
512,512,16,256,130.965
512,512,16,512,140.576
512,512,16,1024,157.173
512,512,16,2048,186.42
512,512,16,4096,244.927
512,512,16,8192,362.344
512,512,16,16384,593.725
512,512,32,16,114.432
512,512,32,32,117.386
512,512,32,64,120.255
512,512,32,128,132.106
512,512,32,256,140.97
512,512,32,512,157.652
512,512,32,1024,187.775
512,512,32,2048,246.399
512,512,32,4096,363.838
512,512,32,8192,595.399
512,512,32,16384,1052.44
512,512,64,16,117.472
512,512,64,32,122.463
512,512,64,64,127.199
512,512,64,128,137.472
512,512,64,256,153.077
512,512,64,512,183.838
512,512,64,1024,243.06
512,512,64,2048,361.225
512,512,64,4096,591.506
512,512,64,8192,1046.68
512,512,64,16384,1953.35
512,512,128,16,124.458
512,512,128,32,134.09
512,512,128,64,143.999
512,512,128,128,160.981
512,512,128,256,191.007
512,512,128,512,250.804
512,512,128,1024,367.753
512,512,128,2048,601.181
512,512,128,4096,1060.07
512,512,128,8192,1995.56
512,512,128,16384,3850.14
512,1024,0,0,128.533
512,1024,1,16,135.754
512,1024,1,32,137.61
512,1024,1,64,140.138
512,1024,1,128,145.546
512,1024,1,256,146.218
512,1024,1,512,146.208
512,1024,1,1024,146.623
512,1024,1,2048,148.585
512,1024,1,4096,151.712
512,1024,1,8192,162.538
512,1024,1,16384,180.98
512,1024,2,16,135.403
512,1024,2,32,137.866
512,1024,2,64,140.191
512,1024,2,128,145.877
512,1024,2,256,146.036
512,1024,2,512,146.56
512,1024,2,1024,148.32
512,1024,2,2048,151.157
512,1024,2,4096,161.609
512,1024,2,8192,178.474
512,1024,2,16384,207.807
512,1024,4,16,135.646
512,1024,4,32,137.995
512,1024,4,64,140.65
512,1024,4,128,146.4
512,1024,4,256,146.249
512,1024,4,512,147.86
512,1024,4,1024,150.09
512,1024,4,2048,161.226
512,1024,4,4096,178.175
512,1024,4,8192,207.882
512,1024,4,16384,265.279
512,1024,8,16,136.107
512,1024,8,32,138.367
512,1024,8,64,140.351
512,1024,8,128,146.858
512,1024,8,256,147.583
512,1024,8,512,153.215
512,1024,8,1024,162.036
512,1024,8,2048,178.208
512,1024,8,4096,207.252
512,1024,8,8192,265.598
512,1024,8,16384,377.331
512,1024,16,16,135.914
512,1024,16,32,138.634
512,1024,16,64,141.344
512,1024,16,128,148.927
512,1024,16,256,153.482
512,1024,16,512,162.474
512,1024,16,1024,180.363
512,1024,16,2048,209.151
512,1024,16,4096,266.942
512,1024,16,8192,384.211
512,1024,16,16384,619.389
512,1024,32,16,136.607
512,1024,32,32,139.786
512,1024,32,64,143.764
512,1024,32,128,155.381
512,1024,32,256,163.456
512,1024,32,512,181.067
512,1024,32,1024,210.164
512,1024,32,2048,268.798
512,1024,32,4096,387.603
512,1024,32,8192,615.485
512,1024,32,16384,1074.81
512,1024,64,16,140.042
512,1024,64,32,144.874
512,1024,64,64,150.272
512,1024,64,128,160.639
512,1024,64,256,175.925
512,1024,64,512,205.769
512,1024,64,1024,265.386
512,1024,64,2048,385.417
512,1024,64,4096,612.189
512,1024,64,8192,1069.35
512,1024,64,16384,1983.34
512,1024,128,16,147.135
512,1024,128,32,156.981
512,1024,128,64,167.061
512,1024,128,128,183.157
512,1024,128,256,214.41
512,1024,128,512,274.42
512,1024,128,1024,391.497
512,1024,128,2048,624.466
512,1024,128,4096,1084.14
512,1024,128,8192,2010.67
512,1024,128,16384,3874.24
512,2048,0,0,177.909
512,2048,1,16,184.116
512,2048,1,32,186.325
512,2048,1,64,188.778
512,2048,1,128,194.955
512,2048,1,256,195.008
512,2048,1,512,194.474
512,2048,1,1024,194.805
512,2048,1,2048,196.491
512,2048,1,4096,200.212
512,2048,1,8192,211.316
512,2048,1,16384,229.066
512,2048,2,16,184.127
512,2048,2,32,185.791
512,2048,2,64,187.935
512,2048,2,128,194.665
512,2048,2,256,194.143
512,2048,2,512,194.186
512,2048,2,1024,196.489
512,2048,2,2048,198.878
512,2048,2,4096,210.378
512,2048,2,8192,227.423
512,2048,2,16384,257.61
512,2048,4,16,184.159
512,2048,4,32,185.961
512,2048,4,64,188.82
512,2048,4,128,194.731
512,2048,4,256,194.227
512,2048,4,512,196.319
512,2048,4,1024,199.232
512,2048,4,2048,209.108
512,2048,4,4096,226.399
512,2048,4,8192,255.796
512,2048,4,16384,312.084
512,2048,8,16,183.626
512,2048,8,32,185.642
512,2048,8,64,188.799
512,2048,8,128,195.178
512,2048,8,256,196.319
512,2048,8,512,201.097
512,2048,8,1024,209.599
512,2048,8,2048,226.441
512,2048,8,4096,255.125
512,2048,8,8192,312.383
512,2048,8,16384,423.273
512,2048,16,16,184.212
512,2048,16,32,186.964
512,2048,16,64,189.62
512,2048,16,128,196.895
512,2048,16,256,202.036
512,2048,16,512,211.209
512,2048,16,1024,228.639
512,2048,16,2048,258.164
512,2048,16,4096,316.137
512,2048,16,8192,434.249
512,2048,16,16384,662.461
512,2048,32,16,184.757
512,2048,32,32,187.871
512,2048,32,64,191.146
512,2048,32,128,202.57
512,2048,32,256,212.735
512,2048,32,512,228.778
512,2048,32,1024,259.338
512,2048,32,2048,317.248
512,2048,32,4096,430.507
512,2048,32,8192,668.191
512,2048,32,16384,1122.77
512,2048,64,16,188.576
512,2048,64,32,193.493
512,2048,64,64,198.666
512,2048,64,128,208.266
512,2048,64,256,224.222
512,2048,64,512,254.761
512,2048,64,1024,312.959
512,2048,64,2048,429.781
512,2048,64,4096,660.682
512,2048,64,8192,1114.37
512,2048,64,16384,2028.45
512,2048,128,16,194.666
512,2048,128,32,205.066
512,2048,128,64,214.538
512,2048,128,128,231.029
512,2048,128,256,261.92
512,2048,128,512,320.5
512,2048,128,1024,438.474
512,2048,128,2048,670.313
512,2048,128,4096,1134.49
512,2048,128,8192,2067.26
512,2048,128,16384,3918.24
512,4096,0,0,269.481
512,4096,1,16,276.223
512,4096,1,32,278.346
512,4096,1,64,280.895
512,4096,1,128,287.113
512,4096,1,256,286.837
512,4096,1,512,287.007
512,4096,1,1024,288.202
512,4096,1,2048,290.068
512,4096,1,4096,292.351
512,4096,1,8192,304.756
512,4096,1,16384,321.076
512,4096,2,16,276.64
512,4096,2,32,278.794
512,4096,2,64,281.215
512,4096,2,128,286.826
512,4096,2,256,286.677
512,4096,2,512,287.53
512,4096,2,1024,289.13
512,4096,2,2048,291.349
512,4096,2,4096,303.146
512,4096,2,8192,320.021
512,4096,2,16384,349.418
512,4096,4,16,277.354
512,4096,4,32,277.962
512,4096,4,64,281.311
512,4096,4,128,286.815
512,4096,4,256,287.754
512,4096,4,512,288.544
512,4096,4,1024,291.178
512,4096,4,2048,301.93
512,4096,4,4096,318.623
512,4096,4,8192,348.436
512,4096,4,16384,404.191
512,4096,8,16,275.807
512,4096,8,32,278.485
512,4096,8,64,281.685
512,4096,8,128,287.987
512,4096,8,256,288.927
512,4096,8,512,294.591
512,4096,8,1024,301.31
512,4096,8,2048,318.506
512,4096,8,4096,347.273
512,4096,8,8192,406.015
512,4096,8,16384,515.38
512,4096,16,16,276.607
512,4096,16,32,279.818
512,4096,16,64,281.621
512,4096,16,128,288.607
512,4096,16,256,295.391
512,4096,16,512,304.191
512,4096,16,1024,319.764
512,4096,16,2048,349.599
512,4096,16,4096,408.405
512,4096,16,8192,525.909
512,4096,16,16384,760.072
512,4096,32,16,277.514
512,4096,32,32,280.564
512,4096,32,64,283.029
512,4096,32,128,295.178
512,4096,32,256,304.447
512,4096,32,512,322.219
512,4096,32,1024,351.84
512,4096,32,2048,408.49
512,4096,32,4096,527.018
512,4096,32,8192,756.937
512,4096,32,16384,1209.61
512,4096,64,16,280.586
512,4096,64,32,285.685
512,4096,64,64,291.477
512,4096,64,128,301.247
512,4096,64,256,317.151
512,4096,64,512,347.487
512,4096,64,1024,406.058
512,4096,64,2048,522.036
512,4096,64,4096,752.809
512,4096,64,8192,1210.28
512,4096,64,16384,2118.09
512,4096,128,16,287.626
512,4096,128,32,297.706
512,4096,128,64,307.636
512,4096,128,128,324.393
512,4096,128,256,354.155
512,4096,128,512,412.543
512,4096,128,1024,530.548
512,4096,128,2048,764.446
512,4096,128,4096,1225.18
512,4096,128,8192,2155.08
512,4096,128,16384,4002.7
512,8192,0,0,453.62
512,8192,1,16,460.712
512,8192,1,32,462.9
512,8192,1,64,465.343
512,8192,1,128,472.319
512,8192,1,256,471.562
512,8192,1,512,471.123
512,8192,1,1024,471.573
512,8192,1,2048,472.766
512,8192,1,4096,476.596
512,8192,1,8192,488.5
512,8192,1,16384,505.449
512,8192,2,16,460.319
512,8192,2,32,462.836
512,8192,2,64,464.906
512,8192,2,128,471.167
512,8192,2,256,471.05
512,8192,2,512,470.59
512,8192,2,1024,472.917
512,8192,2,2048,476.489
512,8192,2,4096,486.826
512,8192,2,8192,505.246
512,8192,2,16384,533.236
512,8192,4,16,460.393
512,8192,4,32,463.561
512,8192,4,64,466.175
512,8192,4,128,470.57
512,8192,4,256,471.049
512,8192,4,512,472.18
512,8192,4,1024,474.612
512,8192,4,2048,485.267
512,8192,4,4096,503.241
512,8192,4,8192,531.967
512,8192,4,16384,590.026
512,8192,8,16,460.426
512,8192,8,32,462.634
512,8192,8,64,465.322
512,8192,8,128,471.444
512,8192,8,256,472.34
512,8192,8,512,477.321
512,8192,8,1024,485.737
512,8192,8,2048,502.687
512,8192,8,4096,531.486
512,8192,8,8192,589.62
512,8192,8,16384,698.121
512,8192,16,16,459.701
512,8192,16,32,463.028
512,8192,16,64,465.449
512,8192,16,128,472.746
512,8192,16,256,478.282
512,8192,16,512,486.762
512,8192,16,1024,503.989
512,8192,16,2048,534.452
512,8192,16,4096,592.553
512,8192,16,8192,709.194
512,8192,16,16384,941.374
512,8192,32,16,461.448
512,8192,32,32,464.832
512,8192,32,64,468.746
512,8192,32,128,479.305
512,8192,32,256,489.235
512,8192,32,512,506.015
512,8192,32,1024,535.102
512,8192,32,2048,593.235
512,8192,32,4096,710.719
512,8192,32,8192,937.79
512,8192,32,16384,1396.1
512,8192,64,16,464.959
512,8192,64,32,468.927
512,8192,64,64,474.484
512,8192,64,128,484.126
512,8192,64,256,501.418
512,8192,64,512,529.864
512,8192,64,1024,589.715
512,8192,64,2048,706.387
512,8192,64,4096,937.053
512,8192,64,8192,1392.65
512,8192,64,16384,2309.07
512,8192,128,16,469.812
512,8192,128,32,481.544
512,8192,128,64,491.21
512,8192,128,128,508.329
512,8192,128,256,539.7
512,8192,128,512,597.15
512,8192,128,1024,716.51
512,8192,128,2048,947.859
512,8192,128,4096,1411.57
512,8192,128,8192,2340.6
512,8192,128,16384,4202.59
512,16384,0,0,818.739
512,16384,1,16,827.039
512,16384,1,32,828.499
512,16384,1,64,832.19
512,16384,1,128,838.035
512,16384,1,256,837.863
512,16384,1,512,837.651
512,16384,1,1024,838.867
512,16384,1,2048,838.942
512,16384,1,4096,843.059
512,16384,1,8192,855.71
512,16384,1,16384,871.839
512,16384,2,16,827.218
512,16384,2,32,829.171
512,16384,2,64,831.87
512,16384,2,128,837.427
512,16384,2,256,836.947
512,16384,2,512,837.353
512,16384,2,1024,839.261
512,16384,2,2048,842.568
512,16384,2,4096,853.416
512,16384,2,8192,870.419
512,16384,2,16384,897.565
512,16384,4,16,826.227
512,16384,4,32,828.307
512,16384,4,64,830.835
512,16384,4,128,835.891
512,16384,4,256,836.723
512,16384,4,512,839.23
512,16384,4,1024,841.119
512,16384,4,2048,851.902
512,16384,4,4096,869.875
512,16384,4,8192,898.579
512,16384,4,16384,955.539
512,16384,8,16,826.398
512,16384,8,32,829.341
512,16384,8,64,830.974
512,16384,8,128,837.327
512,16384,8,256,838.781
512,16384,8,512,843.133
512,16384,8,1024,851.464
512,16384,8,2048,867.88
512,16384,8,4096,896.167
512,16384,8,8192,953.992
512,16384,8,16384,1063.97
512,16384,16,16,826.258
512,16384,16,32,828.756
512,16384,16,64,831.923
512,16384,16,128,839.027
512,16384,16,256,844.212
512,16384,16,512,851.464
512,16384,16,1024,870.43
512,16384,16,2048,899.188
512,16384,16,4096,957.598
512,16384,16,8192,1077.84
512,16384,16,16384,1306.16
512,16384,32,16,828.041
512,16384,32,32,830.633
512,16384,32,64,834.898
512,16384,32,128,846.483
512,16384,32,256,854.036
512,16384,32,512,870.665
512,16384,32,1024,900.488
512,16384,32,2048,960.872
512,16384,32,4096,1078.15
512,16384,32,8192,1305.16
512,16384,32,16384,1764.02
512,16384,64,16,830.312
512,16384,64,32,835.123
512,16384,64,64,841.138
512,16384,64,128,850.804
512,16384,64,256,866.537
512,16384,64,512,896.306
512,16384,64,1024,956.115
512,16384,64,2048,1074.52
512,16384,64,4096,1305.71
512,16384,64,8192,1760.45
512,16384,64,16384,2666.78
512,16384,128,16,837.705
512,16384,128,32,847.123
512,16384,128,64,857.502
512,16384,128,128,873.491
512,16384,128,256,904.915
512,16384,128,512,964.157
512,16384,128,1024,1082.16
512,16384,128,2048,1314.75
512,16384,128,4096,1779.02
512,16384,128,8192,2699.03
512,16384,128,16384,4559.49
1024,0,0,0,166.976
1024,0,1,16,173.504
1024,0,1,32,176.031
1024,0,1,64,178.027
1024,0,1,128,182.986
1024,0,1,256,183.691
1024,0,1,512,184.469
1024,0,1,1024,184.383
1024,0,1,2048,186.901
1024,0,1,4096,189.044
1024,0,1,8192,200.747
1024,0,1,16384,218.783
1024,0,2,16,174.271
1024,0,2,32,175.978
1024,0,2,64,179.199
1024,0,2,128,185.023
1024,0,2,256,184.394
1024,0,2,512,184.554
1024,0,2,1024,187.253
1024,0,2,2048,188.895
1024,0,2,4096,199.36
1024,0,2,8192,217.279
1024,0,2,16384,246.879
1024,0,4,16,174.282
1024,0,4,32,175.978
1024,0,4,64,178.208
1024,0,4,128,184.021
1024,0,4,256,185.418
1024,0,4,512,186.122
1024,0,4,1024,188.436
1024,0,4,2048,199.232
1024,0,4,4096,216.959
1024,0,4,8192,245.173
1024,0,4,16384,302.623
1024,0,8,16,173.877
1024,0,8,32,175.999
1024,0,8,64,178.686
1024,0,8,128,184.842
1024,0,8,256,185.844
1024,0,8,512,191.04
1024,0,8,1024,198.335
1024,0,8,2048,216.522
1024,0,8,4096,245.514
1024,0,8,8192,302.751
1024,0,8,16384,411.892
1024,0,16,16,174.336
1024,0,16,32,176.384
1024,0,16,64,179.659
1024,0,16,128,185.663
1024,0,16,256,191.647
1024,0,16,512,200.212
1024,0,16,1024,217.717
1024,0,16,2048,246.89
1024,0,16,4096,305.578
1024,0,16,8192,422.836
1024,0,16,16384,658.697
1024,0,32,16,174.549
1024,0,32,32,177.93
1024,0,32,64,180.831
1024,0,32,128,193.173
1024,0,32,256,201.931
1024,0,32,512,217.919
1024,0,32,1024,247.541
1024,0,32,2048,306.953
1024,0,32,4096,427.593
1024,0,32,8192,652.904
1024,0,32,16384,1115.31
1024,0,64,16,178.677
1024,0,64,32,183.85
1024,0,64,64,189.354
1024,0,64,128,199.562
1024,0,64,256,214.933
1024,0,64,512,244.052
1024,0,64,1024,304.927
1024,0,64,2048,420.831
1024,0,64,4096,652.745
1024,0,64,8192,1105.39
1024,0,64,16384,2029.63
1024,0,128,16,185.6
1024,0,128,32,196.297
1024,0,128,64,204.585
1024,0,128,128,222.612
1024,0,128,256,252.394
1024,0,128,512,311.721
1024,0,128,1024,428.233
1024,0,128,2048,661.043
1024,0,128,4096,1120.32
1024,0,128,8192,2057.36
1024,0,128,16384,3915.41
1024,16,0,0,171.999
1024,16,1,16,179.626
1024,16,1,32,180.948
1024,16,1,64,183.914
1024,16,1,128,188.693
1024,16,1,256,189.375
1024,16,1,512,189.365
1024,16,1,1024,190.25
1024,16,1,2048,191.69
1024,16,1,4096,194.165
1024,16,1,8192,206.975
1024,16,1,16384,224.213
1024,16,2,16,179.348
1024,16,2,32,181.493
1024,16,2,64,183.626
1024,16,2,128,190.111
1024,16,2,256,190.698
1024,16,2,512,190.068
1024,16,2,1024,192.309
1024,16,2,2048,194.997
1024,16,2,4096,205.429
1024,16,2,8192,222.229
1024,16,2,16384,251.893
1024,16,4,16,179.658
1024,16,4,32,180.937
1024,16,4,64,183.402
1024,16,4,128,190.154
1024,16,4,256,190.197
1024,16,4,512,191.092
1024,16,4,1024,194.741
1024,16,4,2048,204.575
1024,16,4,4096,220.832
1024,16,4,8192,250.58
1024,16,4,16384,307.86
1024,16,8,16,179.381
1024,16,8,32,181.237
1024,16,8,64,184.33
1024,16,8,128,190.004
1024,16,8,256,191.605
1024,16,8,512,196.224
1024,16,8,1024,204.48
1024,16,8,2048,221.311
1024,16,8,4096,250.112
1024,16,8,8192,306.837
1024,16,8,16384,421.951
1024,16,16,16,179.22
1024,16,16,32,181.578
1024,16,16,64,185.407
1024,16,16,128,192.724
1024,16,16,256,196.703
1024,16,16,512,206.602
1024,16,16,1024,223.018
1024,16,16,2048,253.184
1024,16,16,4096,311.348
1024,16,16,8192,427.038
1024,16,16,16384,659.081
1024,16,32,16,179.807
1024,16,32,32,183.178
1024,16,32,64,185.567
1024,16,32,128,198.901
1024,16,32,256,207.092
1024,16,32,512,223.647
1024,16,32,1024,252.404
1024,16,32,2048,311.733
1024,16,32,4096,428.874
1024,16,32,8192,660.211
1024,16,32,16384,1115.86
1024,16,64,16,184.747
1024,16,64,32,189.578
1024,16,64,64,194.26
1024,16,64,128,205.055
1024,16,64,256,220.531
1024,16,64,512,250.08
1024,16,64,1024,308.426
1024,16,64,2048,425.748
1024,16,64,4096,660.393
1024,16,64,8192,1108.55
1024,16,64,16384,2020.36
1024,16,128,16,192.138
1024,16,128,32,200.864
1024,16,128,64,210.794
1024,16,128,128,227.199
1024,16,128,256,257.845
1024,16,128,512,317.193
1024,16,128,1024,432.66
1024,16,128,2048,667.934
1024,16,128,4096,1126.45
1024,16,128,8192,2058.23
1024,16,128,16384,3913.54
1024,32,0,0,174.015
1024,32,1,16,181.077
1024,32,1,32,183.38
1024,32,1,64,185.728
1024,32,1,128,190.932
1024,32,1,256,191.828
1024,32,1,512,191.584
1024,32,1,1024,191.871
1024,32,1,2048,193.525
1024,32,1,4096,196.331
1024,32,1,8192,207.637
1024,32,1,16384,225.706
1024,32,2,16,180.096
1024,32,2,32,182.517
1024,32,2,64,185.428
1024,32,2,128,191.765
1024,32,2,256,191.072
1024,32,2,512,191.786
1024,32,2,1024,193.419
1024,32,2,2048,196.405
1024,32,2,4096,207.487
1024,32,2,8192,223.797
1024,32,2,16384,252.202
1024,32,4,16,180.085
1024,32,4,32,183.178
1024,32,4,64,185.641
1024,32,4,128,191.903
1024,32,4,256,191.712
1024,32,4,512,193.6
1024,32,4,1024,195.7
1024,32,4,2048,205.791
1024,32,4,4096,222.453
1024,32,4,8192,253.002
1024,32,4,16384,309.395
1024,32,8,16,180.309
1024,32,8,32,182.89
1024,32,8,64,185.973
1024,32,8,128,192.578
1024,32,8,256,193.929
1024,32,8,512,197.173
1024,32,8,1024,206.485
1024,32,8,2048,222.943
1024,32,8,4096,252.853
1024,32,8,8192,309.119
1024,32,8,16384,422.196
1024,32,16,16,180.778
1024,32,16,32,184.234
1024,32,16,64,186.997
1024,32,16,128,194.58
1024,32,16,256,198.89
1024,32,16,512,208.361
1024,32,16,1024,224.48
1024,32,16,2048,254.388
1024,32,16,4096,314.1
1024,32,16,8192,431.443
1024,32,16,16384,663.145
1024,32,32,16,181.823
1024,32,32,32,185.684
1024,32,32,64,188.117
1024,32,32,128,200.575
1024,32,32,256,208.469
1024,32,32,512,225.866
1024,32,32,1024,257.023
1024,32,32,2048,312.821
1024,32,32,4096,429.46
1024,32,32,8192,659.614
1024,32,32,16384,1116.83
1024,32,64,16,186.464
1024,32,64,32,191.317
1024,32,64,64,196.148
1024,32,64,128,206.741
1024,32,64,256,222.185
1024,32,64,512,251.103
1024,32,64,1024,311.412
1024,32,64,2048,430.516
1024,32,64,4096,657.438
1024,32,64,8192,1113.72
1024,32,64,16384,2031.27
1024,32,128,16,193.855
1024,32,128,32,203.413
1024,32,128,64,212.608
1024,32,128,128,230.08
1024,32,128,256,259.669
1024,32,128,512,319.999
1024,32,128,1024,435.38
1024,32,128,2048,670.131
1024,32,128,4096,1131.23
1024,32,128,8192,2059.16
1024,32,128,16384,3923.03
1024,64,0,0,176.096
1024,64,1,16,184.181
1024,64,1,32,184.479
1024,64,1,64,187.38
1024,64,1,128,193.545
1024,64,1,256,194.708
1024,64,1,512,194.079
1024,64,1,1024,194.622
1024,64,1,2048,195.892
1024,64,1,4096,199.125
1024,64,1,8192,210.517
1024,64,1,16384,227.275
1024,64,2,16,182.678
1024,64,2,32,185.599
1024,64,2,64,187.498
1024,64,2,128,193.098
1024,64,2,256,193.515
1024,64,2,512,194.249
1024,64,2,1024,195.797
1024,64,2,2048,198.389
1024,64,2,4096,208.244
1024,64,2,8192,225.675
1024,64,2,16384,255.328
1024,64,4,16,182.485
1024,64,4,32,184.96
1024,64,4,64,187.786
1024,64,4,128,194.09
1024,64,4,256,194.207
1024,64,4,512,195.093
1024,64,4,1024,198.239
1024,64,4,2048,209.237
1024,64,4,4096,226.496
1024,64,4,8192,255.113
1024,64,4,16384,313.14
1024,64,8,16,183.264
1024,64,8,32,184.8
1024,64,8,64,187.989
1024,64,8,128,194.89
1024,64,8,256,195.273
1024,64,8,512,200.267
1024,64,8,1024,209.226
1024,64,8,2048,225.759
1024,64,8,4096,254.336
1024,64,8,8192,311.722
1024,64,8,16384,422.58
1024,64,16,16,184.256
1024,64,16,32,185.941
1024,64,16,64,188.33
1024,64,16,128,196.916
1024,64,16,256,201.247
1024,64,16,512,210.569
1024,64,16,1024,226.912
1024,64,16,2048,256.938
1024,64,16,4096,320.245
1024,64,16,8192,432.063
1024,64,16,16384,662.409
1024,64,32,16,184.362
1024,64,32,32,187.424
1024,64,32,64,190.741
1024,64,32,128,202.922
1024,64,32,256,212.437
1024,64,32,512,228.319
1024,64,32,1024,259.359
1024,64,32,2048,317.14
1024,64,32,4096,435.455
1024,64,32,8192,664.669
1024,64,32,16384,1121.53
1024,64,64,16,187.903
1024,64,64,32,193.237
1024,64,64,64,198.592
1024,64,64,128,208.628
1024,64,64,256,225.205
1024,64,64,512,255.178
1024,64,64,1024,312.916
1024,64,64,2048,429.94
1024,64,64,4096,662.461
1024,64,64,8192,1115.56
1024,64,64,16384,2033.48
1024,64,128,16,196.063
1024,64,128,32,205.845
1024,64,128,64,215.711
1024,64,128,128,232.085
1024,64,128,256,261.695
1024,64,128,512,321.237
1024,64,128,1024,438.046
1024,64,128,2048,673.716
1024,64,128,4096,1130.09
1024,64,128,8192,2068.69
1024,64,128,16384,3914.04
1024,128,0,0,179.306
1024,128,1,16,186.026
1024,128,1,32,188.084
1024,128,1,64,190.688
1024,128,1,128,196.394
1024,128,1,256,196.864
1024,128,1,512,196.34
1024,128,1,1024,197.023
1024,128,1,2048,198.485
1024,128,1,4096,201.706
1024,128,1,8192,212.693
1024,128,1,16384,230.666
1024,128,2,16,185.525
1024,128,2,32,187.551
1024,128,2,64,190.261
1024,128,2,128,196.885
1024,128,2,256,196.714
1024,128,2,512,197.428
1024,128,2,1024,199.296
1024,128,2,2048,201.237
1024,128,2,4096,211.679
1024,128,2,8192,229.504
1024,128,2,16384,259.337
1024,128,4,16,185.877
1024,128,4,32,187.444
1024,128,4,64,190.677
1024,128,4,128,195.86
1024,128,4,256,196.639
1024,128,4,512,198.25
1024,128,4,1024,200.767
1024,128,4,2048,210.965
1024,128,4,4096,227.348
1024,128,4,8192,257.803
1024,128,4,16384,313.845
1024,128,8,16,185.664
1024,128,8,32,188.319
1024,128,8,64,190.687
1024,128,8,128,197.588
1024,128,8,256,198.485
1024,128,8,512,203.103
1024,128,8,1024,212.042
1024,128,8,2048,228.085
1024,128,8,4096,257.439
1024,128,8,8192,314.186
1024,128,8,16384,425.62
1024,128,16,16,185.556
1024,128,16,32,188.213
1024,128,16,64,191.36
1024,128,16,128,199.039
1024,128,16,256,203.456
1024,128,16,512,213.024
1024,128,16,1024,230.624
1024,128,16,2048,259.915
1024,128,16,4096,317.695
1024,128,16,8192,436.628
1024,128,16,16384,663.688
1024,128,32,16,187.498
1024,128,32,32,190.271
1024,128,32,64,193.151
1024,128,32,128,205.3
1024,128,32,256,215.668
1024,128,32,512,230.826
1024,128,32,1024,260.233
1024,128,32,2048,318.516
1024,128,32,4096,438.527
1024,128,32,8192,667.977
1024,128,32,16384,1119.28
1024,128,64,16,191.52
1024,128,64,32,196.383
1024,128,64,64,201.312
1024,128,64,128,211.231
1024,128,64,256,226.421
1024,128,64,512,257.353
1024,128,64,1024,318.025
1024,128,64,2048,431.54
1024,128,64,4096,665.939
1024,128,64,8192,1121.74
1024,128,64,16384,2029.04
1024,128,128,16,198.324
1024,128,128,32,208.725
1024,128,128,64,217.931
1024,128,128,128,234.741
1024,128,128,256,264.511
1024,128,128,512,324.159
1024,128,128,1024,442.655
1024,128,128,2048,671.625
1024,128,128,4096,1138.32
1024,128,128,8192,2062.07
1024,128,128,16384,3921.96
1024,256,0,0,195.488
1024,256,1,16,202.911
1024,256,1,32,203.85
1024,256,1,64,207.007
1024,256,1,128,212.596
1024,256,1,256,212.841
1024,256,1,512,212.927
1024,256,1,1024,213.888
1024,256,1,2048,214.474
1024,256,1,4096,218.378
1024,256,1,8192,230.123
1024,256,1,16384,247.637
1024,256,2,16,201.6
1024,256,2,32,204.671
1024,256,2,64,206.933
1024,256,2,128,212.927
1024,256,2,256,213.664
1024,256,2,512,213.311
1024,256,2,1024,215.775
1024,256,2,2048,217.044
1024,256,2,4096,228.734
1024,256,2,8192,246.783
1024,256,2,16384,273.492
1024,256,4,16,201.663
1024,256,4,32,204.586
1024,256,4,64,207.349
1024,256,4,128,213.748
1024,256,4,256,212.991
1024,256,4,512,214.772
1024,256,4,1024,218.357
1024,256,4,2048,227.573
1024,256,4,4096,245.258
1024,256,4,8192,274.335
1024,256,4,16384,332.212
1024,256,8,16,201.258
1024,256,8,32,204.404
1024,256,8,64,206.999
1024,256,8,128,212.917
1024,256,8,256,214.495
1024,256,8,512,219.296
1024,256,8,1024,227.22
1024,256,8,2048,244.159
1024,256,8,4096,273.557
1024,256,8,8192,331.637
1024,256,8,16384,442.58
1024,256,16,16,203.146
1024,256,16,32,204.81
1024,256,16,64,207.829
1024,256,16,128,215.136
1024,256,16,256,221.141
1024,256,16,512,228.704
1024,256,16,1024,246.079
1024,256,16,2048,277.504
1024,256,16,4096,337.897
1024,256,16,8192,454.335
1024,256,16,16384,688.808
1024,256,32,16,202.954
1024,256,32,32,206.889
1024,256,32,64,210.035
1024,256,32,128,222.357
1024,256,32,256,230.773
1024,256,32,512,247.519
1024,256,32,1024,277.013
1024,256,32,2048,336.809
1024,256,32,4096,455.145
1024,256,32,8192,688.286
1024,256,32,16384,1136.42
1024,256,64,16,207.423
1024,256,64,32,212.788
1024,256,64,64,218.079
1024,256,64,128,228.788
1024,256,64,256,244.191
1024,256,64,512,274.122
1024,256,64,1024,331.721
1024,256,64,2048,449.449
1024,256,64,4096,684.297
1024,256,64,8192,1135.5
1024,256,64,16384,2047.06
1024,256,128,16,216.148
1024,256,128,32,225.29
1024,256,128,64,234.175
1024,256,128,128,250.89
1024,256,128,256,280.564
1024,256,128,512,340.447
1024,256,128,1024,459.349
1024,256,128,2048,689.854
1024,256,128,4096,1155.21
1024,256,128,8192,2084.69
1024,256,128,16384,3936.85
1024,512,0,0,225.93
1024,512,1,16,232.895
1024,512,1,32,234.292
1024,512,1,64,237.065
1024,512,1,128,243.124
1024,512,1,256,242.719
1024,512,1,512,243.785
1024,512,1,1024,244.82
1024,512,1,2048,244.81
1024,512,1,4096,248.895
1024,512,1,8192,259.913
1024,512,1,16384,277.877
1024,512,2,16,232.277
1024,512,2,32,234.475
1024,512,2,64,237.097
1024,512,2,128,243.284
1024,512,2,256,243.807
1024,512,2,512,243.338
1024,512,2,1024,245.972
1024,512,2,2048,247.935
1024,512,2,4096,258.537
1024,512,2,8192,276.554
1024,512,2,16384,306.153
1024,512,4,16,232.522
1024,512,4,32,234.601
1024,512,4,64,237.355
1024,512,4,128,243.124
1024,512,4,256,244.521
1024,512,4,512,245.109
1024,512,4,1024,248.478
1024,512,4,2048,257.898
1024,512,4,4096,275.284
1024,512,4,8192,304.382
1024,512,4,16384,360.682
1024,512,8,16,232.693
1024,512,8,32,234.41
1024,512,8,64,237.194
1024,512,8,128,244.149
1024,512,8,256,245.257
1024,512,8,512,250.644
1024,512,8,1024,257.717
1024,512,8,2048,274.996
1024,512,8,4096,304.906
1024,512,8,8192,362.441
1024,512,8,16384,471.187
1024,512,16,16,232.373
1024,512,16,32,235.103
1024,512,16,64,238.41
1024,512,16,128,246.282
1024,512,16,256,251.166
1024,512,16,512,259.348
1024,512,16,1024,275.86
1024,512,16,2048,305.428
1024,512,16,4096,364.724
1024,512,16,8192,480.404
1024,512,16,16384,715.432
1024,512,32,16,233.941
1024,512,32,32,236.874
1024,512,32,64,239.797
1024,512,32,128,251.572
1024,512,32,256,261.055
1024,512,32,512,277.983
1024,512,32,1024,306.89
1024,512,32,2048,366.986
1024,512,32,4096,483.198
1024,512,32,8192,714.835
1024,512,32,16384,1168.57
1024,512,64,16,238.165
1024,512,64,32,243.168
1024,512,64,64,247.625
1024,512,64,128,258.452
1024,512,64,256,274.41
1024,512,64,512,302.794
1024,512,64,1024,364.372
1024,512,64,2048,479.902
1024,512,64,4096,710.696
1024,512,64,8192,1166.44
1024,512,64,16384,2079.78
1024,512,128,16,244.853
1024,512,128,32,254.207
1024,512,128,64,264.565
1024,512,128,128,280.457
1024,512,128,256,311.732
1024,512,128,512,370.697
1024,512,128,1024,487.882
1024,512,128,2048,719.293
1024,512,128,4096,1184.44
1024,512,128,8192,2118.45
1024,512,128,16384,3963.6
1024,1024,0,0,278.015
1024,1024,1,16,284.714
1024,1024,1,32,287.668
1024,1024,1,64,289.684
1024,1024,1,128,294.409
1024,1024,1,256,295.956
1024,1024,1,512,296.244
1024,1024,1,1024,296.799
1024,1024,1,2048,298.867
1024,1024,1,4096,300.927
1024,1024,1,8192,313.428
1024,1024,1,16384,330.42
1024,1024,2,16,284.383
1024,1024,2,32,287.807
1024,1024,2,64,288.703
1024,1024,2,128,295.295
1024,1024,2,256,295.7
1024,1024,2,512,296.17
1024,1024,2,1024,297.631
1024,1024,2,2048,299.998
1024,1024,2,4096,310.997
1024,1024,2,8192,327.828
1024,1024,2,16384,356.596
1024,1024,4,16,285.525
1024,1024,4,32,286.953
1024,1024,4,64,288.458
1024,1024,4,128,294.996
1024,1024,4,256,295.935
1024,1024,4,512,296.874
1024,1024,4,1024,299.188
1024,1024,4,2048,310.345
1024,1024,4,4096,327.754
1024,1024,4,8192,356.233
1024,1024,4,16384,414.986
1024,1024,8,16,284.127
1024,1024,8,32,287.647
1024,1024,8,64,288.693
1024,1024,8,128,295.818
1024,1024,8,256,297.066
1024,1024,8,512,303.231
1024,1024,8,1024,310.239
1024,1024,8,2048,327.625
1024,1024,8,4096,356.351
1024,1024,8,8192,413.897
1024,1024,8,16384,523.689
1024,1024,16,16,285.055
1024,1024,16,32,287.274
1024,1024,16,64,290.218
1024,1024,16,128,298.016
1024,1024,16,256,302.58
1024,1024,16,512,312.116
1024,1024,16,1024,329.203
1024,1024,16,2048,358.772
1024,1024,16,4096,416.542
1024,1024,16,8192,536.169
1024,1024,16,16384,764.627
1024,1024,32,16,285.749
1024,1024,32,32,288.085
1024,1024,32,64,291.775
1024,1024,32,128,303.882
1024,1024,32,256,312.255
1024,1024,32,512,328.948
1024,1024,32,1024,361.652
1024,1024,32,2048,417.534
1024,1024,32,4096,534.367
1024,1024,32,8192,766.44
1024,1024,32,16384,1222.09
1024,1024,64,16,289.652
1024,1024,64,32,294.74
1024,1024,64,64,300.895
1024,1024,64,128,309.867
1024,1024,64,256,326.185
1024,1024,64,512,355.273
1024,1024,64,1024,415.039
1024,1024,64,2048,532.841
1024,1024,64,4096,765.49
1024,1024,64,8192,1219.75
1024,1024,64,16384,2134.49
1024,1024,128,16,296.767
1024,1024,128,32,307.05
1024,1024,128,64,316.927
1024,1024,128,128,331.69
1024,1024,128,256,363.797
1024,1024,128,512,421.407
1024,1024,128,1024,538.59
1024,1024,128,2048,773.384
1024,1024,128,4096,1232.35
1024,1024,128,8192,2166.48
1024,1024,128,16384,4024.87
1024,2048,0,0,370.814
1024,2048,1,16,375.956
1024,2048,1,32,377.578
1024,2048,1,64,381.406
1024,2048,1,128,387.092
1024,2048,1,256,387.348
1024,2048,1,512,388.298
1024,2048,1,1024,388.18
1024,2048,1,2048,389.876
1024,2048,1,4096,392.585
1024,2048,1,8192,405.108
1024,2048,1,16384,421.909
1024,2048,2,16,376.02
1024,2048,2,32,378.452
1024,2048,2,64,380.852
1024,2048,2,128,386.803
1024,2048,2,256,387.785
1024,2048,2,512,386.698
1024,2048,2,1024,389.439
1024,2048,2,2048,391.945
1024,2048,2,4096,401.876
1024,2048,2,8192,420.052
1024,2048,2,16384,448.35
1024,2048,4,16,376.393
1024,2048,4,32,378.079
1024,2048,4,64,381.652
1024,2048,4,128,388.255
1024,2048,4,256,387.07
1024,2048,4,512,388.553
1024,2048,4,1024,391.743
1024,2048,4,2048,401.663
1024,2048,4,4096,419.359
1024,2048,4,8192,448.819
1024,2048,4,16384,504.254
1024,2048,8,16,377.171
1024,2048,8,32,378.633
1024,2048,8,64,381.236
1024,2048,8,128,389.236
1024,2048,8,256,389.928
1024,2048,8,512,392.543
1024,2048,8,1024,402.175
1024,2048,8,2048,417.971
1024,2048,8,4096,448.361
1024,2048,8,8192,506.644
1024,2048,8,16384,616.104
1024,2048,16,16,376.297
1024,2048,16,32,380.148
1024,2048,16,64,382.442
1024,2048,16,128,390.303
1024,2048,16,256,396.287
1024,2048,16,512,404.446
1024,2048,16,1024,421.055
1024,2048,16,2048,451.945
1024,2048,16,4096,511.412
1024,2048,16,8192,624.839
1024,2048,16,16384,858.728
1024,2048,32,16,378.431
1024,2048,32,32,380.746
1024,2048,32,64,385.054
1024,2048,32,128,396.82
1024,2048,32,256,405.225
1024,2048,32,512,422.537
1024,2048,32,1024,452.531
1024,2048,32,2048,509.716
1024,2048,32,4096,625.47
1024,2048,32,8192,857.107
1024,2048,32,16384,1313.57
1024,2048,64,16,382.548
1024,2048,64,32,386.569
1024,2048,64,64,392.212
1024,2048,64,128,402.484
1024,2048,64,256,418.185
1024,2048,64,512,448.202
1024,2048,64,1024,506.568
1024,2048,64,2048,625.982
1024,2048,64,4096,853.181
1024,2048,64,8192,1313.23
1024,2048,64,16384,2227.45
1024,2048,128,16,388.798
1024,2048,128,32,399.05
1024,2048,128,64,409.834
1024,2048,128,128,425.098
1024,2048,128,256,455.988
1024,2048,128,512,516.159
1024,2048,128,1024,630.163
1024,2048,128,2048,865.224
1024,2048,128,4096,1326.96
1024,2048,128,8192,2254.5
1024,2048,128,16384,4107.28
1024,4096,0,0,554.376
1024,4096,1,16,561.448
1024,4096,1,32,563.049
1024,4096,1,64,567.005
1024,4096,1,128,572.147
1024,4096,1,256,573.512
1024,4096,1,512,572.669
1024,4096,1,1024,573.534
1024,4096,1,2048,576.489
1024,4096,1,4096,578.698
1024,4096,1,8192,590.326
1024,4096,1,16384,607.293
1024,4096,2,16,561.384
1024,4096,2,32,564.254
1024,4096,2,64,565.449
1024,4096,2,128,571.934
1024,4096,2,256,572.084
1024,4096,2,512,573.001
1024,4096,2,1024,574.42
1024,4096,2,2048,574.622
1024,4096,2,4096,587.315
1024,4096,2,8192,604.488
1024,4096,2,16384,634.654
1024,4096,4,16,561.278
1024,4096,4,32,563.156
1024,4096,4,64,565.491
1024,4096,4,128,572.819
1024,4096,4,256,572.286
1024,4096,4,512,573.352
1024,4096,4,1024,575.507
1024,4096,4,2048,587.358
1024,4096,4,4096,603.699
1024,4096,4,8192,632.467
1024,4096,4,16384,691.261
1024,4096,8,16,561.971
1024,4096,8,32,563.752
1024,4096,8,64,565.022
1024,4096,8,128,573.619
1024,4096,8,256,574.334
1024,4096,8,512,577.907
1024,4096,8,1024,586.259
1024,4096,8,2048,602.664
1024,4096,8,4096,632.361
1024,4096,8,8192,689.832
1024,4096,8,16384,798.674
1024,4096,16,16,560.67
1024,4096,16,32,562.025
1024,4096,16,64,566.942
1024,4096,16,128,574.569
1024,4096,16,256,579.795
1024,4096,16,512,588.338
1024,4096,16,1024,604.467
1024,4096,16,2048,636.125
1024,4096,16,4096,693.993
1024,4096,16,8192,811.442
1024,4096,16,16384,1041.91
1024,4096,32,16,561.022
1024,4096,32,32,565.821
1024,4096,32,64,568.264
1024,4096,32,128,580.115
1024,4096,32,256,588.84
1024,4096,32,512,604.499
1024,4096,32,1024,636.52
1024,4096,32,2048,696.561
1024,4096,32,4096,809.502
1024,4096,32,8192,1040.39
1024,4096,32,16384,1497.66
1024,4096,64,16,565.939
1024,4096,64,32,570.536
1024,4096,64,64,575.977
1024,4096,64,128,586.75
1024,4096,64,256,602.035
1024,4096,64,512,631.453
1024,4096,64,1024,691.901
1024,4096,64,2048,809.181
1024,4096,64,4096,1038.19
1024,4096,64,8192,1495.32
1024,4096,64,16384,2409.72
1024,4096,128,16,572.819
1024,4096,128,32,582.718
1024,4096,128,64,593.022
1024,4096,128,128,609.917
1024,4096,128,256,639.88
1024,4096,128,512,698.952
1024,4096,128,1024,816.797
1024,4096,128,2048,1049.84
1024,4096,128,4096,1513.72
1024,4096,128,8192,2441.19
1024,4096,128,16384,4300.08
1024,8192,0,0,919.995
1024,8192,1,16,928.262
1024,8192,1,32,927.997
1024,8192,1,64,931.878
1024,8192,1,128,937.905
1024,8192,1,256,938.374
1024,8192,1,512,937.948
1024,8192,1,1024,939.495
1024,8192,1,2048,940.432
1024,8192,1,4096,943.495
1024,8192,1,8192,956.402
1024,8192,1,16384,973.831
1024,8192,2,16,925.586
1024,8192,2,32,928.776
1024,8192,2,64,930.704
1024,8192,2,128,937.554
1024,8192,2,256,938.813
1024,8192,2,512,938.599
1024,8192,2,1024,941.085
1024,8192,2,2048,941.383
1024,8192,2,4096,953.98
1024,8192,2,8192,971.879
1024,8192,2,16384,999.602
1024,8192,4,16,926.226
1024,8192,4,32,927.453
1024,8192,4,64,930.749
1024,8192,4,128,935.76
1024,8192,4,256,935.772
1024,8192,4,512,938.716
1024,8192,4,1024,941.702
1024,8192,4,2048,949.574
1024,8192,4,4096,968.68
1024,8192,4,8192,998.844
1024,8192,4,16384,1054.64
1024,8192,8,16,926.172
1024,8192,8,32,928.168
1024,8192,8,64,930.385
1024,8192,8,128,937.777
1024,8192,8,256,936.242
1024,8192,8,512,941.99
1024,8192,8,1024,951.771
1024,8192,8,2048,968.306
1024,8192,8,4096,998.342
1024,8192,8,8192,1054.9
1024,8192,8,16384,1165.37
1024,8192,16,16,925.01
1024,8192,16,32,928.189
1024,8192,16,64,931.368
1024,8192,16,128,938.642
1024,8192,16,256,942.834
1024,8192,16,512,952.797
1024,8192,16,1024,969.523
1024,8192,16,2048,998.908
1024,8192,16,4096,1058
1024,8192,16,8192,1175.62
1024,8192,16,16384,1406
1024,8192,32,16,926.173
1024,8192,32,32,930.525
1024,8192,32,64,932.776
1024,8192,32,128,946.887
1024,8192,32,256,953.96
1024,8192,32,512,970.973
1024,8192,32,1024,1000.59
1024,8192,32,2048,1060.05
1024,8192,32,4096,1178.11
1024,8192,32,8192,1404.61
1024,8192,32,16384,1867.14
1024,8192,64,16,930.365
1024,8192,64,32,935.015
1024,8192,64,64,941.142
1024,8192,64,128,950.172
1024,8192,64,256,966.962
1024,8192,64,512,996.668
1024,8192,64,1024,1055.87
1024,8192,64,2048,1171.54
1024,8192,64,4096,1406.59
1024,8192,64,8192,1862.31
1024,8192,64,16384,2776.69
1024,8192,128,16,937.255
1024,8192,128,32,948.123
1024,8192,128,64,958.3
1024,8192,128,128,974.172
1024,8192,128,256,1003.25
1024,8192,128,512,1063.46
1024,8192,128,1024,1184.26
1024,8192,128,2048,1409.04
1024,8192,128,4096,1872.71
1024,8192,128,8192,2801.95
1024,8192,128,16384,4653.84
1024,16384,0,0,1652.24
1024,16384,1,16,1664.23
1024,16384,1,32,1660.58
1024,16384,1,64,1666.69
1024,16384,1,128,1670.96
1024,16384,1,256,1672.01
1024,16384,1,512,1671.36
1024,16384,1,1024,1673.62
1024,16384,1,2048,1677.19
1024,16384,1,4096,1676.37
1024,16384,1,8192,1688.36
1024,16384,1,16384,1707.65
1024,16384,2,16,1657.45
1024,16384,2,32,1663.54
1024,16384,2,64,1665.4
1024,16384,2,128,1672.51
1024,16384,2,256,1672.9
1024,16384,2,512,1670.49
1024,16384,2,1024,1670.68
1024,16384,2,2048,1673.82
1024,16384,2,4096,1684.65
1024,16384,2,8192,1705.01
1024,16384,2,16384,1732.9
1024,16384,4,16,1656.31
1024,16384,4,32,1659.04
1024,16384,4,64,1662.1
1024,16384,4,128,1670.2
1024,16384,4,256,1670.35
1024,16384,4,512,1671.56
1024,16384,4,1024,1671.72
1024,16384,4,2048,1685.42
1024,16384,4,4096,1702.45
1024,16384,4,8192,1733.42
1024,16384,4,16384,1790.5
1024,16384,8,16,1659.06
1024,16384,8,32,1662.25
1024,16384,8,64,1665.02
1024,16384,8,128,1673.65
1024,16384,8,256,1675.23
1024,16384,8,512,1673.38
1024,16384,8,1024,1683.53
1024,16384,8,2048,1702.07
1024,16384,8,4096,1729.59
1024,16384,8,8192,1787.78
1024,16384,8,16384,1897.03
1024,16384,16,16,1662.5
1024,16384,16,32,1662.75
1024,16384,16,64,1663.75
1024,16384,16,128,1672.92
1024,16384,16,256,1676.62
1024,16384,16,512,1687.29
1024,16384,16,1024,1700.91
1024,16384,16,2048,1730.81
1024,16384,16,4096,1789.21
1024,16384,16,8192,1909
1024,16384,16,16384,2140.9
1024,16384,32,16,1659.82
1024,16384,32,32,1664.11
1024,16384,32,64,1667.55
1024,16384,32,128,1678.64
1024,16384,32,256,1686.92
1024,16384,32,512,1703.45
1024,16384,32,1024,1732.8
1024,16384,32,2048,1789.22
1024,16384,32,4096,1907.14
1024,16384,32,8192,2132.28
1024,16384,32,16384,2589.27
1024,16384,64,16,1664.64
1024,16384,64,32,1666.74
1024,16384,64,64,1674.01
1024,16384,64,128,1682.39
1024,16384,64,256,1701.06
1024,16384,64,512,1728.03
1024,16384,64,1024,1792.88
1024,16384,64,2048,1905.54
1024,16384,64,4096,2137.3
1024,16384,64,8192,2597.59
1024,16384,64,16384,3507.21
1024,16384,128,16,1669.93
1024,16384,128,32,1682.18
1024,16384,128,64,1691.29
1024,16384,128,128,1706.82
1024,16384,128,256,1738.01
1024,16384,128,512,1796.39
1024,16384,128,1024,1916.34
1024,16384,128,2048,2151.85
1024,16384,128,4096,2607.81
1024,16384,128,8192,3545.81
1024,16384,128,16384,5397.51
2048,0,0,0,317.651
2048,0,1,16,325.311
2048,0,1,32,327.38
2048,0,1,64,329.407
2048,0,1,128,335.86
2048,0,1,256,336.127
2048,0,1,512,336.435
2048,0,1,1024,337.012
2048,0,1,2048,338.893
2048,0,1,4096,341.396
2048,0,1,8192,353.194
2048,0,1,16384,371.454
2048,0,2,16,324.937
2048,0,2,32,327.103
2048,0,2,64,329.566
2048,0,2,128,336.831
2048,0,2,256,336.255
2048,0,2,512,336.436
2048,0,2,1024,339.113
2048,0,2,2048,340.884
2048,0,2,4096,351.071
2048,0,2,8192,369.183
2048,0,2,16384,398.718
2048,0,4,16,325.407
2048,0,4,32,328.053
2048,0,4,64,329.887
2048,0,4,128,336.542
2048,0,4,256,337.118
2048,0,4,512,337.95
2048,0,4,1024,339.816
2048,0,4,2048,351.369
2048,0,4,4096,368.596
2048,0,4,8192,398.804
2048,0,4,16384,456.713
2048,0,8,16,325.386
2048,0,8,32,328.532
2048,0,8,64,330.068
2048,0,8,128,336.394
2048,0,8,256,337.439
2048,0,8,512,343.134
2048,0,8,1024,350.42
2048,0,8,2048,367.828
2048,0,8,4096,397.769
2048,0,8,8192,455.39
2048,0,8,16384,563.454
2048,0,16,16,326.367
2048,0,16,32,327.828
2048,0,16,64,331.54
2048,0,16,128,339.23
2048,0,16,256,343.337
2048,0,16,512,352.906
2048,0,16,1024,369.919
2048,0,16,2048,400.233
2048,0,16,4096,459.465
2048,0,16,8192,576.446
2048,0,16,16384,804.946
2048,0,32,16,327.977
2048,0,32,32,329.439
2048,0,32,64,332.831
2048,0,32,128,345.182
2048,0,32,256,354.58
2048,0,32,512,369.95
2048,0,32,1024,400.938
2048,0,32,2048,458.324
2048,0,32,4096,577.065
2048,0,32,8192,813.213
2048,0,32,16384,1268.28
2048,0,64,16,329.93
2048,0,64,32,334.74
2048,0,64,64,340.554
2048,0,64,128,350.143
2048,0,64,256,366.121
2048,0,64,512,395.7
2048,0,64,1024,455.87
2048,0,64,2048,573.865
2048,0,64,4096,801.885
2048,0,64,8192,1259.84
2048,0,64,16384,2173.73
2048,0,128,16,338.229
2048,0,128,32,346.878
2048,0,128,64,357.3
2048,0,128,128,374.452
2048,0,128,256,404.49
2048,0,128,512,463.817
2048,0,128,1024,578.75
2048,0,128,2048,813.063
2048,0,128,4096,1277.96
2048,0,128,8192,2214.19
2048,0,128,16384,4053.77
2048,16,0,0,329.503
2048,16,1,16,336.256
2048,16,1,32,339.625
2048,16,1,64,341.119
2048,16,1,128,347.401
2048,16,1,256,347.742
2048,16,1,512,348.352
2048,16,1,1024,347.327
2048,16,1,2048,349.226
2048,16,1,4096,352.457
2048,16,1,8192,364.831
2048,16,1,16384,381.333
2048,16,2,16,337.022
2048,16,2,32,339.178
2048,16,2,64,340.404
2048,16,2,128,347.369
2048,16,2,256,347.807
2048,16,2,512,348.234
2048,16,2,1024,349.204
2048,16,2,2048,351.775
2048,16,2,4096,362.889
2048,16,2,8192,380.447
2048,16,2,16384,411.476
2048,16,4,16,336.575
2048,16,4,32,338.111
2048,16,4,64,341.994
2048,16,4,128,347.913
2048,16,4,256,347.657
2048,16,4,512,348.916
2048,16,4,1024,351.721
2048,16,4,2048,362.036
2048,16,4,4096,379.53
2048,16,4,8192,408.457
2048,16,4,16384,466.846
2048,16,8,16,337.268
2048,16,8,32,339.263
2048,16,8,64,341.652
2048,16,8,128,348.191
2048,16,8,256,349.514
2048,16,8,512,354.538
2048,16,8,1024,362.41
2048,16,8,2048,378.324
2048,16,8,4096,409.972
2048,16,8,8192,466.014
2048,16,8,16384,576.926
2048,16,16,16,336.819
2048,16,16,32,339.956
2048,16,16,64,343.188
2048,16,16,128,350.633
2048,16,16,256,356.149
2048,16,16,512,364.34
2048,16,16,1024,382.495
2048,16,16,2048,410.985
2048,16,16,4096,469.535
2048,16,16,8192,587.113
2048,16,16,16384,818.226
2048,16,32,16,337.279
2048,16,32,32,341.46
2048,16,32,64,343.55
2048,16,32,128,356.18
2048,16,32,256,365.311
2048,16,32,512,381.503
2048,16,32,1024,412.223
2048,16,32,2048,468.414
2048,16,32,4096,587.337
2048,16,32,8192,820.018
2048,16,32,16384,1272.45
2048,16,64,16,339.999
2048,16,64,32,347.049
2048,16,64,64,352.126
2048,16,64,128,361.663
2048,16,64,256,378.494
2048,16,64,512,408.82
2048,16,64,1024,466.249
2048,16,64,2048,584.53
2048,16,64,4096,813.81
2048,16,64,8192,1273.95
2048,16,64,16384,2177.06
2048,16,128,16,349.993
2048,16,128,32,359.423
2048,16,128,64,369.225
2048,16,128,128,385.876
2048,16,128,256,416.362
2048,16,128,512,474.697
2048,16,128,1024,592.628
2048,16,128,2048,823.805
2048,16,128,4096,1287.6
2048,16,128,8192,2215.16
2048,16,128,16384,4067.19
2048,32,0,0,329.417
2048,32,1,16,336.362
2048,32,1,32,337.929
2048,32,1,64,341.353
2048,32,1,128,347.006
2048,32,1,256,348.223
2048,32,1,512,348.778
2048,32,1,1024,349.375
2048,32,1,2048,349.246
2048,32,1,4096,352.255
2048,32,1,8192,365.194
2048,32,1,16384,383.487
2048,32,2,16,336.82
2048,32,2,32,339.423
2048,32,2,64,341.236
2048,32,2,128,347.86
2048,32,2,256,348.223
2048,32,2,512,348.02
2048,32,2,1024,349.727
2048,32,2,2048,351.518
2048,32,2,4096,360.905
2048,32,2,8192,380.531
2048,32,2,16384,409.225
2048,32,4,16,335.582
2048,32,4,32,338.441
2048,32,4,64,340.467
2048,32,4,128,345.95
2048,32,4,256,346.665
2048,32,4,512,348.393
2048,32,4,1024,351.615
2048,32,4,2048,360.809
2048,32,4,4096,378.761
2048,32,4,8192,408.575
2048,32,4,16384,466.174
2048,32,8,16,335.807
2048,32,8,32,338.879
2048,32,8,64,341.289
2048,32,8,128,347.882
2048,32,8,256,347.71
2048,32,8,512,353.642
2048,32,8,1024,361.886
2048,32,8,2048,379.242
2048,32,8,4096,408.158
2048,32,8,8192,466.814
2048,32,8,16384,576.264
2048,32,16,16,336.959
2048,32,16,32,337.599
2048,32,16,64,342.442
2048,32,16,128,349.524
2048,32,16,256,353.983
2048,32,16,512,364.19
2048,32,16,1024,380.212
2048,32,16,2048,411.466
2048,32,16,4096,470.335
2048,32,16,8192,584.637
2048,32,16,16384,821.181
2048,32,32,16,337.108
2048,32,32,32,340.51
2048,32,32,64,343.668
2048,32,32,128,356.691
2048,32,32,256,364.35
2048,32,32,512,382.004
2048,32,32,1024,412.073
2048,32,32,2048,468.041
2048,32,32,4096,584.959
2048,32,32,8192,816.167
2048,32,32,16384,1280.68
2048,32,64,16,341.258
2048,32,64,32,344.97
2048,32,64,64,351.838
2048,32,64,128,360.34
2048,32,64,256,376.66
2048,32,64,512,408.254
2048,32,64,1024,467.903
2048,32,64,2048,584.061
2048,32,64,4096,819.069
2048,32,64,8192,1271.69
2048,32,64,16384,2191.68
2048,32,128,16,349.14
2048,32,128,32,358.826
2048,32,128,64,368.692
2048,32,128,128,385.012
2048,32,128,256,416.03
2048,32,128,512,475.486
2048,32,128,1024,590.131
2048,32,128,2048,825.554
2048,32,128,4096,1288.22
2048,32,128,8192,2217.55
2048,32,128,16384,4069.54
2048,64,0,0,330.537
2048,64,1,16,339.86
2048,64,1,32,339.839
2048,64,1,64,342.868
2048,64,1,128,348.191
2048,64,1,256,348.841
2048,64,1,512,348.532
2048,64,1,1024,350.228
2048,64,1,2048,350.644
2048,64,1,4096,352.841
2048,64,1,8192,366.378
2048,64,1,16384,383.38
2048,64,2,16,337.736
2048,64,2,32,339.743
2048,64,2,64,341.418
2048,64,2,128,348.34
2048,64,2,256,349.375
2048,64,2,512,348.596
2048,64,2,1024,350.964
2048,64,2,2048,352.927
2048,64,2,4096,363.967
2048,64,2,8192,382.346
2048,64,2,16384,411.07
2048,64,4,16,336.948
2048,64,4,32,339.828
2048,64,4,64,342.623
2048,64,4,128,350.079
2048,64,4,256,348.148
2048,64,4,512,351.87
2048,64,4,1024,353.247
2048,64,4,2048,363.519
2048,64,4,4096,380.937
2048,64,4,8192,410.718
2048,64,4,16384,468.2
2048,64,8,16,338.143
2048,64,8,32,340.116
2048,64,8,64,343.359
2048,64,8,128,348.98
2048,64,8,256,350.452
2048,64,8,512,355.775
2048,64,8,1024,364.244
2048,64,8,2048,380.948
2048,64,8,4096,410.506
2048,64,8,8192,465.556
2048,64,8,16384,577.822
2048,64,16,16,338.09
2048,64,16,32,340.554
2048,64,16,64,343.625
2048,64,16,128,350.665
2048,64,16,256,356.383
2048,64,16,512,364.969
2048,64,16,1024,382.399
2048,64,16,2048,411.816
2048,64,16,4096,470.548
2048,64,16,8192,588.307
2048,64,16,16384,818.098
2048,64,32,16,339.839
2048,64,32,32,341.834
2048,64,32,64,345.685
2048,64,32,128,357.706
2048,64,32,256,365.748
2048,64,32,512,382.846
2048,64,32,1024,412.468
2048,64,32,2048,471.006
2048,64,32,4096,585.289
2048,64,32,8192,816.797
2048,64,32,16384,1270.92
2048,64,64,16,342.506
2048,64,64,32,348.179
2048,64,64,64,353.578
2048,64,64,128,363.615
2048,64,64,256,379.049
2048,64,64,512,409.172
2048,64,64,1024,469.033
2048,64,64,2048,583.773
2048,64,64,4096,814.706
2048,64,64,8192,1269.95
2048,64,64,16384,2185.32
2048,64,128,16,350.239
2048,64,128,32,361.441
2048,64,128,64,370.089
2048,64,128,128,388.255
2048,64,128,256,417.204
2048,64,128,512,476.34
2048,64,128,1024,594.568
2048,64,128,2048,827.559
2048,64,128,4096,1284.84
2048,64,128,8192,2216.3
2048,64,128,16384,4076.99
2048,128,0,0,347.497
2048,128,1,16,352.329
2048,128,1,32,356.404
2048,128,1,64,357.866
2048,128,1,128,365.032
2048,128,1,256,365.556
2048,128,1,512,364.777
2048,128,1,1024,364.873
2048,128,1,2048,367.486
2048,128,1,4096,369.064
2048,128,1,8192,381.833
2048,128,1,16384,399.752
2048,128,2,16,353.279
2048,128,2,32,356.564
2048,128,2,64,358.345
2048,128,2,128,364.532
2048,128,2,256,364.319
2048,128,2,512,364.884
2048,128,2,1024,365.215
2048,128,2,2048,368.841
2048,128,2,4096,381.599
2048,128,2,8192,398.227
2048,128,2,16384,427.22
2048,128,4,16,353.662
2048,128,4,32,357.46
2048,128,4,64,358.665
2048,128,4,128,364.233
2048,128,4,256,365.065
2048,128,4,512,366.772
2048,128,4,1024,369.588
2048,128,4,2048,380.894
2048,128,4,4096,396.521
2048,128,4,8192,426.366
2048,128,4,16384,483.337
2048,128,8,16,354.366
2048,128,8,32,356.724
2048,128,8,64,359.338
2048,128,8,128,365.503
2048,128,8,256,366.878
2048,128,8,512,371.455
2048,128,8,1024,379.305
2048,128,8,2048,396.179
2048,128,8,4096,425.268
2048,128,8,8192,485.971
2048,128,8,16384,595.816
2048,128,16,16,354.409
2048,128,16,32,358.526
2048,128,16,64,359.572
2048,128,16,128,367.038
2048,128,16,256,373.119
2048,128,16,512,381.343
2048,128,16,1024,399.103
2048,128,16,2048,428.073
2048,128,16,4096,487.699
2048,128,16,8192,604.766
2048,128,16,16384,832.861
2048,128,32,16,354.548
2048,128,32,32,358.079
2048,128,32,64,362.484
2048,128,32,128,373.502
2048,128,32,256,382.697
2048,128,32,512,398.451
2048,128,32,1024,430.621
2048,128,32,2048,489.737
2048,128,32,4096,601.214
2048,128,32,8192,837.234
2048,128,32,16384,1291.66
2048,128,64,16,359.103
2048,128,64,32,363.252
2048,128,64,64,369.983
2048,128,64,128,378.857
2048,128,64,256,394.996
2048,128,64,512,426.025
2048,128,64,1024,483.188
2048,128,64,2048,603.177
2048,128,64,4096,836.754
2048,128,64,8192,1290.62
2048,128,64,16384,2200.74
2048,128,128,16,366.26
2048,128,128,32,377.726
2048,128,128,64,386.132
2048,128,128,128,403.22
2048,128,128,256,434.388
2048,128,128,512,492.35
2048,128,128,1024,608.755
2048,128,128,2048,840.604
2048,128,128,4096,1311.25
2048,128,128,8192,2233.3
2048,128,128,16384,4089.66
2048,256,0,0,372.863
2048,256,1,16,379.251
2048,256,1,32,382.122
2048,256,1,64,382.046
2048,256,1,128,391.006
2048,256,1,256,391.359
2048,256,1,512,391.135
2048,256,1,1024,389.823
2048,256,1,2048,392.564
2048,256,1,4096,395.252
2048,256,1,8192,408.276
2048,256,1,16384,426.303
2048,256,2,16,380.233
2048,256,2,32,380.799
2048,256,2,64,383.252
2048,256,2,128,391.124
2048,256,2,256,391.412
2048,256,2,512,391.935
2048,256,2,1024,393.737
2048,256,2,2048,394.431
2048,256,2,4096,405.833
2048,256,2,8192,424.532
2048,256,2,16384,453.332
2048,256,4,16,379.348
2048,256,4,32,381.172
2048,256,4,64,385.054
2048,256,4,128,390.537
2048,256,4,256,390.269
2048,256,4,512,392.276
2048,256,4,1024,396.317
2048,256,4,2048,405.726
2048,256,4,4096,423.528
2048,256,4,8192,452.573
2048,256,4,16384,510.484
2048,256,8,16,378.377
2048,256,8,32,382.59
2048,256,8,64,385.748
2048,256,8,128,390.472
2048,256,8,256,393.333
2048,256,8,512,397.258
2048,256,8,1024,406.302
2048,256,8,2048,423.444
2048,256,8,4096,451.433
2048,256,8,8192,510.409
2048,256,8,16384,622.152
2048,256,16,16,381.609
2048,256,16,32,382.793
2048,256,16,64,386.665
2048,256,16,128,393.823
2048,256,16,256,398.079
2048,256,16,512,407.774
2048,256,16,1024,424.777
2048,256,16,2048,454.1
2048,256,16,4096,514.184
2048,256,16,8192,625.918
2048,256,16,16384,860.167
2048,256,32,16,381.983
2048,256,32,32,384.542
2048,256,32,64,386.26
2048,256,32,128,400.521
2048,256,32,256,409.096
2048,256,32,512,425.684
2048,256,32,1024,453.107
2048,256,32,2048,515.561
2048,256,32,4096,631.561
2048,256,32,8192,860.605
2048,256,32,16384,1321.63
2048,256,64,16,384.777
2048,256,64,32,389.332
2048,256,64,64,393.417
2048,256,64,128,405.022
2048,256,64,256,421.076
2048,256,64,512,449.396
2048,256,64,1024,510.558
2048,256,64,2048,624.83
2048,256,64,4096,858.108
2048,256,64,8192,1311.06
2048,256,64,16384,2243.54
2048,256,128,16,391.412
2048,256,128,32,402.291
2048,256,128,64,410.622
2048,256,128,128,428.713
2048,256,128,256,459.103
2048,256,128,512,515.486
2048,256,128,1024,634.451
2048,256,128,2048,867.474
2048,256,128,4096,1332.42
2048,256,128,8192,2259.12
2048,256,128,16384,4122.11
2048,512,0,0,429.79
2048,512,1,16,436.766
2048,512,1,32,438.194
2048,512,1,64,440.285
2048,512,1,128,446.953
2048,512,1,256,448.169
2048,512,1,512,448.35
2048,512,1,1024,448.809
2048,512,1,2048,449.097
2048,512,1,4096,452.595
2048,512,1,8192,465.001
2048,512,1,16384,482.334
2048,512,2,16,436.756
2048,512,2,32,439.518
2048,512,2,64,440.531
2048,512,2,128,447.635
2048,512,2,256,449.247
2048,512,2,512,448.744
2048,512,2,1024,450.708
2048,512,2,2048,451.763
2048,512,2,4096,462.879
2048,512,2,8192,481.705
2048,512,2,16384,508.446
2048,512,4,16,435.774
2048,512,4,32,439.284
2048,512,4,64,441.961
2048,512,4,128,448.851
2048,512,4,256,447.625
2048,512,4,512,448.831
2048,512,4,1024,452.083
2048,512,4,2048,462.675
2048,512,4,4096,479.476
2048,512,4,8192,509.598
2048,512,4,16384,565.278
2048,512,8,16,435.913
2048,512,8,32,439.24
2048,512,8,64,441.353
2048,512,8,128,448.447
2048,512,8,256,450.047
2048,512,8,512,457.087
2048,512,8,1024,462.13
2048,512,8,2048,479.475
2048,512,8,4096,508.937
2048,512,8,8192,567.945
2048,512,8,16384,678.035
2048,512,16,16,436.83
2048,512,16,32,439.508
2048,512,16,64,441.919
2048,512,16,128,450.302
2048,512,16,256,454.879
2048,512,16,512,463.475
2048,512,16,1024,482.462
2048,512,16,2048,512.456
2048,512,16,4096,570.056
2048,512,16,8192,685.512
2048,512,16,16384,919.399
2048,512,32,16,437.95
2048,512,32,32,441.268
2048,512,32,64,443.657
2048,512,32,128,456.49
2048,512,32,256,466.345
2048,512,32,512,481.652
2048,512,32,1024,512.232
2048,512,32,2048,569.672
2048,512,32,4096,685.555
2048,512,32,8192,915.314
2048,512,32,16384,1373.4
2048,512,64,16,442.377
2048,512,64,32,446.527
2048,512,64,64,451.539
2048,512,64,128,461.235
2048,512,64,256,479.049
2048,512,64,512,508.446
2048,512,64,1024,567.742
2048,512,64,2048,685.384
2048,512,64,4096,913.64
2048,512,64,8192,1369.89
2048,512,64,16384,2284.93
2048,512,128,16,449.758
2048,512,128,32,460.18
2048,512,128,64,469.363
2048,512,128,128,484.884
2048,512,128,256,516.105
2048,512,128,512,577.278
2048,512,128,1024,693.427
2048,512,128,2048,924.465
2048,512,128,4096,1393.42
2048,512,128,8192,2324.94
2048,512,128,16384,4176.7
2048,1024,0,0,542.238
2048,1024,1,16,549.14
2048,1024,1,32,551.732
2048,1024,1,64,553.129
2048,1024,1,128,560.647
2048,1024,1,256,561.523
2048,1024,1,512,561.139
2048,1024,1,1024,560.585
2048,1024,1,2048,563.293
2048,1024,1,4096,566.451
2048,1024,1,8192,578.398
2048,1024,1,16384,595.859
2048,1024,2,16,549.118
2048,1024,2,32,551.913
2048,1024,2,64,554.462
2048,1024,2,128,561.651
2048,1024,2,256,560.191
2048,1024,2,512,560.862
2048,1024,2,1024,562.356
2048,1024,2,2048,564.809
2048,1024,2,4096,576.135
2048,1024,2,8192,594.1
2048,1024,2,16384,621.971
2048,1024,4,16,549.321
2048,1024,4,32,551.667
2048,1024,4,64,554.504
2048,1024,4,128,559.891
2048,1024,4,256,561.128
2048,1024,4,512,560.798
2048,1024,4,1024,565.363
2048,1024,4,2048,575.785
2048,1024,4,4096,593.043
2048,1024,4,8192,622.707
2048,1024,4,16384,678.877
2048,1024,8,16,549.971
2048,1024,8,32,551.977
2048,1024,8,64,554.985
2048,1024,8,128,561.182
2048,1024,8,256,562.6
2048,1024,8,512,567.538
2048,1024,8,1024,575.87
2048,1024,8,2048,592.617
2048,1024,8,4096,621.619
2048,1024,8,8192,678.685
2048,1024,8,16384,789.341
2048,1024,16,16,551.304
2048,1024,16,32,552.798
2048,1024,16,64,556.125
2048,1024,16,128,562.429
2048,1024,16,256,566.921
2048,1024,16,512,576.264
2048,1024,16,1024,594.59
2048,1024,16,2048,624.531
2048,1024,16,4096,683.517
2048,1024,16,8192,800.455
2048,1024,16,16384,1033.36
2048,1024,32,16,549.363
2048,1024,32,32,554.44
2048,1024,32,64,557.288
2048,1024,32,128,568.446
2048,1024,32,256,577.566
2048,1024,32,512,593.257
2048,1024,32,1024,623.572
2048,1024,32,2048,683.965
2048,1024,32,4096,800.615
2048,1024,32,8192,1036.91
2048,1024,32,16384,1490.05
2048,1024,64,16,553.63
2048,1024,64,32,559.422
2048,1024,64,64,564.595
2048,1024,64,128,573.107
2048,1024,64,256,590.397
2048,1024,64,512,617.875
2048,1024,64,1024,679.411
2048,1024,64,2048,795.048
2048,1024,64,4096,1027.47
2048,1024,64,8192,1482.47
2048,1024,64,16384,2391.52
2048,1024,128,16,561.502
2048,1024,128,32,571.465
2048,1024,128,64,582.206
2048,1024,128,128,599.998
2048,1024,128,256,628.2
2048,1024,128,512,689.021
2048,1024,128,1024,804.647
2048,1024,128,2048,1036.13
2048,1024,128,4096,1505.09
2048,1024,128,8192,2424.51
2048,1024,128,16384,4283.96
2048,2048,0,0,725.597
2048,2048,1,16,733.341
2048,2048,1,32,735.069
2048,2048,1,64,738.055
2048,2048,1,128,745.159
2048,2048,1,256,745.341
2048,2048,1,512,746.269
2048,2048,1,1024,746.824
2048,2048,1,2048,747.091
2048,2048,1,4096,751.058
2048,2048,1,8192,762.375
2048,2048,1,16384,778.813
2048,2048,2,16,733.32
2048,2048,2,32,735.666
2048,2048,2,64,738.227
2048,2048,2,128,744.509
2048,2048,2,256,745.799
2048,2048,2,512,745.532
2048,2048,2,1024,747.293
2048,2048,2,2048,748.989
2048,2048,2,4096,760.701
2048,2048,2,8192,777.618
2048,2048,2,16384,807.409
2048,2048,4,16,733
2048,2048,4,32,735.272
2048,2048,4,64,738.077
2048,2048,4,128,743.411
2048,2048,4,256,744.497
2048,2048,4,512,745.82
2048,2048,4,1024,748.85
2048,2048,4,2048,759.773
2048,2048,4,4096,776.114
2048,2048,4,8192,805.736
2048,2048,4,16384,863.303
2048,2048,8,16,733.427
2048,2048,8,32,735.218
2048,2048,8,64,736.967
2048,2048,8,128,743.954
2048,2048,8,256,744.627
2048,2048,8,512,750.216
2048,2048,8,1024,759.197
2048,2048,8,2048,776.242
2048,2048,8,4096,803.73
2048,2048,8,8192,863.08
2048,2048,8,16384,972.242
2048,2048,16,16,733.864
2048,2048,16,32,735.986
2048,2048,16,64,737.864
2048,2048,16,128,747.144
2048,2048,16,256,752.029
2048,2048,16,512,760.785
2048,2048,16,1024,777.767
2048,2048,16,2048,808.018
2048,2048,16,4096,866.791
2048,2048,16,8192,983.846
2048,2048,16,16384,1213.52
2048,2048,32,16,733.746
2048,2048,32,32,737.768
2048,2048,32,64,741.032
2048,2048,32,128,752.594
2048,2048,32,256,761.683
2048,2048,32,512,777.714
2048,2048,32,1024,807.378
2048,2048,32,2048,868.988
2048,2048,32,4096,984.305
2048,2048,32,8192,1215.34
2048,2048,32,16384,1669.51
2048,2048,64,16,737.342
2048,2048,64,32,742.343
2048,2048,64,64,747.602
2048,2048,64,128,757.683
2048,2048,64,256,773.779
2048,2048,64,512,804.242
2048,2048,64,1024,863.336
2048,2048,64,2048,978.641
2048,2048,64,4096,1211.59
2048,2048,64,8192,1666.14
2048,2048,64,16384,2584.83
2048,2048,128,16,746.322
2048,2048,128,32,755.848
2048,2048,128,64,766.344
2048,2048,128,128,780.371
2048,2048,128,256,813.117
2048,2048,128,512,871.058
2048,2048,128,1024,988.594
2048,2048,128,2048,1227.05
2048,2048,128,4096,1689.09
2048,2048,128,8192,2607.19
2048,2048,128,16384,4478.95
2048,4096,0,0,1090.71
2048,4096,1,16,1098.84
2048,4096,1,32,1098.92
2048,4096,1,64,1103.06
2048,4096,1,128,1109.07
2048,4096,1,256,1111.49
2048,4096,1,512,1110.86
2048,4096,1,1024,1110.78
2048,4096,1,2048,1112.33
2048,4096,1,4096,1115.98
2048,4096,1,8192,1126.81
2048,4096,1,16384,1145.63
2048,4096,2,16,1098.08
2048,4096,2,32,1100.67
2048,4096,2,64,1103.93
2048,4096,2,128,1111.52
2048,4096,2,256,1109.87
2048,4096,2,512,1110.27
2048,4096,2,1024,1110.3
2048,4096,2,2048,1115.14
2048,4096,2,4096,1125.09
2048,4096,2,8192,1143.52
2048,4096,2,16384,1171.11
2048,4096,4,16,1097.17
2048,4096,4,32,1100.11
2048,4096,4,64,1103.46
2048,4096,4,128,1108.32
2048,4096,4,256,1109.48
2048,4096,4,512,1110.29
2048,4096,4,1024,1114.29
2048,4096,4,2048,1123.56
2048,4096,4,4096,1140.93
2048,4096,4,8192,1168.3
2048,4096,4,16384,1225.51
2048,4096,8,16,1097.32
2048,4096,8,32,1100.98
2048,4096,8,64,1102.86
2048,4096,8,128,1108.9
2048,4096,8,256,1110.06
2048,4096,8,512,1114.87
2048,4096,8,1024,1124.16
2048,4096,8,2048,1141.51
2048,4096,8,4096,1168.88
2048,4096,8,8192,1226.2
2048,4096,8,16384,1336.6
2048,4096,16,16,1098.53
2048,4096,16,32,1101.29
2048,4096,16,64,1103.41
2048,4096,16,128,1111.59
2048,4096,16,256,1116.33
2048,4096,16,512,1124.72
2048,4096,16,1024,1142.26
2048,4096,16,2048,1171.75
2048,4096,16,4096,1230.43
2048,4096,16,8192,1347.67
2048,4096,16,16384,1579.47
2048,4096,32,16,1099.69
2048,4096,32,32,1102.94
2048,4096,32,64,1106.58
2048,4096,32,128,1118.04
2048,4096,32,256,1127.24
2048,4096,32,512,1142.81
2048,4096,32,1024,1173.53
2048,4096,32,2048,1231.65
2048,4096,32,4096,1349
2048,4096,32,8192,1576.91
2048,4096,32,16384,2034.84
2048,4096,64,16,1101.7
2048,4096,64,32,1106.69
2048,4096,64,64,1111.72
2048,4096,64,128,1122.08
2048,4096,64,256,1139.2
2048,4096,64,512,1167.34
2048,4096,64,1024,1225.1
2048,4096,64,2048,1346.33
2048,4096,64,4096,1577.78
2048,4096,64,8192,2034.35
2048,4096,64,16384,2946.9
2048,4096,128,16,1112.04
2048,4096,128,32,1119.7
2048,4096,128,64,1130.08
2048,4096,128,128,1146.05
2048,4096,128,256,1176.51
2048,4096,128,512,1235.99
2048,4096,128,1024,1351.69
2048,4096,128,2048,1584.34
2048,4096,128,4096,2048.33
2048,4096,128,8192,2978.37
2048,4096,128,16384,4835.88
2048,8192,0,0,1824.57
2048,8192,1,16,1832.49
2048,8192,1,32,1833.85
2048,8192,1,64,1837.75
2048,8192,1,128,1845.71
2048,8192,1,256,1843.66
2048,8192,1,512,1844.06
2048,8192,1,1024,1846.29
2048,8192,1,2048,1845.18
2048,8192,1,4096,1847.64
2048,8192,1,8192,1860.68
2048,8192,1,16384,1878.67
2048,8192,2,16,1831.45
2048,8192,2,32,1834.93
2048,8192,2,64,1835
2048,8192,2,128,1844
2048,8192,2,256,1842.08
2048,8192,2,512,1842.1
2048,8192,2,1024,1844.39
2048,8192,2,2048,1848.55
2048,8192,2,4096,1858.81
2048,8192,2,8192,1875.97
2048,8192,2,16384,1905.13
2048,8192,4,16,1831.29
2048,8192,4,32,1832.41
2048,8192,4,64,1835.56
2048,8192,4,128,1842.68
2048,8192,4,256,1843.64
2048,8192,4,512,1843.67
2048,8192,4,1024,1844.27
2048,8192,4,2048,1858.46
2048,8192,4,4096,1872.63
2048,8192,4,8192,1902.7
2048,8192,4,16384,1959.52
2048,8192,8,16,1830.78
2048,8192,8,32,1834.93
2048,8192,8,64,1837.29
2048,8192,8,128,1840.66
2048,8192,8,256,1841.71
2048,8192,8,512,1848.24
2048,8192,8,1024,1857.45
2048,8192,8,2048,1871.78
2048,8192,8,4096,1900.42
2048,8192,8,8192,1959.85
2048,8192,8,16384,2070.52
2048,8192,16,16,1830.77
2048,8192,16,32,1835.36
2048,8192,16,64,1834.74
2048,8192,16,128,1844.13
2048,8192,16,256,1849.23
2048,8192,16,512,1857.55
2048,8192,16,1024,1873.82
2048,8192,16,2048,1906.1
2048,8192,16,4096,1965.38
2048,8192,16,8192,2080.35
2048,8192,16,16384,2309.93
2048,8192,32,16,1832.45
2048,8192,32,32,1835.76
2048,8192,32,64,1837.11
2048,8192,32,128,1849.69
2048,8192,32,256,1858.04
2048,8192,32,512,1874.19
2048,8192,32,1024,1904.45
2048,8192,32,2048,1961.95
2048,8192,32,4096,2081.1
2048,8192,32,8192,2308.15
2048,8192,32,16384,2764.85
2048,8192,64,16,1834.6
2048,8192,64,32,1838.61
2048,8192,64,64,1845.17
2048,8192,64,128,1854.07
2048,8192,64,256,1870.89
2048,8192,64,512,1901.2
2048,8192,64,1024,1959.98
2048,8192,64,2048,2079.89
2048,8192,64,4096,2309.81
2048,8192,64,8192,2764.77
2048,8192,64,16384,3675.48
2048,8192,128,16,1842.87
2048,8192,128,32,1853.26
2048,8192,128,64,1862.24
2048,8192,128,128,1880.29
2048,8192,128,256,1908.34
2048,8192,128,512,1969.76
2048,8192,128,1024,2084.31
2048,8192,128,2048,2320.22
2048,8192,128,4096,2782.02
2048,8192,128,8192,3705.5
2048,8192,128,16384,5551.83
2048,16384,0,0,3297.52
2048,16384,1,16,3306.33
2048,16384,1,32,3307.96
2048,16384,1,64,3316.16
2048,16384,1,128,3316.35
2048,16384,1,256,3319.07
2048,16384,1,512,3318.65
2048,16384,1,1024,3318.73
2048,16384,1,2048,3321.55
2048,16384,1,4096,3325.63
2048,16384,1,8192,3335.58
2048,16384,1,16384,3351.04
2048,16384,2,16,3303.04
2048,16384,2,32,3313.39
2048,16384,2,64,3311.16
2048,16384,2,128,3324.84
2048,16384,2,256,3318.96
2048,16384,2,512,3319.68
2048,16384,2,1024,3316.11
2048,16384,2,2048,3319.37
2048,16384,2,4096,3333.92
2048,16384,2,8192,3350.62
2048,16384,2,16384,3377.92
2048,16384,4,16,3304.99
2048,16384,4,32,3305.49
2048,16384,4,64,3306.77
2048,16384,4,128,3317.13
2048,16384,4,256,3314.59
2048,16384,4,512,3313.06
2048,16384,4,1024,3318.84
2048,16384,4,2048,3330.11
2048,16384,4,4096,3348.98
2048,16384,4,8192,3377.34
2048,16384,4,16384,3435.44
2048,16384,8,16,3307.02
2048,16384,8,32,3308.51
2048,16384,8,64,3308.74
2048,16384,8,128,3317.79
2048,16384,8,256,3316.28
2048,16384,8,512,3320.15
2048,16384,8,1024,3326.92
2048,16384,8,2048,3349.62
2048,16384,8,4096,3381.82
2048,16384,8,8192,3431.07
2048,16384,8,16384,3541.19
2048,16384,16,16,3307.24
2048,16384,16,32,3308.69
2048,16384,16,64,3310.95
2048,16384,16,128,3315.28
2048,16384,16,256,3326.97
2048,16384,16,512,3333.28
2048,16384,16,1024,3349.88
2048,16384,16,2048,3379.01
2048,16384,16,4096,3441.66
2048,16384,16,8192,3549.54
2048,16384,16,16384,3784.99
2048,16384,32,16,3305.28
2048,16384,32,32,3307.99
2048,16384,32,64,3311.28
2048,16384,32,128,3321.88
2048,16384,32,256,3334.41
2048,16384,32,512,3351.55
2048,16384,32,1024,3377.43
2048,16384,32,2048,3439.53
2048,16384,32,4096,3552.84
2048,16384,32,8192,3785.14
2048,16384,32,16384,4239.82
2048,16384,64,16,3313.78
2048,16384,64,32,3315.29
2048,16384,64,64,3319.24
2048,16384,64,128,3328.69
2048,16384,64,256,3346.3
2048,16384,64,512,3374.45
2048,16384,64,1024,3432.62
2048,16384,64,2048,3549.91
2048,16384,64,4096,3783.62
2048,16384,64,8192,4239.58
2048,16384,64,16384,5153.44
2048,16384,128,16,3317.93
2048,16384,128,32,3328.08
2048,16384,128,64,3340.94
2048,16384,128,128,3349.27
2048,16384,128,256,3380.55
2048,16384,128,512,3442.21
2048,16384,128,1024,3557.83
2048,16384,128,2048,3790.64
2048,16384,128,4096,4259.99
2048,16384,128,8192,5182.52
2048,16384,128,16384,7043.4
