prefill_chunk,kv_prefill,n_decode,kv_decode,time_us
0,0,1,16,8.77933
0,0,1,32,10.6773
0,0,1,64,12.8323
0,0,1,128,18.2727
0,0,1,256,18.4857
0,0,1,512,19.3603
0,0,1,1024,22.0693
0,0,1,2048,32.192
0,0,1,4096,50.1013
0,0,1,8192,77.632
0,0,1,16384,134.571
0,0,2,16,10.016
0,0,2,32,12.0107
0,0,2,64,14.5067
0,0,2,128,20.8
0,0,2,256,21.7283
0,0,2,512,26.5173
0,0,2,1024,32.0747
0,0,2,2048,48.9277
0,0,2,4096,77.0133
0,0,2,8192,135.733
0,0,2,16384,246.784
0,0,4,16,10.261
0,0,4,32,12.5013
0,0,4,64,14.837
0,0,4,128,22.229
0,0,4,256,26.976
0,0,4,512,34.0803
0,0,4,1024,48.8643
0,0,4,2048,80.736
0,0,4,4096,138.24
0,0,4,8192,254.176
0,0,4,16384,483.36
0,0,8,16,10.8803
0,0,8,32,13.653
0,0,8,64,16.2667
0,0,8,128,28.448
0,0,8,256,34.8053
0,0,8,512,50.2287
0,0,8,1024,79.9783
0,0,8,2048,138.411
0,0,8,4096,253.92
0,0,8,8192,482.027
0,0,8,16384,940.448
0,0,16,16,13.408
0,0,16,32,18.379
0,0,16,64,22.2293
0,0,16,128,31.851
0,0,16,256,46.1333
0,0,16,512,76.6187
0,0,16,1024,134.955
0,0,16,2048,253.61
0,0,16,4096,483.904
0,0,16,8192,936.875
0,0,16,16384,1853.64
0,0,32,16,20.1273
0,0,32,32,29.067
0,0,32,64,38.048
0,0,32,128,54.6773
0,0,32,256,84.341
0,0,32,512,144.672
0,0,32,1024,258.742
0,0,32,2048,496.437
0,0,32,4096,956.661
0,0,32,8192,1895.86
0,0,32,16384,3751.68
0,0,64,16,31.733
0,0,64,32,47.7977
0,0,64,64,65.3763
0,0,64,128,96.3837
0,0,64,256,156.064
0,0,64,512,273.632
0,0,64,1024,508.011
0,0,64,2048,977.749
0,0,64,4096,1924.14
0,0,64,8192,3818.16
0,0,64,16384,7601.37
0,0,128,16,54.1973
0,0,128,32,81.7493
0,0,128,64,111.85
0,0,128,128,174.293
0,0,128,256,291.371
0,0,128,512,518.038
0,0,128,1024,983.402
0,0,128,2048,1925.78
0,0,128,4096,3789.82
0,0,128,8192,7623.38
0,0,128,16384,15000.6
0,0,256,16,98.9547
0,0,256,32,148.96
0,0,256,64,204.075
0,0,256,128,318.56
0,0,256,256,542.496
0,0,256,512,985.248
0,0,256,1024,1871.86
0,0,256,2048,3682.53
0,0,256,4096,7285.3
0,0,256,8192,14531.5
0,0,256,16384,28883.7
16,0,0,0,10.2933
16,0,1,16,16.6293
16,0,1,32,18.4537
16,0,1,64,20.821
16,0,1,128,26.8907
16,0,1,256,27.3173
16,0,1,512,28.064
16,0,1,1024,29.6207
16,0,1,2048,39.0293
16,0,1,4096,56.1073
16,0,1,8192,83.691
16,0,1,16384,142.764
16,0,2,16,16.576
16,0,2,32,18.4853
16,0,2,64,20.8323
16,0,2,128,27.5943
16,0,2,256,28.341
16,0,2,512,33.0457
16,0,2,1024,39.0933
16,0,2,2048,56.353
16,0,2,4096,84.064
16,0,2,8192,142.346
16,0,2,16384,252.81
16,0,4,16,16.7467
16,0,4,32,19.029
16,0,4,64,21.6847
16,0,4,128,28.5973
16,0,4,256,33.4727
16,0,4,512,41.6533
16,0,4,1024,56.3407
16,0,4,2048,87.1887
16,0,4,4096,145.76
16,0,4,8192,261.344
16,0,4,16384,493.461
16,0,8,16,17.471
16,0,8,32,20.1277
16,0,8,64,22.912
16,0,8,128,34.773
16,0,8,256,42.25
16,0,8,512,57.0777
16,0,8,1024,86.9437
16,0,8,2048,144.245
16,0,8,4096,261.525
16,0,8,8192,491.104
16,0,8,16384,944.245
16,0,16,16,20.214
16,0,16,32,25.0133
16,0,16,64,28.907
16,0,16,128,39.424
16,0,16,256,54.3253
16,0,16,512,83.9357
16,0,16,1024,141.685
16,0,16,2048,256.416
16,0,16,4096,488.342
16,0,16,8192,946.772
16,0,16,16384,1864.47
16,0,32,16,26.507
16,0,32,32,36.0103
16,0,32,64,44.9063
16,0,32,128,61.7703
16,0,32,256,91.189
16,0,32,512,152.32
16,0,32,1024,268.16
16,0,32,2048,499.808
16,0,32,4096,967.584
16,0,32,8192,1900.17
16,0,32,16384,3762.78
16,0,64,16,39.6583
16,0,64,32,56.4377
16,0,64,64,73.878
16,0,64,128,105.227
16,0,64,256,164.107
16,0,64,512,283.072
16,0,64,1024,517.535
16,0,64,2048,990.378
16,0,64,4096,1935.66
16,0,64,8192,3829.88
16,0,64,16384,7601.62
16,0,128,16,60.6397
16,0,128,32,89.4933
16,0,128,64,120.352
16,0,128,128,180.981
16,0,128,256,298.293
16,0,128,512,527.722
16,0,128,1024,992.468
16,0,128,2048,1924.68
16,0,128,4096,3796.51
16,0,128,8192,7588.93
16,0,128,16384,14992.3
16,16,0,0,10.6027
16,16,1,16,16.8847
16,16,1,32,18.8377
16,16,1,64,21.0987
16,16,1,128,27.3813
16,16,1,256,27.7013
16,16,1,512,28.299
16,16,1,1024,30.272
16,16,1,2048,39.0187
16,16,1,4096,56.608
16,16,1,8192,84.4153
16,16,1,16384,142.261
16,16,2,16,16.8107
16,16,2,32,18.816
16,16,2,64,21.162
16,16,2,128,27.9577
16,16,2,256,28.608
16,16,2,512,33.5467
16,16,2,1024,39.7973
16,16,2,2048,56.4577
16,16,2,4096,85.4287
16,16,2,8192,141.696
16,16,2,16384,251.615
16,16,4,16,17.1093
16,16,4,32,19.285
16,16,4,64,21.867
16,16,4,128,28.9713
16,16,4,256,33.6853
16,16,4,512,41.7067
16,16,4,1024,57.088
16,16,4,2048,87.541
16,16,4,4096,145.088
16,16,4,8192,263.487
16,16,4,16384,491.253
16,16,8,16,17.728
16,16,8,32,20.4693
16,16,8,64,23.1893
16,16,8,128,34.891
16,16,8,256,42.592
16,16,8,512,57.3977
16,16,8,1024,87.1147
16,16,8,2048,146.143
16,16,8,4096,263.456
16,16,8,8192,491.413
16,16,8,16384,944.639
16,16,16,16,20.3943
16,16,16,32,25.131
16,16,16,64,29.0987
16,16,16,128,39.509
16,16,16,256,54.4637
16,16,16,512,84.7893
16,16,16,1024,141.419
16,16,16,2048,257.803
16,16,16,4096,489.493
16,16,16,8192,946.783
16,16,16,16384,1851.58
16,16,32,16,26.6667
16,16,32,32,36.2133
16,16,32,64,45.269
16,16,32,128,62.517
16,16,32,256,92.7997
16,16,32,512,152.48
16,16,32,1024,269.504
16,16,32,2048,498.432
16,16,32,4096,966.9
16,16,32,8192,1892.37
16,16,32,16384,3757.53
16,16,64,16,39.9257
16,16,64,32,56.501
16,16,64,64,74.6023
16,16,64,128,105.579
16,16,64,256,165.514
16,16,64,512,282.645
16,16,64,1024,516.97
16,16,64,2048,990.218
16,16,64,4096,1933.58
16,16,64,8192,3835.06
16,16,64,16384,7609.49
16,16,128,16,60.9167
16,16,128,32,89.675
16,16,128,64,120.17
16,16,128,128,181.984
16,16,128,256,297.93
16,16,128,512,526.325
16,16,128,1024,1002.39
16,16,128,2048,1927.91
16,16,128,4096,3801.46
16,16,128,8192,7517.13
16,16,128,16384,14998.8
16,32,0,0,12.5013
16,32,1,16,18.7517
16,32,1,32,20.6397
16,32,1,64,23.0617
16,32,1,128,29.1513
16,32,1,256,29.493
16,32,1,512,30.3143
16,32,1,1024,31.8927
16,32,1,2048,41.1093
16,32,1,4096,57.7917
16,32,1,8192,86.411
16,32,1,16384,143.445
16,32,2,16,18.6347
16,32,2,32,20.6293
16,32,2,64,23.019
16,32,2,128,29.813
16,32,2,256,30.4323
16,32,2,512,35.2
16,32,2,1024,41.4823
16,32,2,2048,58.283
16,32,2,4096,86.6137
16,32,2,8192,145.131
16,32,2,16384,253.877
16,32,4,16,18.9757
16,32,4,32,21.184
16,32,4,64,23.723
16,32,4,128,30.8897
16,32,4,256,35.7117
16,32,4,512,43.733
16,32,4,1024,58.1337
16,32,4,2048,88.928
16,32,4,4096,147.722
16,32,4,8192,265.802
16,32,4,16384,492.736
16,32,8,16,19.755
16,32,8,32,22.3677
16,32,8,64,25.0457
16,32,8,128,36.693
16,32,8,256,43.8187
16,32,8,512,59.434
16,32,8,1024,89.9297
16,32,8,2048,148.384
16,32,8,4096,265.237
16,32,8,8192,493.546
16,32,8,16384,949.864
16,32,16,16,22.2937
16,32,16,32,27.0823
16,32,16,64,31.008
16,32,16,128,40.726
16,32,16,256,55.488
16,32,16,512,85.7277
16,32,16,1024,145.066
16,32,16,2048,260.213
16,32,16,4096,492.138
16,32,16,8192,948.147
16,32,16,16384,1873.79
16,32,32,16,28.6293
16,32,32,32,38.2187
16,32,32,64,47.8933
16,32,32,128,64.3733
16,32,32,256,93.5783
16,32,32,512,153.163
16,32,32,1024,269.098
16,32,32,2048,501.887
16,32,32,4096,966.292
16,32,32,8192,1899.69
16,32,32,16384,3757.24
16,32,64,16,41.6953
16,32,64,32,59.0713
16,32,64,64,76.085
16,32,64,128,107.637
16,32,64,256,166.837
16,32,64,512,283.733
16,32,64,1024,520.234
16,32,64,2048,989.429
16,32,64,4096,1937.91
16,32,64,8192,3840.37
16,32,64,16384,7631.58
16,32,128,16,62.805
16,32,128,32,90.955
16,32,128,64,122.122
16,32,128,128,182.283
16,32,128,256,299.893
16,32,128,512,529.332
16,32,128,1024,1000.46
16,32,128,2048,1919.03
16,32,128,4096,3794.75
16,32,128,8192,7590.45
16,32,128,16384,14985.5
16,64,0,0,14.7627
16,64,1,16,21.056
16,64,1,32,23.008
16,64,1,64,25.3333
16,64,1,128,31.4457
16,64,1,256,31.9147
16,64,1,512,32.4157
16,64,1,1024,34.1223
16,64,1,2048,43.4237
16,64,1,4096,59.9573
16,64,1,8192,88.3093
16,64,1,16384,146.805
16,64,2,16,20.896
16,64,2,32,23.018
16,64,2,64,25.3227
16,64,2,128,31.9353
16,64,2,256,32.7787
16,64,2,512,38.0473
16,64,2,1024,43.7867
16,64,2,2048,60.448
16,64,2,4096,87.702
16,64,2,8192,145.557
16,64,2,16384,256.703
16,64,4,16,21.28
16,64,4,32,23.3813
16,64,4,64,25.9737
16,64,4,128,33.152
16,64,4,256,38.1227
16,64,4,512,45.8563
16,64,4,1024,60.7247
16,64,4,2048,91.4663
16,64,4,4096,151.68
16,64,4,8192,267.359
16,64,4,16384,494.9
16,64,8,16,21.9097
16,64,8,32,24.629
16,64,8,64,27.413
16,64,8,128,39.115
16,64,8,256,46.1337
16,64,8,512,61.8343
16,64,8,1024,91.103
16,64,8,2048,151.136
16,64,8,4096,267.018
16,64,8,8192,497.653
16,64,8,16384,951.23
16,64,16,16,24.7367
16,64,16,32,29.44
16,64,16,64,33.3657
16,64,16,128,43.0407
16,64,16,256,57.9737
16,64,16,512,88.2667
16,64,16,1024,146.751
16,64,16,2048,265.173
16,64,16,4096,499.007
16,64,16,8192,959.967
16,64,16,16384,1866.81
16,64,32,16,31.168
16,64,32,32,40.6087
16,64,32,64,49.8563
16,64,32,128,66.5067
16,64,32,256,95.861
16,64,32,512,156.352
16,64,32,1024,271.391
16,64,32,2048,507.38
16,64,32,4096,970.068
16,64,32,8192,1903.21
16,64,32,16384,3756.8
16,64,64,16,44.1807
16,64,64,32,60.992
16,64,64,64,78.645
16,64,64,128,110.389
16,64,64,256,168.235
16,64,64,512,285.088
16,64,64,1024,520.607
16,64,64,2048,994.889
16,64,64,4096,1945.22
16,64,64,8192,3822.73
16,64,64,16384,7625.38
16,64,128,16,65.291
16,64,128,32,93.536
16,64,128,64,124.789
16,64,128,128,185.323
16,64,128,256,302.815
16,64,128,512,530.975
16,64,128,1024,993.406
16,64,128,2048,1932.42
16,64,128,4096,3783.21
16,64,128,8192,7647.54
16,64,128,16384,14999.3
16,128,0,0,23.904
16,128,1,16,30.5923
16,128,1,32,32.6403
16,128,1,64,34.901
16,128,1,128,41.2377
16,128,1,256,41.6313
16,128,1,512,42.3993
16,128,1,1024,44.0427
16,128,1,2048,54.0263
16,128,1,4096,70.784
16,128,1,8192,98.41
16,128,1,16384,158.143
16,128,2,16,30.5173
16,128,2,32,32.64
16,128,2,64,34.912
16,128,2,128,41.4613
16,128,2,256,42.1973
16,128,2,512,47.4777
16,128,2,1024,53.1307
16,128,2,2048,69.855
16,128,2,4096,98.6343
16,128,2,8192,155.584
16,128,2,16384,267.882
16,128,4,16,30.7517
16,128,4,32,32.971
16,128,4,64,35.424
16,128,4,128,42.559
16,128,4,256,47.103
16,128,4,512,55.9043
16,128,4,1024,70.5813
16,128,4,2048,101.44
16,128,4,4096,159.36
16,128,4,8192,279.211
16,128,4,16384,503.935
16,128,8,16,31.2527
16,128,8,32,33.728
16,128,8,64,36.832
16,128,8,128,48.278
16,128,8,256,56.192
16,128,8,512,71.8817
16,128,8,1024,101.184
16,128,8,2048,161.45
16,128,8,4096,275.552
16,128,8,8192,509.556
16,128,8,16384,967.241
16,128,16,16,33.9207
16,128,16,32,38.9757
16,128,16,64,42.922
16,128,16,128,53.024
16,128,16,256,67.488
16,128,16,512,99.0933
16,128,16,1024,158.772
16,128,16,2048,273.418
16,128,16,4096,505.098
16,128,16,8192,964.435
16,128,16,16384,1879.02
16,128,32,16,40.4907
16,128,32,32,50.304
16,128,32,64,59.04
16,128,32,128,76.4903
16,128,32,256,105.994
16,128,32,512,166.56
16,128,32,1024,279.957
16,128,32,2048,513.225
16,128,32,4096,977.684
16,128,32,8192,1910.41
16,128,32,16384,3772.53
16,128,64,16,53.3547
16,128,64,32,70.954
16,128,64,64,87.5093
16,128,64,128,119.499
16,128,64,256,178.015
16,128,64,512,295.946
16,128,64,1024,531.465
16,128,64,2048,1008.04
16,128,64,4096,1943.6
16,128,64,8192,3832.75
16,128,64,16384,7637.12
16,128,128,16,74.773
16,128,128,32,103.423
16,128,128,64,134.88
16,128,128,128,195.136
16,128,128,256,312.085
16,128,128,512,541.855
16,128,128,1024,1011.55
16,128,128,2048,1948.81
16,128,128,4096,3832.05
16,128,128,8192,7575.29
16,128,128,16384,15028.6
16,256,0,0,24.224
16,256,1,16,31.1463
16,256,1,32,32.992
16,256,1,64,35.349
16,256,1,128,41.824
16,256,1,256,42.1013
16,256,1,512,43.0603
16,256,1,1024,44.7893
16,256,1,2048,54.6987
16,256,1,4096,72.4897
16,256,1,8192,99.648
16,256,1,16384,156.651
16,256,2,16,30.752
16,256,2,32,32.885
16,256,2,64,35.1677
16,256,2,128,41.962
16,256,2,256,42.8053
16,256,2,512,48.0637
16,256,2,1024,54.016
16,256,2,2048,71.765
16,256,2,4096,99.3483
16,256,2,8192,157.45
16,256,2,16384,269.589
16,256,4,16,31.21
16,256,4,32,33.429
16,256,4,64,36.0427
16,256,4,128,43.2107
16,256,4,256,47.711
16,256,4,512,56.5647
16,256,4,1024,71.5833
16,256,4,2048,103.349
16,256,4,4096,160.883
16,256,4,8192,276.319
16,256,4,16384,505.876
16,256,8,16,32.0413
16,256,8,32,34.816
16,256,8,64,37.43
16,256,8,128,49.643
16,256,8,256,57.4193
16,256,8,512,72.491
16,256,8,1024,102.518
16,256,8,2048,160.97
16,256,8,4096,280.639
16,256,8,8192,508.148
16,256,8,16384,967.24
16,256,16,16,34.528
16,256,16,32,39.2747
16,256,16,64,43.36
16,256,16,128,53.3757
16,256,16,256,68.48
16,256,16,512,99.1993
16,256,16,1024,157.002
16,256,16,2048,274.08
16,256,16,4096,505.482
16,256,16,8192,962.548
16,256,16,16384,1879.87
16,256,32,16,40.757
16,256,32,32,51.008
16,256,32,64,60.416
16,256,32,128,76.7037
16,256,32,256,107.178
16,256,32,512,165.504
16,256,32,1024,281.249
16,256,32,2048,513.333
16,256,32,4096,980.349
16,256,32,8192,1919.37
16,256,32,16384,3776.95
16,256,64,16,54.2827
16,256,64,32,72.15
16,256,64,64,88.8107
16,256,64,128,120.16
16,256,64,256,179.317
16,256,64,512,297.333
16,256,64,1024,532.788
16,256,64,2048,1006.24
16,256,64,4096,1946.05
16,256,64,8192,3837.79
16,256,64,16384,7596.04
16,256,128,16,75.5627
16,256,128,32,104.575
16,256,128,64,135.018
16,256,128,128,196.127
16,256,128,256,311.125
16,256,128,512,543.636
16,256,128,1024,1015.02
16,256,128,2048,1952.41
16,256,128,4096,3831.93
16,256,128,8192,7601.3
16,256,128,16384,15011.4
16,512,0,0,25.3327
16,512,1,16,32.1487
16,512,1,32,33.9627
16,512,1,64,36.362
16,512,1,128,42.8907
16,512,1,256,43.008
16,512,1,512,44.128
16,512,1,1024,46.0683
16,512,1,2048,56.0107
16,512,1,4096,72.266
16,512,1,8192,101.524
16,512,1,16384,158.495
16,512,2,16,31.712
16,512,2,32,33.76
16,512,2,64,36.1063
16,512,2,128,42.8377
16,512,2,256,43.7117
16,512,2,512,48.7147
16,512,2,1024,55.531
16,512,2,2048,73.003
16,512,2,4096,100.021
16,512,2,8192,158.762
16,512,2,16384,271.274
16,512,4,16,32.245
16,512,4,32,34.5173
16,512,4,64,37.2587
16,512,4,128,44.1923
16,512,4,256,49.5363
16,512,4,512,58.453
16,512,4,1024,72.9597
16,512,4,2048,105.184
16,512,4,4096,161.664
16,512,4,8192,278.624
16,512,4,16384,506.804
16,512,8,16,32.8633
16,512,8,32,35.584
16,512,8,64,38.1013
16,512,8,128,50.411
16,512,8,256,58.4853
16,512,8,512,74.4107
16,512,8,1024,104.01
16,512,8,2048,165.162
16,512,8,4096,279.06
16,512,8,8192,512.201
16,512,8,16384,964.712
16,512,16,16,35.5733
16,512,16,32,40.6293
16,512,16,64,45.461
16,512,16,128,56.0323
16,512,16,256,70.0797
16,512,16,512,101.045
16,512,16,1024,160.608
16,512,16,2048,275.946
16,512,16,4096,508.724
16,512,16,8192,967.923
16,512,16,16384,1879.48
16,512,32,16,42.1333
16,512,32,32,52.8423
16,512,32,64,61.9837
16,512,32,128,78.4747
16,512,32,256,107.903
16,512,32,512,168.106
16,512,32,1024,286.345
16,512,32,2048,519.753
16,512,32,4096,977.746
16,512,32,8192,1915.73
16,512,32,16384,3772.48
16,512,64,16,55.529
16,512,64,32,73.6857
16,512,64,64,90.4313
16,512,64,128,122.229
16,512,64,256,180.085
16,512,64,512,298.506
16,512,64,1024,533.929
16,512,64,2048,1005.93
16,512,64,4096,1958.44
16,512,64,8192,3863.87
16,512,64,16384,7621.92
16,512,128,16,76.512
16,512,128,32,106.208
16,512,128,64,136.725
16,512,128,128,196.661
16,512,128,256,313.482
16,512,128,512,544.425
16,512,128,1024,1010.08
16,512,128,2048,1951.47
16,512,128,4096,3816.78
16,512,128,8192,7575.67
16,512,128,16384,15009
16,1024,0,0,27.6903
16,1024,1,16,34.453
16,1024,1,32,36.2457
16,1024,1,64,38.827
16,1024,1,128,44.6187
16,1024,1,256,45.3963
16,1024,1,512,46.272
16,1024,1,1024,48.4057
16,1024,1,2048,58.5173
16,1024,1,4096,75.573
16,1024,1,8192,103.115
16,1024,1,16384,162.325
16,1024,2,16,34.2613
16,1024,2,32,36.3417
16,1024,2,64,39.0503
16,1024,2,128,45.3863
16,1024,2,256,46.3573
16,1024,2,512,50.9547
16,1024,2,1024,58.122
16,1024,2,2048,75.989
16,1024,2,4096,103.104
16,1024,2,8192,161.844
16,1024,2,16384,273.856
16,1024,4,16,34.464
16,1024,4,32,37.3013
16,1024,4,64,40.2247
16,1024,4,128,46.8903
16,1024,4,256,51.627
16,1024,4,512,60.512
16,1024,4,1024,76.5543
16,1024,4,2048,107.744
16,1024,4,4096,166.88
16,1024,4,8192,282.932
16,1024,4,16384,509.641
16,1024,8,16,35.2533
16,1024,8,32,38.2717
16,1024,8,64,41.472
16,1024,8,128,52.768
16,1024,8,256,60.949
16,1024,8,512,77.2047
16,1024,8,1024,106.923
16,1024,8,2048,166.774
16,1024,8,4096,282.271
16,1024,8,8192,512.948
16,1024,8,16384,968.851
16,1024,16,16,38.517
16,1024,16,32,43.4987
16,1024,16,64,47.669
16,1024,16,128,57.9293
16,1024,16,256,72.8747
16,1024,16,512,103.946
16,1024,16,1024,162.453
16,1024,16,2048,280.501
16,1024,16,4096,514.035
16,1024,16,8192,969.3
16,1024,16,16384,1894.53
16,1024,32,16,45.2693
16,1024,32,32,55.189
16,1024,32,64,64.234
16,1024,32,128,80.693
16,1024,32,256,108.906
16,1024,32,512,169.887
16,1024,32,1024,288.234
16,1024,32,2048,518.91
16,1024,32,4096,990.141
16,1024,32,8192,1916.75
16,1024,32,16384,3766.09
16,1024,64,16,57.589
16,1024,64,32,75.7113
16,1024,64,64,92.022
16,1024,64,128,123.264
16,1024,64,256,182.698
16,1024,64,512,301.343
16,1024,64,1024,532.916
16,1024,64,2048,1003.4
16,1024,64,4096,1953.15
16,1024,64,8192,3837.67
16,1024,64,16384,7647.04
16,1024,128,16,79.243
16,1024,128,32,109.429
16,1024,128,64,138.271
16,1024,128,128,199.69
16,1024,128,256,315.508
16,1024,128,512,545.481
16,1024,128,1024,1008.71
16,1024,128,2048,1952.57
16,1024,128,4096,3851.5
16,1024,128,8192,7581.49
16,1024,128,16384,15021.8
16,2048,0,0,37.7387
16,2048,1,16,44.565
16,2048,1,32,47.1463
16,2048,1,64,49.1517
16,2048,1,128,54.9963
16,2048,1,256,55.8073
16,2048,1,512,56.1173
16,2048,1,1024,58.581
16,2048,1,2048,68.831
16,2048,1,4096,87.796
16,2048,1,8192,116.416
16,2048,1,16384,172.693
16,2048,2,16,44.9063
16,2048,2,32,47.2307
16,2048,2,64,49.376
16,2048,2,128,55.3717
16,2048,2,256,56.256
16,2048,2,512,61.3333
16,2048,2,1024,68.4267
16,2048,2,2048,87.0827
16,2048,2,4096,115.733
16,2048,2,8192,174.676
16,2048,2,16384,288.042
16,2048,4,16,44.7147
16,2048,4,32,47.0393
16,2048,4,64,50.1223
16,2048,4,128,57.0773
16,2048,4,256,61.5463
16,2048,4,512,71.4563
16,2048,4,1024,88.362
16,2048,4,2048,119.616
16,2048,4,4096,177.696
16,2048,4,8192,292.17
16,2048,4,16384,522.462
16,2048,8,16,45.7703
16,2048,8,32,48.277
16,2048,8,64,51.1677
16,2048,8,128,63.9897
16,2048,8,256,71.776
16,2048,8,512,89.397
16,2048,8,1024,119.999
16,2048,8,2048,177.247
16,2048,8,4096,297.023
16,2048,8,8192,523.455
16,2048,8,16384,977.863
16,2048,16,16,48.4903
16,2048,16,32,53.3543
16,2048,16,64,58.048
16,2048,16,128,68.4157
16,2048,16,256,84.9917
16,2048,16,512,115.263
16,2048,16,1024,173.205
16,2048,16,2048,289.419
16,2048,16,4096,519.721
16,2048,16,8192,980.199
16,2048,16,16384,1896.06
16,2048,32,16,55.435
16,2048,32,32,66.1327
16,2048,32,64,75.36
16,2048,32,128,93.3327
16,2048,32,256,123.712
16,2048,32,512,182.25
16,2048,32,1024,299.87
16,2048,32,2048,532.33
16,2048,32,4096,996.381
16,2048,32,8192,1930.78
16,2048,32,16384,3790.99
16,2048,64,16,69.0987
16,2048,64,32,87.4987
16,2048,64,64,105.258
16,2048,64,128,137.237
16,2048,64,256,196.191
16,2048,64,512,312.842
16,2048,64,1024,549.151
16,2048,64,2048,1017.36
16,2048,64,4096,1971.62
16,2048,64,8192,3850.89
16,2048,64,16384,7659.16
16,2048,128,16,90.869
16,2048,128,32,119.819
16,2048,128,64,151.594
16,2048,128,128,211.327
16,2048,128,256,326.911
16,2048,128,512,557.386
16,2048,128,1024,1026.35
16,2048,128,2048,1954.01
16,2048,128,4096,3845.31
16,2048,128,8192,7553.99
16,2048,128,16384,15036.9
16,4096,0,0,55.3813
16,4096,1,16,62.048
16,4096,1,32,63.968
16,4096,1,64,66.2823
16,4096,1,128,71.9557
16,4096,1,256,72.832
16,4096,1,512,73.2257
16,4096,1,1024,75.7223
16,4096,1,2048,85.782
16,4096,1,4096,104.362
16,4096,1,8192,132.502
16,4096,1,16384,190.133
16,4096,2,16,61.653
16,4096,2,32,64.2237
16,4096,2,64,66.4847
16,4096,2,128,72.949
16,4096,2,256,73.4933
16,4096,2,512,78.5387
16,4096,2,1024,85.6423
16,4096,2,2048,104.939
16,4096,2,4096,133.119
16,4096,2,8192,191.103
16,4096,2,16384,301.13
16,4096,4,16,61.7917
16,4096,4,32,64.2343
16,4096,4,64,66.496
16,4096,4,128,74.3563
16,4096,4,256,78.9007
16,4096,4,512,88.597
16,4096,4,1024,105.568
16,4096,4,2048,136.234
16,4096,4,4096,195.839
16,4096,4,8192,312.201
16,4096,4,16384,537.492
16,4096,8,16,62.2607
16,4096,8,32,65.546
16,4096,8,64,68.491
16,4096,8,128,80.693
16,4096,8,256,89.568
16,4096,8,512,107.146
16,4096,8,1024,136.66
16,4096,8,2048,196
16,4096,8,4096,310.646
16,4096,8,8192,541.897
16,4096,8,16384,1002.98
16,4096,16,16,65.291
16,4096,16,32,70.315
16,4096,16,64,75.562
16,4096,16,128,86.0473
16,4096,16,256,101.589
16,4096,16,512,131.818
16,4096,16,1024,190.164
16,4096,16,2048,310.111
16,4096,16,4096,534.814
16,4096,16,8192,1002.31
16,4096,16,16384,1901.89
16,4096,32,16,72.97
16,4096,32,32,83.904
16,4096,32,64,94.08
16,4096,32,128,110.731
16,4096,32,256,140.415
16,4096,32,512,199.551
16,4096,32,1024,315.114
16,4096,32,2048,548.243
16,4096,32,4096,1012.99
16,4096,32,8192,1948.69
16,4096,32,16384,3793.64
16,4096,64,16,86.9547
16,4096,64,32,105.515
16,4096,64,64,123.658
16,4096,64,128,154.356
16,4096,64,256,213.13
16,4096,64,512,330.9
16,4096,64,1024,567.807
16,4096,64,2048,1041.35
16,4096,64,4096,1979.46
16,4096,64,8192,3877.21
16,4096,64,16384,7678.37
16,4096,128,16,109.514
16,4096,128,32,138.655
16,4096,128,64,169.78
16,4096,128,128,229.236
16,4096,128,256,347.359
16,4096,128,512,577.129
16,4096,128,1024,1040.55
16,4096,128,2048,1965.54
16,4096,128,4096,3862.65
16,4096,128,8192,7597.51
16,4096,128,16384,15039.8
16,8192,0,0,82.1647
16,8192,1,16,90.314
16,8192,1,32,90.9867
16,8192,1,64,93.8233
16,8192,1,128,99.6903
16,8192,1,256,100.148
16,8192,1,512,100.917
16,8192,1,1024,102.816
16,8192,1,2048,113.024
16,8192,1,4096,132.714
16,8192,1,8192,159.572
16,8192,1,16384,218.409
16,8192,2,16,89.0767
16,8192,2,32,91.1897
16,8192,2,64,93.6743
16,8192,2,128,100.32
16,8192,2,256,101.472
16,8192,2,512,105.782
16,8192,2,1024,112.608
16,8192,2,2048,131.659
16,8192,2,4096,160.063
16,8192,2,8192,219.317
16,8192,2,16384,327.23
16,8192,4,16,88.9157
16,8192,4,32,91.7437
16,8192,4,64,94.7083
16,8192,4,128,101.492
16,8192,4,256,106.73
16,8192,4,512,115.978
16,8192,4,1024,134.133
16,8192,4,2048,164.106
16,8192,4,4096,225.268
16,8192,4,8192,336.531
16,8192,4,16384,563.113
16,8192,8,16,89.7383
16,8192,8,32,93.1303
16,8192,8,64,95.7973
16,8192,8,128,108.011
16,8192,8,256,116.885
16,8192,8,512,134.858
16,8192,8,1024,164.81
16,8192,8,2048,223.711
16,8192,8,4096,340.991
16,8192,8,8192,568.062
16,8192,8,16384,1025.01
16,8192,16,16,93.1413
16,8192,16,32,97.865
16,8192,16,64,102.901
16,8192,16,128,114.635
16,8192,16,256,129.93
16,8192,16,512,160.672
16,8192,16,1024,217.813
16,8192,16,2048,338.025
16,8192,16,4096,564.041
16,8192,16,8192,1027.9
16,8192,16,16384,1941.93
16,8192,32,16,99.9993
16,8192,32,32,111.051
16,8192,32,64,120.287
16,8192,32,128,137.642
16,8192,32,256,167.093
16,8192,32,512,226.751
16,8192,32,1024,341.599
16,8192,32,2048,582.216
16,8192,32,4096,1040.89
16,8192,32,8192,1968.74
16,8192,32,16384,3823.81
16,8192,64,16,114.09
16,8192,64,32,133.279
16,8192,64,64,151.188
16,8192,64,128,181.877
16,8192,64,256,241.172
16,8192,64,512,358.303
16,8192,64,1024,594.569
16,8192,64,2048,1063.92
16,8192,64,4096,2012.99
16,8192,64,8192,3893
16,8192,64,16384,7692.26
16,8192,128,16,136.522
16,8192,128,32,166.037
16,8192,128,64,197.675
16,8192,128,128,258.772
16,8192,128,256,374.708
16,8192,128,512,606.323
16,8192,128,1024,1072.98
16,8192,128,2048,2003.04
16,8192,128,4096,3860.43
16,8192,128,8192,7663.3
16,8192,128,16384,15229.3
16,16384,0,0,139.071
16,16384,1,16,145.791
16,16384,1,32,147.028
16,16384,1,64,150.399
16,16384,1,128,157.503
16,16384,1,256,157.343
16,16384,1,512,158.773
16,16384,1,1024,158.719
16,16384,1,2048,170.9
16,16384,1,4096,189.493
16,16384,1,8192,216.191
16,16384,1,16384,274.825
16,16384,2,16,144.447
16,16384,2,32,147.413
16,16384,2,64,150.314
16,16384,2,128,156.575
16,16384,2,256,157.065
16,16384,2,512,162.282
16,16384,2,1024,170.154
16,16384,2,2048,188.426
16,16384,2,4096,215.924
16,16384,2,8192,274.057
16,16384,2,16384,383.145
16,16384,4,16,146.058
16,16384,4,32,147.466
16,16384,4,64,150.186
16,16384,4,128,158.409
16,16384,4,256,161.919
16,16384,4,512,171.615
16,16384,4,1024,189.301
16,16384,4,2048,221.578
16,16384,4,4096,279.306
16,16384,4,8192,394.25
16,16384,4,16384,622.867
16,16384,8,16,147.114
16,16384,8,32,149.759
16,16384,8,64,152.01
16,16384,8,128,164.767
16,16384,8,256,172.959
16,16384,8,512,190.164
16,16384,8,1024,219.274
16,16384,8,2048,277.962
16,16384,8,4096,395.807
16,16384,8,8192,622.685
16,16384,8,16384,1082.18
16,16384,16,16,149.385
16,16384,16,32,154.442
16,16384,16,64,157.994
16,16384,16,128,169.236
16,16384,16,256,185.109
16,16384,16,512,215.957
16,16384,16,1024,273.321
16,16384,16,2048,393.694
16,16384,16,4096,622.302
16,16384,16,8192,1081.06
16,16384,16,16384,1998.69
16,16384,32,16,157.098
16,16384,32,32,167.572
16,16384,32,64,176.18
16,16384,32,128,193.876
16,16384,32,256,224.767
16,16384,32,512,284.191
16,16384,32,1024,399.977
16,16384,32,2048,634.696
16,16384,32,4096,1093.5
16,16384,32,8192,2027.41
16,16384,32,16384,3891.61
16,16384,64,16,169.866
16,16384,64,32,189.632
16,16384,64,64,206.378
16,16384,64,128,238.281
16,16384,64,256,297.247
16,16384,64,512,414.623
16,16384,64,1024,653.277
16,16384,64,2048,1124.18
16,16384,64,4096,2077.19
16,16384,64,8192,3963.79
16,16384,64,16384,7753.92
16,16384,128,16,193.525
16,16384,128,32,222.452
16,16384,128,64,255.082
16,16384,128,128,314.677
16,16384,128,256,430.664
16,16384,128,512,662.066
16,16384,128,1024,1124.04
16,16384,128,2048,2069.44
16,16384,128,4096,3911.92
16,16384,128,8192,7686.24
16,16384,128,16384,15200.2
32,0,0,0,20.6823
32,0,1,16,26.9227
32,0,1,32,28.8427
32,0,1,64,31.3173
32,0,1,128,37.4933
32,0,1,256,37.8987
32,0,1,512,38.816
32,0,1,1024,40.32
32,0,1,2048,50.208
32,0,1,4096,67.6703
32,0,1,8192,95.488
32,0,1,16384,152.319
32,0,2,16,26.8373
32,0,2,32,28.928
32,0,2,64,31.339
32,0,2,128,37.7283
32,0,2,256,38.5067
32,0,2,512,43.2427
32,0,2,1024,49.7917
32,0,2,2048,66.9013
32,0,2,4096,94.8267
32,0,2,8192,152.298
32,0,2,16384,264.105
32,0,4,16,27.1683
32,0,4,32,29.4403
32,0,4,64,32.0853
32,0,4,128,38.8367
32,0,4,256,43.9577
32,0,4,512,52.319
32,0,4,1024,67.7117
32,0,4,2048,98.5273
32,0,4,4096,157.152
32,0,4,8192,272.639
32,0,4,16384,499.348
32,0,8,16,27.8933
32,0,8,32,30.613
32,0,8,64,33.355
32,0,8,128,44.96
32,0,8,256,53.248
32,0,8,512,67.893
32,0,8,1024,98.635
32,0,8,2048,159.147
32,0,8,4096,274.601
32,0,8,8192,499.571
32,0,8,16384,957.885
32,0,16,16,30.3567
32,0,16,32,35.3497
32,0,16,64,39.3173
32,0,16,128,50.2397
32,0,16,256,64.8957
32,0,16,512,95.2747
32,0,16,1024,152.97
32,0,16,2048,268.106
32,0,16,4096,499.817
32,0,16,8192,960.38
32,0,16,16384,1873.66
32,0,32,16,37.1627
32,0,32,32,46.997
32,0,32,64,56.533
32,0,32,128,74.197
32,0,32,256,104.138
32,0,32,512,163.626
32,0,32,1024,280.362
32,0,32,2048,513.524
32,0,32,4096,981.575
32,0,32,8192,1916.53
32,0,32,16384,3771.04
32,0,64,16,49.8237
32,0,64,32,67.765
32,0,64,64,85.3647
32,0,64,128,117.28
32,0,64,256,176.149
32,0,64,512,294.869
32,0,64,1024,530.601
32,0,64,2048,996.114
32,0,64,4096,1940.3
32,0,64,8192,3842.5
32,0,64,16384,7616.06
32,0,128,16,72.565
32,0,128,32,102.336
32,0,128,64,130.752
32,0,128,128,194.218
32,0,128,256,310.271
32,0,128,512,543.699
32,0,128,1024,1004.89
32,0,128,2048,1938.47
32,0,128,4096,3811.54
32,0,128,8192,7524.24
32,0,128,16384,15017.3
32,16,0,0,20.7677
32,16,1,16,27.0613
32,16,1,32,29.13
32,16,1,64,31.4137
32,16,1,128,37.6
32,16,1,256,37.8463
32,16,1,512,38.794
32,16,1,1024,40.352
32,16,1,2048,50.421
32,16,1,4096,67.5623
32,16,1,8192,95.5523
32,16,1,16384,153.066
32,16,2,16,27.0393
32,16,2,32,29.0237
32,16,2,64,31.3383
32,16,2,128,37.792
32,16,2,256,38.6563
32,16,2,512,43.467
32,16,2,1024,49.7597
32,16,2,2048,67.6057
32,16,2,4096,95.423
32,16,2,8192,153.482
32,16,2,16384,263.082
32,16,4,16,27.2643
32,16,4,32,29.5893
32,16,4,64,32.2557
32,16,4,128,39.253
32,16,4,256,43.914
32,16,4,512,53.0133
32,16,4,1024,67.7967
32,16,4,2048,98.4847
32,16,4,4096,156.053
32,16,4,8192,272.596
32,16,4,16384,504.083
32,16,8,16,28.1177
32,16,8,32,30.741
32,16,8,64,33.344
32,16,8,128,45.0243
32,16,8,256,52.917
32,16,8,512,69.5453
32,16,8,1024,98.0153
32,16,8,2048,159.348
32,16,8,4096,273.29
32,16,8,8192,503.155
32,16,8,16384,966.556
32,16,16,16,30.6553
32,16,16,32,35.723
32,16,16,64,39.3813
32,16,16,128,50.5173
32,16,16,256,65.312
32,16,16,512,95.1673
32,16,16,1024,154.624
32,16,16,2048,274.953
32,16,16,4096,501.576
32,16,16,8192,956.305
32,16,16,16384,1863.15
32,16,32,16,37.13
32,16,32,32,47.189
32,16,32,64,56.191
32,16,32,128,73.749
32,16,32,256,103.669
32,16,32,512,163.306
32,16,32,1024,278.217
32,16,32,2048,514.035
32,16,32,4096,978.417
32,16,32,8192,1912.61
32,16,32,16384,3757.13
32,16,64,16,50.571
32,16,64,32,67.9783
32,16,64,64,85.4183
32,16,64,128,116.864
32,16,64,256,176.053
32,16,64,512,293.738
32,16,64,1024,531.518
32,16,64,2048,1002.04
32,16,64,4096,1945.33
32,16,64,8192,3860.12
32,16,64,16384,7574.93
32,16,128,16,73.0027
32,16,128,32,101.397
32,16,128,64,130.88
32,16,128,128,193.504
32,16,128,256,310.089
32,16,128,512,540.915
32,16,128,1024,999.816
32,16,128,2048,1939.16
32,16,128,4096,3792.86
32,16,128,8192,7593.19
32,16,128,16384,15195.2
32,32,0,0,21.0777
32,32,1,16,27.328
32,32,1,32,29.3437
32,32,1,64,31.7327
32,32,1,128,37.7703
32,32,1,256,38.3573
32,32,1,512,39.125
32,32,1,1024,40.8427
32,32,1,2048,50.3677
32,32,1,4096,68.1063
32,32,1,8192,96.3087
32,32,1,16384,152.981
32,32,2,16,27.189
32,32,2,32,29.3117
32,32,2,64,31.679
32,32,2,128,38.4
32,32,2,256,38.827
32,32,2,512,43.808
32,32,2,1024,49.845
32,32,2,2048,67.9887
32,32,2,4096,94.9757
32,32,2,8192,153.055
32,32,2,16384,263.477
32,32,4,16,27.5623
32,32,4,32,29.9313
32,32,4,64,32.394
32,32,4,128,39.3807
32,32,4,256,44.2447
32,32,4,512,52.5227
32,32,4,1024,67.424
32,32,4,2048,98.132
32,32,4,4096,157.867
32,32,4,8192,272.522
32,32,4,16384,502.549
32,32,8,16,28.181
32,32,8,32,31.0827
32,32,8,64,33.8873
32,32,8,128,45.8347
32,32,8,256,53.323
32,32,8,512,69.1523
32,32,8,1024,98.772
32,32,8,2048,159.381
32,32,8,4096,272.927
32,32,8,8192,504.256
32,32,8,16384,957.137
32,32,16,16,30.976
32,32,16,32,35.872
32,32,16,64,39.9463
32,32,16,128,50.6883
32,32,16,256,65.2047
32,32,16,512,95.4347
32,32,16,1024,153.408
32,32,16,2048,273.108
32,32,16,4096,498.547
32,32,16,8192,961.767
32,32,16,16384,1873.45
32,32,32,16,37.5257
32,32,32,32,47.307
32,32,32,64,56.768
32,32,32,128,73.6527
32,32,32,256,103.594
32,32,32,512,164.106
32,32,32,1024,279.167
32,32,32,2048,515.934
32,32,32,4096,976.966
32,32,32,8192,1908.64
32,32,32,16384,3767.13
32,32,64,16,50.9647
32,32,64,32,68.8003
32,32,64,64,85.621
32,32,64,128,117.663
32,32,64,256,176.971
32,32,64,512,295.092
32,32,64,1024,528.712
32,32,64,2048,1001.27
32,32,64,4096,1942.32
32,32,64,8192,3834.95
32,32,64,16384,7602.99
32,32,128,16,73.312
32,32,128,32,102.569
32,32,128,64,132.148
32,32,128,128,194.698
32,32,128,256,310.474
32,32,128,512,539.529
32,32,128,1024,998.876
32,32,128,2048,1942.1
32,32,128,4096,3810.48
32,32,128,8192,7559.41
32,32,128,16384,15009.5
32,64,0,0,26.336
32,64,1,16,32.501
32,64,1,32,34.5493
32,64,1,64,36.9063
32,64,1,128,43.072
32,64,1,256,43.594
32,64,1,512,44.5543
32,64,1,1024,46.2927
32,64,1,2048,55.9893
32,64,1,4096,73.5467
32,64,1,8192,100.458
32,64,1,16384,159.039
32,64,2,16,32.5647
32,64,2,32,34.5593
32,64,2,64,37.12
32,64,2,128,43.4343
32,64,2,256,44.1277
32,64,2,512,49.4507
32,64,2,1024,55.4663
32,64,2,2048,73.2787
32,64,2,4096,101.013
32,64,2,8192,158.347
32,64,2,16384,269.418
32,64,4,16,32.884
32,64,4,32,35.0827
32,64,4,64,37.7703
32,64,4,128,44.618
32,64,4,256,49.301
32,64,4,512,57.9837
32,64,4,1024,72.917
32,64,4,2048,103.53
32,64,4,4096,162.848
32,64,4,8192,278.517
32,64,4,16384,501.182
32,64,8,16,33.5777
32,64,8,32,36.2987
32,64,8,64,38.8907
32,64,8,128,50.8367
32,64,8,256,58.293
32,64,8,512,74.2613
32,64,8,1024,103.765
32,64,8,2048,163.221
32,64,8,4096,280.714
32,64,8,8192,512.583
32,64,8,16384,962.214
32,64,16,16,36.1383
32,64,16,32,40.992
32,64,16,64,45.2797
32,64,16,128,55.328
32,64,16,256,70.3677
32,64,16,512,100.671
32,64,16,1024,161.013
32,64,16,2048,277.023
32,64,16,4096,508.136
32,64,16,8192,965.34
32,64,16,16384,1873.5
32,64,32,16,42.7087
32,64,32,32,52.565
32,64,32,64,62.0903
32,64,32,128,79.0617
32,64,32,256,108.672
32,64,32,512,167.956
32,64,32,1024,285.225
32,64,32,2048,517.406
32,64,32,4096,983.237
32,64,32,8192,1914.96
32,64,32,16384,3774.54
32,64,64,16,55.6377
32,64,64,32,73.4717
32,64,64,64,90.8163
32,64,64,128,122.932
32,64,64,256,180.682
32,64,64,512,299.039
32,64,64,1024,536.392
32,64,64,2048,1004.55
32,64,64,4096,1957.76
32,64,64,8192,3846.52
32,64,64,16384,7641.72
32,64,128,16,78.581
32,64,128,32,107.082
32,64,128,64,137.44
32,64,128,128,199.679
32,64,128,256,316.927
32,64,128,512,545.406
32,64,128,1024,1005.14
32,64,128,2048,1942.66
32,64,128,4096,3822.34
32,64,128,8192,7533.98
32,64,128,16384,15018.2
32,128,0,0,33.856
32,128,1,16,40.3633
32,128,1,32,42.2293
32,128,1,64,44.5967
32,128,1,128,51.0087
32,128,1,256,51.4887
32,128,1,512,52.0627
32,128,1,1024,54.1757
32,128,1,2048,64.651
32,128,1,4096,82.1217
32,128,1,8192,110.464
32,128,1,16384,167.274
32,128,2,16,40.362
32,128,2,32,42.442
32,128,2,64,44.6933
32,128,2,128,51.381
32,128,2,256,52.171
32,128,2,512,57.483
32,128,2,1024,64.5327
32,128,2,2048,81.792
32,128,2,4096,110.731
32,128,2,8192,168.938
32,128,2,16384,277.023
32,128,4,16,40.512
32,128,4,32,42.774
32,128,4,64,45.3653
32,128,4,128,52.6293
32,128,4,256,57.7173
32,128,4,512,67.211
32,128,4,1024,82.4
32,128,4,2048,113.727
32,128,4,4096,170.847
32,128,4,8192,289.418
32,128,4,16384,516.841
32,128,8,16,41.4607
32,128,8,32,43.904
32,128,8,64,46.9867
32,128,8,128,58.8373
32,128,8,256,66.975
32,128,8,512,83.8287
32,128,8,1024,113.728
32,128,8,2048,174.239
32,128,8,4096,287.615
32,128,8,8192,516.786
32,128,8,16384,976.967
32,128,16,16,43.9147
32,128,16,32,48.757
32,128,16,64,53.6417
32,128,16,128,63.9997
32,128,16,256,79.4133
32,128,16,512,109.441
32,128,16,1024,168.682
32,128,16,2048,287.892
32,128,16,4096,513.118
32,128,16,8192,969.158
32,128,16,16384,1885.39
32,128,32,16,50.687
32,128,32,32,61.1627
32,128,32,64,70.5707
32,128,32,128,88.0107
32,128,32,256,118.549
32,128,32,512,177.514
32,128,32,1024,290.601
32,128,32,2048,531.155
32,128,32,4096,987.59
32,128,32,8192,1913.61
32,128,32,16384,3777.42
32,128,64,16,63.7757
32,128,64,32,82.656
32,128,64,64,99.264
32,128,64,128,130.186
32,128,64,256,189.247
32,128,64,512,308.768
32,128,64,1024,539.464
32,128,64,2048,1015.94
32,128,64,4096,1954.6
32,128,64,8192,3850.97
32,128,64,16384,7600.77
32,128,128,16,86.367
32,128,128,32,116.148
32,128,128,64,146.293
32,128,128,128,206.357
32,128,128,256,324.372
32,128,128,512,556.019
32,128,128,1024,1015.64
32,128,128,2048,1952.06
32,128,128,4096,3805.96
32,128,128,8192,7545.27
32,128,128,16384,15036.9
32,256,0,0,34.1437
32,256,1,16,40.682
32,256,1,32,42.336
32,256,1,64,44.8
32,256,1,128,51.029
32,256,1,256,51.584
32,256,1,512,52.2987
32,256,1,1024,54.7837
32,256,1,2048,65.0017
32,256,1,4096,83.4987
32,256,1,8192,111.136
32,256,1,16384,168.895
32,256,2,16,40.7137
32,256,2,32,42.5807
32,256,2,64,44.8747
32,256,2,128,51.5727
32,256,2,256,52.2137
32,256,2,512,57.59
32,256,2,1024,65.4387
32,256,2,2048,82.5703
32,256,2,4096,111.125
32,256,2,8192,169.3
32,256,2,16384,278.25
32,256,4,16,40.8
32,256,4,32,42.987
32,256,4,64,45.9837
32,256,4,128,52.9057
32,256,4,256,57.877
32,256,4,512,67.391
32,256,4,1024,83.2417
32,256,4,2048,113.791
32,256,4,4096,173.897
32,256,4,8192,288.382
32,256,4,16384,518.174
32,256,8,16,41.4507
32,256,8,32,44.2023
32,256,8,64,46.8157
32,256,8,128,59.5407
32,256,8,256,67.904
32,256,8,512,84.5017
32,256,8,1024,114.378
32,256,8,2048,173.29
32,256,8,4096,287.092
32,256,8,8192,515.219
32,256,8,16384,981.564
32,256,16,16,44.245
32,256,16,32,49.0767
32,256,16,64,54.059
32,256,16,128,64.319
32,256,16,256,80.821
32,256,16,512,109.941
32,256,16,1024,169.386
32,256,16,2048,286.217
32,256,16,4096,513.075
32,256,16,8192,975.461
32,256,16,16384,1880.54
32,256,32,16,50.7413
32,256,32,32,61.5677
32,256,32,64,70.8157
32,256,32,128,88.565
32,256,32,256,118.57
32,256,32,512,177.087
32,256,32,1024,294.506
32,256,32,2048,526.057
32,256,32,4096,992.433
32,256,32,8192,1921.65
32,256,32,16384,3793.83
32,256,64,16,64.1597
32,256,64,32,83.1783
32,256,64,64,100.427
32,256,64,128,131.039
32,256,64,256,190.612
32,256,64,512,306.953
32,256,64,1024,543.123
32,256,64,2048,1017.57
32,256,64,4096,1966.3
32,256,64,8192,3850.17
32,256,64,16384,7622.8
32,256,128,16,86.9113
32,256,128,32,116.885
32,256,128,64,147.913
32,256,128,128,208.085
32,256,128,256,324.478
32,256,128,512,555.955
32,256,128,1024,1012.85
32,256,128,2048,1941.39
32,256,128,4096,3819.75
32,256,128,8192,7543.5
32,256,128,16384,15026.2
32,512,0,0,36.0863
32,512,1,16,42.197
32,512,1,32,44.1603
32,512,1,64,46.368
32,512,1,128,52.8317
32,512,1,256,53.056
32,512,1,512,54.4217
32,512,1,1024,57.3557
32,512,1,2048,67.3167
32,512,1,4096,86.2937
32,512,1,8192,113.749
32,512,1,16384,171.061
32,512,2,16,42.101
32,512,2,32,44.309
32,512,2,64,46.7733
32,512,2,128,53.2477
32,512,2,256,54.1223
32,512,2,512,59.4133
32,512,2,1024,67.3277
32,512,2,2048,85.7177
32,512,2,4096,113.556
32,512,2,8192,171.231
32,512,2,16384,280.617
32,512,4,16,42.2937
32,512,4,32,45.0987
32,512,4,64,47.306
32,512,4,128,55.0287
32,512,4,256,59.574
32,512,4,512,69.877
32,512,4,1024,86.1227
32,512,4,2048,116.629
32,512,4,4096,175.519
32,512,4,8192,292.287
32,512,4,16384,518.441
32,512,8,16,43.1783
32,512,8,32,46.3257
32,512,8,64,49.461
32,512,8,128,61.386
32,512,8,256,70.058
32,512,8,512,87.0617
32,512,8,1024,116.607
32,512,8,2048,175.455
32,512,8,4096,292.02
32,512,8,8192,520.872
32,512,8,16384,974.887
32,512,16,16,46.1103
32,512,16,32,51.7857
32,512,16,64,56.9173
32,512,16,128,67.296
32,512,16,256,82.7303
32,512,16,512,112.949
32,512,16,1024,172.384
32,512,16,2048,292.116
32,512,16,4096,520.19
32,512,16,8192,973.98
32,512,16,16384,1883.96
32,512,32,16,53.2587
32,512,32,32,64.2977
32,512,32,64,73.5787
32,512,32,128,90.7837
32,512,32,256,121.579
32,512,32,512,179.979
32,512,32,1024,295.977
32,512,32,2048,530.877
32,512,32,4096,994.748
32,512,32,8192,1930
32,512,32,16384,3782.54
32,512,64,16,66.1757
32,512,64,32,85.4287
32,512,64,64,101.621
32,512,64,128,133.194
32,512,64,256,192.426
32,512,64,512,310.121
32,512,64,1024,544.328
32,512,64,2048,1017.94
32,512,64,4096,1962.45
32,512,64,8192,3865.89
32,512,64,16384,7623.42
32,512,128,16,89.2053
32,512,128,32,119.039
32,512,128,64,150.016
32,512,128,128,210.762
32,512,128,256,324.788
32,512,128,512,556.701
32,512,128,1024,1018.61
32,512,128,2048,1945.14
32,512,128,4096,3807.33
32,512,128,8192,7541.77
32,512,128,16384,15027.3
32,1024,0,0,39.7213
32,1024,1,16,46.1647
32,1024,1,32,48.4687
32,1024,1,64,50.656
32,1024,1,128,56.5437
32,1024,1,256,57.163
32,1024,1,512,57.7803
32,1024,1,1024,60.5117
32,1024,1,2048,71.3173
32,1024,1,4096,90.143
32,1024,1,8192,118.218
32,1024,1,16384,177.194
32,1024,2,16,46.1223
32,1024,2,32,48.5117
32,1024,2,64,50.624
32,1024,2,128,57.2907
32,1024,2,256,58.0477
32,1024,2,512,63.0507
32,1024,2,1024,71.3377
32,1024,2,2048,90.228
32,1024,2,4096,119.06
32,1024,2,8192,177.098
32,1024,2,16384,288.606
32,1024,4,16,46.5703
32,1024,4,32,48.873
32,1024,4,64,51.5837
32,1024,4,128,58.5067
32,1024,4,256,63.8817
32,1024,4,512,73.6313
32,1024,4,1024,90.122
32,1024,4,2048,121.216
32,1024,4,4096,179.86
32,1024,4,8192,296.778
32,1024,4,16384,523.807
32,1024,8,16,47.2853
32,1024,8,32,50.2503
32,1024,8,64,52.8527
32,1024,8,128,64.9487
32,1024,8,256,74.0903
32,1024,8,512,91.4017
32,1024,8,1024,120.779
32,1024,8,2048,179.594
32,1024,8,4096,298.889
32,1024,8,8192,527.123
32,1024,8,16384,982.738
32,1024,16,16,50.1223
32,1024,16,32,54.933
32,1024,16,64,60.032
32,1024,16,128,71.2847
32,1024,16,256,86.6133
32,1024,16,512,118.047
32,1024,16,1024,175.999
32,1024,16,2048,291.86
32,1024,16,4096,519.837
32,1024,16,8192,977.456
32,1024,16,16384,1888.66
32,1024,32,16,56.948
32,1024,32,32,67.5197
32,1024,32,64,77.386
32,1024,32,128,94.6663
32,1024,32,256,124.17
32,1024,32,512,185.514
32,1024,32,1024,300.254
32,1024,32,2048,531.699
32,1024,32,4096,995.322
32,1024,32,8192,1938.67
32,1024,32,16384,3793.31
32,1024,64,16,69.8233
32,1024,64,32,89.674
32,1024,64,64,106.229
32,1024,64,128,138.676
32,1024,64,256,197.055
32,1024,64,512,313.918
32,1024,64,1024,546.589
32,1024,64,2048,1024.78
32,1024,64,4096,1972.09
32,1024,64,8192,3862.09
32,1024,64,16384,7609.74
32,1024,128,16,93.9093
32,1024,128,32,123.755
32,1024,128,64,154.421
32,1024,128,128,215.007
32,1024,128,256,331.583
32,1024,128,512,562.322
32,1024,128,1024,1022.47
32,1024,128,2048,1949.72
32,1024,128,4096,3812.78
32,1024,128,8192,7594.59
32,1024,128,16384,15031.6
32,2048,0,0,66.8583
32,2048,1,16,73.4083
32,2048,1,32,75.1467
32,2048,1,64,77.717
32,2048,1,128,83.7327
32,2048,1,256,84.8427
32,2048,1,512,85.9397
32,2048,1,1024,88.49
32,2048,1,2048,100.096
32,2048,1,4096,116.138
32,2048,1,8192,144.787
32,2048,1,16384,201.439
32,2048,2,16,72.2773
32,2048,2,32,76.1917
32,2048,2,64,78.6457
32,2048,2,128,84.8313
32,2048,2,256,86.0907
32,2048,2,512,89.856
32,2048,2,1024,100.138
32,2048,2,2048,116.725
32,2048,2,4096,145.29
32,2048,2,8192,203.849
32,2048,2,16384,311.113
32,2048,4,16,75.0823
32,2048,4,32,77.4387
32,2048,4,64,80.4263
32,2048,4,128,87.6053
32,2048,4,256,92.2453
32,2048,4,512,103.103
32,2048,4,1024,118.484
32,2048,4,2048,149.439
32,2048,4,4096,207.274
32,2048,4,8192,324.436
32,2048,4,16384,552.649
32,2048,8,16,75.4987
32,2048,8,32,79.6263
32,2048,8,64,80.991
32,2048,8,128,93.7483
32,2048,8,256,103.274
32,2048,8,512,121.087
32,2048,8,1024,150.912
32,2048,8,2048,210.911
32,2048,8,4096,323.795
32,2048,8,8192,555.228
32,2048,8,16384,1010.96
32,2048,16,16,79.5513
32,2048,16,32,84.1163
32,2048,16,64,89.5463
32,2048,16,128,98.7087
32,2048,16,256,114.26
32,2048,16,512,146.069
32,2048,16,1024,203.679
32,2048,16,2048,323.518
32,2048,16,4096,548.573
32,2048,16,8192,1004.07
32,2048,16,16384,1915.64
32,2048,32,16,86.4527
32,2048,32,32,97.3543
32,2048,32,64,105.963
32,2048,32,128,124.352
32,2048,32,256,153.375
32,2048,32,512,213.333
32,2048,32,1024,330.729
32,2048,32,2048,560.583
32,2048,32,4096,1032.45
32,2048,32,8192,1960.45
32,2048,32,16384,3817.02
32,2048,64,16,99.9147
32,2048,64,32,119.284
32,2048,64,64,136.127
32,2048,64,128,168.479
32,2048,64,256,227.422
32,2048,64,512,344.648
32,2048,64,1024,580.498
32,2048,64,2048,1052.12
32,2048,64,4096,1998.33
32,2048,64,8192,3891.07
32,2048,64,16384,7682.28
32,2048,128,16,123.296
32,2048,128,32,153.715
32,2048,128,64,184.916
32,2048,128,128,245.374
32,2048,128,256,361.022
32,2048,128,512,589.682
32,2048,128,1024,1049.27
32,2048,128,2048,2001.97
32,2048,128,4096,3840.49
32,2048,128,8192,7619.74
32,2048,128,16384,15058.6
32,4096,0,0,95.1463
32,4096,1,16,101.322
32,4096,1,32,104.085
32,4096,1,64,106.869
32,4096,1,128,113.696
32,4096,1,256,113.749
32,4096,1,512,115.38
32,4096,1,1024,116.981
32,4096,1,2048,128.927
32,4096,1,4096,145.909
32,4096,1,8192,173.374
32,4096,1,16384,233.118
32,4096,2,16,102.165
32,4096,2,32,103.69
32,4096,2,64,107.424
32,4096,2,128,113.418
32,4096,2,256,114.655
32,4096,2,512,119.241
32,4096,2,1024,127.37
32,4096,2,2048,144.554
32,4096,2,4096,172.32
32,4096,2,8192,231.519
32,4096,2,16384,339.262
32,4096,4,16,103.85
32,4096,4,32,105.536
32,4096,4,64,109.418
32,4096,4,128,116.191
32,4096,4,256,121.301
32,4096,4,512,131.509
32,4096,4,1024,146.729
32,4096,4,2048,178.133
32,4096,4,4096,234.464
32,4096,4,8192,350.931
32,4096,4,16384,578.962
32,4096,8,16,103.445
32,4096,8,32,105.791
32,4096,8,64,108.139
32,4096,8,128,121.846
32,4096,8,256,129.322
32,4096,8,512,146.752
32,4096,8,1024,176.32
32,4096,8,2048,236.521
32,4096,8,4096,350.857
32,4096,8,8192,578.994
32,4096,8,16384,1038.48
32,4096,16,16,105.482
32,4096,16,32,111.371
32,4096,16,64,116.682
32,4096,16,128,126.132
32,4096,16,256,143.168
32,4096,16,512,173.14
32,4096,16,1024,232.49
32,4096,16,2048,348.489
32,4096,16,4096,577.394
32,4096,16,8192,1036.09
32,4096,16,16384,1954.46
32,4096,32,16,113.418
32,4096,32,32,123.497
32,4096,32,64,134.079
32,4096,32,128,149.386
32,4096,32,256,180.149
32,4096,32,512,239.594
32,4096,32,1024,355.571
32,4096,32,2048,594.92
32,4096,32,4096,1058.45
32,4096,32,8192,1987.11
32,4096,32,16384,3844.46
32,4096,64,16,127.284
32,4096,64,32,145.567
32,4096,64,64,162.431
32,4096,64,128,193.557
32,4096,64,256,252.051
32,4096,64,512,371.539
32,4096,64,1024,603.027
32,4096,64,2048,1082.85
32,4096,64,4096,2029.5
32,4096,64,8192,3905.27
32,4096,64,16384,7696.54
32,4096,128,16,149.204
32,4096,128,32,179.082
32,4096,128,64,209.993
32,4096,128,128,269.194
32,4096,128,256,387.134
32,4096,128,512,615.773
32,4096,128,1024,1078.94
32,4096,128,2048,2001.79
32,4096,128,4096,3866.56
32,4096,128,8192,7598.53
32,4096,128,16384,15081.6
32,8192,0,0,142.612
32,8192,1,16,149.984
32,8192,1,32,152.426
32,8192,1,64,154.112
32,8192,1,128,159.893
32,8192,1,256,160.564
32,8192,1,512,161.759
32,8192,1,1024,165.802
32,8192,1,2048,175.231
32,8192,1,4096,193.599
32,8192,1,8192,220.725
32,8192,1,16384,278.9
32,8192,2,16,150.549
32,8192,2,32,151.071
32,8192,2,64,153.514
32,8192,2,128,160.639
32,8192,2,256,162.346
32,8192,2,512,166.527
32,8192,2,1024,174.89
32,8192,2,2048,193.429
32,8192,2,4096,219.136
32,8192,2,8192,277.45
32,8192,2,16384,388.798
32,8192,4,16,150.57
32,8192,4,32,154.026
32,8192,4,64,155.21
32,8192,4,128,165.088
32,8192,4,256,168.979
32,8192,4,512,179.156
32,8192,4,1024,194.431
32,8192,4,2048,224.18
32,8192,4,4096,282.75
32,8192,4,8192,400.434
32,8192,4,16384,628.029
32,8192,8,16,149.568
32,8192,8,32,154.591
32,8192,8,64,156.575
32,8192,8,128,168.5
32,8192,8,256,176.842
32,8192,8,512,193.897
32,8192,8,1024,224.243
32,8192,8,2048,280.873
32,8192,8,4096,399.411
32,8192,8,8192,625.788
32,8192,8,16384,1083.39
32,8192,16,16,153.642
32,8192,16,32,158.399
32,8192,16,64,166.197
32,8192,16,128,173.332
32,8192,16,256,189.875
32,8192,16,512,222.826
32,8192,16,1024,278.612
32,8192,16,2048,393.428
32,8192,16,4096,624.04
32,8192,16,8192,1083.91
32,8192,16,16384,1988.46
32,8192,32,16,162.229
32,8192,32,32,174.272
32,8192,32,64,181.599
32,8192,32,128,199.284
32,8192,32,256,227.828
32,8192,32,512,287.369
32,8192,32,1024,402.676
32,8192,32,2048,636.264
32,8192,32,4096,1102.15
32,8192,32,8192,2037.07
32,8192,32,16384,3887.8
32,8192,64,16,174.207
32,8192,64,32,192.309
32,8192,64,64,209.908
32,8192,64,128,240.33
32,8192,64,256,299.178
32,8192,64,512,416.436
32,8192,64,1024,653.842
32,8192,64,2048,1125.79
32,8192,64,4096,2068.16
32,8192,64,8192,3962.3
32,8192,64,16384,7756.5
32,8192,128,16,196.991
32,8192,128,32,227.082
32,8192,128,64,258.868
32,8192,128,128,317.374
32,8192,128,256,434.526
32,8192,128,512,665.053
32,8192,128,1024,1124.62
32,8192,128,2048,2062.14
32,8192,128,4096,3917.95
32,8192,128,8192,7695.94
32,8192,128,16384,15138.4
32,16384,0,0,235.689
32,16384,1,16,242.654
32,16384,1,32,244.095
32,16384,1,64,247.038
32,16384,1,128,251.818
32,16384,1,256,252.564
32,16384,1,512,255.7
32,16384,1,1024,257.215
32,16384,1,2048,267.764
32,16384,1,4096,284.98
32,16384,1,8192,312.393
32,16384,1,16384,372.319
32,16384,2,16,240.917
32,16384,2,32,243.689
32,16384,2,64,245.343
32,16384,2,128,251.977
32,16384,2,256,254.164
32,16384,2,512,259.081
32,16384,2,1024,267.316
32,16384,2,2048,284.788
32,16384,2,4096,313.012
32,16384,2,8192,370.761
32,16384,2,16384,481.62
32,16384,4,16,242.719
32,16384,4,32,245.13
32,16384,4,64,246.953
32,16384,4,128,254.505
32,16384,4,256,259.679
32,16384,4,512,270.099
32,16384,4,1024,285.823
32,16384,4,2048,316.468
32,16384,4,4096,374.559
32,16384,4,8192,488.99
32,16384,4,16384,721.852
32,16384,8,16,243.401
32,16384,8,32,246.399
32,16384,8,64,249.823
32,16384,8,128,261.375
32,16384,8,256,269.706
32,16384,8,512,287.582
32,16384,8,1024,316.244
32,16384,8,2048,375.124
32,16384,8,4096,493.597
32,16384,8,8192,722.887
32,16384,8,16384,1177.25
32,16384,16,16,246.762
32,16384,16,32,251.765
32,16384,16,64,256.447
32,16384,16,128,267.103
32,16384,16,256,281.802
32,16384,16,512,312.83
32,16384,16,1024,370.174
32,16384,16,2048,490.974
32,16384,16,4096,715.218
32,16384,16,8192,1174.93
32,16384,16,16384,2081
32,16384,32,16,253.322
32,16384,32,32,264.938
32,16384,32,64,272.948
32,16384,32,128,290.249
32,16384,32,256,320.084
32,16384,32,512,381.801
32,16384,32,1024,497.683
32,16384,32,2048,727.687
32,16384,32,4096,1190.88
32,16384,32,8192,2127.58
32,16384,32,16384,3982.06
32,16384,64,16,266.719
32,16384,64,32,285.865
32,16384,64,64,301.47
32,16384,64,128,332.404
32,16384,64,256,392.371
32,16384,64,512,510.483
32,16384,64,1024,743.602
32,16384,64,2048,1218.95
32,16384,64,4096,2164.16
32,16384,64,8192,4049.61
32,16384,64,16384,7829.07
32,16384,128,16,290.453
32,16384,128,32,320.618
32,16384,128,64,350.366
32,16384,128,128,412.18
32,16384,128,256,527.773
32,16384,128,512,756.828
32,16384,128,1024,1219.6
32,16384,128,2048,2142.44
32,16384,128,4096,4006.65
32,16384,128,8192,7743.95
32,16384,128,16384,15223.2
64,0,0,0,20.6613
64,0,1,16,26.965
64,0,1,32,28.9707
64,0,1,64,31.392
64,0,1,128,37.7597
64,0,1,256,38.0797
64,0,1,512,38.9863
64,0,1,1024,40.7467
64,0,1,2048,51.178
64,0,1,4096,69.525
64,0,1,8192,97.2267
64,0,1,16384,155.893
64,0,2,16,27.0617
64,0,2,32,29.1197
64,0,2,64,31.5837
64,0,2,128,38.1017
64,0,2,256,38.8693
64,0,2,512,43.7113
64,0,2,1024,50.997
64,0,2,2048,69.11
64,0,2,4096,96.5433
64,0,2,8192,156.063
64,0,2,16384,265.716
64,0,4,16,27.3807
64,0,4,32,29.7067
64,0,4,64,32.245
64,0,4,128,39.2207
64,0,4,256,44.3203
64,0,4,512,53.2263
64,0,4,1024,69.8237
64,0,4,2048,100.533
64,0,4,4096,158.069
64,0,4,8192,278.132
64,0,4,16384,503.912
64,0,8,16,28.1067
64,0,8,32,30.7623
64,0,8,64,33.344
64,0,8,128,45.4073
64,0,8,256,54.1333
64,0,8,512,71.4027
64,0,8,1024,99.8283
64,0,8,2048,160.479
64,0,8,4096,275.892
64,0,8,8192,506.238
64,0,8,16384,964.678
64,0,16,16,32.1923
64,0,16,32,37.045
64,0,16,64,41.5787
64,0,16,128,52.5117
64,0,16,256,68.544
64,0,16,512,98.6447
64,0,16,1024,158.313
64,0,16,2048,274.143
64,0,16,4096,501.842
64,0,16,8192,958.588
64,0,16,16384,1867.04
64,0,32,16,38.6023
64,0,32,32,49.5253
64,0,32,64,59.1573
64,0,32,128,76.287
64,0,32,256,106.463
64,0,32,512,168.127
64,0,32,1024,281.332
64,0,32,2048,517.853
64,0,32,4096,975.654
64,0,32,8192,1911.18
64,0,32,16384,3759.95
64,0,64,16,50.3573
64,0,64,32,69.1197
64,0,64,64,87.0713
64,0,64,128,118.058
64,0,64,256,177.449
64,0,64,512,295.626
64,0,64,1024,528.776
64,0,64,2048,1000.08
64,0,64,4096,1942.74
64,0,64,8192,3835.45
64,0,64,16384,7621.59
64,0,128,16,73.514
64,0,128,32,102.72
64,0,128,64,132.789
64,0,128,128,194.303
64,0,128,256,310.59
64,0,128,512,543.635
64,0,128,1024,1006.81
64,0,128,2048,1930.2
64,0,128,4096,3795.96
64,0,128,8192,7530.44
64,0,128,16384,15006.4
64,16,0,0,23.7013
64,16,1,16,30.0053
64,16,1,32,32.075
64,16,1,64,34.272
64,16,1,128,40.875
64,16,1,256,40.992
64,16,1,512,41.717
64,16,1,1024,44.1283
64,16,1,2048,54.3573
64,16,1,4096,72.352
64,16,1,8192,100.394
64,16,1,16384,158.378
64,16,2,16,30.0057
64,16,2,32,31.9893
64,16,2,64,34.5177
64,16,2,128,40.9177
64,16,2,256,42.0153
64,16,2,512,47.2
64,16,2,1024,54.3787
64,16,2,2048,72.416
64,16,2,4096,99.5733
64,16,2,8192,159.125
64,16,2,16384,269.94
64,16,4,16,30.272
64,16,4,32,32.704
64,16,4,64,35.3173
64,16,4,128,42.304
64,16,4,256,47.3167
64,16,4,512,56.4473
64,16,4,1024,72.15
64,16,4,2048,104.032
64,16,4,4096,160.938
64,16,4,8192,275.615
64,16,4,16384,510.27
64,16,8,16,31.1037
64,16,8,32,33.6853
64,16,8,64,36.544
64,16,8,128,48.5543
64,16,8,256,56.2973
64,16,8,512,74.3673
64,16,8,1024,104.735
64,16,8,2048,163.839
64,16,8,4096,280.244
64,16,8,8192,507.197
64,16,8,16384,961.872
64,16,16,16,35.402
64,16,16,32,40.1383
64,16,16,64,45.0557
64,16,16,128,55.0507
64,16,16,256,70.8583
64,16,16,512,101.312
64,16,16,1024,161.365
64,16,16,2048,281.161
64,16,16,4096,506.248
64,16,16,8192,962.214
64,16,16,16384,1886.57
64,16,32,16,41.9407
64,16,32,32,52.16
64,16,32,64,62.1223
64,16,32,128,79.424
64,16,32,256,109.066
64,16,32,512,169.343
64,16,32,1024,285.609
64,16,32,2048,517.458
64,16,32,4096,982.416
64,16,32,8192,1917.15
64,16,32,16384,3782.37
64,16,64,16,53.9303
64,16,64,32,72.1493
64,16,64,64,88.9067
64,16,64,128,121.76
64,16,64,256,179.37
64,16,64,512,299.667
64,16,64,1024,533.022
64,16,64,2048,1004.22
64,16,64,4096,1947.04
64,16,64,8192,3848.27
64,16,64,16384,7625.75
64,16,128,16,76.48
64,16,128,32,104.853
64,16,128,64,135.21
64,16,128,128,196.682
64,16,128,256,314.526
64,16,128,512,545.959
64,16,128,1024,1003.73
64,16,128,2048,1961.7
64,16,128,4096,3832.79
64,16,128,8192,7533.29
64,16,128,16384,15008.9
64,32,0,0,23.6047
64,32,1,16,30.0373
64,32,1,32,32.0103
64,32,1,64,34.3143
64,32,1,128,40.7997
64,32,1,256,41.023
64,32,1,512,41.8237
64,32,1,1024,43.776
64,32,1,2048,54.005
64,32,1,4096,72.414
64,32,1,8192,99.8183
64,32,1,16384,158.709
64,32,2,16,29.994
64,32,2,32,31.9783
64,32,2,64,34.3467
64,32,2,128,40.6183
64,32,2,256,41.6
64,32,2,512,47.4237
64,32,2,1024,54.1223
64,32,2,2048,72.5757
64,32,2,4096,99.104
64,32,2,8192,157.503
64,32,2,16384,269.331
64,32,4,16,30.293
64,32,4,32,32.576
64,32,4,64,35.1253
64,32,4,128,42.0697
64,32,4,256,47.168
64,32,4,512,56.4263
64,32,4,1024,71.8927
64,32,4,2048,103.818
64,32,4,4096,161.94
64,32,4,8192,277.779
64,32,4,16384,507.517
64,32,8,16,30.9223
64,32,8,32,33.7707
64,32,8,64,36.4047
64,32,8,128,48.235
64,32,8,256,56.3947
64,32,8,512,74.463
64,32,8,1024,103.541
64,32,8,2048,164.17
64,32,8,4096,276.82
64,32,8,8192,507.058
64,32,8,16384,962.619
64,32,16,16,35.1893
64,32,16,32,40.0533
64,32,16,64,44.5333
64,32,16,128,55.573
64,32,16,256,71.1357
64,32,16,512,101.333
64,32,16,1024,161.439
64,32,16,2048,276.766
64,32,16,4096,504.967
64,32,16,8192,964.677
64,32,16,16384,1872.45
64,32,32,16,41.7063
64,32,32,32,52.2983
64,32,32,64,61.8127
64,32,32,128,79.594
64,32,32,256,109.279
64,32,32,512,170.314
64,32,32,1024,285.833
64,32,32,2048,517.704
64,32,32,4096,981.477
64,32,32,8192,1914.78
64,32,32,16384,3766.21
64,32,64,16,53.8023
64,32,64,32,72.5117
64,32,64,64,89.514
64,32,64,128,121.525
64,32,64,256,179.796
64,32,64,512,298.846
64,32,64,1024,534.109
64,32,64,2048,1006.76
64,32,64,4096,1955.37
64,32,64,8192,3847.79
64,32,64,16384,7609.93
64,32,128,16,77.0773
64,32,128,32,105.248
64,32,128,64,134.922
64,32,128,128,198.068
64,32,128,256,314.248
64,32,128,512,547.464
64,32,128,1024,1007.49
64,32,128,2048,1939.26
64,32,128,4096,3810.71
64,32,128,8192,7528.61
64,32,128,16384,15009.7
64,64,0,0,26.208
64,64,1,16,32.4587
64,64,1,32,34.5173
64,64,1,64,36.7783
64,64,1,128,43.339
64,64,1,256,43.382
64,64,1,512,44.171
64,64,1,1024,46.2507
64,64,1,2048,56.864
64,64,1,4096,75.4123
64,64,1,8192,102.069
64,64,1,16384,162.281
64,64,2,16,32.5873
64,64,2,32,34.474
64,64,2,64,36.8747
64,64,2,128,43.3173
64,64,2,256,44.2663
64,64,2,512,49.194
64,64,2,1024,56.8537
64,64,2,2048,74.7837
64,64,2,4096,101.589
64,64,2,8192,160.628
64,64,2,16384,268.948
64,64,4,16,32.8527
64,64,4,32,35.0503
64,64,4,64,37.589
64,64,4,128,44.5647
64,64,4,256,49.6
64,64,4,512,58.6233
64,64,4,1024,75.072
64,64,4,2048,105.824
64,64,4,4096,163.072
64,64,4,8192,283.657
64,64,4,16384,511.187
64,64,8,16,33.4297
64,64,8,32,36.2667
64,64,8,64,38.9337
64,64,8,128,50.9437
64,64,8,256,59.273
64,64,8,512,75.9353
64,64,8,1024,106.25
64,64,8,2048,165.514
64,64,8,4096,280.169
64,64,8,8192,511.869
64,64,8,16384,967.675
64,64,16,16,37.728
64,64,16,32,42.421
64,64,16,64,47.3387
64,64,16,128,57.92
64,64,16,256,73.7063
64,64,16,512,104.096
64,64,16,1024,164.34
64,64,16,2048,279.743
64,64,16,4096,508.701
64,64,16,8192,963.855
64,64,16,16384,1874.97
64,64,32,16,44.437
64,64,32,32,55.093
64,64,32,64,65.194
64,64,32,128,81.535
64,64,32,256,111.978
64,64,32,512,172.095
64,64,32,1024,287.774
64,64,32,2048,524.179
64,64,32,4096,988.293
64,64,32,8192,1916.77
64,64,32,16384,3775.66
64,64,64,16,56.277
64,64,64,32,74.7833
64,64,64,64,92.3087
64,64,64,128,123.124
64,64,64,256,182.538
64,64,64,512,300.213
64,64,64,1024,535.816
64,64,64,2048,1007.2
64,64,64,4096,1941.75
64,64,64,8192,3827.48
64,64,64,16384,7617.14
64,64,128,16,78.2923
64,64,128,32,107.264
64,64,128,64,138.218
64,64,128,128,199.487
64,64,128,256,315.956
64,64,128,512,544.925
64,64,128,1024,1010.71
64,64,128,2048,1936.72
64,64,128,4096,3821.02
64,64,128,8192,7539.47
64,64,128,16384,15012.8
64,128,0,0,41.6743
64,128,1,16,48.2123
64,128,1,32,49.8453
64,128,1,64,52.298
64,128,1,128,58.2927
64,128,1,256,58.9107
64,128,1,512,59.8607
64,128,1,1024,62.5063
64,128,1,2048,73.195
64,128,1,4096,92.672
64,128,1,8192,120.693
64,128,1,16384,179.412
64,128,2,16,48.362
64,128,2,32,50.2293
64,128,2,64,52.544
64,128,2,128,59.3593
64,128,2,256,59.9677
64,128,2,512,66.293
64,128,2,1024,73.1947
64,128,2,2048,91.7547
64,128,2,4096,119.071
64,128,2,8192,179.114
64,128,2,16384,287.869
64,128,4,16,48.4053
64,128,4,32,50.5923
64,128,4,64,53.2047
64,128,4,128,60.4263
64,128,4,256,66.1867
64,128,4,512,76.053
64,128,4,1024,92.0103
64,128,4,2048,122.773
64,128,4,4096,182.613
64,128,4,8192,297.875
64,128,4,16384,526.651
64,128,8,16,49.3757
64,128,8,32,52.0953
64,128,8,64,54.7197
64,128,8,128,67.4233
64,128,8,256,76.277
64,128,8,512,93.012
64,128,8,1024,122.579
64,128,8,2048,182.132
64,128,8,4096,299.251
64,128,8,8192,528.188
64,128,8,16384,982.415
64,128,16,16,53.3337
64,128,16,32,58.9013
64,128,16,64,63.6683
64,128,16,128,74.495
64,128,16,256,90.0583
64,128,16,512,121.13
64,128,16,1024,179.028
64,128,16,2048,296.873
64,128,16,4096,524.733
64,128,16,8192,980.635
64,128,16,16384,1890.43
64,128,32,16,60.064
64,128,32,32,71.6587
64,128,32,64,80.501
64,128,32,128,98.208
64,128,32,256,128.618
64,128,32,512,189.226
64,128,32,1024,304.67
64,128,32,2048,536.008
64,128,32,4096,1002.57
64,128,32,8192,1932.07
64,128,32,16384,3789.15
64,128,64,16,71.7227
64,128,64,32,90.88
64,128,64,64,107.744
64,128,64,128,141.044
64,128,64,256,197.695
64,128,64,512,316.361
64,128,64,1024,552.69
64,128,64,2048,1027.02
64,128,64,4096,1963.59
64,128,64,8192,3861.79
64,128,64,16384,7655.62
64,128,128,16,95.1773
64,128,128,32,124.991
64,128,128,64,155.903
64,128,128,128,216.159
64,128,128,256,332.521
64,128,128,512,562.706
64,128,128,1024,1020.76
64,128,128,2048,1958.53
64,128,128,4096,3814.73
64,128,128,8192,7552.93
64,128,128,16384,15023.2
64,256,0,0,43.3497
64,256,1,16,49.9197
64,256,1,32,51.6373
64,256,1,64,54.3247
64,256,1,128,60.331
64,256,1,256,60.608
64,256,1,512,61.5777
64,256,1,1024,64.149
64,256,1,2048,74.9433
64,256,1,4096,93.4927
64,256,1,8192,122.666
64,256,1,16384,182.719
64,256,2,16,50.0693
64,256,2,32,52.1917
64,256,2,64,54.3033
64,256,2,128,60.9493
64,256,2,256,61.7587
64,256,2,512,67.2323
64,256,2,1024,75.2637
64,256,2,2048,94.3677
64,256,2,4096,120.896
64,256,2,8192,179.178
64,256,2,16384,290.516
64,256,4,16,50.0477
64,256,4,32,52.6293
64,256,4,64,55.359
64,256,4,128,62.2933
64,256,4,256,67.6583
64,256,4,512,77.5243
64,256,4,1024,93.919
64,256,4,2048,124.927
64,256,4,4096,182.816
64,256,4,8192,301.556
64,256,4,16384,526.258
64,256,8,16,50.7837
64,256,8,32,54.0373
64,256,8,64,57.0983
64,256,8,128,68.3093
64,256,8,256,77.941
64,256,8,512,95.029
64,256,8,1024,124.906
64,256,8,2048,185.15
64,256,8,4096,298.078
64,256,8,8192,526.739
64,256,8,16384,989.371
64,256,16,16,54.923
64,256,16,32,60.4687
64,256,16,64,65.4507
64,256,16,128,75.9137
64,256,16,256,91.9033
64,256,16,512,122.346
64,256,16,1024,180.681
64,256,16,2048,298.964
64,256,16,4096,528.072
64,256,16,8192,983.099
64,256,16,16384,1903.12
64,256,32,16,62.1647
64,256,32,32,72.8527
64,256,32,64,82.656
64,256,32,128,100.01
64,256,32,256,130.196
64,256,32,512,189.577
64,256,32,1024,305.15
64,256,32,2048,540.807
64,256,32,4096,1000.06
64,256,32,8192,1930.84
64,256,32,16384,3789.09
64,256,64,16,73.482
64,256,64,32,93.269
64,256,64,64,109.642
64,256,64,128,141.759
64,256,64,256,199.754
64,256,64,512,317.151
64,256,64,1024,551.08
64,256,64,2048,1029.76
64,256,64,4096,1968.33
64,256,64,8192,3860.91
64,256,64,16384,7655.57
64,256,128,16,96.757
64,256,128,32,126.719
64,256,128,64,156.757
64,256,128,128,218.633
64,256,128,256,334.163
64,256,128,512,567.442
64,256,128,1024,1028.49
64,256,128,2048,1961.33
64,256,128,4096,3820.09
64,256,128,8192,7556.32
64,256,128,16384,15038.8
64,512,0,0,61.216
64,512,1,16,67.2533
64,512,1,32,69.748
64,512,1,64,72.0843
64,512,1,128,78.1863
64,512,1,256,78.485
64,512,1,512,79.2307
64,512,1,1024,81.8657
64,512,1,2048,92.81
64,512,1,4096,112.01
64,512,1,8192,139.924
64,512,1,16384,197.139
64,512,2,16,67.5303
64,512,2,32,69.6317
64,512,2,64,72.0747
64,512,2,128,78.5593
64,512,2,256,79.028
64,512,2,512,84.4687
64,512,2,1024,92.3503
64,512,2,2048,111.552
64,512,2,4096,138.442
64,512,2,8192,198.335
64,512,2,16384,307.092
64,512,4,16,68.085
64,512,4,32,70.5053
64,512,4,64,72.896
64,512,4,128,79.925
64,512,4,256,85.7597
64,512,4,512,94.6453
64,512,4,1024,111.541
64,512,4,2048,142.645
64,512,4,4096,201.236
64,512,4,8192,316.563
64,512,4,16384,548.253
64,512,8,16,68.6173
64,512,8,32,71.5627
64,512,8,64,74.1327
64,512,8,128,86.6767
64,512,8,256,95.444
64,512,8,512,113.46
64,512,8,1024,141.973
64,512,8,2048,203.987
64,512,8,4096,316.893
64,512,8,8192,548.7
64,512,8,16384,1002.92
64,512,16,16,72.6293
64,512,16,32,78.0793
64,512,16,64,83.2963
64,512,16,128,93.4077
64,512,16,256,110.09
64,512,16,512,141.013
64,512,16,1024,199.22
64,512,16,2048,315.807
64,512,16,4096,544.733
64,512,16,8192,1004.43
64,512,16,16384,1916.43
64,512,32,16,80.735
64,512,32,32,91.2103
64,512,32,64,100.564
64,512,32,128,118.527
64,512,32,256,147.669
64,512,32,512,209.086
64,512,32,1024,326.537
64,512,32,2048,557.767
64,512,32,4096,1017.42
64,512,32,8192,1956.54
64,512,32,16384,3810.93
64,512,64,16,92.564
64,512,64,32,111.551
64,512,64,64,128.543
64,512,64,128,159.893
64,512,64,256,218.953
64,512,64,512,337.491
64,512,64,1024,574.567
64,512,64,2048,1039.82
64,512,64,4096,1990.64
64,512,64,8192,3877.9
64,512,64,16384,7673.12
64,512,128,16,116.65
64,512,128,32,146.708
64,512,128,64,177.993
64,512,128,128,238.367
64,512,128,256,353.598
64,512,128,512,582.578
64,512,128,1024,1051.35
64,512,128,2048,1976.75
64,512,128,4096,3843.7
64,512,128,8192,7567.04
64,512,128,16384,15051.8
64,1024,0,0,70.581
64,1024,1,16,76.031
64,1024,1,32,79.0187
64,1024,1,64,80.906
64,1024,1,128,86.9967
64,1024,1,256,87.3273
64,1024,1,512,89.0333
64,1024,1,1024,91.6783
64,1024,1,2048,102.463
64,1024,1,4096,120.211
64,1024,1,8192,148.682
64,1024,1,16384,206.676
64,1024,2,16,76.6077
64,1024,2,32,77.9837
64,1024,2,64,80.905
64,1024,2,128,87.04
64,1024,2,256,88.5117
64,1024,2,512,93.9193
64,1024,2,1024,102.378
64,1024,2,2048,120.341
64,1024,2,4096,147.21
64,1024,2,8192,206.142
64,1024,2,16384,315.987
64,1024,4,16,76.5653
64,1024,4,32,79.274
64,1024,4,64,82.56
64,1024,4,128,89.311
64,1024,4,256,94.603
64,1024,4,512,104.991
64,1024,4,1024,120.843
64,1024,4,2048,151.071
64,1024,4,4096,209.439
64,1024,4,8192,325.534
64,1024,4,16384,554.525
64,1024,8,16,77.7387
64,1024,8,32,81.1203
64,1024,8,64,84.138
64,1024,8,128,96.0953
64,1024,8,256,105.248
64,1024,8,512,121.054
64,1024,8,1024,152.831
64,1024,8,2048,210.345
64,1024,8,4096,327.882
64,1024,8,8192,556.787
64,1024,8,16384,1014.31
64,1024,16,16,82.282
64,1024,16,32,87.6047
64,1024,16,64,93.749
64,1024,16,128,103.348
64,1024,16,256,118.815
64,1024,16,512,149.631
64,1024,16,1024,208.766
64,1024,16,2048,324.723
64,1024,16,4096,553.309
64,1024,16,8192,1010.38
64,1024,16,16384,1922.05
64,1024,32,16,89.1627
64,1024,32,32,100.681
64,1024,32,64,109.876
64,1024,32,128,127.4
64,1024,32,256,156.117
64,1024,32,512,216.928
64,1024,32,1024,332.34
64,1024,32,2048,567.101
64,1024,32,4096,1025.7
64,1024,32,8192,1961.65
64,1024,32,16384,3811.18
64,1024,64,16,100.362
64,1024,64,32,120.255
64,1024,64,64,136.298
64,1024,64,128,167.903
64,1024,64,256,227.444
64,1024,64,512,345.407
64,1024,64,1024,576.786
64,1024,64,2048,1057.16
64,1024,64,4096,1999.53
64,1024,64,8192,3885.13
64,1024,64,16384,7656.22
64,1024,128,16,124.403
64,1024,128,32,154.516
64,1024,128,64,185.268
64,1024,128,128,245.098
64,1024,128,256,361.662
64,1024,128,512,591.954
64,1024,128,1024,1053.87
64,1024,128,2048,1979.34
64,1024,128,4096,3845.66
64,1024,128,8192,7577.31
64,1024,128,16384,15069.3
64,2048,0,0,95.786
64,2048,1,16,101.781
64,2048,1,32,104.81
64,2048,1,64,106.516
64,2048,1,128,112.586
64,2048,1,256,113.824
64,2048,1,512,114.868
64,2048,1,1024,116.351
64,2048,1,2048,128.042
64,2048,1,4096,145.93
64,2048,1,8192,173.685
64,2048,1,16384,231.796
64,2048,2,16,101.579
64,2048,2,32,104.256
64,2048,2,64,105.973
64,2048,2,128,113.247
64,2048,2,256,114.826
64,2048,2,512,119.326
64,2048,2,1024,127.786
64,2048,2,2048,146.015
64,2048,2,4096,173.877
64,2048,2,8192,230.784
64,2048,2,16384,340.563
64,2048,4,16,101.877
64,2048,4,32,105.376
64,2048,4,64,107.957
64,2048,4,128,114.645
64,2048,4,256,121.29
64,2048,4,512,129.833
64,2048,4,1024,146.411
64,2048,4,2048,178.452
64,2048,4,4096,234.996
64,2048,4,8192,353.364
64,2048,4,16384,581.608
64,2048,8,16,102.922
64,2048,8,32,106.688
64,2048,8,64,109.684
64,2048,8,128,122.922
64,2048,8,256,131.135
64,2048,8,512,147.37
64,2048,8,1024,176.874
64,2048,8,2048,238.739
64,2048,8,4096,353.801
64,2048,8,8192,580.221
64,2048,8,16384,1034.58
64,2048,16,16,107.882
64,2048,16,32,113.908
64,2048,16,64,118.495
64,2048,16,128,128.48
64,2048,16,256,143.05
64,2048,16,512,175.487
64,2048,16,1024,232.138
64,2048,16,2048,349
64,2048,16,4096,579.922
64,2048,16,8192,1035.72
64,2048,16,16384,1954.85
64,2048,32,16,115.477
64,2048,32,32,126.879
64,2048,32,64,135.764
64,2048,32,128,152.062
64,2048,32,256,182.559
64,2048,32,512,242.505
64,2048,32,1024,356.402
64,2048,32,2048,592.263
64,2048,32,4096,1055.76
64,2048,32,8192,1986.22
64,2048,32,16384,3853.24
64,2048,64,16,126.527
64,2048,64,32,145.46
64,2048,64,64,162.869
64,2048,64,128,195.946
64,2048,64,256,252.191
64,2048,64,512,371.795
64,2048,64,1024,601.554
64,2048,64,2048,1073.82
64,2048,64,4096,2021.07
64,2048,64,8192,3912.94
64,2048,64,16384,7708.14
64,2048,128,16,150.815
64,2048,128,32,180.159
64,2048,128,64,210.174
64,2048,128,128,271.167
64,2048,128,256,388.147
64,2048,128,512,617.191
64,2048,128,1024,1081.88
64,2048,128,2048,2004.15
64,2048,128,4096,3909.54
64,2048,128,8192,7602.67
64,2048,128,16384,15081.7
64,4096,0,0,144.105
64,4096,1,16,150.73
64,4096,1,32,152.49
64,4096,1,64,154.986
64,4096,1,128,162.282
64,4096,1,256,162.208
64,4096,1,512,165.321
64,4096,1,1024,165.951
64,4096,1,2048,176.276
64,4096,1,4096,194.132
64,4096,1,8192,221.171
64,4096,1,16384,279.838
64,4096,2,16,149.908
64,4096,2,32,153.054
64,4096,2,64,155.359
64,4096,2,128,162.505
64,4096,2,256,162.975
64,4096,2,512,169.225
64,4096,2,1024,176.17
64,4096,2,2048,194.057
64,4096,2,4096,221.705
64,4096,2,8192,278.537
64,4096,2,16384,389.917
64,4096,4,16,150.804
64,4096,4,32,153.354
64,4096,4,64,156.319
64,4096,4,128,164.191
64,4096,4,256,168.447
64,4096,4,512,179.924
64,4096,4,1024,194.549
64,4096,4,2048,226.132
64,4096,4,4096,284.084
64,4096,4,8192,399.272
64,4096,4,16384,629.138
64,4096,8,16,152.597
64,4096,8,32,155.956
64,4096,8,64,158.207
64,4096,8,128,169.833
64,4096,8,256,179.444
64,4096,8,512,194.857
64,4096,8,1024,225.876
64,4096,8,2048,283.859
64,4096,8,4096,400.883
64,4096,8,8192,630.706
64,4096,8,16384,1087.54
64,4096,16,16,156.447
64,4096,16,32,162.409
64,4096,16,64,167.306
64,4096,16,128,177.577
64,4096,16,256,193.193
64,4096,16,512,223.689
64,4096,16,1024,281.715
64,4096,16,2048,396.872
64,4096,16,4096,627.634
64,4096,16,8192,1086.06
64,4096,16,16384,1993.46
64,4096,32,16,164.042
64,4096,32,32,175.38
64,4096,32,64,183.528
64,4096,32,128,202.698
64,4096,32,256,230.825
64,4096,32,512,290.889
64,4096,32,1024,407.497
64,4096,32,2048,640.124
64,4096,32,4096,1109.01
64,4096,32,8192,2037.16
64,4096,32,16384,3898.51
64,4096,64,16,176.063
64,4096,64,32,193.279
64,4096,64,64,211.135
64,4096,64,128,242.676
64,4096,64,256,302.644
64,4096,64,512,421.663
64,4096,64,1024,654.908
64,4096,64,2048,1124.54
64,4096,64,4096,2070.07
64,4096,64,8192,3964.43
64,4096,64,16384,7722.15
64,4096,128,16,197.354
64,4096,128,32,227.839
64,4096,128,64,257.278
64,4096,128,128,320.095
64,4096,128,256,436.702
64,4096,128,512,663.345
64,4096,128,1024,1128.55
64,4096,128,2048,2070.88
64,4096,128,4096,3919.95
64,4096,128,8192,7651
64,4096,128,16384,15139.8
64,8192,0,0,225.641
64,8192,1,16,232.883
64,8192,1,32,234.911
64,8192,1,64,236.969
64,8192,1,128,242.792
64,8192,1,256,243.594
64,8192,1,512,245.373
64,8192,1,1024,247.913
64,8192,1,2048,258.047
64,8192,1,4096,276.436
64,8192,1,8192,303.785
64,8192,1,16384,361.886
64,8192,2,16,232.852
64,8192,2,32,235.315
64,8192,2,64,237.652
64,8192,2,128,243.614
64,8192,2,256,245.119
64,8192,2,512,250.143
64,8192,2,1024,258.058
64,8192,2,2048,275.721
64,8192,2,4096,303.326
64,8192,2,8192,360.916
64,8192,2,16384,473.821
64,8192,4,16,232.627
64,8192,4,32,234.804
64,8192,4,64,238.014
64,8192,4,128,246.153
64,8192,4,256,250.473
64,8192,4,512,261.438
64,8192,4,1024,277.108
64,8192,4,2048,307.187
64,8192,4,4096,365.95
64,8192,4,8192,479.88
64,8192,4,16384,712.081
64,8192,8,16,233.491
64,8192,8,32,238.281
64,8192,8,64,240.276
64,8192,8,128,252.691
64,8192,8,256,261.289
64,8192,8,512,277.246
64,8192,8,1024,305.886
64,8192,8,2048,365.045
64,8192,8,4096,478.92
64,8192,8,8192,712.944
64,8192,8,16384,1161.5
64,8192,16,16,238.409
64,8192,16,32,243.753
64,8192,16,64,249.705
64,8192,16,128,259.38
64,8192,16,256,274.281
64,8192,16,512,305.47
64,8192,16,1024,363.998
64,8192,16,2048,480.349
64,8192,16,4096,708.999
64,8192,16,8192,1166.2
64,8192,16,16384,2080.63
64,8192,32,16,245.993
64,8192,32,32,256.489
64,8192,32,64,264.756
64,8192,32,128,281.811
64,8192,32,256,311.689
64,8192,32,512,373.469
64,8192,32,1024,488.854
64,8192,32,2048,723.388
64,8192,32,4096,1183.62
64,8192,32,8192,2112.62
64,8192,32,16384,3971.26
64,8192,64,16,257.033
64,8192,64,32,276.532
64,8192,64,64,293.673
64,8192,64,128,323.625
64,8192,64,256,382.44
64,8192,64,512,502.323
64,8192,64,1024,735.121
64,8192,64,2048,1204.71
64,8192,64,4096,2153.42
64,8192,64,8192,4039.56
64,8192,64,16384,7780.22
64,8192,128,16,280.019
64,8192,128,32,310.132
64,8192,128,64,340.648
64,8192,128,128,401.683
64,8192,128,256,518.536
64,8192,128,512,747.858
64,8192,128,1024,1220.59
64,8192,128,2048,2137.03
64,8192,128,4096,3998.7
64,8192,128,8192,7737.4
64,8192,128,16384,15207.7
64,16384,0,0,392.361
64,16384,1,16,397.597
64,16384,1,32,399.636
64,16384,1,64,401.352
64,16384,1,128,408.489
64,16384,1,256,408.84
64,16384,1,512,410.142
64,16384,1,1024,411.645
64,16384,1,2048,423.048
64,16384,1,4096,440.723
64,16384,1,8192,469.031
64,16384,1,16384,525.107
64,16384,2,16,397.16
64,16384,2,32,400.179
64,16384,2,64,401.801
64,16384,2,128,408.008
64,16384,2,256,409.929
64,16384,2,512,415.08
64,16384,2,1024,423.613
64,16384,2,2048,439.922
64,16384,2,4096,467.282
64,16384,2,8192,527.112
64,16384,2,16384,636.614
64,16384,4,16,397.917
64,16384,4,32,399.709
64,16384,4,64,403.411
64,16384,4,128,410.749
64,16384,4,256,415.314
64,16384,4,512,425.096
64,16384,4,1024,440.871
64,16384,4,2048,472.659
64,16384,4,4096,530.759
64,16384,4,8192,645.735
64,16384,4,16384,877.663
64,16384,8,16,398.003
64,16384,8,32,401.747
64,16384,8,64,404.595
64,16384,8,128,417.245
64,16384,8,256,425.299
64,16384,8,512,441.885
64,16384,8,1024,472.776
64,16384,8,2048,530.055
64,16384,8,4096,646.886
64,16384,8,8192,873.179
64,16384,8,16384,1334.34
64,16384,16,16,403.123
64,16384,16,32,408.563
64,16384,16,64,413.822
64,16384,16,128,423.667
64,16384,16,256,439.464
64,16384,16,512,469.799
64,16384,16,1024,531.474
64,16384,16,2048,644.498
64,16384,16,4096,875.056
64,16384,16,8192,1330.9
64,16384,16,16384,2236.27
64,16384,32,16,410.494
64,16384,32,32,422.034
64,16384,32,64,430.077
64,16384,32,128,447.357
64,16384,32,256,477.074
64,16384,32,512,537.213
64,16384,32,1024,652.562
64,16384,32,2048,882.598
64,16384,32,4096,1347.3
64,16384,32,8192,2285.51
64,16384,32,16384,4134.93
64,16384,64,16,423.144
64,16384,64,32,440.648
64,16384,64,64,457.704
64,16384,64,128,489.48
64,16384,64,256,547.848
64,16384,64,512,666.033
64,16384,64,1024,897.04
64,16384,64,2048,1370.85
64,16384,64,4096,2316.63
64,16384,64,8192,4214.07
64,16384,64,16384,7947.97
64,16384,128,16,444.488
64,16384,128,32,473.373
64,16384,128,64,505.128
64,16384,128,128,564.541
64,16384,128,256,683.399
64,16384,128,512,912.55
64,16384,128,1024,1370.91
64,16384,128,2048,2322.83
64,16384,128,4096,4180.64
64,16384,128,8192,7903.17
64,16384,128,16384,15382.7
128,0,0,0,25.173
128,0,1,16,31.6797
128,0,1,32,33.5997
128,0,1,64,36.2237
128,0,1,128,42.965
128,0,1,256,43.3053
128,0,1,512,43.8613
128,0,1,1024,46.2713
128,0,1,2048,57.0773
128,0,1,4096,76.437
128,0,1,8192,104.19
128,0,1,16384,161.546
128,0,2,16,31.6047
128,0,2,32,33.749
128,0,2,64,36.4367
128,0,2,128,43.0717
128,0,2,256,43.8503
128,0,2,512,48.6177
128,0,2,1024,57.0347
128,0,2,2048,75.1673
128,0,2,4096,104.704
128,0,2,8192,162.601
128,0,2,16384,270.089
128,0,4,16,32.1063
128,0,4,32,34.6773
128,0,4,64,37.279
128,0,4,128,44.2023
128,0,4,256,49.3653
128,0,4,512,59.21
128,0,4,1024,76.224
128,0,4,2048,106.505
128,0,4,4096,166.953
128,0,4,8192,279.583
128,0,4,16384,512.478
128,0,8,16,33.045
128,0,8,32,35.8823
128,0,8,64,38.7197
128,0,8,128,50.7313
128,0,8,256,59.4987
128,0,8,512,76.863
128,0,8,1024,106.442
128,0,8,2048,165.364
128,0,8,4096,280.542
128,0,8,8192,511.912
128,0,8,16384,971.76
128,0,16,16,35.7223
128,0,16,32,41.2047
128,0,16,64,45.8973
128,0,16,128,56.7137
128,0,16,256,72.768
128,0,16,512,103.733
128,0,16,1024,161.268
128,0,16,2048,280.862
128,0,16,4096,509.725
128,0,16,8192,960.773
128,0,16,16384,1883.67
128,0,32,16,43.9467
128,0,32,32,55.3707
128,0,32,64,64.64
128,0,32,128,81.9833
128,0,32,256,111.989
128,0,32,512,171.337
128,0,32,1024,285.321
128,0,32,2048,521.928
128,0,32,4096,981.69
128,0,32,8192,1914.47
128,0,32,16384,3776.41
128,0,64,16,56.0423
128,0,64,32,75.2533
128,0,64,64,91.9143
128,0,64,128,123.188
128,0,64,256,181.46
128,0,64,512,299.913
128,0,64,1024,533.821
128,0,64,2048,1007
128,0,64,4096,1954.84
128,0,64,8192,3823.27
128,0,64,16384,7624.89
128,0,128,16,78.1007
128,0,128,32,108.437
128,0,128,64,138.741
128,0,128,128,198.666
128,0,128,256,315.945
128,0,128,512,542.984
128,0,128,1024,1009.25
128,0,128,2048,1943.34
128,0,128,4096,3802.35
128,0,128,8192,7531.85
128,0,128,16384,15015.5
128,16,0,0,59.466
128,16,1,16,66.336
128,16,1,32,68.0527
128,16,1,64,70.634
128,16,1,128,77.0557
128,16,1,256,77.4287
128,16,1,512,78.0577
128,16,1,1024,80.9277
128,16,1,2048,91.1997
128,16,1,4096,110.314
128,16,1,8192,138.665
128,16,1,16384,197.15
128,16,2,16,66.0263
128,16,2,32,68.5863
128,16,2,64,70.8483
128,16,2,128,77.535
128,16,2,256,78.1653
128,16,2,512,83.626
128,16,2,1024,91.1787
128,16,2,2048,110.325
128,16,2,4096,139.359
128,16,2,8192,196.244
128,16,2,16384,305.832
128,16,4,16,66.5807
128,16,4,32,69.557
128,16,4,64,72.0107
128,16,4,128,78.932
128,16,4,256,83.936
128,16,4,512,94.0797
128,16,4,1024,110.4
128,16,4,2048,141.738
128,16,4,4096,200.394
128,16,4,8192,314.995
128,16,4,16384,544.509
128,16,8,16,67.6793
128,16,8,32,70.4523
128,16,8,64,73.1727
128,16,8,128,85.4933
128,16,8,256,94.218
128,16,8,512,112.341
128,16,8,1024,141.301
128,16,8,2048,199.903
128,16,8,4096,316.755
128,16,8,8192,546.152
128,16,8,16384,998.511
128,16,16,16,70.1017
128,16,16,32,74.9117
128,16,16,64,80.5753
128,16,16,128,90.848
128,16,16,256,106.357
128,16,16,512,136.927
128,16,16,1024,195.476
128,16,16,2048,313.149
128,16,16,4096,544.754
128,16,16,8192,1001.46
128,16,16,16384,1912.95
128,16,32,16,78.5057
128,16,32,32,88.9373
128,16,32,64,98.453
128,16,32,128,115.903
128,16,32,256,145.567
128,16,32,512,206.825
128,16,32,1024,321.225
128,16,32,2048,556.53
128,16,32,4096,1019.58
128,16,32,8192,1953.31
128,16,32,16384,3808.34
128,16,64,16,90.026
128,16,64,32,109.994
128,16,64,64,125.534
128,16,64,128,157.353
128,16,64,256,217.023
128,16,64,512,334.419
128,16,64,1024,570.023
128,16,64,2048,1041.72
128,16,64,4096,1996.73
128,16,64,8192,3866.41
128,16,64,16384,7647.57
128,16,128,16,113.717
128,16,128,32,142.527
128,16,128,64,173.29
128,16,128,128,233.684
128,16,128,256,350.057
128,16,128,512,578.898
128,16,128,1024,1042.34
128,16,128,2048,1976.73
128,16,128,4096,3851.19
128,16,128,8192,7636.27
128,16,128,16384,15045.7
128,32,0,0,59.5727
128,32,1,16,66.1017
128,32,1,32,68.0957
128,32,1,64,70.037
128,32,1,128,76.1707
128,32,1,256,77.088
128,32,1,512,77.5663
128,32,1,1024,80.223
128,32,1,2048,90.9227
128,32,1,4096,110.313
128,32,1,8192,137.865
128,32,1,16384,195.465
128,32,2,16,65.8767
128,32,2,32,68.3617
128,32,2,64,70.666
128,32,2,128,76.8417
128,32,2,256,77.5353
128,32,2,512,83.4343
128,32,2,1024,90.921
128,32,2,2048,109.844
128,32,2,4096,138.186
128,32,2,8192,195.477
128,32,2,16384,306.173
128,32,4,16,66.527
128,32,4,32,68.6287
128,32,4,64,71.3807
128,32,4,128,78.3997
128,32,4,256,83.967
128,32,4,512,93.6103
128,32,4,1024,110.325
128,32,4,2048,141.077
128,32,4,4096,199.487
128,32,4,8192,315.443
128,32,4,16384,544.871
128,32,8,16,66.9547
128,32,8,32,70.0363
128,32,8,64,72.8097
128,32,8,128,84.8527
128,32,8,256,94.314
128,32,8,512,111.369
128,32,8,1024,140.821
128,32,8,2048,200.671
128,32,8,4096,316.169
128,32,8,8192,546.877
128,32,8,16384,1005.27
128,32,16,16,69.759
128,32,16,32,75.093
128,32,16,64,80.4473
128,32,16,128,90.3667
128,32,16,256,106.409
128,32,16,512,136.415
128,32,16,1024,196.49
128,32,16,2048,309.747
128,32,16,4096,540.616
128,32,16,8192,998.608
128,32,16,16384,1920.59
128,32,32,16,77.823
128,32,32,32,88.9387
128,32,32,64,97.9197
128,32,32,128,115.072
128,32,32,256,144.885
128,32,32,512,204.35
128,32,32,1024,322.366
128,32,32,2048,555.165
128,32,32,4096,1020.57
128,32,32,8192,1948.43
128,32,32,16384,3804.36
128,32,64,16,89.813
128,32,64,32,108.852
128,32,64,64,126.335
128,32,64,128,156.501
128,32,64,256,216.02
128,32,64,512,333.737
128,32,64,1024,568.669
128,32,64,2048,1041
128,32,64,4096,1990.06
128,32,64,8192,3882.8
128,32,64,16384,7650.34
128,32,128,16,112.863
128,32,128,32,142.773
128,32,128,64,172.915
128,32,128,128,233.193
128,32,128,256,349.907
128,32,128,512,581.586
128,32,128,1024,1049.45
128,32,128,2048,1976.39
128,32,128,4096,3830.76
128,32,128,8192,7560.22
128,32,128,16384,15045.6
128,64,0,0,59.5623
128,64,1,16,66.1647
128,64,1,32,68.043
128,64,1,64,70.5803
128,64,1,128,77.0127
128,64,1,256,77.2897
128,64,1,512,77.9093
128,64,1,1024,80.905
128,64,1,2048,91.1567
128,64,1,4096,110.837
128,64,1,8192,138.26
128,64,1,16384,196.148
128,64,2,16,65.941
128,64,2,32,68.6827
128,64,2,64,70.826
128,64,2,128,77.205
128,64,2,256,78.1757
128,64,2,512,83.2857
128,64,2,1024,91.1993
128,64,2,2048,110.153
128,64,2,4096,137.566
128,64,2,8192,197.332
128,64,2,16384,304.745
128,64,4,16,66.666
128,64,4,32,68.9383
128,64,4,64,71.914
128,64,4,128,78.7733
128,64,4,256,84.2767
128,64,4,512,94.25
128,64,4,1024,110.815
128,64,4,2048,141.162
128,64,4,4096,199.593
128,64,4,8192,315.956
128,64,4,16384,542.333
128,64,8,16,67.4233
128,64,8,32,70.3357
128,64,8,64,73.077
128,64,8,128,85.4933
128,64,8,256,94.4213
128,64,8,512,111.615
128,64,8,1024,140.991
128,64,8,2048,200.201
128,64,8,4096,316.669
128,64,8,8192,546.408
128,64,8,16384,1006.07
128,64,16,16,70.3673
128,64,16,32,75.2523
128,64,16,64,80.234
128,64,16,128,91.0287
128,64,16,256,107.69
128,64,16,512,136.618
128,64,16,1024,194.879
128,64,16,2048,313.438
128,64,16,4096,538.439
128,64,16,8192,996.944
128,64,16,16384,1905.8
128,64,32,16,78.453
128,64,32,32,89.6323
128,64,32,64,97.9407
128,64,32,128,115.679
128,64,32,256,146.314
128,64,32,512,205.749
128,64,32,1024,322.409
128,64,32,2048,553.906
128,64,32,4096,1018.95
128,64,32,8192,1953.35
128,64,32,16384,3808.63
128,64,64,16,90.2287
128,64,64,32,109.141
128,64,64,64,126.431
128,64,64,128,158.185
128,64,64,256,216.328
128,64,64,512,333.759
128,64,64,1024,569.821
128,64,64,2048,1044.97
128,64,64,4096,1986.61
128,64,64,8192,3887.34
128,64,64,16384,7675.67
128,64,128,16,113.088
128,64,128,32,143.039
128,64,128,64,173.525
128,64,128,128,233.364
128,64,128,256,350.205
128,64,128,512,578.834
128,64,128,1024,1046.8
128,64,128,2048,1970.12
128,64,128,4096,3851.86
128,64,128,8192,7562.26
128,64,128,16384,15047.6
128,128,0,0,60.0957
128,128,1,16,66.6657
128,128,1,32,68.2977
128,128,1,64,70.624
128,128,1,128,76.9713
128,128,1,256,77.5677
128,128,1,512,78.0267
128,128,1,1024,80.9163
128,128,1,2048,91.7967
128,128,1,4096,110.047
128,128,1,8192,138.122
128,128,1,16384,196.489
128,128,2,16,66.5167
128,128,2,32,68.511
128,128,2,64,71.04
128,128,2,128,77.6107
128,128,2,256,78.1107
128,128,2,512,83.6367
128,128,2,1024,91.145
128,128,2,2048,110.314
128,128,2,4096,138.656
128,128,2,8192,196.799
128,128,2,16384,306.526
128,128,4,16,66.5703
128,128,4,32,69.3007
128,128,4,64,71.989
128,128,4,128,78.8687
128,128,4,256,83.935
128,128,4,512,94.5163
128,128,4,1024,110.836
128,128,4,2048,142.261
128,128,4,4096,197.994
128,128,4,8192,318.644
128,128,4,16384,547.9
128,128,8,16,67.647
128,128,8,32,70.4417
128,128,8,64,73.227
128,128,8,128,85.939
128,128,8,256,94.4953
128,128,8,512,112.074
128,128,8,1024,142.026
128,128,8,2048,200.607
128,128,8,4096,319.188
128,128,8,8192,545.948
128,128,8,16384,1000.38
128,128,16,16,70.559
128,128,16,32,76.01
128,128,16,64,80.821
128,128,16,128,91.4343
128,128,16,256,107.092
128,128,16,512,137.579
128,128,16,1024,197.555
128,128,16,2048,312.51
128,128,16,4096,542.866
128,128,16,8192,997.413
128,128,16,16384,1909.03
128,128,32,16,78.6343
128,128,32,32,90.5267
128,128,32,64,99.2747
128,128,32,128,117.184
128,128,32,256,146.186
128,128,32,512,208.426
128,128,32,1024,320.948
128,128,32,2048,559.678
128,128,32,4096,1022.47
128,128,32,8192,1952.81
128,128,32,16384,3805.61
128,128,64,16,90.8367
128,128,64,32,109.984
128,128,64,64,126.367
128,128,64,128,158.549
128,128,64,256,217.268
128,128,64,512,334.408
128,128,64,1024,569.138
128,128,64,2048,1038.54
128,128,64,4096,1994.33
128,128,64,8192,3882.38
128,128,64,16384,7613.89
128,128,128,16,113.492
128,128,128,32,142.826
128,128,128,64,174.559
128,128,128,128,234.014
128,128,128,256,352.713
128,128,128,512,580.135
128,128,128,1024,1044.96
128,128,128,2048,1986.15
128,128,128,4096,3829.12
128,128,128,8192,7564.2
128,128,128,16384,15050.3
128,256,0,0,79.6263
128,256,1,16,86.389
128,256,1,32,88.458
128,256,1,64,91.3693
128,256,1,128,97.322
128,256,1,256,97.3217
128,256,1,512,98.911
128,256,1,1024,101.696
128,256,1,2048,112.639
128,256,1,4096,130.922
128,256,1,8192,158.174
128,256,1,16384,217.098
128,256,2,16,86.6443
128,256,2,32,89.0127
128,256,2,64,91.242
128,256,2,128,98.3793
128,256,2,256,98.6663
128,256,2,512,103.456
128,256,2,1024,112.329
128,256,2,2048,130.676
128,256,2,4096,157.322
128,256,2,8192,215.786
128,256,2,16384,326.547
128,256,4,16,86.9637
128,256,4,32,89.3543
128,256,4,64,91.914
128,256,4,128,99.6047
128,256,4,256,104.543
128,256,4,512,114.25
128,256,4,1024,130.751
128,256,4,2048,162.218
128,256,4,4096,221.429
128,256,4,8192,336.947
128,256,4,16384,564.519
128,256,8,16,88.1807
128,256,8,32,91.2097
128,256,8,64,94.5063
128,256,8,128,106.656
128,256,8,256,115.487
128,256,8,512,131.828
128,256,8,1024,161.14
128,256,8,2048,219.327
128,256,8,4096,336.35
128,256,8,8192,567.217
128,256,8,16384,1026.74
128,256,16,16,91.1243
128,256,16,32,96.4787
128,256,16,64,101.802
128,256,16,128,111.999
128,256,16,256,127.721
128,256,16,512,157.109
128,256,16,1024,216.799
128,256,16,2048,333.342
128,256,16,4096,563.25
128,256,16,8192,1024.76
128,256,16,16384,1933.44
128,256,32,16,99.8077
128,256,32,32,110.399
128,256,32,64,119.466
128,256,32,128,137.183
128,256,32,256,168.179
128,256,32,512,226.111
128,256,32,1024,342.121
128,256,32,2048,575.666
128,256,32,4096,1038.43
128,256,32,8192,1973.93
128,256,32,16384,3825.22
128,256,64,16,111.935
128,256,64,32,129.311
128,256,64,64,147.188
128,256,64,128,178.654
128,256,64,256,237.802
128,256,64,512,355.689
128,256,64,1024,589.245
128,256,64,2048,1064.11
128,256,64,4096,1995.9
128,256,64,8192,3881.62
128,256,64,16384,7650.43
128,256,128,16,134.015
128,256,128,32,163.678
128,256,128,64,194.869
128,256,128,128,255.443
128,256,128,256,373.533
128,256,128,512,602.397
128,256,128,1024,1064.22
128,256,128,2048,2001.93
128,256,128,4096,3876.94
128,256,128,8192,7637.66
128,256,128,16384,15068.1
128,512,0,0,95.103
128,512,1,16,101.279
128,512,1,32,103.786
128,512,1,64,105.823
128,512,1,128,112.106
128,512,1,256,113.225
128,512,1,512,114.57
128,512,1,1024,116.917
128,512,1,2048,127.103
128,512,1,4096,145.706
128,512,1,8192,173.003
128,512,1,16384,230.473
128,512,2,16,100.937
128,512,2,32,103.327
128,512,2,64,106.207
128,512,2,128,112.383
128,512,2,256,113.994
128,512,2,512,118.943
128,512,2,1024,127.509
128,512,2,2048,145.417
128,512,2,4096,172.948
128,512,2,8192,229.843
128,512,2,16384,343.251
128,512,4,16,101.194
128,512,4,32,104.5
128,512,4,64,107.018
128,512,4,128,114.784
128,512,4,256,119.861
128,512,4,512,129.567
128,512,4,1024,145.993
128,512,4,2048,175.817
128,512,4,4096,236.776
128,512,4,8192,349.213
128,512,4,16384,576.391
128,512,8,16,102.24
128,512,8,32,106.228
128,512,8,64,109.066
128,512,8,128,121.216
128,512,8,256,129.813
128,512,8,512,146.559
128,512,8,1024,176.895
128,512,8,2048,235.145
128,512,8,4096,350.29
128,512,8,8192,580.413
128,512,8,16384,1034.97
128,512,16,16,106.058
128,512,16,32,110.528
128,512,16,64,116.33
128,512,16,128,126.217
128,512,16,256,141.599
128,512,16,512,172.671
128,512,16,1024,231.295
128,512,16,2048,348.307
128,512,16,4096,574.844
128,512,16,8192,1031.11
128,512,16,16384,1947.69
128,512,32,16,114.377
128,512,32,32,125.845
128,512,32,64,134.57
128,512,32,128,152.255
128,512,32,256,181.577
128,512,32,512,241.535
128,512,32,1024,354.409
128,512,32,2048,587.1
128,512,32,4096,1049.85
128,512,32,8192,1980.47
128,512,32,16384,3854.86
128,512,64,16,125.919
128,512,64,32,145.226
128,512,64,64,161.845
128,512,64,128,193.012
128,512,64,256,251.636
128,512,64,512,370.792
128,512,64,1024,605.255
128,512,64,2048,1074.88
128,512,64,4096,2024.97
128,512,64,8192,3913.22
128,512,64,16384,7716.4
128,512,128,16,148.607
128,512,128,32,178.559
128,512,128,64,208.917
128,512,128,128,268.02
128,512,128,256,385.715
128,512,128,512,616.625
128,512,128,1024,1073.17
128,512,128,2048,2025.73
128,512,128,4096,3884.7
128,512,128,8192,7601.96
128,512,128,16384,15080.3
128,1024,0,0,118.399
128,1024,1,16,124.981
128,1024,1,32,127.935
128,1024,1,64,129.481
128,1024,1,128,135.743
128,1024,1,256,136.575
128,1024,1,512,137.823
128,1024,1,1024,140.724
128,1024,1,2048,150.772
128,1024,1,4096,169.097
128,1024,1,8192,196.575
128,1024,1,16384,255.4
128,1024,2,16,125.087
128,1024,2,32,128.137
128,1024,2,64,130.196
128,1024,2,128,136.852
128,1024,2,256,137.919
128,1024,2,512,142.964
128,1024,2,1024,151.092
128,1024,2,2048,169.214
128,1024,2,4096,196.029
128,1024,2,8192,254.706
128,1024,2,16384,364.466
128,1024,4,16,126.132
128,1024,4,32,128.276
128,1024,4,64,130.857
128,1024,4,128,138.91
128,1024,4,256,143.22
128,1024,4,512,153.481
128,1024,4,1024,169.502
128,1024,4,2048,200.317
128,1024,4,4096,258.684
128,1024,4,8192,377.404
128,1024,4,16384,603.343
128,1024,8,16,126.846
128,1024,8,32,129.78
128,1024,8,64,133.033
128,1024,8,128,144.841
128,1024,8,256,152.83
128,1024,8,512,170.494
128,1024,8,1024,199.956
128,1024,8,2048,260.702
128,1024,8,4096,373.97
128,1024,8,8192,604.4
128,1024,8,16384,1058.06
128,1024,16,16,129.801
128,1024,16,32,135.124
128,1024,16,64,140.404
128,1024,16,128,150.078
128,1024,16,256,165.864
128,1024,16,512,196.351
128,1024,16,1024,254.173
128,1024,16,2048,371.612
128,1024,16,4096,601.06
128,1024,16,8192,1056
128,1024,16,16384,1965.6
128,1024,32,16,138.025
128,1024,32,32,149.694
128,1024,32,64,158.718
128,1024,32,128,175.795
128,1024,32,256,204.382
128,1024,32,512,265.001
128,1024,32,1024,379.377
128,1024,32,2048,614.149
128,1024,32,4096,1076.61
128,1024,32,8192,2006.39
128,1024,32,16384,3867.47
128,1024,64,16,149.813
128,1024,64,32,168.457
128,1024,64,64,185.896
128,1024,64,128,216.691
128,1024,64,256,274.813
128,1024,64,512,392.999
128,1024,64,1024,629.572
128,1024,64,2048,1105.44
128,1024,64,4096,2049.12
128,1024,64,8192,3932.82
128,1024,64,16384,7744.2
128,1024,128,16,172.478
128,1024,128,32,201.438
128,1024,128,64,232.915
128,1024,128,128,292.946
128,1024,128,256,409.809
128,1024,128,512,639.513
128,1024,128,1024,1099.65
128,1024,128,2048,2028.89
128,1024,128,4096,3891.33
128,1024,128,8192,7635.13
128,1024,128,16384,15113.9
128,2048,0,0,167.827
128,2048,1,16,173.96
128,2048,1,32,176.35
128,2048,1,64,177.801
128,2048,1,128,185.395
128,2048,1,256,185.716
128,2048,1,512,186.473
128,2048,1,1024,188.926
128,2048,1,2048,199.646
128,2048,1,4096,217.875
128,2048,1,8192,246.44
128,2048,1,16384,303.56
128,2048,2,16,174.196
128,2048,2,32,176.883
128,2048,2,64,179.39
128,2048,2,128,186.153
128,2048,2,256,186.387
128,2048,2,512,191.795
128,2048,2,1024,199.774
128,2048,2,2048,218.089
128,2048,2,4096,246.941
128,2048,2,8192,303.592
128,2048,2,16384,413.009
128,2048,4,16,174.558
128,2048,4,32,176.894
128,2048,4,64,179.934
128,2048,4,128,187.294
128,2048,4,256,192.478
128,2048,4,512,203.699
128,2048,4,1024,218.418
128,2048,4,2048,249.182
128,2048,4,4096,305.906
128,2048,4,8192,425.468
128,2048,4,16384,652.622
128,2048,8,16,175.891
128,2048,8,32,178.836
128,2048,8,64,181.78
128,2048,8,128,194.067
128,2048,8,256,203.198
128,2048,8,512,219.282
128,2048,8,1024,250.674
128,2048,8,2048,311.645
128,2048,8,4096,425.67
128,2048,8,8192,653.881
128,2048,8,16384,1110.68
128,2048,16,16,178.164
128,2048,16,32,183.592
128,2048,16,64,188.723
128,2048,16,128,199.241
128,2048,16,256,214.483
128,2048,16,512,245.267
128,2048,16,1024,302.504
128,2048,16,2048,422.129
128,2048,16,4096,650.585
128,2048,16,8192,1109.79
128,2048,16,16384,2018.39
128,2048,32,16,187.081
128,2048,32,32,197.918
128,2048,32,64,206.621
128,2048,32,128,223.55
128,2048,32,256,254.248
128,2048,32,512,314.546
128,2048,32,1024,430.716
128,2048,32,2048,663.034
128,2048,32,4096,1126.29
128,2048,32,8192,2057.94
128,2048,32,16384,3916.3
128,2048,64,16,198.537
128,2048,64,32,218.057
128,2048,64,64,234.11
128,2048,64,128,265.811
128,2048,64,256,323.731
128,2048,64,512,442.789
128,2048,64,1024,675.097
128,2048,64,2048,1151.03
128,2048,64,4096,2100.07
128,2048,64,8192,3986.32
128,2048,64,16384,7755.82
128,2048,128,16,220.958
128,2048,128,32,250.238
128,2048,128,64,281.224
128,2048,128,128,341.692
128,2048,128,256,457.862
128,2048,128,512,689.38
128,2048,128,1024,1152.86
128,2048,128,2048,2083.77
128,2048,128,4096,3939.58
128,2048,128,8192,7722.51
128,2048,128,16384,15174.9
128,4096,0,0,262.024
128,4096,1,16,268.702
128,4096,1,32,270.494
128,4096,1,64,273.223
128,4096,1,128,278.888
128,4096,1,256,279.624
128,4096,1,512,280.829
128,4096,1,1024,283.314
128,4096,1,2048,293.939
128,4096,1,4096,312.829
128,4096,1,8192,340.242
128,4096,1,16384,397.531
128,4096,2,16,269.31
128,4096,2,32,270.397
128,4096,2,64,273.651
128,4096,2,128,280.125
128,4096,2,256,280.744
128,4096,2,512,285.939
128,4096,2,1024,294.397
128,4096,2,2048,311.57
128,4096,2,4096,339.89
128,4096,2,8192,398.065
128,4096,2,16384,509.648
128,4096,4,16,268.808
128,4096,4,32,271.293
128,4096,4,64,273.97
128,4096,4,128,281.554
128,4096,4,256,286.695
128,4096,4,512,297.011
128,4096,4,1024,312.381
128,4096,4,2048,343.836
128,4096,4,4096,400.113
128,4096,4,8192,518.885
128,4096,4,16384,748.024
128,4096,8,16,269.971
128,4096,8,32,273.043
128,4096,8,64,276.498
128,4096,8,128,287.912
128,4096,8,256,296.68
128,4096,8,512,313.639
128,4096,8,1024,344.21
128,4096,8,2048,402.706
128,4096,8,4096,516.945
128,4096,8,8192,748.569
128,4096,8,16384,1199.88
128,4096,16,16,272.723
128,4096,16,32,278.163
128,4096,16,64,283.581
128,4096,16,128,293.277
128,4096,16,256,308.606
128,4096,16,512,340.156
128,4096,16,1024,398.257
128,4096,16,2048,512.069
128,4096,16,4096,741.326
128,4096,16,8192,1202.12
128,4096,16,16384,2115.68
128,4096,32,16,281.469
128,4096,32,32,291.336
128,4096,32,64,301.906
128,4096,32,128,319.25
128,4096,32,256,347.378
128,4096,32,512,408.721
128,4096,32,1024,525.978
128,4096,32,2048,758.242
128,4096,32,4096,1219.93
128,4096,32,8192,2156.17
128,4096,32,16384,3999.02
128,4096,64,16,293.107
128,4096,64,32,311.923
128,4096,64,64,328.658
128,4096,64,128,358.93
128,4096,64,256,418.897
128,4096,64,512,537.457
128,4096,64,1024,772.375
128,4096,64,2048,1239.9
128,4096,64,4096,2192.69
128,4096,64,8192,4083.91
128,4096,64,16384,7846.78
128,4096,128,16,315.303
128,4096,128,32,344.199
128,4096,128,64,375.837
128,4096,128,128,435.921
128,4096,128,256,551.941
128,4096,128,512,784.45
128,4096,128,1024,1239.94
128,4096,128,2048,2175.84
128,4096,128,4096,4049.45
128,4096,128,8192,7771.82
128,4096,128,16384,15253.9
128,8192,0,0,448.401
128,8192,1,16,455.11
128,8192,1,32,457.392
128,8192,1,64,459.664
128,8192,1,128,466.982
128,8192,1,256,465.884
128,8192,1,512,468.614
128,8192,1,1024,470.682
128,8192,1,2048,480.881
128,8192,1,4096,498.405
128,8192,1,8192,527.525
128,8192,1,16384,586.245
128,8192,2,16,454.758
128,8192,2,32,458.32
128,8192,2,64,459.696
128,8192,2,128,465.969
128,8192,2,256,467.932
128,8192,2,512,472.997
128,8192,2,1024,480.976
128,8192,2,2048,498.725
128,8192,2,4096,525.744
128,8192,2,8192,584.836
128,8192,2,16384,698.362
128,8192,4,16,455.569
128,8192,4,32,458.855
128,8192,4,64,461.18
128,8192,4,128,467.932
128,8192,4,256,473.008
128,8192,4,512,483.686
128,8192,4,1024,499.12
128,8192,4,2048,529.457
128,8192,4,4096,590.331
128,8192,4,8192,704.516
128,8192,4,16384,933.399
128,8192,8,16,456.561
128,8192,8,32,460.176
128,8192,8,64,462.96
128,8192,8,128,474.609
128,8192,8,256,483.153
128,8192,8,512,501.275
128,8192,8,1024,531.333
128,8192,8,2048,587.695
128,8192,8,4096,704.377
128,8192,8,8192,932.791
128,8192,8,16384,1395.61
128,8192,16,16,459.185
128,8192,16,32,465.959
128,8192,16,64,470.065
128,8192,16,128,482.192
128,8192,16,256,496.016
128,8192,16,512,526.801
128,8192,16,1024,585.723
128,8192,16,2048,703.758
128,8192,16,4096,929.025
128,8192,16,8192,1389.09
128,8192,16,16384,2298.29
128,8192,32,16,468.849
128,8192,32,32,479.216
128,8192,32,64,487.068
128,8192,32,128,506.566
128,8192,32,256,535.046
128,8192,32,512,595.343
128,8192,32,1024,711.207
128,8192,32,2048,947.416
128,8192,32,4096,1406.75
128,8192,32,8192,2341.35
128,8192,32,16384,4184.12
128,8192,64,16,480.326
128,8192,64,32,498.523
128,8192,64,64,515.356
128,8192,64,128,547.184
128,8192,64,256,605.188
128,8192,64,512,724.281
128,8192,64,1024,959.138
128,8192,64,2048,1431.94
128,8192,64,4096,2376.28
128,8192,64,8192,4253.91
128,8192,64,16384,8060.34
128,8192,128,16,501.669
128,8192,128,32,533.425
128,8192,128,64,562.417
128,8192,128,128,623.216
128,8192,128,256,739.225
128,8192,128,512,968.215
128,8192,128,1024,1430.66
128,8192,128,2048,2356.78
128,8192,128,4096,4216.49
128,8192,128,8192,7960.32
128,8192,128,16384,15437.5
128,16384,0,0,822.595
128,16384,1,16,828.451
128,16384,1,32,830.766
128,16384,1,64,833.72
128,16384,1,128,839.182
128,16384,1,256,840.601
128,16384,1,512,841.869
128,16384,1,1024,844.451
128,16384,1,2048,854.626
128,16384,1,4096,873.933
128,16384,1,8192,898.851
128,16384,1,16384,956.609
128,16384,2,16,829.336
128,16384,2,32,830.755
128,16384,2,64,833.047
128,16384,2,128,839.299
128,16384,2,256,841.262
128,16384,2,512,845.656
128,16384,2,1024,854.434
128,16384,2,2048,872.333
128,16384,2,4096,899.501
128,16384,2,8192,957.699
128,16384,2,16384,1067.36
128,16384,4,16,829.049
128,16384,4,32,833.316
128,16384,4,64,835.054
128,16384,4,128,841.465
128,16384,4,256,845.997
128,16384,4,512,856.216
128,16384,4,1024,872.483
128,16384,4,2048,902.914
128,16384,4,4096,960.183
128,16384,4,8192,1079.28
128,16384,4,16384,1308.48
128,16384,8,16,831.512
128,16384,8,32,832.11
128,16384,8,64,837.06
128,16384,8,128,847.725
128,16384,8,256,858.84
128,16384,8,512,874.818
128,16384,8,1024,902.242
128,16384,8,2048,962.957
128,16384,8,4096,1079.84
128,16384,8,8192,1308.63
128,16384,8,16384,1768.34
128,16384,16,16,833.711
128,16384,16,32,839.95
128,16384,16,64,843.086
128,16384,16,128,854.744
128,16384,16,256,869.731
128,16384,16,512,899.192
128,16384,16,1024,958.733
128,16384,16,2048,1074.64
128,16384,16,4096,1303.79
128,16384,16,8192,1760.33
128,16384,16,16384,2674.76
128,16384,32,16,840.931
128,16384,32,32,853.026
128,16384,32,64,861.977
128,16384,32,128,878.232
128,16384,32,256,907.96
128,16384,32,512,968.044
128,16384,32,1024,1085.05
128,16384,32,2048,1317.8
128,16384,32,4096,1781.55
128,16384,32,8192,2704.35
128,16384,32,16384,4562.17
128,16384,64,16,854.243
128,16384,64,32,872.066
128,16384,64,64,888.44
128,16384,64,128,919.106
128,16384,64,256,979.734
128,16384,64,512,1098.83
128,16384,64,1024,1333.96
128,16384,64,2048,1801.21
128,16384,64,4096,2750.44
128,16384,64,8192,4620.31
128,16384,64,16384,8417.77
128,16384,128,16,875.757
128,16384,128,32,905.475
128,16384,128,64,936.056
128,16384,128,128,998.125
128,16384,128,256,1113.7
128,16384,128,512,1340.93
128,16384,128,1024,1804.01
128,16384,128,2048,2751.88
128,16384,128,4096,4595.71
128,16384,128,8192,8329.95
128,16384,128,16384,15818.9
256,0,0,0,113.002
256,0,1,16,120.458
256,0,1,32,122.037
256,0,1,64,124.724
256,0,1,128,130.771
256,0,1,256,131.049
256,0,1,512,132.692
256,0,1,1024,134.857
256,0,1,2048,146.067
256,0,1,4096,163.369
256,0,1,8192,191.785
256,0,1,16384,248.457
256,0,2,16,120.297
256,0,2,32,122.591
256,0,2,64,125.119
256,0,2,128,131.445
256,0,2,256,132.106
256,0,2,512,137.065
256,0,2,1024,145.3
256,0,2,2048,163.391
256,0,2,4096,190.888
256,0,2,8192,249.63
256,0,2,16384,359.026
256,0,4,16,120.607
256,0,4,32,122.922
256,0,4,64,125.747
256,0,4,128,132.734
256,0,4,256,137.695
256,0,4,512,148.008
256,0,4,1024,163.082
256,0,4,2048,193.832
256,0,4,4096,253.855
256,0,4,8192,371.026
256,0,4,16384,599.024
256,0,8,16,121.002
256,0,8,32,125.023
256,0,8,64,127.551
256,0,8,128,138.804
256,0,8,256,148.116
256,0,8,512,165.577
256,0,8,1024,193.619
256,0,8,2048,254.323
256,0,8,4096,369.799
256,0,8,8192,598.149
256,0,8,16384,1058.86
256,0,16,16,124.105
256,0,16,32,130.132
256,0,16,64,134.356
256,0,16,128,145.236
256,0,16,256,160.564
256,0,16,512,190.345
256,0,16,1024,249.545
256,0,16,2048,369.437
256,0,16,4096,596.73
256,0,16,8192,1051.38
256,0,16,16384,1960.07
256,0,32,16,131.753
256,0,32,32,142.175
256,0,32,64,151.209
256,0,32,128,168.81
256,0,32,256,198.484
256,0,32,512,257.608
256,0,32,1024,373.02
256,0,32,2048,609.232
256,0,32,4096,1066.25
256,0,32,8192,2001.85
256,0,32,16384,3857.48
256,0,64,16,144.938
256,0,64,32,162.569
256,0,64,64,179.711
256,0,64,128,209.267
256,0,64,256,269.064
256,0,64,512,387.239
256,0,64,1024,622.938
256,0,64,2048,1099.19
256,0,64,4096,2036.25
256,0,64,8192,3921.84
256,0,64,16384,7692.08
256,0,128,16,166.719
256,0,128,32,195.732
256,0,128,64,226.867
256,0,128,128,286.313
256,0,128,256,405.042
256,0,128,512,637.52
256,0,128,1024,1103.36
256,0,128,2048,2022.05
256,0,128,4096,3925.1
256,0,128,8192,7620.01
256,0,128,16384,15111.9
256,16,0,0,119.434
256,16,1,16,126.185
256,16,1,32,128.906
256,16,1,64,130.964
256,16,1,128,137.236
256,16,1,256,138.132
256,16,1,512,138.974
256,16,1,1024,141.332
256,16,1,2048,151.668
256,16,1,4096,170.484
256,16,1,8192,197.981
256,16,1,16384,255.763
256,16,2,16,126.964
256,16,2,32,128.297
256,16,2,64,131.582
256,16,2,128,138.303
256,16,2,256,138.794
256,16,2,512,144.031
256,16,2,1024,152.597
256,16,2,2048,170.324
256,16,2,4096,197.779
256,16,2,8192,257.469
256,16,2,16384,367.772
256,16,4,16,126.772
256,16,4,32,129.257
256,16,4,64,131.786
256,16,4,128,139.316
256,16,4,256,144.873
256,16,4,512,154.751
256,16,4,1024,170.346
256,16,4,2048,202.184
256,16,4,4096,261.17
256,16,4,8192,377.969
256,16,4,16384,602.896
256,16,8,16,127.423
256,16,8,32,130.676
256,16,8,64,134.014
256,16,8,128,146.932
256,16,8,256,155.444
256,16,8,512,170.931
256,16,8,1024,200.862
256,16,8,2048,260.937
256,16,8,4096,376.605
256,16,8,8192,606.608
256,16,8,16384,1063.05
256,16,16,16,130.719
256,16,16,32,136.041
256,16,16,64,140.873
256,16,16,128,151.753
256,16,16,256,167.092
256,16,16,512,196.841
256,16,16,1024,256.595
256,16,16,2048,372.264
256,16,16,4096,602.929
256,16,16,8192,1056.33
256,16,16,16384,1986.14
256,16,32,16,138.313
256,16,32,32,148.596
256,16,32,64,158.163
256,16,32,128,174.943
256,16,32,256,204.051
256,16,32,512,264.201
256,16,32,1024,379.72
256,16,32,2048,614.267
256,16,32,4096,1077.39
256,16,32,8192,2007.51
256,16,32,16384,3872.14
256,16,64,16,149.791
256,16,64,32,168.938
256,16,64,64,185.759
256,16,64,128,217.918
256,16,64,256,276.189
256,16,64,512,393.842
256,16,64,1024,627.92
256,16,64,2048,1101.75
256,16,64,4096,2046.01
256,16,64,8192,3944.97
256,16,64,16384,7715.15
256,16,128,16,172.948
256,16,128,32,202.825
256,16,128,64,232.648
256,16,128,128,293.235
256,16,128,256,410.268
256,16,128,512,643.632
256,16,128,1024,1112.15
256,16,128,2048,2047.53
256,16,128,4096,3925.36
256,16,128,8192,7659.52
256,16,128,16384,15118.3
256,32,0,0,124.724
256,32,1,16,131.306
256,32,1,32,133.12
256,32,1,64,136.095
256,32,1,128,141.556
256,32,1,256,141.695
256,32,1,512,142.9
256,32,1,1024,145.524
256,32,1,2048,156.65
256,32,1,4096,174.079
256,32,1,8192,202.452
256,32,1,16384,260.073
256,32,2,16,130.11
256,32,2,32,133.471
256,32,2,64,135.283
256,32,2,128,142.697
256,32,2,256,143.657
256,32,2,512,148.33
256,32,2,1024,156.586
256,32,2,2048,174.099
256,32,2,4096,200.872
256,32,2,8192,260.776
256,32,2,16384,370.322
256,32,4,16,131.253
256,32,4,32,133.299
256,32,4,64,136.394
256,32,4,128,143.923
256,32,4,256,148.223
256,32,4,512,158.643
256,32,4,1024,174.59
256,32,4,2048,203.783
256,32,4,4096,264.317
256,32,4,8192,380.177
256,32,4,16384,606.842
256,32,8,16,132.191
256,32,8,32,135.102
256,32,8,64,138.452
256,32,8,128,150.782
256,32,8,256,158.25
256,32,8,512,174.654
256,32,8,1024,205.14
256,32,8,2048,263.422
256,32,8,4096,378.994
256,32,8,8192,606.874
256,32,8,16384,1067.15
256,32,16,16,134.634
256,32,16,32,140.32
256,32,16,64,145.726
256,32,16,128,154.879
256,32,16,256,171.839
256,32,16,512,200.616
256,32,16,1024,262.472
256,32,16,2048,375.601
256,32,16,4096,609.487
256,32,16,8192,1059.37
256,32,16,16384,1971.92
256,32,32,16,142.154
256,32,32,32,153.3
256,32,32,64,162.463
256,32,32,128,179.742
256,32,32,256,209.257
256,32,32,512,268.189
256,32,32,1024,384.007
256,32,32,2048,618.032
256,32,32,4096,1080.16
256,32,32,8192,2011.08
256,32,32,16384,3858.16
256,32,64,16,154.462
256,32,64,32,174.067
256,32,64,64,190.526
256,32,64,128,220.649
256,32,64,256,280.136
256,32,64,512,399.229
256,32,64,1024,632.859
256,32,64,2048,1105.81
256,32,64,4096,2048.45
256,32,64,8192,3924.04
256,32,64,16384,7678.07
256,32,128,16,176.906
256,32,128,32,206.143
256,32,128,64,237.086
256,32,128,128,297.534
256,32,128,256,412.744
256,32,128,512,646.096
256,32,128,1024,1106.48
256,32,128,2048,2051.64
256,32,128,4096,3895.07
256,32,128,8192,7627.97
256,32,128,16384,15113.2
256,64,0,0,123.764
256,64,1,16,130.666
256,64,1,32,132.404
256,64,1,64,134.772
256,64,1,128,141.844
256,64,1,256,141.791
256,64,1,512,143.594
256,64,1,1024,145.823
256,64,1,2048,156.575
256,64,1,4096,174.772
256,64,1,8192,203.166
256,64,1,16384,262.088
256,64,2,16,130.815
256,64,2,32,132.564
256,64,2,64,135.519
256,64,2,128,142.356
256,64,2,256,143.828
256,64,2,512,148.296
256,64,2,1024,156.894
256,64,2,2048,175.124
256,64,2,4096,202.163
256,64,2,8192,259.049
256,64,2,16384,372.403
256,64,4,16,131.103
256,64,4,32,133.706
256,64,4,64,136.212
256,64,4,128,144.67
256,64,4,256,148.596
256,64,4,512,158.517
256,64,4,1024,174.271
256,64,4,2048,205.576
256,64,4,4096,265.522
256,64,4,8192,380.689
256,64,4,16384,606.31
256,64,8,16,132.372
256,64,8,32,134.879
256,64,8,64,137.929
256,64,8,128,150.026
256,64,8,256,159.178
256,64,8,512,175.103
256,64,8,1024,205.929
256,64,8,2048,265.182
256,64,8,4096,379.069
256,64,8,8192,610.758
256,64,8,16384,1065.28
256,64,16,16,135.188
256,64,16,32,140.532
256,64,16,64,145.3
256,64,16,128,155.39
256,64,16,256,170.44
256,64,16,512,201.822
256,64,16,1024,259.912
256,64,16,2048,375.208
256,64,16,4096,604.656
256,64,16,8192,1062.11
256,64,16,16384,1974.87
256,64,32,16,142.314
256,64,32,32,152.969
256,64,32,64,162.132
256,64,32,128,178.228
256,64,32,256,208.65
256,64,32,512,268.615
256,64,32,1024,383.591
256,64,32,2048,618.533
256,64,32,4096,1080.96
256,64,32,8192,2009.47
256,64,32,16384,3863.3
256,64,64,16,154.313
256,64,64,32,173.567
256,64,64,64,190.461
256,64,64,128,221.118
256,64,64,256,280.36
256,64,64,512,397.181
256,64,64,1024,632.997
256,64,64,2048,1107.07
256,64,64,4096,2045.93
256,64,64,8192,3937.15
256,64,64,16384,7737.62
256,64,128,16,177.589
256,64,128,32,206.43
256,64,128,64,236.947
256,64,128,128,296.222
256,64,128,256,413.853
256,64,128,512,647.173
256,64,128,1024,1109.3
256,64,128,2048,2031.66
256,64,128,4096,3895.35
256,64,128,8192,7672.23
256,64,128,16384,15110.6
256,128,0,0,127.125
256,128,1,16,133.78
256,128,1,32,135.637
256,128,1,64,138.42
256,128,1,128,144.895
256,128,1,256,145.396
256,128,1,512,146.11
256,128,1,1024,149.386
256,128,1,2048,159.199
256,128,1,4096,176.777
256,128,1,8192,204.105
256,128,1,16384,263.581
256,128,2,16,133.589
256,128,2,32,135.53
256,128,2,64,138.709
256,128,2,128,144.65
256,128,2,256,146.131
256,128,2,512,151.743
256,128,2,1024,159.113
256,128,2,2048,177.161
256,128,2,4096,204.574
256,128,2,8192,263.956
256,128,2,16384,372.284
256,128,4,16,133.919
256,128,4,32,136.661
256,128,4,64,139.637
256,128,4,128,146.739
256,128,4,256,151.391
256,128,4,512,161.299
256,128,4,1024,178.079
256,128,4,2048,208.137
256,128,4,4096,265.533
256,128,4,8192,385.095
256,128,4,16384,612.123
256,128,8,16,134.665
256,128,8,32,137.94
256,128,8,64,140.714
256,128,8,128,153.493
256,128,8,256,161.834
256,128,8,512,178.324
256,128,8,1024,208.658
256,128,8,2048,267.463
256,128,8,4096,382.365
256,128,8,8192,617.349
256,128,8,16384,1071.07
256,128,16,16,137.77
256,128,16,32,143.124
256,128,16,64,148.383
256,128,16,128,158.345
256,128,16,256,174.175
256,128,16,512,205.139
256,128,16,1024,262.163
256,128,16,2048,380.807
256,128,16,4096,608.123
256,128,16,8192,1062.21
256,128,16,16384,1968.71
256,128,32,16,145.14
256,128,32,32,156.521
256,128,32,64,164.639
256,128,32,128,181.972
256,128,32,256,211.369
256,128,32,512,271.87
256,128,32,1024,387.154
256,128,32,2048,620.997
256,128,32,4096,1085.61
256,128,32,8192,2016.1
256,128,32,16384,3874.88
256,128,64,16,157.439
256,128,64,32,177.012
256,128,64,64,193.354
256,128,64,128,224.861
256,128,64,256,282.856
256,128,64,512,401.084
256,128,64,1024,636.571
256,128,64,2048,1106.12
256,128,64,4096,2046.9
256,128,64,8192,3938.25
256,128,64,16384,7707.49
256,128,128,16,179.743
256,128,128,32,209.971
256,128,128,64,240.671
256,128,128,128,299.539
256,128,128,256,416.199
256,128,128,512,649.926
256,128,128,1024,1113.62
256,128,128,2048,2035.71
256,128,128,4096,3922.7
256,128,128,8192,7638.66
256,128,128,16384,15120.1
256,256,0,0,138.698
256,256,1,16,145.075
256,256,1,32,146.91
256,256,1,64,149.876
256,256,1,128,156.149
256,256,1,256,156.169
256,256,1,512,157.343
256,256,1,1024,160.917
256,256,1,2048,170.633
256,256,1,4096,189.417
256,256,1,8192,215.891
256,256,1,16384,274.61
256,256,2,16,145.215
256,256,2,32,146.729
256,256,2,64,149.578
256,256,2,128,156.884
256,256,2,256,157.748
256,256,2,512,162.996
256,256,2,1024,170.388
256,256,2,2048,188.949
256,256,2,4096,216.083
256,256,2,8192,274.781
256,256,2,16384,384.103
256,256,4,16,145.321
256,256,4,32,147.539
256,256,4,64,150.889
256,256,4,128,158.772
256,256,4,256,163.69
256,256,4,512,173.14
256,256,4,1024,188.863
256,256,4,2048,220.777
256,256,4,4096,277.203
256,256,4,8192,394.941
256,256,4,16384,625.839
256,256,8,16,146.227
256,256,8,32,149.183
256,256,8,64,153.46
256,256,8,128,165.46
256,256,8,256,173.256
256,256,8,512,189.672
256,256,8,1024,220.052
256,256,8,2048,277.885
256,256,8,4096,393.939
256,256,8,8192,624.913
256,256,8,16384,1078.26
256,256,16,16,148.863
256,256,16,32,154.676
256,256,16,64,160.008
256,256,16,128,169.673
256,256,16,256,185.641
256,256,16,512,215.839
256,256,16,1024,275.027
256,256,16,2048,390.333
256,256,16,4096,619.707
256,256,16,8192,1075.73
256,256,16,16384,1987.17
256,256,32,16,155.668
256,256,32,32,167.392
256,256,32,64,176.287
256,256,32,128,193.183
256,256,32,256,223.359
256,256,32,512,281.736
256,256,32,1024,397.458
256,256,32,2048,632.325
256,256,32,4096,1097.85
256,256,32,8192,2027.44
256,256,32,16384,3883.51
256,256,64,16,168.884
256,256,64,32,187.636
256,256,64,64,204.36
256,256,64,128,236.584
256,256,64,256,294.931
256,256,64,512,412.2
256,256,64,1024,645.84
256,256,64,2048,1124.76
256,256,64,4096,2059.84
256,256,64,8192,3946.12
256,256,64,16384,7744.46
256,256,128,16,191.477
256,256,128,32,220.564
256,256,128,64,251.762
256,256,128,128,311.88
256,256,128,256,428.711
256,256,128,512,662.715
256,256,128,1024,1127.7
256,256,128,2048,2047.3
256,256,128,4096,3932.65
256,256,128,8192,7643.94
256,256,128,16384,15125
256,512,0,0,162.282
256,512,1,16,168.446
256,512,1,32,170.729
256,512,1,64,173.108
256,512,1,128,179.465
256,512,1,256,178.751
256,512,1,512,181.886
256,512,1,1024,183.444
256,512,1,2048,194.206
256,512,1,4096,212.479
256,512,1,8192,239.933
256,512,1,16384,297.182
256,512,2,16,168.318
256,512,2,32,171.23
256,512,2,64,173.834
256,512,2,128,180.49
256,512,2,256,182.143
256,512,2,512,186.302
256,512,2,1024,195.017
256,512,2,2048,212.499
256,512,2,4096,240.361
256,512,2,8192,298.291
256,512,2,16384,408.22
256,512,4,16,168.041
256,512,4,32,171.455
256,512,4,64,174.729
256,512,4,128,181.62
256,512,4,256,186.504
256,512,4,512,197.098
256,512,4,1024,212.264
256,512,4,2048,243.625
256,512,4,4096,301.224
256,512,4,8192,417.01
256,512,4,16384,645.893
256,512,8,16,170.207
256,512,8,32,173.332
256,512,8,64,175.881
256,512,8,128,187.635
256,512,8,256,197.471
256,512,8,512,213.172
256,512,8,1024,242.985
256,512,8,2048,301.992
256,512,8,4096,418.152
256,512,8,8192,642.853
256,512,8,16384,1098.13
256,512,16,16,172.382
256,512,16,32,178.537
256,512,16,64,182.772
256,512,16,128,193.224
256,512,16,256,208.436
256,512,16,512,239.294
256,512,16,1024,298.067
256,512,16,2048,414.908
256,512,16,4096,639.408
256,512,16,8192,1104.34
256,512,16,16384,2018.95
256,512,32,16,179.817
256,512,32,32,191.017
256,512,32,64,199.955
256,512,32,128,217.076
256,512,32,256,245.214
256,512,32,512,306.567
256,512,32,1024,421.586
256,512,32,2048,657.456
256,512,32,4096,1123.05
256,512,32,8192,2044.7
256,512,32,16384,3903.61
256,512,64,16,192.831
256,512,64,32,211.241
256,512,64,64,227.581
256,512,64,128,259.721
256,512,64,256,318.204
256,512,64,512,435.772
256,512,64,1024,668.731
256,512,64,2048,1141.5
256,512,64,4096,2090.06
256,512,64,8192,3966.56
256,512,64,16384,7754.82
256,512,128,16,215.113
256,512,128,32,244.158
256,512,128,64,275.305
256,512,128,128,335.111
256,512,128,256,453.597
256,512,128,512,688.688
256,512,128,1024,1140.42
256,512,128,2048,2070.31
256,512,128,4096,3950.42
256,512,128,8192,7666.56
256,512,128,16384,15151.9
256,1024,0,0,209.096
256,1024,1,16,216.638
256,1024,1,32,218.547
256,1024,1,64,221.726
256,1024,1,128,227.262
256,1024,1,256,227.838
256,1024,1,512,229.801
256,1024,1,1024,230.974
256,1024,1,2048,242.419
256,1024,1,4096,259.87
256,1024,1,8192,287.646
256,1024,1,16384,346.823
256,1024,2,16,216.02
256,1024,2,32,218.398
256,1024,2,64,221.428
256,1024,2,128,228.232
256,1024,2,256,229.416
256,1024,2,512,233.576
256,1024,2,1024,242.111
256,1024,2,2048,260.456
256,1024,2,4096,287.71
256,1024,2,8192,345.299
256,1024,2,16384,454.865
256,1024,4,16,216.489
256,1024,4,32,219.828
256,1024,4,64,223.07
256,1024,4,128,229.246
256,1024,4,256,234.484
256,1024,4,512,243.646
256,1024,4,1024,260.137
256,1024,4,2048,291.261
256,1024,4,4096,350.621
256,1024,4,8192,466.855
256,1024,4,16384,693.243
256,1024,8,16,217.8
256,1024,8,32,221.096
256,1024,8,64,223.88
256,1024,8,128,236.062
256,1024,8,256,244.703
256,1024,8,512,260.904
256,1024,8,1024,291.646
256,1024,8,2048,350.205
256,1024,8,4096,465.341
256,1024,8,8192,693.221
256,1024,8,16384,1155.95
256,1024,16,16,221.566
256,1024,16,32,226.611
256,1024,16,64,231.806
256,1024,16,128,242.024
256,1024,16,256,256.99
256,1024,16,512,287.187
256,1024,16,1024,347.325
256,1024,16,2048,463.718
256,1024,16,4096,690.543
256,1024,16,8192,1154.09
256,1024,16,16384,2055.88
256,1024,32,16,227.71
256,1024,32,32,239.336
256,1024,32,64,247.668
256,1024,32,128,264.392
256,1024,32,256,294.963
256,1024,32,512,355.304
256,1024,32,1024,471.335
256,1024,32,2048,703.29
256,1024,32,4096,1165.54
256,1024,32,8192,2095.69
256,1024,32,16384,3954.06
256,1024,64,16,240.126
256,1024,64,32,258.793
256,1024,64,64,275.283
256,1024,64,128,307.988
256,1024,64,256,365.939
256,1024,64,512,483.185
256,1024,64,1024,717.786
256,1024,64,2048,1189.43
256,1024,64,4096,2135.12
256,1024,64,8192,4028.53
256,1024,64,16384,7800.47
256,1024,128,16,262.473
256,1024,128,32,291.528
256,1024,128,64,322.216
256,1024,128,128,382.717
256,1024,128,256,499.089
256,1024,128,512,728.656
256,1024,128,1024,1195.07
256,1024,128,2048,2117.07
256,1024,128,4096,4002.78
256,1024,128,8192,7752.77
256,1024,128,16384,15193.9
256,2048,0,0,304.232
256,2048,1,16,310.429
256,2048,1,32,312.595
256,2048,1,64,315.763
256,2048,1,128,321.864
256,2048,1,256,322.451
256,2048,1,512,324.968
256,2048,1,1024,326.088
256,2048,1,2048,337.95
256,2048,1,4096,354.621
256,2048,1,8192,381.575
256,2048,1,16384,440.615
256,2048,2,16,310.824
256,2048,2,32,313.181
256,2048,2,64,315.966
256,2048,2,128,323.613
256,2048,2,256,324.296
256,2048,2,512,328.957
256,2048,2,1024,337.683
256,2048,2,2048,355.09
256,2048,2,4096,382.525
256,2048,2,8192,441.042
256,2048,2,16384,551.366
256,2048,4,16,312.03
256,2048,4,32,314.27
256,2048,4,64,317.042
256,2048,4,128,324.349
256,2048,4,256,328.947
256,2048,4,512,339.39
256,2048,4,1024,354.898
256,2048,4,2048,385.586
256,2048,4,4096,446.204
256,2048,4,8192,562.566
256,2048,4,16384,790.543
256,2048,8,16,312.232
256,2048,8,32,315.464
256,2048,8,64,319.049
256,2048,8,128,330.995
256,2048,8,256,339.922
256,2048,8,512,356.211
256,2048,8,1024,384.999
256,2048,8,2048,445.18
256,2048,8,4096,561.926
256,2048,8,8192,794.298
256,2048,8,16384,1248.53
256,2048,16,16,314.333
256,2048,16,32,321.352
256,2048,16,64,325.597
256,2048,16,128,336.755
256,2048,16,256,351.922
256,2048,16,512,383.091
256,2048,16,1024,441.8
256,2048,16,2048,558.011
256,2048,16,4096,785.753
256,2048,16,8192,1237.88
256,2048,16,16384,2164.26
256,2048,32,16,322.099
256,2048,32,32,333.331
256,2048,32,64,342.803
256,2048,32,128,358.812
256,2048,32,256,388.904
256,2048,32,512,449.202
256,2048,32,1024,564.849
256,2048,32,2048,797.988
256,2048,32,4096,1266.06
256,2048,32,8192,2196.35
256,2048,32,16384,4064.22
256,2048,64,16,335.805
256,2048,64,32,354.877
256,2048,64,64,370.909
256,2048,64,128,402.738
256,2048,64,256,460.477
256,2048,64,512,579.035
256,2048,64,1024,813.316
256,2048,64,2048,1285.19
256,2048,64,4096,2233.06
256,2048,64,8192,4111.37
256,2048,64,16384,7916.43
256,2048,128,16,356.691
256,2048,128,32,384.979
256,2048,128,64,416.775
256,2048,128,128,477.82
256,2048,128,256,594.459
256,2048,128,512,825.913
256,2048,128,1024,1289.63
256,2048,128,2048,2211.79
256,2048,128,4096,4076.96
256,2048,128,8192,7811.31
256,2048,128,16384,15295.3
256,4096,0,0,490.609
256,4096,1,16,497.532
256,4096,1,32,500.284
256,4096,1,64,501.863
256,4096,1,128,508.177
256,4096,1,256,508.06
256,4096,1,512,510.695
256,4096,1,1024,512.902
256,4096,1,2048,523.057
256,4096,1,4096,541.787
256,4096,1,8192,569.403
256,4096,1,16384,626.213
256,4096,2,16,497.82
256,4096,2,32,500.476
256,4096,2,64,502.663
256,4096,2,128,508.689
256,4096,2,256,510.257
256,4096,2,512,513.542
256,4096,2,1024,523.698
256,4096,2,2048,542.738
256,4096,2,4096,568.614
256,4096,2,8192,627.91
256,4096,2,16384,742.425
256,4096,4,16,496.946
256,4096,4,32,500.572
256,4096,4,64,504.422
256,4096,4,128,511.41
256,4096,4,256,515.303
256,4096,4,512,526.151
256,4096,4,1024,541.415
256,4096,4,2048,573.531
256,4096,4,4096,629.488
256,4096,4,8192,747.77
256,4096,4,16384,979.447
256,4096,8,16,499.483
256,4096,8,32,500.955
256,4096,8,64,505.809
256,4096,8,128,517.18
256,4096,8,256,525.969
256,4096,8,512,543.099
256,4096,8,1024,571.611
256,4096,8,2048,629.541
256,4096,8,4096,745.424
256,4096,8,8192,979.576
256,4096,8,16384,1433.03
256,4096,16,16,501.351
256,4096,16,32,507.324
256,4096,16,64,512.007
256,4096,16,128,522.469
256,4096,16,256,536.956
256,4096,16,512,568.518
256,4096,16,1024,627.259
256,4096,16,2048,744.485
256,4096,16,4096,975.299
256,4096,16,8192,1425.39
256,4096,16,16384,2345.8
256,4096,32,16,508.241
256,4096,32,32,519.942
256,4096,32,64,529.404
256,4096,32,128,544.956
256,4096,32,256,575.824
256,4096,32,512,633.904
256,4096,32,1024,751.365
256,4096,32,2048,984.334
256,4096,32,4096,1446.74
256,4096,32,8192,2385.34
256,4096,32,16384,4237.16
256,4096,64,16,522.204
256,4096,64,32,541.489
256,4096,64,64,556.188
256,4096,64,128,588.038
256,4096,64,256,646.683
256,4096,64,512,766.639
256,4096,64,1024,1004.04
256,4096,64,2048,1476.23
256,4096,64,4096,2413.81
256,4096,64,8192,4314.04
256,4096,64,16384,8113.58
256,4096,128,16,543.227
256,4096,128,32,572.828
256,4096,128,64,603.792
256,4096,128,128,663.877
256,4096,128,256,781.264
256,4096,128,512,1010.67
256,4096,128,1024,1475.49
256,4096,128,2048,2413.32
256,4096,128,4096,4259.96
256,4096,128,8192,7992.3
256,4096,128,16384,15482.6
256,8192,0,0,863.108
256,8192,1,16,869.795
256,8192,1,32,872.804
256,8192,1,64,875.897
256,8192,1,128,881.731
256,8192,1,256,881.359
256,8192,1,512,883.3
256,8192,1,1024,885.231
256,8192,1,2048,894.618
256,8192,1,4096,912.612
256,8192,1,8192,942.456
256,8192,1,16384,1001.8
256,8192,2,16,871.482
256,8192,2,32,875.459
256,8192,2,64,875.182
256,8192,2,128,882.114
256,8192,2,256,883.641
256,8192,2,512,888.771
256,8192,2,1024,895.983
256,8192,2,2048,912.675
256,8192,2,4096,943.407
256,8192,2,8192,998.765
256,8192,2,16384,1110.06
256,8192,4,16,870.82
256,8192,4,32,872.91
256,8192,4,64,875.673
256,8192,4,128,883.64
256,8192,4,256,887.256
256,8192,4,512,899.011
256,8192,4,1024,913.667
256,8192,4,2048,945.208
256,8192,4,4096,1004.84
256,8192,4,8192,1120.08
256,8192,4,16384,1349.63
256,8192,8,16,871.449
256,8192,8,32,874.724
256,8192,8,64,875.759
256,8192,8,128,891.161
256,8192,8,256,899.107
256,8192,8,512,914.617
256,8192,8,1024,943.758
256,8192,8,2048,1004.4
256,8192,8,4096,1120.48
256,8192,8,8192,1348.59
256,8192,8,16384,1804.89
256,8192,16,16,874.777
256,8192,16,32,880.431
256,8192,16,64,885.017
256,8192,16,128,895.193
256,8192,16,256,909.743
256,8192,16,512,940.569
256,8192,16,1024,1000.59
256,8192,16,2048,1117.63
256,8192,16,4096,1344.94
256,8192,16,8192,1803.44
256,8192,16,16384,2708.99
256,8192,32,16,880.581
256,8192,32,32,894.179
256,8192,32,64,902.16
256,8192,32,128,919.278
256,8192,32,256,948.025
256,8192,32,512,1006.75
256,8192,32,1024,1120.66
256,8192,32,2048,1357.35
256,8192,32,4096,1817.43
256,8192,32,8192,2750.9
256,8192,32,16384,4605.66
256,8192,64,16,893.071
256,8192,64,32,912.164
256,8192,64,64,929.412
256,8192,64,128,962.349
256,8192,64,256,1020.18
256,8192,64,512,1139.73
256,8192,64,1024,1368.65
256,8192,64,2048,1842.87
256,8192,64,4096,2792.74
256,8192,64,8192,4692.43
256,8192,64,16384,8451.63
256,8192,128,16,916.547
256,8192,128,32,945.859
256,8192,128,64,977.08
256,8192,128,128,1037.01
256,8192,128,256,1152.87
256,8192,128,512,1384.16
256,8192,128,1024,1843.76
256,8192,128,2048,2771.68
256,8192,128,4096,4655.74
256,8192,128,8192,8458.5
256,8192,128,16384,15855.7
256,16384,0,0,1609.74
256,16384,1,16,1615.39
256,16384,1,32,1616.91
256,16384,1,64,1621.12
256,16384,1,128,1627.77
256,16384,1,256,1627.68
256,16384,1,512,1627.99
256,16384,1,1024,1632.28
256,16384,1,2048,1643.87
256,16384,1,4096,1660.07
256,16384,1,8192,1686.48
256,16384,1,16384,1745.99
256,16384,2,16,1614.42
256,16384,2,32,1619.05
256,16384,2,64,1620.98
256,16384,2,128,1628.91
256,16384,2,256,1629.96
256,16384,2,512,1634.75
256,16384,2,1024,1641.96
256,16384,2,2048,1661.77
256,16384,2,4096,1689.02
256,16384,2,8192,1745.26
256,16384,2,16384,1859.35
256,16384,4,16,1617.16
256,16384,4,32,1617.56
256,16384,4,64,1621.2
256,16384,4,128,1628.45
256,16384,4,256,1634.07
256,16384,4,512,1643.77
256,16384,4,1024,1660.55
256,16384,4,2048,1690.96
256,16384,4,4096,1749.72
256,16384,4,8192,1865.99
256,16384,4,16384,2095.35
256,16384,8,16,1616.31
256,16384,8,32,1618.94
256,16384,8,64,1622.86
256,16384,8,128,1636.13
256,16384,8,256,1642.95
256,16384,8,512,1660.7
256,16384,8,1024,1690.59
256,16384,8,2048,1748.73
256,16384,8,4096,1865.25
256,16384,8,8192,2099.41
256,16384,8,16384,2548.29
256,16384,16,16,1620.26
256,16384,16,32,1626.3
256,16384,16,64,1629.47
256,16384,16,128,1640.74
256,16384,16,256,1658.05
256,16384,16,512,1688.15
256,16384,16,1024,1744.09
256,16384,16,2048,1862.1
256,16384,16,4096,2093.21
256,16384,16,8192,2555.28
256,16384,16,16384,3457
256,16384,32,16,1626.53
256,16384,32,32,1638.35
256,16384,32,64,1646.49
256,16384,32,128,1663.15
256,16384,32,256,1692.51
256,16384,32,512,1751.98
256,16384,32,1024,1867.15
256,16384,32,2048,2101.33
256,16384,32,4096,2567.16
256,16384,32,8192,3497.1
256,16384,32,16384,5360.89
256,16384,64,16,1638.74
256,16384,64,32,1660.16
256,16384,64,64,1673.83
256,16384,64,128,1707.79
256,16384,64,256,1766.08
256,16384,64,512,1883.31
256,16384,64,1024,2121.18
256,16384,64,2048,2593.71
256,16384,64,4096,3527.96
256,16384,64,8192,5435.81
256,16384,64,16384,9232.6
256,16384,128,16,1663.41
256,16384,128,32,1691.43
256,16384,128,64,1723.47
256,16384,128,128,1783.37
256,16384,128,256,1899.1
256,16384,128,512,2129.94
256,16384,128,1024,2591.4
256,16384,128,2048,3526.35
256,16384,128,4096,5398.85
256,16384,128,8192,9117.04
256,16384,128,16384,16596.1
512,0,0,0,118.399
512,0,1,16,124.81
512,0,1,32,126.804
512,0,1,64,129.6
512,0,1,128,136.469
512,0,1,256,136.639
512,0,1,512,136.981
512,0,1,1024,140.095
512,0,1,2048,150.164
512,0,1,4096,169.865
512,0,1,8192,196.308
512,0,1,16384,255.326
512,0,2,16,125.321
512,0,2,32,127.082
512,0,2,64,130.196
512,0,2,128,136.725
512,0,2,256,137.407
512,0,2,512,142.772
512,0,2,1024,150.655
512,0,2,2048,169.738
512,0,2,4096,197.748
512,0,2,8192,254.462
512,0,2,16384,366.247
512,0,4,16,125.247
512,0,4,32,127.924
512,0,4,64,130.431
512,0,4,128,138.25
512,0,4,256,143.423
512,0,4,512,152.969
512,0,4,1024,169.801
512,0,4,2048,201.556
512,0,4,4096,257.855
512,0,4,8192,373.671
512,0,4,16384,604.839
512,0,8,16,126.058
512,0,8,32,129.642
512,0,8,64,132.532
512,0,8,128,145.247
512,0,8,256,153.801
512,0,8,512,170.527
512,0,8,1024,201.833
512,0,8,2048,259.529
512,0,8,4096,376.904
512,0,8,8192,602.043
512,0,8,16384,1063.53
512,0,16,16,130.089
512,0,16,32,135.114
512,0,16,64,139.828
512,0,16,128,150.517
512,0,16,256,166.047
512,0,16,512,197.897
512,0,16,1024,255.443
512,0,16,2048,373.107
512,0,16,4096,601.115
512,0,16,8192,1062.27
512,0,16,16384,1970.35
512,0,32,16,137.182
512,0,32,32,148.468
512,0,32,64,157.236
512,0,32,128,174.335
512,0,32,256,204.478
512,0,32,512,264.521
512,0,32,1024,379.08
512,0,32,2048,615.568
512,0,32,4096,1077.29
512,0,32,8192,2013.11
512,0,32,16384,3871.05
512,0,64,16,148.969
512,0,64,32,168.885
512,0,64,64,185.086
512,0,64,128,217.364
512,0,64,256,276.745
512,0,64,512,394.461
512,0,64,1024,630.192
512,0,64,2048,1101.71
512,0,64,4096,2048.22
512,0,64,8192,3938.39
512,0,64,16384,7719.25
512,0,128,16,171.102
512,0,128,32,201.62
512,0,128,64,232.361
512,0,128,128,292.883
512,0,128,256,410.109
512,0,128,512,639.942
512,0,128,1024,1104.38
512,0,128,2048,2026.33
512,0,128,4096,3890.79
512,0,128,8192,7621.89
512,0,128,16384,15109
512,16,0,0,125.546
512,16,1,16,131.775
512,16,1,32,134.377
512,16,1,64,136.575
512,16,1,128,143.637
512,16,1,256,143.593
512,16,1,512,143.925
512,16,1,1024,146.986
512,16,1,2048,157.459
512,16,1,4096,176.276
512,16,1,8192,204.521
512,16,1,16384,261.566
512,16,2,16,131.797
512,16,2,32,135.06
512,16,2,64,136.714
512,16,2,128,143.379
512,16,2,256,144.736
512,16,2,512,149.311
512,16,2,1024,158.111
512,16,2,2048,176.671
512,16,2,4096,203.967
512,16,2,8192,261.086
512,16,2,16384,373.896
512,16,4,16,132.117
512,16,4,32,135.135
512,16,4,64,137.108
512,16,4,128,145.065
512,16,4,256,149.823
512,16,4,512,160.787
512,16,4,1024,176.66
512,16,4,2048,208.425
512,16,4,4096,267.636
512,16,4,8192,383.176
512,16,4,16384,609.361
512,16,8,16,133.556
512,16,8,32,136.169
512,16,8,64,138.869
512,16,8,128,151.668
512,16,8,256,159.977
512,16,8,512,176.436
512,16,8,1024,205.79
512,16,8,2048,265.982
512,16,8,4096,383.324
512,16,8,8192,608.464
512,16,8,16384,1069.68
512,16,16,16,135.838
512,16,16,32,141.343
512,16,16,64,146.259
512,16,16,128,157.375
512,16,16,256,172.798
512,16,16,512,204.265
512,16,16,1024,263.934
512,16,16,2048,381.447
512,16,16,4096,607.845
512,16,16,8192,1067.03
512,16,16,16384,1983.82
512,16,32,16,143.924
512,16,32,32,155.412
512,16,32,64,163.828
512,16,32,128,180.522
512,16,32,256,211.071
512,16,32,512,270.921
512,16,32,1024,388.232
512,16,32,2048,619.964
512,16,32,4096,1082.7
512,16,32,8192,2019.71
512,16,32,16384,3874.44
512,16,64,16,155.231
512,16,64,32,174.378
512,16,64,64,191.092
512,16,64,128,222.89
512,16,64,256,282.014
512,16,64,512,399.986
512,16,64,1024,636.059
512,16,64,2048,1106.99
512,16,64,4096,2048.06
512,16,64,8192,3957.6
512,16,64,16384,7719.21
512,16,128,16,178.772
512,16,128,32,207.892
512,16,128,64,240.393
512,16,128,128,297.982
512,16,128,256,415.079
512,16,128,512,645.061
512,16,128,1024,1118.53
512,16,128,2048,2041.7
512,16,128,4096,3940.11
512,16,128,8192,7704.21
512,16,128,16384,15120.4
512,32,0,0,125.077
512,32,1,16,131.498
512,32,1,32,133.268
512,32,1,64,136.33
512,32,1,128,142.324
512,32,1,256,143.081
512,32,1,512,143.966
512,32,1,1024,146.559
512,32,1,2048,156.703
512,32,1,4096,175.7
512,32,1,8192,203.092
512,32,1,16384,261.79
512,32,2,16,131.317
512,32,2,32,134.302
512,32,2,64,136.628
512,32,2,128,143.188
512,32,2,256,144.245
512,32,2,512,148.563
512,32,2,1024,157.567
512,32,2,2048,176.02
512,32,2,4096,203.252
512,32,2,8192,260.756
512,32,2,16384,372.008
512,32,4,16,132.362
512,32,4,32,134.207
512,32,4,64,136.746
512,32,4,128,144.426
512,32,4,256,149.247
512,32,4,512,159.593
512,32,4,1024,175.711
512,32,4,2048,206.494
512,32,4,4096,266.729
512,32,4,8192,379.986
512,32,4,16384,615.888
512,32,8,16,132.436
512,32,8,32,135.924
512,32,8,64,138.719
512,32,8,128,151.22
512,32,8,256,159.637
512,32,8,512,176.415
512,32,8,1024,207.156
512,32,8,2048,266.526
512,32,8,4096,381.181
512,32,8,8192,610.609
512,32,8,16384,1071.06
512,32,16,16,136.159
512,32,16,32,141.29
512,32,16,64,147.422
512,32,16,128,156.959
512,32,16,256,173.343
512,32,16,512,203.668
512,32,16,1024,261.257
512,32,16,2048,378.845
512,32,16,4096,604.998
512,32,16,8192,1064.2
512,32,16,16384,1976.5
512,32,32,16,143.615
512,32,32,32,154.741
512,32,32,64,163.263
512,32,32,128,180.671
512,32,32,256,211.263
512,32,32,512,270.814
512,32,32,1024,387.485
512,32,32,2048,619.195
512,32,32,4096,1080.67
512,32,32,8192,2017.55
512,32,32,16384,3875.66
512,32,64,16,155.252
512,32,64,32,173.545
512,32,64,64,191.007
512,32,64,128,223.412
512,32,64,256,281.075
512,32,64,512,399.293
512,32,64,1024,639.003
512,32,64,2048,1109.92
512,32,64,4096,2044.07
512,32,64,8192,3956.34
512,32,64,16384,7740.21
512,32,128,16,177.535
512,32,128,32,208.265
512,32,128,64,238.579
512,32,128,128,298.216
512,32,128,256,415.208
512,32,128,512,643.163
512,32,128,1024,1114.04
512,32,128,2048,2033.86
512,32,128,4096,3897.78
512,32,128,8192,7632.06
512,32,128,16384,15116.6
512,64,0,0,130.58
512,64,1,16,136.937
512,64,1,32,139.199
512,64,1,64,142.111
512,64,1,128,148.351
512,64,1,256,148.777
512,64,1,512,149.108
512,64,1,1024,152.212
512,64,1,2048,162.9
512,64,1,4096,181.62
512,64,1,8192,208.169
512,64,1,16384,266.387
512,64,2,16,137.332
512,64,2,32,139.732
512,64,2,64,142.09
512,64,2,128,149.172
512,64,2,256,150.101
512,64,2,512,155.327
512,64,2,1024,163.391
512,64,2,2048,181.716
512,64,2,4096,209.887
512,64,2,8192,267.241
512,64,2,16384,377.971
512,64,4,16,137.407
512,64,4,32,139.839
512,64,4,64,143.114
512,64,4,128,150.26
512,64,4,256,155.572
512,64,4,512,165.045
512,64,4,1024,182.9
512,64,4,2048,212.904
512,64,4,4096,271.081
512,64,4,8192,388.328
512,64,4,16384,616.486
512,64,8,16,138.314
512,64,8,32,142.036
512,64,8,64,144.628
512,64,8,128,157.129
512,64,8,256,165.289
512,64,8,512,183.795
512,64,8,1024,212.308
512,64,8,2048,271.529
512,64,8,4096,386.707
512,64,8,8192,616.411
512,64,8,16384,1075.47
512,64,16,16,142.442
512,64,16,32,147.092
512,64,16,64,152.564
512,64,16,128,162.773
512,64,16,256,177.685
512,64,16,512,208.404
512,64,16,1024,269.331
512,64,16,2048,384.85
512,64,16,4096,614.951
512,64,16,8192,1069.1
512,64,16,16384,1986.11
512,64,32,16,149.823
512,64,32,32,160.937
512,64,32,64,168.873
512,64,32,128,187.251
512,64,32,256,216.83
512,64,32,512,276.115
512,64,32,1024,393.928
512,64,32,2048,627.004
512,64,32,4096,1087.36
512,64,32,8192,2026.36
512,64,32,16384,3877.35
512,64,64,16,160.553
512,64,64,32,180.127
512,64,64,64,197.108
512,64,64,128,229.001
512,64,64,256,287.144
512,64,64,512,405.587
512,64,64,1024,638.96
512,64,64,2048,1110.28
512,64,64,4096,2060.3
512,64,64,8192,3953.59
512,64,64,16384,7690.42
512,64,128,16,183.818
512,64,128,32,213.182
512,64,128,64,243.711
512,64,128,128,305.074
512,64,128,256,420.648
512,64,128,512,651.248
512,64,128,1024,1118.34
512,64,128,2048,2040.77
512,64,128,4096,3901.77
512,64,128,8192,7639.37
512,64,128,16384,15115.8
512,128,0,0,142.463
512,128,1,16,149.044
512,128,1,32,150.911
512,128,1,64,153.962
512,128,1,128,160.425
512,128,1,256,160.457
512,128,1,512,161.151
512,128,1,1024,164.031
512,128,1,2048,175.017
512,128,1,4096,192.553
512,128,1,8192,221.694
512,128,1,16384,278.355
512,128,2,16,148.82
512,128,2,32,150.794
512,128,2,64,154.058
512,128,2,128,160.159
512,128,2,256,161.375
512,128,2,512,167.124
512,128,2,1024,175.156
512,128,2,2048,193.481
512,128,2,4096,221.331
512,128,2,8192,278.835
512,128,2,16384,389.511
512,128,4,16,149.642
512,128,4,32,152.276
512,128,4,64,154.559
512,128,4,128,162.323
512,128,4,256,166.196
512,128,4,512,177.098
512,128,4,1024,193.47
512,128,4,2048,225.374
512,128,4,4096,282.206
512,128,4,8192,399.848
512,128,4,16384,631.941
512,128,8,16,149.866
512,128,8,32,153.524
512,128,8,64,155.529
512,128,8,128,168.361
512,128,8,256,177.289
512,128,8,512,195.102
512,128,8,1024,224.371
512,128,8,2048,282.388
512,128,8,4096,396.914
512,128,8,8192,628.87
512,128,8,16384,1082.41
512,128,16,16,153.631
512,128,16,32,158.986
512,128,16,64,164.383
512,128,16,128,174.089
512,128,16,256,190.613
512,128,16,512,221.15
512,128,16,1024,280.616
512,128,16,2048,398.482
512,128,16,4096,626.438
512,128,16,8192,1082.33
512,128,16,16384,1987.95
512,128,32,16,160.714
512,128,32,32,171.956
512,128,32,64,180.522
512,128,32,128,198.164
512,128,32,256,227.785
512,128,32,512,287.699
512,128,32,1024,402.738
512,128,32,2048,639.334
512,128,32,4096,1096.44
512,128,32,8192,2034.8
512,128,32,16384,3892.94
512,128,64,16,172.489
512,128,64,32,191.252
512,128,64,64,208.884
512,128,64,128,240.223
512,128,64,256,299.166
512,128,64,512,417.639
512,128,64,1024,653.297
512,128,64,2048,1125.34
512,128,64,4096,2068.76
512,128,64,8192,3968.43
512,128,64,16384,7721.91
512,128,128,16,195.849
512,128,128,32,225.641
512,128,128,64,257.086
512,128,128,128,316.382
512,128,128,256,433.426
512,128,128,512,668.966
512,128,128,1024,1121.41
512,128,128,2048,2051.42
512,128,128,4096,3935.63
512,128,128,8192,7655.76
512,128,128,16384,15130.4
512,256,0,0,165.694
512,256,1,16,173.023
512,256,1,32,174.154
512,256,1,64,176.254
512,256,1,128,183.124
512,256,1,256,183.476
512,256,1,512,184.318
512,256,1,1024,186.505
512,256,1,2048,197.194
512,256,1,4096,215.454
512,256,1,8192,244.03
512,256,1,16384,301.641
512,256,2,16,172.425
512,256,2,32,174.325
512,256,2,64,177.236
512,256,2,128,183.102
512,256,2,256,184.554
512,256,2,512,189.374
512,256,2,1024,197.685
512,256,2,2048,216.318
512,256,2,4096,245.161
512,256,2,8192,301.171
512,256,2,16384,414.045
512,256,4,16,172.916
512,256,4,32,174.922
512,256,4,64,177.866
512,256,4,128,185.3
512,256,4,256,190.25
512,256,4,512,200.489
512,256,4,1024,216.693
512,256,4,2048,245.78
512,256,4,4096,304.008
512,256,4,8192,421.32
512,256,4,16384,653.829
512,256,8,16,173.034
512,256,8,32,176.446
512,256,8,64,179.401
512,256,8,128,191.913
512,256,8,256,200.275
512,256,8,512,216.692
512,256,8,1024,246.569
512,256,8,2048,305.299
512,256,8,4096,420.232
512,256,8,8192,649.466
512,256,8,16384,1106.18
512,256,16,16,176.521
512,256,16,32,181.79
512,256,16,64,186.751
512,256,16,128,196.596
512,256,16,256,213.47
512,256,16,512,243.187
512,256,16,1024,302.365
512,256,16,2048,418.493
512,256,16,4096,649.478
512,256,16,8192,1099.95
512,256,16,16384,2024.43
512,256,32,16,184.116
512,256,32,32,194.793
512,256,32,64,204.628
512,256,32,128,222.036
512,256,32,256,249.982
512,256,32,512,311.795
512,256,32,1024,427.752
512,256,32,2048,661.168
512,256,32,4096,1123.14
512,256,32,8192,2060.19
512,256,32,16384,3922.04
512,256,64,16,195.732
512,256,64,32,215.251
512,256,64,64,231.721
512,256,64,128,265.171
512,256,64,256,323.091
512,256,64,512,442.546
512,256,64,1024,677.095
512,256,64,2048,1150.83
512,256,64,4096,2100.02
512,256,64,8192,3990.88
512,256,64,16384,7729.39
512,256,128,16,219.433
512,256,128,32,248.34
512,256,128,64,279.498
512,256,128,128,339.432
512,256,128,256,456.135
512,256,128,512,686.128
512,256,128,1024,1147.37
512,256,128,2048,2074.83
512,256,128,4096,3939.81
512,256,128,8192,7674.62
512,256,128,16384,15158
512,512,0,0,212.809
512,512,1,16,217.919
512,512,1,32,220.126
512,512,1,64,223.86
512,512,1,128,229.918
512,512,1,256,230.356
512,512,1,512,231.594
512,512,1,1024,233.694
512,512,1,2048,244.296
512,512,1,4096,262.324
512,512,1,8192,290.302
512,512,1,16384,349.384
512,512,2,16,218.259
512,512,2,32,220.479
512,512,2,64,222.911
512,512,2,128,230.068
512,512,2,256,231.187
512,512,2,512,235.669
512,512,2,1024,244.605
512,512,2,2048,262.174
512,512,2,4096,290.313
512,512,2,8192,347.859
512,512,2,16384,458.195
512,512,4,16,219.092
512,512,4,32,221.055
512,512,4,64,224.159
512,512,4,128,232.084
512,512,4,256,236.97
512,512,4,512,246.792
512,512,4,1024,262.932
512,512,4,2048,293.811
512,512,4,4096,350.771
512,512,4,8192,470.983
512,512,4,16384,695.707
512,512,8,16,219.966
512,512,8,32,223.06
512,512,8,64,226.676
512,512,8,128,238.218
512,512,8,256,246.452
512,512,8,512,263.124
512,512,8,1024,294.153
512,512,8,2048,354.002
512,512,8,4096,467.474
512,512,8,8192,697.019
512,512,8,16384,1151
512,512,16,16,222.793
512,512,16,32,228.565
512,512,16,64,234.356
512,512,16,128,244.159
512,512,16,256,260.222
512,512,16,512,289.79
512,512,16,1024,349.928
512,512,16,2048,466.099
512,512,16,4096,693.744
512,512,16,8192,1150.82
512,512,16,16384,2064.61
512,512,32,16,230.772
512,512,32,32,241.406
512,512,32,64,251.113
512,512,32,128,267.796
512,512,32,256,298.696
512,512,32,512,357.245
512,512,32,1024,474.685
512,512,32,2048,710.278
512,512,32,4096,1170.38
512,512,32,8192,2101.08
512,512,32,16384,3964.25
512,512,64,16,241.822
512,512,64,32,261.257
512,512,64,64,278.367
512,512,64,128,309.662
512,512,64,256,369.534
512,512,64,512,488.039
512,512,64,1024,721.019
512,512,64,2048,1193.14
512,512,64,4096,2122.68
512,512,64,8192,4020.56
512,512,64,16384,7822.26
512,512,128,16,264.35
512,512,128,32,294.835
512,512,128,64,325.182
512,512,128,128,387.538
512,512,128,256,503.378
512,512,128,512,737.201
512,512,128,1024,1188.47
512,512,128,2048,2124.02
512,512,128,4096,3983.98
512,512,128,8192,7714.75
512,512,128,16384,15196.6
512,1024,0,0,303.764
512,1024,1,16,312.105
512,1024,1,32,312.905
512,1024,1,64,315.891
512,1024,1,128,323.262
512,1024,1,256,322.835
512,1024,1,512,323.998
512,1024,1,1024,326.654
512,1024,1,2048,336.925
512,1024,1,4096,355.955
512,1024,1,8192,381.939
512,1024,1,16384,441.17
512,1024,2,16,312.286
512,1024,2,32,314.099
512,1024,2,64,316.766
512,1024,2,128,324.264
512,1024,2,256,324.339
512,1024,2,512,329.033
512,1024,2,1024,337.854
512,1024,2,2048,355.539
512,1024,2,4096,383.25
512,1024,2,8192,440.924
512,1024,2,16384,551.889
512,1024,4,16,311.742
512,1024,4,32,314.739
512,1024,4,64,316.712
512,1024,4,128,324.115
512,1024,4,256,329.331
512,1024,4,512,339.443
512,1024,4,1024,355.976
512,1024,4,2048,385.725
512,1024,4,4096,445.021
512,1024,4,8192,560.668
512,1024,4,16384,790.043
512,1024,8,16,312.349
512,1024,8,32,316.201
512,1024,8,64,318.024
512,1024,8,128,330.408
512,1024,8,256,339.689
512,1024,8,512,355.752
512,1024,8,1024,385.661
512,1024,8,2048,444.455
512,1024,8,4096,561.116
512,1024,8,8192,793.572
512,1024,8,16384,1247.87
512,1024,16,16,315.518
512,1024,16,32,321.129
512,1024,16,64,325.96
512,1024,16,128,335.944
512,1024,16,256,351.816
512,1024,16,512,381.672
512,1024,16,1024,439.751
512,1024,16,2048,559.164
512,1024,16,4096,784.975
512,1024,16,8192,1246.84
512,1024,16,16384,2157.2
512,1024,32,16,322.803
512,1024,32,32,333.843
512,1024,32,64,342.824
512,1024,32,128,360.456
512,1024,32,256,389.33
512,1024,32,512,449.182
512,1024,32,1024,566.054
512,1024,32,2048,800.207
512,1024,32,4096,1263.8
512,1024,32,8192,2197.53
512,1024,32,16384,4050.23
512,1024,64,16,333.959
512,1024,64,32,353.885
512,1024,64,64,370.163
512,1024,64,128,403.517
512,1024,64,256,460.861
512,1024,64,512,578.972
512,1024,64,1024,812.538
512,1024,64,2048,1288.11
512,1024,64,4096,2241.86
512,1024,64,8192,4135.69
512,1024,64,16384,7918.03
512,1024,128,16,357.459
512,1024,128,32,387.143
512,1024,128,64,417.085
512,1024,128,128,478.119
512,1024,128,256,594.128
512,1024,128,512,823.6
512,1024,128,1024,1292.81
512,1024,128,2048,2212.31
512,1024,128,4096,4074.07
512,1024,128,8192,7810.35
512,1024,128,16384,15296.3
512,2048,0,0,491.144
512,2048,1,16,498.043
512,2048,1,32,499.783
512,2048,1,64,502.535
512,2048,1,128,508.785
512,2048,1,256,509.906
512,2048,1,512,510.812
512,2048,1,1024,512.774
512,2048,1,2048,523.047
512,2048,1,4096,542.727
512,2048,1,8192,569.991
512,2048,1,16384,627.014
512,2048,2,16,498.609
512,2048,2,32,500.934
512,2048,2,64,501.99
512,2048,2,128,509.852
512,2048,2,256,510.695
512,2048,2,512,515.846
512,2048,2,1024,523.025
512,2048,2,2048,541.916
512,2048,2,4096,570.012
512,2048,2,8192,628.241
512,2048,2,16384,737.178
512,2048,4,16,497.948
512,2048,4,32,501.062
512,2048,4,64,503.815
512,2048,4,128,509.66
512,2048,4,256,515.068
512,2048,4,512,523.986
512,2048,4,1024,541.085
512,2048,4,2048,571.985
512,2048,4,4096,629.467
512,2048,4,8192,747.878
512,2048,4,16384,978.606
512,2048,8,16,498.62
512,2048,8,32,501.627
512,2048,8,64,504.678
512,2048,8,128,516.039
512,2048,8,256,524.657
512,2048,8,512,542.429
512,2048,8,1024,571.088
512,2048,8,2048,630.438
512,2048,8,4096,744.827
512,2048,8,8192,977.7
512,2048,8,16384,1434.42
512,2048,16,16,501.522
512,2048,16,32,506.951
512,2048,16,64,510.919
512,2048,16,128,522.396
512,2048,16,256,538.514
512,2048,16,512,568.262
512,2048,16,1024,626.726
512,2048,16,2048,742.011
512,2048,16,4096,974.084
512,2048,16,8192,1431.17
512,2048,16,16384,2343.42
512,2048,32,16,508.52
512,2048,32,32,519.047
512,2048,32,64,529.17
512,2048,32,128,546.748
512,2048,32,256,576.135
512,2048,32,512,635.611
512,2048,32,1024,753.477
512,2048,32,2048,984.067
512,2048,32,4096,1445.66
512,2048,32,8192,2381.25
512,2048,32,16384,4238.04
512,2048,64,16,520.156
512,2048,64,32,538.887
512,2048,64,64,556.093
512,2048,64,128,588.208
512,2048,64,256,647.066
512,2048,64,512,763.248
512,2048,64,1024,998.809
512,2048,64,2048,1473.88
512,2048,64,4096,2416.84
512,2048,64,8192,4298.1
512,2048,64,16384,8106.07
512,2048,128,16,543.431
512,2048,128,32,571.367
512,2048,128,64,603.27
512,2048,128,128,663.003
512,2048,128,256,781.232
512,2048,128,512,1009.55
512,2048,128,1024,1475.64
512,2048,128,2048,2418.26
512,2048,128,4096,4294.49
512,2048,128,8192,7999.82
512,2048,128,16384,15474.2
512,4096,0,0,861.722
512,4096,1,16,871.194
512,4096,1,32,870.084
512,4096,1,64,874.308
512,4096,1,128,879.758
512,4096,1,256,881.711
512,4096,1,512,882.297
512,4096,1,1024,883.567
512,4096,1,2048,896.026
512,4096,1,4096,912.74
512,4096,1,8192,940.601
512,4096,1,16384,1002.07
512,4096,2,16,868.271
512,4096,2,32,872.473
512,4096,2,64,875.044
512,4096,2,128,880.228
512,4096,2,256,882.201
512,4096,2,512,885.829
512,4096,2,1024,894.308
512,4096,2,2048,911.427
512,4096,2,4096,941.892
512,4096,2,8192,997.912
512,4096,2,16384,1111.54
512,4096,4,16,869.147
512,4096,4,32,871.461
512,4096,4,64,873.881
512,4096,4,128,880.794
512,4096,4,256,885.818
512,4096,4,512,896.292
512,4096,4,1024,912.516
512,4096,4,2048,943.022
512,4096,4,4096,1000.42
512,4096,4,8192,1119.44
512,4096,4,16384,1347.8
512,4096,8,16,869.978
512,4096,8,32,874.425
512,4096,8,64,875.514
512,4096,8,128,887.898
512,4096,8,256,894.778
512,4096,8,512,913.935
512,4096,8,1024,943.065
512,4096,8,2048,1002.43
512,4096,8,4096,1117.08
512,4096,8,8192,1344.31
512,4096,8,16384,1813.65
512,4096,16,16,873.465
512,4096,16,32,878.042
512,4096,16,64,882.554
512,4096,16,128,892.505
512,4096,16,256,909.977
512,4096,16,512,940.281
512,4096,16,1024,998.798
512,4096,16,2048,1115.48
512,4096,16,4096,1343.17
512,4096,16,8192,1805.25
512,4096,16,16384,2718.01
512,4096,32,16,878.585
512,4096,32,32,891.065
512,4096,32,64,899.587
512,4096,32,128,919.087
512,4096,32,256,947.407
512,4096,32,512,1006.87
512,4096,32,1024,1125.27
512,4096,32,2048,1356.32
512,4096,32,4096,1820.08
512,4096,32,8192,2754.26
512,4096,32,16384,4600.53
512,4096,64,16,891.642
512,4096,64,32,911.119
512,4096,64,64,926.256
512,4096,64,128,960.868
512,4096,64,256,1018.42
512,4096,64,512,1136.73
512,4096,64,1024,1370.98
512,4096,64,2048,1842.55
512,4096,64,4096,2789.74
512,4096,64,8192,4668.86
512,4096,64,16384,8422.98
512,4096,128,16,914.585
512,4096,128,32,944.537
512,4096,128,64,974.734
512,4096,128,128,1036.7
512,4096,128,256,1150.54
512,4096,128,512,1381.16
512,4096,128,1024,1850.29
512,4096,128,2048,2779.42
512,4096,128,4096,4637.12
512,4096,128,8192,8460.64
512,4096,128,16384,15848.8
512,8192,0,0,1605
512,8192,1,16,1614.05
512,8192,1,32,1613.82
512,8192,1,64,1618.37
512,8192,1,128,1624.03
512,8192,1,256,1625.5
512,8192,1,512,1626.97
512,8192,1,1024,1627.53
512,8192,1,2048,1638.29
512,8192,1,4096,1658.84
512,8192,1,8192,1682.75
512,8192,1,16384,1741.58
512,8192,2,16,1612.62
512,8192,2,32,1616.11
512,8192,2,64,1616.5
512,8192,2,128,1624.92
512,8192,2,256,1624.42
512,8192,2,512,1630.7
512,8192,2,1024,1640.39
512,8192,2,2048,1657.25
512,8192,2,4096,1684.02
512,8192,2,8192,1743.88
512,8192,2,16384,1854.15
512,8192,4,16,1612.79
512,8192,4,32,1616.34
512,8192,4,64,1619.55
512,8192,4,128,1624.58
512,8192,4,256,1629.44
512,8192,4,512,1639.81
512,8192,4,1024,1656.59
512,8192,4,2048,1685.51
512,8192,4,4096,1741.94
512,8192,4,8192,1863
512,8192,4,16384,2091.47
512,8192,8,16,1614.11
512,8192,8,32,1616.66
512,8192,8,64,1618.4
512,8192,8,128,1632.05
512,8192,8,256,1641.82
512,8192,8,512,1657.9
512,8192,8,1024,1685.06
512,8192,8,2048,1746.32
512,8192,8,4096,1863.36
512,8192,8,8192,2089.56
512,8192,8,16384,2554.79
512,8192,16,16,1617.62
512,8192,16,32,1621.86
512,8192,16,64,1628.31
512,8192,16,128,1636.51
512,8192,16,256,1652.75
512,8192,16,512,1682.4
512,8192,16,1024,1742.82
512,8192,16,2048,1856.62
512,8192,16,4096,2089.99
512,8192,16,8192,2545.74
512,8192,16,16384,3458.15
512,8192,32,16,1623.86
512,8192,32,32,1634.75
512,8192,32,64,1642.64
512,8192,32,128,1659.17
512,8192,32,256,1691.03
512,8192,32,512,1749.7
512,8192,32,1024,1864.48
512,8192,32,2048,2099.3
512,8192,32,4096,2557.62
512,8192,32,8192,3496.31
512,8192,32,16384,5354.94
512,8192,64,16,1635.47
512,8192,64,32,1653.87
512,8192,64,64,1670.27
512,8192,64,128,1703.16
512,8192,64,256,1763.23
512,8192,64,512,1882.04
512,8192,64,1024,2112.05
512,8192,64,2048,2590.24
512,8192,64,4096,3523.56
512,8192,64,8192,5411.28
512,8192,64,16384,9193.48
512,8192,128,16,1659.17
512,8192,128,32,1686.45
512,8192,128,64,1717.22
512,8192,128,128,1778.19
512,8192,128,256,1893.31
512,8192,128,512,2121.89
512,8192,128,1024,2587.48
512,8192,128,2048,3528.72
512,8192,128,4096,5392.05
512,8192,128,8192,9112.51
512,8192,128,16384,16600.3
512,16384,0,0,3091.79
512,16384,1,16,3103.07
512,16384,1,32,3098.9
512,16384,1,64,3105.82
512,16384,1,128,3113.7
512,16384,1,256,3113.6
512,16384,1,512,3111.84
512,16384,1,1024,3118.04
512,16384,1,2048,3124.5
512,16384,1,4096,3145.48
512,16384,1,8192,3175.6
512,16384,1,16384,3227.22
512,16384,2,16,3101.36
512,16384,2,32,3102.18
512,16384,2,64,3107.69
512,16384,2,128,3112.52
512,16384,2,256,3111.73
512,16384,2,512,3120.21
512,16384,2,1024,3126.39
512,16384,2,2048,3144.66
512,16384,2,4096,3171.37
512,16384,2,8192,3230.43
512,16384,2,16384,3338.77
512,16384,4,16,3102.15
512,16384,4,32,3103.33
512,16384,4,64,3102.76
512,16384,4,128,3111.08
512,16384,4,256,3118.56
512,16384,4,512,3125.95
512,16384,4,1024,3142.84
512,16384,4,2048,3174.36
512,16384,4,4096,3231.19
512,16384,4,8192,3346.27
512,16384,4,16384,3573.56
512,16384,8,16,3102.15
512,16384,8,32,3104.71
512,16384,8,64,3104.39
512,16384,8,128,3118.99
512,16384,8,256,3127.55
512,16384,8,512,3145.36
512,16384,8,1024,3175.96
512,16384,8,2048,3231.38
512,16384,8,4096,3350.81
512,16384,8,8192,3582.84
512,16384,8,16384,4034.87
512,16384,16,16,3106.48
512,16384,16,32,3107.56
512,16384,16,64,3116.38
512,16384,16,128,3124.64
512,16384,16,256,3138.23
512,16384,16,512,3167.64
512,16384,16,1024,3230.92
512,16384,16,2048,3343.37
512,16384,16,4096,3578.96
512,16384,16,8192,4033.62
512,16384,16,16384,4941.51
512,16384,32,16,3111.21
512,16384,32,32,3124.48
512,16384,32,64,3128.37
512,16384,32,128,3147.1
512,16384,32,256,3180.31
512,16384,32,512,3236.31
512,16384,32,1024,3351.96
512,16384,32,2048,3583.29
512,16384,32,4096,4047.64
512,16384,32,8192,4979.13
512,16384,32,16384,6833.09
512,16384,64,16,3121.85
512,16384,64,32,3141.51
512,16384,64,64,3157.89
512,16384,64,128,3188.41
512,16384,64,256,3248.4
512,16384,64,512,3366.85
512,16384,64,1024,3601.25
512,16384,64,2048,4069.69
512,16384,64,4096,5018.48
512,16384,64,8192,6913.18
512,16384,64,16384,10675.5
512,16384,128,16,3143.01
512,16384,128,32,3172.82
512,16384,128,64,3205.02
512,16384,128,128,3266.94
512,16384,128,256,3379.13
512,16384,128,512,3610.6
512,16384,128,1024,4076.29
512,16384,128,2048,5004.09
512,16384,128,4096,6866.52
512,16384,128,8192,10634
512,16384,128,16384,18071.5
1024,0,0,0,302.451
1024,0,1,16,310.633
1024,0,1,32,312.435
1024,0,1,64,314.664
1024,0,1,128,321.107
1024,0,1,256,321.352
1024,0,1,512,322.366
1024,0,1,1024,324.467
1024,0,1,2048,335.155
1024,0,1,4096,353.789
1024,0,1,8192,383.123
1024,0,1,16384,438.45
1024,0,2,16,309.64
1024,0,2,32,311.72
1024,0,2,64,314.76
1024,0,2,128,322.259
1024,0,2,256,321.182
1024,0,2,512,327.624
1024,0,2,1024,336.158
1024,0,2,2048,353.299
1024,0,2,4096,382.525
1024,0,2,8192,437.704
1024,0,2,16384,550.279
1024,0,4,16,310.878
1024,0,4,32,313.406
1024,0,4,64,315.39
1024,0,4,128,323.048
1024,0,4,256,326.621
1024,0,4,512,337.651
1024,0,4,1024,354.152
1024,0,4,2048,384.818
1024,0,4,4096,442.109
1024,0,4,8192,562.758
1024,0,4,16384,788.549
1024,0,8,16,311.219
1024,0,8,32,312.883
1024,0,8,64,317.246
1024,0,8,128,328.862
1024,0,8,256,338.866
1024,0,8,512,354.942
1024,0,8,1024,384.552
1024,0,8,2048,446.717
1024,0,8,4096,559.282
1024,0,8,8192,788.358
1024,0,8,16384,1246.79
1024,0,16,16,312.68
1024,0,16,32,319.411
1024,0,16,64,324.99
1024,0,16,128,333.982
1024,0,16,256,351.358
1024,0,16,512,380.691
1024,0,16,1024,439.047
1024,0,16,2048,555.26
1024,0,16,4096,783.728
1024,0,16,8192,1244.19
1024,0,16,16384,2150.73
1024,0,32,16,320.126
1024,0,32,32,332.851
1024,0,32,64,340.425
1024,0,32,128,357.651
1024,0,32,256,387.912
1024,0,32,512,447.251
1024,0,32,1024,564.017
1024,0,32,2048,796.677
1024,0,32,4096,1263.43
1024,0,32,8192,2191.55
1024,0,32,16384,4054.01
1024,0,64,16,332.617
1024,0,64,32,351.997
1024,0,64,64,369.01
1024,0,64,128,400.883
1024,0,64,256,460.221
1024,0,64,512,578.94
1024,0,64,1024,812.474
1024,0,64,2048,1281.43
1024,0,64,4096,2226.49
1024,0,64,8192,4106.84
1024,0,64,16384,7910.23
1024,0,128,16,354.216
1024,0,128,32,385.725
1024,0,128,64,415.987
1024,0,128,128,476.498
1024,0,128,256,594.267
1024,0,128,512,822.47
1024,0,128,1024,1284.14
1024,0,128,2048,2217.34
1024,0,128,4096,4075.41
1024,0,128,8192,7807.23
1024,0,128,16384,15290
1024,16,0,0,316.125
1024,16,1,16,323.24
1024,16,1,32,325.716
1024,16,1,64,327.699
1024,16,1,128,334.696
1024,16,1,256,335.613
1024,16,1,512,335.688
1024,16,1,1024,339.357
1024,16,1,2048,349.097
1024,16,1,4096,368.018
1024,16,1,8192,395.176
1024,16,1,16384,454.813
1024,16,2,16,322.919
1024,16,2,32,326.195
1024,16,2,64,328.285
1024,16,2,128,334.345
1024,16,2,256,335.561
1024,16,2,512,341.225
1024,16,2,1024,348.99
1024,16,2,2048,366.941
1024,16,2,4096,395.762
1024,16,2,8192,453.65
1024,16,2,16384,564.615
1024,16,4,16,323.956
1024,16,4,32,325.918
1024,16,4,64,328.926
1024,16,4,128,336.02
1024,16,4,256,340.307
1024,16,4,512,351.87
1024,16,4,1024,368.072
1024,16,4,2048,398.323
1024,16,4,4096,456.37
1024,16,4,8192,575.409
1024,16,4,16384,800.452
1024,16,8,16,323.635
1024,16,8,32,327.379
1024,16,8,64,330.451
1024,16,8,128,343.433
1024,16,8,256,351.912
1024,16,8,512,368.584
1024,16,8,1024,399.144
1024,16,8,2048,457.906
1024,16,8,4096,573.778
1024,16,8,8192,800.859
1024,16,8,16384,1260.13
1024,16,16,16,327.934
1024,16,16,32,334.013
1024,16,16,64,337.704
1024,16,16,128,347.944
1024,16,16,256,363.837
1024,16,16,512,394.002
1024,16,16,1024,452.935
1024,16,16,2048,568.572
1024,16,16,4096,799.706
1024,16,16,8192,1258.91
1024,16,16,16384,2175.15
1024,16,32,16,335.092
1024,16,32,32,346.696
1024,16,32,64,355.027
1024,16,32,128,372.562
1024,16,32,256,402.045
1024,16,32,512,462.592
1024,16,32,1024,577.105
1024,16,32,2048,813.722
1024,16,32,4096,1278.92
1024,16,32,8192,2201.4
1024,16,32,16384,4074.39
1024,16,64,16,346.493
1024,16,64,32,366.259
1024,16,64,64,382.76
1024,16,64,128,414.505
1024,16,64,256,474.002
1024,16,64,512,593.831
1024,16,64,1024,829.466
1024,16,64,2048,1296.13
1024,16,64,4096,2244.54
1024,16,64,8192,4140.33
1024,16,64,16384,7927.79
1024,16,128,16,369.544
1024,16,128,32,399.25
1024,16,128,64,429.586
1024,16,128,128,490.162
1024,16,128,256,606.011
1024,16,128,512,837.295
1024,16,128,1024,1308.85
1024,16,128,2048,2223.37
1024,16,128,4096,4109.19
1024,16,128,8192,7864.75
1024,16,128,16384,15302.6
1024,32,0,0,315.23
1024,32,1,16,322.291
1024,32,1,32,325.63
1024,32,1,64,327.229
1024,32,1,128,333.865
1024,32,1,256,333.705
1024,32,1,512,335.038
1024,32,1,1024,337.49
1024,32,1,2048,348.157
1024,32,1,4096,365.789
1024,32,1,8192,394.418
1024,32,1,16384,453.778
1024,32,2,16,322.931
1024,32,2,32,324.392
1024,32,2,64,327.272
1024,32,2,128,334.323
1024,32,2,256,334.494
1024,32,2,512,340.606
1024,32,2,1024,347.623
1024,32,2,2048,366.494
1024,32,2,4096,394.078
1024,32,2,8192,451.667
1024,32,2,16384,563.783
1024,32,4,16,322.835
1024,32,4,32,324.787
1024,32,4,64,328.201
1024,32,4,128,335.507
1024,32,4,256,340.254
1024,32,4,512,350.046
1024,32,4,1024,366.504
1024,32,4,2048,396.818
1024,32,4,4096,454.653
1024,32,4,8192,570.524
1024,32,4,16384,802.191
1024,32,8,16,323.049
1024,32,8,32,326.537
1024,32,8,64,329.843
1024,32,8,128,342.248
1024,32,8,256,351.549
1024,32,8,512,367.474
1024,32,8,1024,398.643
1024,32,8,2048,455.656
1024,32,8,4096,570.94
1024,32,8,8192,802.18
1024,32,8,16384,1257.36
1024,32,16,16,326.611
1024,32,16,32,331.891
1024,32,16,64,337.481
1024,32,16,128,347.688
1024,32,16,256,362.397
1024,32,16,512,394.312
1024,32,16,1024,452.424
1024,32,16,2048,568.017
1024,32,16,4096,795.355
1024,32,16,8192,1251.46
1024,32,16,16384,2163.93
1024,32,32,16,334.419
1024,32,32,32,345.533
1024,32,32,64,354.813
1024,32,32,128,372.424
1024,32,32,256,402.065
1024,32,32,512,460.36
1024,32,32,1024,575.527
1024,32,32,2048,810.906
1024,32,32,4096,1274.31
1024,32,32,8192,2201.7
1024,32,32,16384,4059.7
1024,32,64,16,344.979
1024,32,64,32,365.363
1024,32,64,64,382.035
1024,32,64,128,414.93
1024,32,64,256,472.486
1024,32,64,512,589.744
1024,32,64,1024,827.834
1024,32,64,2048,1297.99
1024,32,64,4096,2232.77
1024,32,64,8192,4125.19
1024,32,64,16384,7933.79
1024,32,128,16,367.838
1024,32,128,32,397.534
1024,32,128,64,429.747
1024,32,128,128,488.829
1024,32,128,256,605.447
1024,32,128,512,834.651
1024,32,128,1024,1303.81
1024,32,128,2048,2244.72
1024,32,128,4096,4087.15
1024,32,128,8192,7821.6
1024,32,128,16384,15309.3
1024,64,0,0,326.6
1024,64,1,16,334.185
1024,64,1,32,335.24
1024,64,1,64,339.197
1024,64,1,128,344.744
1024,64,1,256,346.046
1024,64,1,512,345.916
1024,64,1,1024,348.435
1024,64,1,2048,359.005
1024,64,1,4096,378.238
1024,64,1,8192,405.288
1024,64,1,16384,465.532
1024,64,2,16,333.971
1024,64,2,32,336.35
1024,64,2,64,338.184
1024,64,2,128,345.47
1024,64,2,256,346.376
1024,64,2,512,351.399
1024,64,2,1024,360.648
1024,64,2,2048,378.419
1024,64,2,4096,406.226
1024,64,2,8192,463.794
1024,64,2,16384,574.663
1024,64,4,16,333.619
1024,64,4,32,336.702
1024,64,4,64,339.465
1024,64,4,128,346.643
1024,64,4,256,351.112
1024,64,4,512,361.853
1024,64,4,1024,377.384
1024,64,4,2048,408.221
1024,64,4,4096,467.453
1024,64,4,8192,584.829
1024,64,4,16384,812.986
1024,64,8,16,335.005
1024,64,8,32,337.981
1024,64,8,64,340.584
1024,64,8,128,353.438
1024,64,8,256,361.448
1024,64,8,512,378.729
1024,64,8,1024,407.571
1024,64,8,2048,467.624
1024,64,8,4096,583.793
1024,64,8,8192,815.642
1024,64,8,16384,1271.01
1024,64,16,16,338.505
1024,64,16,32,344.307
1024,64,16,64,349.373
1024,64,16,128,358.707
1024,64,16,256,375.347
1024,64,16,512,404.327
1024,64,16,1024,462.365
1024,64,16,2048,580.86
1024,64,16,4096,810.618
1024,64,16,8192,1267.44
1024,64,16,16384,2173.48
1024,64,32,16,345.246
1024,64,32,32,355.454
1024,64,32,64,365.511
1024,64,32,128,382.067
1024,64,32,256,412.317
1024,64,32,512,472.05
1024,64,32,1024,586.748
1024,64,32,2048,821.519
1024,64,32,4096,1285.86
1024,64,32,8192,2222.44
1024,64,32,16384,4065.35
1024,64,64,16,357.256
1024,64,64,32,377.16
1024,64,64,64,393.79
1024,64,64,128,425.661
1024,64,64,256,483.847
1024,64,64,512,603.12
1024,64,64,1024,840.314
1024,64,64,2048,1309
1024,64,64,4096,2254.86
1024,64,64,8192,4149.84
1024,64,64,16384,7933.15
1024,64,128,16,378.76
1024,64,128,32,409.576
1024,64,128,64,441.095
1024,64,128,128,500.359
1024,64,128,256,616.923
1024,64,128,512,845.242
1024,64,128,1024,1309.19
1024,64,128,2048,2244.97
1024,64,128,4096,4095.49
1024,64,128,8192,7885.87
1024,64,128,16384,15317.3
1024,128,0,0,346.141
1024,128,1,16,352.84
1024,128,1,32,354.589
1024,128,1,64,357.854
1024,128,1,128,364.477
1024,128,1,256,364.765
1024,128,1,512,365.309
1024,128,1,1024,367.763
1024,128,1,2048,378.216
1024,128,1,4096,397.833
1024,128,1,8192,423.944
1024,128,1,16384,482.653
1024,128,2,16,352.979
1024,128,2,32,356.242
1024,128,2,64,358.024
1024,128,2,128,364.199
1024,128,2,256,365.768
1024,128,2,512,370.632
1024,128,2,1024,378.632
1024,128,2,2048,397.032
1024,128,2,4096,424.243
1024,128,2,8192,481.863
1024,128,2,16384,594.054
1024,128,4,16,353.373
1024,128,4,32,356.552
1024,128,4,64,358.835
1024,128,4,128,365.427
1024,128,4,256,372.434
1024,128,4,512,381.16
1024,128,4,1024,396.147
1024,128,4,2048,427.337
1024,128,4,4096,486.012
1024,128,4,8192,604.764
1024,128,4,16384,831.589
1024,128,8,16,354.078
1024,128,8,32,357.011
1024,128,8,64,359.613
1024,128,8,128,372.019
1024,128,8,256,381.374
1024,128,8,512,398.248
1024,128,8,1024,427.368
1024,128,8,2048,486.067
1024,128,8,4096,601.052
1024,128,8,8192,830.96
1024,128,8,16384,1293.24
1024,128,16,16,357.214
1024,128,16,32,362.781
1024,128,16,64,367.432
1024,128,16,128,378.248
1024,128,16,256,394.141
1024,128,16,512,424.776
1024,128,16,1024,481.693
1024,128,16,2048,599.441
1024,128,16,4096,830.821
1024,128,16,8192,1289.94
1024,128,16,16384,2199.93
1024,128,32,16,364.563
1024,128,32,32,375.688
1024,128,32,64,384.286
1024,128,32,128,402.344
1024,128,32,256,431.144
1024,128,32,512,491.42
1024,128,32,1024,608.785
1024,128,32,2048,842.095
1024,128,32,4096,1302.43
1024,128,32,8192,2237.13
1024,128,32,16384,4082.35
1024,128,64,16,376.327
1024,128,64,32,395.186
1024,128,64,64,413.053
1024,128,64,128,443.719
1024,128,64,256,501.757
1024,128,64,512,623.014
1024,128,64,1024,856.912
1024,128,64,2048,1327.09
1024,128,64,4096,2273.04
1024,128,64,8192,4178.98
1024,128,64,16384,7965.23
1024,128,128,16,397.906
1024,128,128,32,429.17
1024,128,128,64,459.507
1024,128,128,128,518.781
1024,128,128,256,635.665
1024,128,128,512,872.218
1024,128,128,1024,1334.34
1024,128,128,2048,2267.96
1024,128,128,4096,4136.9
1024,128,128,8192,7879.81
1024,128,128,16384,15335
1024,256,0,0,391.805
1024,256,1,16,400.211
1024,256,1,32,402.014
1024,256,1,64,404.626
1024,256,1,128,411.688
1024,256,1,256,411.538
1024,256,1,512,412.189
1024,256,1,1024,414.834
1024,256,1,2048,425.694
1024,256,1,4096,444.189
1024,256,1,8192,471.741
1024,256,1,16384,530.812
1024,256,2,16,400.541
1024,256,2,32,402.332
1024,256,2,64,405.181
1024,256,2,128,411.357
1024,256,2,256,412.978
1024,256,2,512,417.256
1024,256,2,1024,425.906
1024,256,2,2048,443.218
1024,256,2,4096,472.669
1024,256,2,8192,530.94
1024,256,2,16384,641.073
1024,256,4,16,400.189
1024,256,4,32,402.845
1024,256,4,64,405.629
1024,256,4,128,412.915
1024,256,4,256,417.811
1024,256,4,512,428.21
1024,256,4,1024,443.688
1024,256,4,2048,474.642
1024,256,4,4096,535.079
1024,256,4,8192,650.971
1024,256,4,16384,878.862
1024,256,8,16,399.976
1024,256,8,32,404.701
1024,256,8,64,407.314
1024,256,8,128,419.752
1024,256,8,256,428.37
1024,256,8,512,445.693
1024,256,8,1024,473.65
1024,256,8,2048,534.257
1024,256,8,4096,649.874
1024,256,8,8192,880.176
1024,256,8,16384,1336.43
1024,256,16,16,404.221
1024,256,16,32,409.64
1024,256,16,64,415.058
1024,256,16,128,424.743
1024,256,16,256,440.274
1024,256,16,512,471.655
1024,256,16,1024,530.364
1024,256,16,2048,648.102
1024,256,16,4096,875.269
1024,256,16,8192,1329.99
1024,256,16,16384,2251.73
1024,256,32,16,411.635
1024,256,32,32,422.194
1024,256,32,64,431.549
1024,256,32,128,449.362
1024,256,32,256,479.347
1024,256,32,512,538.812
1024,256,32,1024,653.82
1024,256,32,2048,889.349
1024,256,32,4096,1353.43
1024,256,32,8192,2287.1
1024,256,32,16384,4142.21
1024,256,64,16,423.816
1024,256,64,32,442.344
1024,256,64,64,459.315
1024,256,64,128,491.816
1024,256,64,256,549.628
1024,256,64,512,668.923
1024,256,64,1024,902.309
1024,256,64,2048,1373.87
1024,256,64,4096,2322.78
1024,256,64,8192,4217.05
1024,256,64,16384,7944.02
1024,256,128,16,446.163
1024,256,128,32,476.231
1024,256,128,64,506.557
1024,256,128,128,567.58
1024,256,128,256,683.111
1024,256,128,512,916.559
1024,256,128,1024,1387.65
1024,256,128,2048,2301.26
1024,256,128,4096,4185.62
1024,256,128,8192,7906.88
1024,256,128,16384,15394.5
1024,512,0,0,484.103
1024,512,1,16,491.474
1024,512,1,32,493.394
1024,512,1,64,496.422
1024,512,1,128,502.566
1024,512,1,256,503.687
1024,512,1,512,505.106
1024,512,1,1024,506.471
1024,512,1,2048,518.503
1024,512,1,4096,535.345
1024,512,1,8192,563.068
1024,512,1,16384,621.745
1024,512,2,16,491.964
1024,512,2,32,493.32
1024,512,2,64,494.727
1024,512,2,128,504.199
1024,512,2,256,504.456
1024,512,2,512,509.383
1024,512,2,1024,517.458
1024,512,2,2048,535.527
1024,512,2,4096,563.441
1024,512,2,8192,622.406
1024,512,2,16384,734.981
1024,512,4,16,492.839
1024,512,4,32,495.004
1024,512,4,64,496.391
1024,512,4,128,504.999
1024,512,4,256,509.032
1024,512,4,512,519.57
1024,512,4,1024,536.231
1024,512,4,2048,567.335
1024,512,4,4096,625.222
1024,512,4,8192,742.737
1024,512,4,16384,971.257
1024,512,8,16,492.806
1024,512,8,32,495.846
1024,512,8,64,499.036
1024,512,8,128,510.513
1024,512,8,256,519.08
1024,512,8,512,536.327
1024,512,8,1024,567.409
1024,512,8,2048,627.953
1024,512,8,4096,740.197
1024,512,8,8192,970.373
1024,512,8,16384,1428.74
1024,512,16,16,495.912
1024,512,16,32,500.326
1024,512,16,64,505.66
1024,512,16,128,517.511
1024,512,16,256,532.999
1024,512,16,512,563.346
1024,512,16,1024,622.982
1024,512,16,2048,737.35
1024,512,16,4096,968.676
1024,512,16,8192,1424.23
1024,512,16,16384,2337.42
1024,512,32,16,503.314
1024,512,32,32,514.258
1024,512,32,64,523.634
1024,512,32,128,541.479
1024,512,32,256,570.535
1024,512,32,512,631.206
1024,512,32,1024,747.717
1024,512,32,2048,983.14
1024,512,32,4096,1445.84
1024,512,32,8192,2368.87
1024,512,32,16384,4226.5
1024,512,64,16,515.825
1024,512,64,32,534.866
1024,512,64,64,551.314
1024,512,64,128,586.076
1024,512,64,256,642.097
1024,512,64,512,759.632
1024,512,64,1024,996.506
1024,512,64,2048,1467.96
1024,512,64,4096,2398.83
1024,512,64,8192,4306.98
1024,512,64,16384,8066.66
1024,512,128,16,537.994
1024,512,128,32,567.442
1024,512,128,64,598.642
1024,512,128,128,659.771
1024,512,128,256,774.449
1024,512,128,512,1006.09
1024,512,128,1024,1469.7
1024,512,128,2048,2404.34
1024,512,128,4096,4275.8
1024,512,128,8192,7990.66
1024,512,128,16384,15473.4
1024,1024,0,0,665.66
1024,1024,1,16,672.197
1024,1024,1,32,673.415
1024,1024,1,64,677.253
1024,1024,1,128,683.601
1024,1024,1,256,684.039
1024,1024,1,512,686.001
1024,1024,1,1024,687.515
1024,1024,1,2048,697.126
1024,1024,1,4096,716.731
1024,1024,1,8192,744.731
1024,1024,1,16384,801.146
1024,1024,2,16,672.283
1024,1024,2,32,675.697
1024,1024,2,64,676.55
1024,1024,2,128,684.379
1024,1024,2,256,684.838
1024,1024,2,512,690.491
1024,1024,2,1024,698.587
1024,1024,2,2048,716.261
1024,1024,2,4096,742.929
1024,1024,2,8192,802.576
1024,1024,2,16384,914.01
1024,1024,4,16,671.889
1024,1024,4,32,674.63
1024,1024,4,64,677.478
1024,1024,4,128,685.574
1024,1024,4,256,690
1024,1024,4,512,699.28
1024,1024,4,1024,717.296
1024,1024,4,2048,748.262
1024,1024,4,4096,804.4
1024,1024,4,8192,920.517
1024,1024,4,16384,1153.42
1024,1024,8,16,673.67
1024,1024,8,32,678.342
1024,1024,8,64,678.662
1024,1024,8,128,692.87
1024,1024,8,256,701.531
1024,1024,8,512,716.325
1024,1024,8,1024,747.205
1024,1024,8,2048,807.568
1024,1024,8,4096,922.767
1024,1024,8,8192,1151.04
1024,1024,8,16384,1612.82
1024,1024,16,16,676.433
1024,1024,16,32,682.044
1024,1024,16,64,686.406
1024,1024,16,128,696.763
1024,1024,16,256,713.531
1024,1024,16,512,744.795
1024,1024,16,1024,802.182
1024,1024,16,2048,919.684
1024,1024,16,4096,1145.54
1024,1024,16,8192,1606.54
1024,1024,16,16384,2520.58
1024,1024,32,16,684.134
1024,1024,32,32,695.504
1024,1024,32,64,703.985
1024,1024,32,128,721.763
1024,1024,32,256,750.747
1024,1024,32,512,810.96
1024,1024,32,1024,929.348
1024,1024,32,2048,1160.88
1024,1024,32,4096,1623.86
1024,1024,32,8192,2551.68
1024,1024,32,16384,4410.16
1024,1024,64,16,695.6
1024,1024,64,32,714.907
1024,1024,64,64,731.824
1024,1024,64,128,763.814
1024,1024,64,256,823.312
1024,1024,64,512,942.116
1024,1024,64,1024,1177.04
1024,1024,64,2048,1644.28
1024,1024,64,4096,2598.21
1024,1024,64,8192,4494.16
1024,1024,64,16384,8255.3
1024,1024,128,16,719.91
1024,1024,128,32,747.941
1024,1024,128,64,777.35
1024,1024,128,128,839.312
1024,1024,128,256,954.799
1024,1024,128,512,1187.03
1024,1024,128,1024,1650.2
1024,1024,128,2048,2573.18
1024,1024,128,4096,4436.15
1024,1024,128,8192,8246.47
1024,1024,128,16384,15660.8
1024,2048,0,0,1030.19
1024,2048,1,16,1039.96
1024,2048,1,32,1041.29
1024,2048,1,64,1043.09
1024,2048,1,128,1051.95
1024,2048,1,256,1049.85
1024,2048,1,512,1051.24
1024,2048,1,1024,1054.02
1024,2048,1,2048,1063.33
1024,2048,1,4096,1083.49
1024,2048,1,8192,1111.97
1024,2048,1,16384,1169.12
1024,2048,2,16,1036.73
1024,2048,2,32,1041.94
1024,2048,2,64,1044.34
1024,2048,2,128,1050.7
1024,2048,2,256,1051.83
1024,2048,2,512,1056.73
1024,2048,2,1024,1066.55
1024,2048,2,2048,1081.71
1024,2048,2,4096,1106.9
1024,2048,2,8192,1168.31
1024,2048,2,16384,1272.82
1024,2048,4,16,1038.22
1024,2048,4,32,1039.82
1024,2048,4,64,1043.63
1024,2048,4,128,1051.33
1024,2048,4,256,1057.25
1024,2048,4,512,1064.69
1024,2048,4,1024,1081.82
1024,2048,4,2048,1112.31
1024,2048,4,4096,1171.23
1024,2048,4,8192,1290.51
1024,2048,4,16384,1513.56
1024,2048,8,16,1038.29
1024,2048,8,32,1042.53
1024,2048,8,64,1044.84
1024,2048,8,128,1056.61
1024,2048,8,256,1067.29
1024,2048,8,512,1083.45
1024,2048,8,1024,1112.9
1024,2048,8,2048,1174.24
1024,2048,8,4096,1284.74
1024,2048,8,8192,1514.57
1024,2048,8,16384,1973.52
1024,2048,16,16,1041.37
1024,2048,16,32,1049.82
1024,2048,16,64,1054.81
1024,2048,16,128,1060.49
1024,2048,16,256,1077.7
1024,2048,16,512,1107.16
1024,2048,16,1024,1167.73
1024,2048,16,2048,1284.1
1024,2048,16,4096,1515.76
1024,2048,16,8192,1973.57
1024,2048,16,16384,2876.74
1024,2048,32,16,1049.28
1024,2048,32,32,1061.21
1024,2048,32,64,1067.76
1024,2048,32,128,1086.9
1024,2048,32,256,1115.77
1024,2048,32,512,1177.25
1024,2048,32,1024,1289.39
1024,2048,32,2048,1525.7
1024,2048,32,4096,1989.14
1024,2048,32,8192,2916.11
1024,2048,32,16384,4783.94
1024,2048,64,16,1062.8
1024,2048,64,32,1081.59
1024,2048,64,64,1097.76
1024,2048,64,128,1126.68
1024,2048,64,256,1187.4
1024,2048,64,512,1308.66
1024,2048,64,1024,1541.8
1024,2048,64,2048,2015.04
1024,2048,64,4096,2959.45
1024,2048,64,8192,4850.65
1024,2048,64,16384,8651.58
1024,2048,128,16,1084.25
1024,2048,128,32,1113.57
1024,2048,128,64,1145.66
1024,2048,128,128,1202.78
1024,2048,128,256,1319.82
1024,2048,128,512,1549.44
1024,2048,128,1024,2014.49
1024,2048,128,2048,2936.97
1024,2048,128,4096,4828
1024,2048,128,8192,8532.3
1024,2048,128,16384,16026.1
1024,4096,0,0,1760.39
1024,4096,1,16,1767.98
1024,4096,1,32,1771.49
1024,4096,1,64,1772.7
1024,4096,1,128,1781.23
1024,4096,1,256,1778.77
1024,4096,1,512,1782.21
1024,4096,1,1024,1784.58
1024,4096,1,2048,1793.24
1024,4096,1,4096,1812.17
1024,4096,1,8192,1839.62
1024,4096,1,16384,1898.33
1024,4096,2,16,1767.98
1024,4096,2,32,1772.53
1024,4096,2,64,1771.81
1024,4096,2,128,1780.35
1024,4096,2,256,1779.55
1024,4096,2,512,1788.05
1024,4096,2,1024,1795.47
1024,4096,2,2048,1810.06
1024,4096,2,4096,1837.25
1024,4096,2,8192,1899.53
1024,4096,2,16384,2006.8
1024,4096,4,16,1767.54
1024,4096,4,32,1768.79
1024,4096,4,64,1773.59
1024,4096,4,128,1778.65
1024,4096,4,256,1788.12
1024,4096,4,512,1791.91
1024,4096,4,1024,1808.42
1024,4096,4,2048,1843.65
1024,4096,4,4096,1899.99
1024,4096,4,8192,2016.24
1024,4096,4,16384,2245.17
1024,4096,8,16,1770.95
1024,4096,8,32,1770.81
1024,4096,8,64,1774.46
1024,4096,8,128,1786.14
1024,4096,8,256,1796.78
1024,4096,8,512,1809.81
1024,4096,8,1024,1841.48
1024,4096,8,2048,1903.28
1024,4096,8,4096,2019.12
1024,4096,8,8192,2245.08
1024,4096,8,16384,2708.47
1024,4096,16,16,1769
1024,4096,16,32,1778.63
1024,4096,16,64,1780.24
1024,4096,16,128,1793.27
1024,4096,16,256,1808.8
1024,4096,16,512,1835.46
1024,4096,16,1024,1900.46
1024,4096,16,2048,2012.94
1024,4096,16,4096,2240.01
1024,4096,16,8192,2695.28
1024,4096,16,16384,3615.43
1024,4096,32,16,1780.76
1024,4096,32,32,1790.47
1024,4096,32,64,1800.23
1024,4096,32,128,1816.91
1024,4096,32,256,1842.51
1024,4096,32,512,1904.72
1024,4096,32,1024,2019.07
1024,4096,32,2048,2257.11
1024,4096,32,4096,2715.7
1024,4096,32,8192,3650.04
1024,4096,32,16384,5500.98
1024,4096,64,16,1789.94
1024,4096,64,32,1808.5
1024,4096,64,64,1824.29
1024,4096,64,128,1856.23
1024,4096,64,256,1916.58
1024,4096,64,512,2035.97
1024,4096,64,1024,2268.34
1024,4096,64,2048,2746.79
1024,4096,64,4096,3685.2
1024,4096,64,8192,5580.22
1024,4096,64,16384,9327.15
1024,4096,128,16,1811.74
1024,4096,128,32,1845.13
1024,4096,128,64,1872.62
1024,4096,128,128,1935.71
1024,4096,128,256,2048.56
1024,4096,128,512,2280.06
1024,4096,128,1024,2750.73
1024,4096,128,2048,3665.2
1024,4096,128,4096,5547.94
1024,4096,128,8192,9308.37
1024,4096,128,16384,16745.3
1024,8192,0,0,3240.51
1024,8192,1,16,3250.18
1024,8192,1,32,3249.76
1024,8192,1,64,3255.23
1024,8192,1,128,3262.45
1024,8192,1,256,3262.78
1024,8192,1,512,3262.29
1024,8192,1,1024,3264.88
1024,8192,1,2048,3275.56
1024,8192,1,4096,3291.37
1024,8192,1,8192,3319.56
1024,8192,1,16384,3380.2
1024,8192,2,16,3247.62
1024,8192,2,32,3254
1024,8192,2,64,3256.52
1024,8192,2,128,3262.78
1024,8192,2,256,3260.55
1024,8192,2,512,3267.02
1024,8192,2,1024,3273.35
1024,8192,2,2048,3290.34
1024,8192,2,4096,3319.04
1024,8192,2,8192,3378.22
1024,8192,2,16384,3486.54
1024,8192,4,16,3247.37
1024,8192,4,32,3247.9
1024,8192,4,64,3250.71
1024,8192,4,128,3256.51
1024,8192,4,256,3260.96
1024,8192,4,512,3274.63
1024,8192,4,1024,3289.42
1024,8192,4,2048,3318.9
1024,8192,4,4096,3379.66
1024,8192,4,8192,3496.79
1024,8192,4,16384,3721.91
1024,8192,8,16,3249.64
1024,8192,8,32,3249.85
1024,8192,8,64,3252.21
1024,8192,8,128,3264.48
1024,8192,8,256,3273.55
1024,8192,8,512,3289.46
1024,8192,8,1024,3319.01
1024,8192,8,2048,3378.92
1024,8192,8,4096,3493.5
1024,8192,8,8192,3723.02
1024,8192,8,16384,4181.87
1024,8192,16,16,3252.47
1024,8192,16,32,3253.61
1024,8192,16,64,3257.93
1024,8192,16,128,3271.16
1024,8192,16,256,3284.24
1024,8192,16,512,3317.97
1024,8192,16,1024,3374.99
1024,8192,16,2048,3489.93
1024,8192,16,4096,3722.1
1024,8192,16,8192,4173.06
1024,8192,16,16384,5089.31
1024,8192,32,16,3257.56
1024,8192,32,32,3268.05
1024,8192,32,64,3278.26
1024,8192,32,128,3295.76
1024,8192,32,256,3322.91
1024,8192,32,512,3384.24
1024,8192,32,1024,3500.72
1024,8192,32,2048,3739.17
1024,8192,32,4096,4191.34
1024,8192,32,8192,5132.93
1024,8192,32,16384,6985.09
1024,8192,64,16,3270.09
1024,8192,64,32,3288.38
1024,8192,64,64,3304.21
1024,8192,64,128,3337.19
1024,8192,64,256,3397.68
1024,8192,64,512,3514.89
1024,8192,64,1024,3751.9
1024,8192,64,2048,4221.78
1024,8192,64,4096,5161.39
1024,8192,64,8192,7063.02
1024,8192,64,16384,10837
1024,8192,128,16,3290.04
1024,8192,128,32,3320.78
1024,8192,128,64,3352.6
1024,8192,128,128,3410.91
1024,8192,128,256,3527.31
1024,8192,128,512,3758.72
1024,8192,128,1024,4220.4
1024,8192,128,2048,5151.61
1024,8192,128,4096,7020.92
1024,8192,128,8192,10746.1
1024,8192,128,16384,18014.4
1024,16384,0,0,6212.32
1024,16384,1,16,6223.89
1024,16384,1,32,6215.05
1024,16384,1,64,6234.03
1024,16384,1,128,6235.27
1024,16384,1,256,6234.52
1024,16384,1,512,6235.37
1024,16384,1,1024,6246.65
1024,16384,1,2048,6251.33
1024,16384,1,4096,6273.75
1024,16384,1,8192,6296.96
1024,16384,1,16384,6360.42
1024,16384,2,16,6216.44
1024,16384,2,32,6227.72
1024,16384,2,64,6231.38
1024,16384,2,128,6234.94
1024,16384,2,256,6233.89
1024,16384,2,512,6239.42
1024,16384,2,1024,6252.25
1024,16384,2,2048,6271.18
1024,16384,2,4096,6302.75
1024,16384,2,8192,6360.49
1024,16384,2,16384,6464.18
1024,16384,4,16,6215.47
1024,16384,4,32,6216.13
1024,16384,4,64,6220.92
1024,16384,4,128,6229.2
1024,16384,4,256,6233.73
1024,16384,4,512,6242.79
1024,16384,4,1024,6256.72
1024,16384,4,2048,6290.42
1024,16384,4,4096,6354.05
1024,16384,4,8192,6466.77
1024,16384,4,16384,6701.12
1024,16384,8,16,6220.91
1024,16384,8,32,6223.18
1024,16384,8,64,6224.89
1024,16384,8,128,6234.74
1024,16384,8,256,6248.58
1024,16384,8,512,6260.05
1024,16384,8,1024,6292.12
1024,16384,8,2048,6352.59
1024,16384,8,4096,6466.73
1024,16384,8,8192,6699.95
1024,16384,8,16384,7154.09
1024,16384,16,16,6226.46
1024,16384,16,32,6223.76
1024,16384,16,64,6230.33
1024,16384,16,128,6241.66
1024,16384,16,256,6256.7
1024,16384,16,512,6290.55
1024,16384,16,1024,6347.4
1024,16384,16,2048,6467.71
1024,16384,16,4096,6694.73
1024,16384,16,8192,7152.81
1024,16384,16,16384,8058.24
1024,16384,32,16,6227.66
1024,16384,32,32,6238.23
1024,16384,32,64,6249.1
1024,16384,32,128,6269.49
1024,16384,32,256,6294.03
1024,16384,32,512,6353.04
1024,16384,32,1024,6476.76
1024,16384,32,2048,6710.07
1024,16384,32,4096,7166.89
1024,16384,32,8192,8101.39
1024,16384,32,16384,9944.28
1024,16384,64,16,6242.59
1024,16384,64,32,6265.86
1024,16384,64,64,6277.59
1024,16384,64,128,6308.93
1024,16384,64,256,6370.17
1024,16384,64,512,6486.52
1024,16384,64,1024,6721.66
1024,16384,64,2048,7184.19
1024,16384,64,4096,8140.88
1024,16384,64,8192,10034.7
1024,16384,64,16384,13806.4
1024,16384,128,16,5575.73
1024,16384,128,32,5603.71
1024,16384,128,64,6323.58
1024,16384,128,128,6389.62
1024,16384,128,256,6499.19
1024,16384,128,512,6730.58
1024,16384,128,1024,7198.65
1024,16384,128,2048,8120.09
1024,16384,128,4096,10006.5
1024,16384,128,8192,13719.8
1024,16384,128,16384,21198.3
2048,0,0,0,900.57
2048,0,1,16,906.436
2048,0,1,32,908.591
2048,0,1,64,912.197
2048,0,1,128,918.085
2048,0,1,256,918.351
2048,0,1,512,919.258
2048,0,1,1024,921.019
2048,0,1,2048,932.474
2048,0,1,4096,951.598
2048,0,1,8192,978.341
2048,0,1,16384,1038.61
2048,0,2,16,907.75
2048,0,2,32,909.968
2048,0,2,64,911.152
2048,0,2,128,916.441
2048,0,2,256,920.037
2048,0,2,512,922.256
2048,0,2,1024,931.962
2048,0,2,2048,948.751
2048,0,2,4096,977.55
2048,0,2,8192,1036.57
2048,0,2,16384,1149.36
2048,0,4,16,907.215
2048,0,4,32,910.522
2048,0,4,64,911.066
2048,0,4,128,921.05
2048,0,4,256,924.783
2048,0,4,512,935.278
2048,0,4,1024,950.33
2048,0,4,2048,981.637
2048,0,4,4096,1040.15
2048,0,4,8192,1155.76
2048,0,4,16384,1388.78
2048,0,8,16,907.268
2048,0,8,32,912.325
2048,0,8,64,913.765
2048,0,8,128,924.763
2048,0,8,256,934.511
2048,0,8,512,952.431
2048,0,8,1024,982.565
2048,0,8,2048,1041.77
2048,0,8,4096,1155.74
2048,0,8,8192,1387.84
2048,0,8,16384,1841.8
2048,0,16,16,912.218
2048,0,16,32,917.519
2048,0,16,64,921.07
2048,0,16,128,932.08
2048,0,16,256,946.703
2048,0,16,512,978.66
2048,0,16,1024,1036.27
2048,0,16,2048,1150.41
2048,0,16,4096,1380.95
2048,0,16,8192,1843.73
2048,0,16,16384,2747.82
2048,0,32,16,917.69
2048,0,32,32,927.856
2048,0,32,64,938.853
2048,0,32,128,957.102
2048,0,32,256,986.073
2048,0,32,512,1044.58
2048,0,32,1024,1162.58
2048,0,32,2048,1394.64
2048,0,32,4096,1861.6
2048,0,32,8192,2793.95
2048,0,32,16384,4640.56
2048,0,64,16,929.924
2048,0,64,32,948.975
2048,0,64,64,965.145
2048,0,64,128,997.977
2048,0,64,256,1057.48
2048,0,64,512,1174.79
2048,0,64,1024,1411.68
2048,0,64,2048,1876.93
2048,0,64,4096,2825.09
2048,0,64,8192,4722.21
2048,0,64,16384,8460.03
2048,0,128,16,952.698
2048,0,128,32,983.919
2048,0,128,64,1013.42
2048,0,128,128,1074.06
2048,0,128,256,1192.37
2048,0,128,512,1420.76
2048,0,128,1024,1885.59
2048,0,128,2048,2817.99
2048,0,128,4096,4694.27
2048,0,128,8192,8441.89
2048,0,128,16384,15889.1
2048,16,0,0,924.207
2048,16,1,16,933.273
2048,16,1,32,935.589
2048,16,1,64,937.669
2048,16,1,128,943.61
2048,16,1,256,945.028
2048,16,1,512,945.498
2048,16,1,1024,947.524
2048,16,1,2048,958.447
2048,16,1,4096,976.761
2048,16,1,8192,1004.31
2048,16,1,16384,1060.73
2048,16,2,16,933.146
2048,16,2,32,934.234
2048,16,2,64,936.677
2048,16,2,128,943.855
2048,16,2,256,944.57
2048,16,2,512,948.239
2048,16,2,1024,958.02
2048,16,2,2048,975.449
2048,16,2,4096,1001.91
2048,16,2,8192,1062.57
2048,16,2,16384,1172.09
2048,16,4,16,932.272
2048,16,4,32,935.236
2048,16,4,64,937.093
2048,16,4,128,945.232
2048,16,4,256,950.842
2048,16,4,512,961.476
2048,16,4,1024,975.194
2048,16,4,2048,1007.75
2048,16,4,4096,1064.67
2048,16,4,8192,1182.85
2048,16,4,16384,1410.24
2048,16,8,16,933.175
2048,16,8,32,936.9
2048,16,8,64,939.802
2048,16,8,128,951.077
2048,16,8,256,959.812
2048,16,8,512,977.828
2048,16,8,1024,1008.69
2048,16,8,2048,1064.74
2048,16,8,4096,1183.76
2048,16,8,8192,1414.25
2048,16,8,16384,1864.81
2048,16,16,16,936.986
2048,16,16,32,942.319
2048,16,16,64,949.21
2048,16,16,128,957.988
2048,16,16,256,973.605
2048,16,16,512,1005.94
2048,16,16,1024,1064.67
2048,16,16,2048,1178.86
2048,16,16,4096,1408.52
2048,16,16,8192,1870.23
2048,16,16,16384,2787.65
2048,16,32,16,944.453
2048,16,32,32,954.618
2048,16,32,64,965.114
2048,16,32,128,981.615
2048,16,32,256,1009.55
2048,16,32,512,1071.29
2048,16,32,1024,1189.5
2048,16,32,2048,1421.75
2048,16,32,4096,1886.29
2048,16,32,8192,2814.21
2048,16,32,16384,4674.9
2048,16,64,16,956.826
2048,16,64,32,975.535
2048,16,64,64,992.025
2048,16,64,128,1022.72
2048,16,64,256,1083.89
2048,16,64,512,1201.18
2048,16,64,1024,1433.1
2048,16,64,2048,1912
2048,16,64,4096,2845.54
2048,16,64,8192,4739.06
2048,16,64,16384,8547.65
2048,16,128,16,854.555
2048,16,128,32,881.733
2048,16,128,64,1039.62
2048,16,128,128,1100.2
2048,16,128,256,1215.11
2048,16,128,512,1449.46
2048,16,128,1024,1917.01
2048,16,128,2048,2850.88
2048,16,128,4096,4712.75
2048,16,128,8192,8431.81
2048,16,128,16384,15994.2
2048,32,0,0,922.543
2048,32,1,16,928.591
2048,32,1,32,933.541
2048,32,1,64,935.172
2048,32,1,128,941.424
2048,32,1,256,943.098
2048,32,1,512,944.058
2048,32,1,1024,945.422
2048,32,1,2048,957.679
2048,32,1,4096,974.117
2048,32,1,8192,1001.52
2048,32,1,16384,1060.46
2048,32,2,16,932.048
2048,32,2,32,931.706
2048,32,2,64,936.016
2048,32,2,128,941.722
2048,32,2,256,942.352
2048,32,2,512,945.808
2048,32,2,1024,955.482
2048,32,2,2048,975.109
2048,32,2,4096,1003.18
2048,32,2,8192,1060.48
2048,32,2,16384,1169.42
2048,32,4,16,930.074
2048,32,4,32,931.908
2048,32,4,64,937.296
2048,32,4,128,944.442
2048,32,4,256,947.301
2048,32,4,512,958.277
2048,32,4,1024,975.706
2048,32,4,2048,1006.69
2048,32,4,4096,1064.41
2048,32,4,8192,1185.42
2048,32,4,16384,1407.38
2048,32,8,16,931.759
2048,32,8,32,935.867
2048,32,8,64,938.458
2048,32,8,128,949.871
2048,32,8,256,957.039
2048,32,8,512,976.751
2048,32,8,1024,1006.79
2048,32,8,2048,1065.33
2048,32,8,4096,1180.41
2048,32,8,8192,1409.7
2048,32,8,16384,1860.52
2048,32,16,16,934.832
2048,32,16,32,940.88
2048,32,16,64,945.167
2048,32,16,128,954.544
2048,32,16,256,972.207
2048,32,16,512,1002.61
2048,32,16,1024,1061.19
2048,32,16,2048,1179.18
2048,32,16,4096,1404.27
2048,32,16,8192,1863.1
2048,32,16,16384,2774.31
2048,32,32,16,940.88
2048,32,32,32,952.571
2048,32,32,64,962.693
2048,32,32,128,979.631
2048,32,32,256,1011.11
2048,32,32,512,1069.74
2048,32,32,1024,1185.73
2048,32,32,2048,1417.64
2048,32,32,4096,1883.23
2048,32,32,8192,2811.24
2048,32,32,16384,4660.09
2048,32,64,16,953.242
2048,32,64,32,972.175
2048,32,64,64,990.543
2048,32,64,128,1022.05
2048,32,64,256,1078.4
2048,32,64,512,1200.04
2048,32,64,1024,1431.66
2048,32,64,2048,1902.54
2048,32,64,4096,2849.58
2048,32,64,8192,4738.59
2048,32,64,16384,8505.54
2048,32,128,16,976.09
2048,32,128,32,1005.04
2048,32,128,64,1036.7
2048,32,128,128,1099.17
2048,32,128,256,1212.56
2048,32,128,512,1442.92
2048,32,128,1024,1908.65
2048,32,128,2048,2856.22
2048,32,128,4096,4697.69
2048,32,128,8192,8434.26
2048,32,128,16384,15915
2048,64,0,0,942.427
2048,64,1,16,949.69
2048,64,1,32,951.237
2048,64,1,64,954.256
2048,64,1,128,961.626
2048,64,1,256,961.541
2048,64,1,512,961.701
2048,64,1,1024,964.879
2048,64,1,2048,974.661
2048,64,1,4096,994.064
2048,64,1,8192,1021.96
2048,64,1,16384,1080.22
2048,64,2,16,948.836
2048,64,2,32,951.834
2048,64,2,64,955.13
2048,64,2,128,961.636
2048,64,2,256,961.85
2048,64,2,512,967.535
2048,64,2,1024,974.937
2048,64,2,2048,992.496
2048,64,2,4096,1021.37
2048,64,2,8192,1078.53
2048,64,2,16384,1188.73
2048,64,4,16,949.562
2048,64,4,32,952.581
2048,64,4,64,954.778
2048,64,4,128,963.514
2048,64,4,256,967.076
2048,64,4,512,977.242
2048,64,4,1024,994.351
2048,64,4,2048,1025.35
2048,64,4,4096,1083.63
2048,64,4,8192,1199.26
2048,64,4,16384,1426.47
2048,64,8,16,951.727
2048,64,8,32,954.244
2048,64,8,64,956.805
2048,64,8,128,970.191
2048,64,8,256,978.736
2048,64,8,512,994.415
2048,64,8,1024,1024.61
2048,64,8,2048,1084.6
2048,64,8,4096,1199.6
2048,64,8,8192,1426.27
2048,64,8,16384,1885.91
2048,64,16,16,953.284
2048,64,16,32,958.82
2048,64,16,64,964.623
2048,64,16,128,975.482
2048,64,16,256,990.5
2048,64,16,512,1021.4
2048,64,16,1024,1082.94
2048,64,16,2048,1198.94
2048,64,16,4096,1424.87
2048,64,16,8192,1881.97
2048,64,16,16384,2794.3
2048,64,32,16,962.703
2048,64,32,32,972.207
2048,64,32,64,982.863
2048,64,32,128,999.034
2048,64,32,256,1030.15
2048,64,32,512,1089.9
2048,64,32,1024,1204.46
2048,64,32,2048,1441.52
2048,64,32,4096,1905.01
2048,64,32,8192,2835.3
2048,64,32,16384,4692.61
2048,64,64,16,973.338
2048,64,64,32,992.708
2048,64,64,64,1009.79
2048,64,64,128,1041.44
2048,64,64,256,1100.37
2048,64,64,512,1217.73
2048,64,64,1024,1451.44
2048,64,64,2048,1924.04
2048,64,64,4096,2867.62
2048,64,64,8192,4770.62
2048,64,64,16384,8553.57
2048,64,128,16,995.865
2048,64,128,32,1025.33
2048,64,128,64,1057.07
2048,64,128,128,1115.84
2048,64,128,256,1233.08
2048,64,128,512,1463.08
2048,64,128,1024,1926.7
2048,64,128,2048,2862.34
2048,64,128,4096,4753.27
2048,64,128,8192,8454.75
2048,64,128,16384,15944.6
2048,128,0,0,983.834
2048,128,1,16,990.458
2048,128,1,32,992.41
2048,128,1,64,995.109
2048,128,1,128,1001.58
2048,128,1,256,1002.28
2048,128,1,512,1002.71
2048,128,1,1024,1005.8
2048,128,1,2048,1015.71
2048,128,1,4096,1034.11
2048,128,1,8192,1062.84
2048,128,1,16384,1121.29
2048,128,2,16,989.902
2048,128,2,32,993.018
2048,128,2,64,996.644
2048,128,2,128,1001.63
2048,128,2,256,1002.63
2048,128,2,512,1008.4
2048,128,2,1024,1015.75
2048,128,2,2048,1035.32
2048,128,2,4096,1061.76
2048,128,2,8192,1119.24
2048,128,2,16384,1231.12
2048,128,4,16,990.117
2048,128,4,32,994.426
2048,128,4,64,996.89
2048,128,4,128,1003.99
2048,128,4,256,1008.56
2048,128,4,512,1019.91
2048,128,4,1024,1036.03
2048,128,4,2048,1065.2
2048,128,4,4096,1124.03
2048,128,4,8192,1240.54
2048,128,4,16384,1462.77
2048,128,8,16,992.794
2048,128,8,32,996.463
2048,128,8,64,997.594
2048,128,8,128,1009.08
2048,128,8,256,1018.16
2048,128,8,512,1035.79
2048,128,8,1024,1066.79
2048,128,8,2048,1121.99
2048,128,8,4096,1243.56
2048,128,8,8192,1469.85
2048,128,8,16384,1929.09
2048,128,16,16,995.279
2048,128,16,32,1000.88
2048,128,16,64,1005.05
2048,128,16,128,1015.58
2048,128,16,256,1031.81
2048,128,16,512,1061.96
2048,128,16,1024,1120.38
2048,128,16,2048,1237.87
2048,128,16,4096,1469.49
2048,128,16,8192,1922.26
2048,128,16,16384,2837.17
2048,128,32,16,1002.39
2048,128,32,32,1012.53
2048,128,32,64,1023.68
2048,128,32,128,1040.37
2048,128,32,256,1070.55
2048,128,32,512,1129.54
2048,128,32,1024,1244.14
2048,128,32,2048,1479.53
2048,128,32,4096,1951.54
2048,128,32,8192,2871.94
2048,128,32,16384,4737.64
2048,128,64,16,1014.12
2048,128,64,32,1034.41
2048,128,64,64,1050.94
2048,128,64,128,1081.66
2048,128,64,256,1141.62
2048,128,64,512,1258.8
2048,128,64,1024,1495.81
2048,128,64,2048,1966.31
2048,128,64,4096,2918.54
2048,128,64,8192,4804.16
2048,128,64,16384,8575.48
2048,128,128,16,956.378
2048,128,128,32,1067.18
2048,128,128,64,1098.31
2048,128,128,128,1158.31
2048,128,128,256,1275.29
2048,128,128,512,1502.98
2048,128,128,1024,1967.73
2048,128,128,2048,2900.39
2048,128,128,4096,4757.76
2048,128,128,8192,8491.99
2048,128,128,16384,15969.8
2048,256,0,0,1072.27
2048,256,1,16,1079.06
2048,256,1,32,1080.88
2048,256,1,64,1084.75
2048,256,1,128,1089.37
2048,256,1,256,1091.56
2048,256,1,512,1091.51
2048,256,1,1024,1093.76
2048,256,1,2048,1104.13
2048,256,1,4096,1123.41
2048,256,1,8192,1150.9
2048,256,1,16384,1209.28
2048,256,2,16,1080.26
2048,256,2,32,1081.36
2048,256,2,64,1083.9
2048,256,2,128,1091.73
2048,256,2,256,1090.07
2048,256,2,512,1097.02
2048,256,2,1024,1104.51
2048,256,2,2048,1122.37
2048,256,2,4096,1151.57
2048,256,2,8192,1208.45
2048,256,2,16384,1320.11
2048,256,4,16,1079.14
2048,256,4,32,1083.67
2048,256,4,64,1086.37
2048,256,4,128,1092.41
2048,256,4,256,1099.76
2048,256,4,512,1107.68
2048,256,4,1024,1124.11
2048,256,4,2048,1154.74
2048,256,4,4096,1213.23
2048,256,4,8192,1330.79
2048,256,4,16384,1557.36
2048,256,8,16,1080.4
2048,256,8,32,1083.41
2048,256,8,64,1086.41
2048,256,8,128,1099.04
2048,256,8,256,1107.28
2048,256,8,512,1123.18
2048,256,8,1024,1154.69
2048,256,8,2048,1214.73
2048,256,8,4096,1329.07
2048,256,8,8192,1559.3
2048,256,8,16384,2014.98
2048,256,16,16,1083.47
2048,256,16,32,1090.19
2048,256,16,64,1093.83
2048,256,16,128,1104.14
2048,256,16,256,1121.02
2048,256,16,512,1150.08
2048,256,16,1024,1210.67
2048,256,16,2048,1326.4
2048,256,16,4096,1557.81
2048,256,16,8192,2013.72
2048,256,16,16384,2935.26
2048,256,32,16,1091.21
2048,256,32,32,1101.2
2048,256,32,64,1111.25
2048,256,32,128,1130.45
2048,256,32,256,1156.75
2048,256,32,512,1219
2048,256,32,1024,1332.6
2048,256,32,2048,1568.34
2048,256,32,4096,2029.82
2048,256,32,8192,2965.36
2048,256,32,16384,4814.76
2048,256,64,16,1102.74
2048,256,64,32,1122.42
2048,256,64,64,1138.02
2048,256,64,128,1170.2
2048,256,64,256,1228.08
2048,256,64,512,1346.45
2048,256,64,1024,1583.34
2048,256,64,2048,2055.47
2048,256,64,4096,2990.79
2048,256,64,8192,4897.01
2048,256,64,16384,8702.23
2048,256,128,16,1125.38
2048,256,128,32,1155.66
2048,256,128,64,1186.77
2048,256,128,128,1246.81
2048,256,128,256,1364.61
2048,256,128,512,1593.9
2048,256,128,1024,2051.3
2048,256,128,2048,2980.8
2048,256,128,4096,4863.51
2048,256,128,8192,8656.88
2048,256,128,16384,16055.9
2048,512,0,0,1238.11
2048,512,1,16,1245.9
2048,512,1,32,1249.15
2048,512,1,64,1249.74
2048,512,1,128,1260.21
2048,512,1,256,1258.46
2048,512,1,512,1259.83
2048,512,1,1024,1262.28
2048,512,1,2048,1273.96
2048,512,1,4096,1292.55
2048,512,1,8192,1318.63
2048,512,1,16384,1378.4
2048,512,2,16,1247.29
2048,512,2,32,1248.86
2048,512,2,64,1251.78
2048,512,2,128,1257.97
2048,512,2,256,1259.13
2048,512,2,512,1263.13
2048,512,2,1024,1272.26
2048,512,2,2048,1289.96
2048,512,2,4096,1317.74
2048,512,2,8192,1376.83
2048,512,2,16384,1488.1
2048,512,4,16,1247.37
2048,512,4,32,1249.21
2048,512,4,64,1251.97
2048,512,4,128,1260.15
2048,512,4,256,1265.17
2048,512,4,512,1273.44
2048,512,4,1024,1293.15
2048,512,4,2048,1323.31
2048,512,4,4096,1380.6
2048,512,4,8192,1497.72
2048,512,4,16384,1723.04
2048,512,8,16,1248.21
2048,512,8,32,1250.19
2048,512,8,64,1253.67
2048,512,8,128,1264.7
2048,512,8,256,1275.21
2048,512,8,512,1293.38
2048,512,8,1024,1322.22
2048,512,8,2048,1380.89
2048,512,8,4096,1497.41
2048,512,8,8192,1728.46
2048,512,8,16384,2177.81
2048,512,16,16,1249.72
2048,512,16,32,1255.67
2048,512,16,64,1261.34
2048,512,16,128,1273.29
2048,512,16,256,1287.62
2048,512,16,512,1319.26
2048,512,16,1024,1376.46
2048,512,16,2048,1492.37
2048,512,16,4096,1727.11
2048,512,16,8192,2179.54
2048,512,16,16384,3092.36
2048,512,32,16,1258.15
2048,512,32,32,1268.91
2048,512,32,64,1278.01
2048,512,32,128,1295.74
2048,512,32,256,1324.77
2048,512,32,512,1385.49
2048,512,32,1024,1501.59
2048,512,32,2048,1734.22
2048,512,32,4096,2200.36
2048,512,32,8192,3122.81
2048,512,32,16384,4986.18
2048,512,64,16,1270.37
2048,512,64,32,1290.4
2048,512,64,64,1305.12
2048,512,64,128,1338.93
2048,512,64,256,1395.01
2048,512,64,512,1514.56
2048,512,64,1024,1749.08
2048,512,64,2048,2225.9
2048,512,64,4096,3173.86
2048,512,64,8192,5067.1
2048,512,64,16384,8847.39
2048,512,128,16,1292.95
2048,512,128,32,1321.7
2048,512,128,64,1353.12
2048,512,128,128,1413.23
2048,512,128,256,1531.4
2048,512,128,512,1762.11
2048,512,128,1024,2225.56
2048,512,128,2048,3164.97
2048,512,128,4096,5010.77
2048,512,128,8192,8650.26
2048,512,128,16384,16232
2048,1024,0,0,1584.4
2048,1024,1,16,1593.52
2048,1024,1,32,1594.81
2048,1024,1,64,1597.78
2048,1024,1,128,1604.13
2048,1024,1,256,1601.69
2048,1024,1,512,1602.33
2048,1024,1,1024,1606.46
2048,1024,1,2048,1619.16
2048,1024,1,4096,1633.55
2048,1024,1,8192,1666.96
2048,1024,1,16384,1721.59
2048,1024,2,16,1593.03
2048,1024,2,32,1593.83
2048,1024,2,64,1597.18
2048,1024,2,128,1601.39
2048,1024,2,256,1605.97
2048,1024,2,512,1608.65
2048,1024,2,1024,1616.71
2048,1024,2,2048,1637.42
2048,1024,2,4096,1664.5
2048,1024,2,8192,1722.53
2048,1024,2,16384,1833.19
2048,1024,4,16,1594.09
2048,1024,4,32,1595.55
2048,1024,4,64,1595.91
2048,1024,4,128,1607.5
2048,1024,4,256,1610.06
2048,1024,4,512,1620.73
2048,1024,4,1024,1632.01
2048,1024,4,2048,1668.37
2048,1024,4,4096,1722.91
2048,1024,4,8192,1844.51
2048,1024,4,16384,2069.9
2048,1024,8,16,1593.43
2048,1024,8,32,1595.83
2048,1024,8,64,1600.4
2048,1024,8,128,1610.88
2048,1024,8,256,1621.73
2048,1024,8,512,1639.07
2048,1024,8,1024,1668.46
2048,1024,8,2048,1723.97
2048,1024,8,4096,1840.63
2048,1024,8,8192,2071.23
2048,1024,8,16384,2533.06
2048,1024,16,16,1595.98
2048,1024,16,32,1602.1
2048,1024,16,64,1605.76
2048,1024,16,128,1616.6
2048,1024,16,256,1632.12
2048,1024,16,512,1665.28
2048,1024,16,1024,1720.73
2048,1024,16,2048,1839.56
2048,1024,16,4096,2070.05
2048,1024,16,8192,2529.61
2048,1024,16,16384,3440.6
2048,1024,32,16,1603.49
2048,1024,32,32,1615.77
2048,1024,32,64,1622.37
2048,1024,32,128,1640.69
2048,1024,32,256,1673.11
2048,1024,32,512,1730.85
2048,1024,32,1024,1846.43
2048,1024,32,2048,2079.82
2048,1024,32,4096,2546.66
2048,1024,32,8192,3473.81
2048,1024,32,16384,5333.93
2048,1024,64,16,1614.63
2048,1024,64,32,1635.28
2048,1024,64,64,1652.7
2048,1024,64,128,1682.1
2048,1024,64,256,1742.81
2048,1024,64,512,1858.88
2048,1024,64,1024,2094.37
2048,1024,64,2048,2568.86
2048,1024,64,4096,3507.16
2048,1024,64,8192,5408.57
2048,1024,64,16384,9185.3
2048,1024,128,16,1638.42
2048,1024,128,32,1667.12
2048,1024,128,64,1701.07
2048,1024,128,128,1758.3
2048,1024,128,256,1875.46
2048,1024,128,512,2105.13
2048,1024,128,1024,2568.3
2048,1024,128,2048,3503.89
2048,1024,128,4096,5353.18
2048,1024,128,8192,8941.4
2048,1024,128,16384,16577.4
2048,2048,0,0,2271.12
2048,2048,1,16,2280.65
2048,2048,1,32,2282.06
2048,2048,1,64,2282.5
2048,2048,1,128,2289.01
2048,2048,1,256,2291.08
2048,2048,1,512,2293.09
2048,2048,1,1024,2293.4
2048,2048,1,2048,2306.8
2048,2048,1,4096,2325.08
2048,2048,1,8192,2354.05
2048,2048,1,16384,2411.85
2048,2048,2,16,2284.65
2048,2048,2,32,2281.3
2048,2048,2,64,2284.8
2048,2048,2,128,2293.71
2048,2048,2,256,2290.87
2048,2048,2,512,2297.97
2048,2048,2,1024,2306.1
2048,2048,2,2048,2324.28
2048,2048,2,4096,2350.53
2048,2048,2,8192,2412.45
2048,2048,2,16384,2522.49
2048,2048,4,16,2279.06
2048,2048,4,32,2284.48
2048,2048,4,64,2286.53
2048,2048,4,128,2292.84
2048,2048,4,256,2298.77
2048,2048,4,512,2306.73
2048,2048,4,1024,2323.14
2048,2048,4,2048,2352.11
2048,2048,4,4096,2415.28
2048,2048,4,8192,2530.98
2048,2048,4,16384,2762.97
2048,2048,8,16,2281.38
2048,2048,8,32,2286.55
2048,2048,8,64,2288.54
2048,2048,8,128,2301.15
2048,2048,8,256,2308.08
2048,2048,8,512,2324.91
2048,2048,8,1024,2353.6
2048,2048,8,2048,2410.67
2048,2048,8,4096,2535.61
2048,2048,8,8192,2763.79
2048,2048,8,16384,3209.5
2048,2048,16,16,2285.3
2048,2048,16,32,2289.65
2048,2048,16,64,2297.89
2048,2048,16,128,2305
2048,2048,16,256,2322.37
2048,2048,16,512,2353.08
2048,2048,16,1024,2412.97
2048,2048,16,2048,2530.69
2048,2048,16,4096,2752.19
2048,2048,16,8192,3213.77
2048,2048,16,16384,4127.89
2048,2048,32,16,2291.59
2048,2048,32,32,2304.76
2048,2048,32,64,2314.26
2048,2048,32,128,2329.34
2048,2048,32,256,2358.82
2048,2048,32,512,2422.16
2048,2048,32,1024,2533.78
2048,2048,32,2048,2769.85
2048,2048,32,4096,3233.24
2048,2048,32,8192,4162.93
2048,2048,32,16384,6017.85
2048,2048,64,16,2256.86
2048,2048,64,32,2275.4
2048,2048,64,64,2292.54
2048,2048,64,128,2374.68
2048,2048,64,256,2429.62
2048,2048,64,512,2550.32
2048,2048,64,1024,2781.89
2048,2048,64,2048,3256.16
2048,2048,64,4096,4194.15
2048,2048,64,8192,6094.04
2048,2048,64,16384,9769
2048,2048,128,16,2327.21
2048,2048,128,32,2357.89
2048,2048,128,64,2385.94
2048,2048,128,128,2447.23
2048,2048,128,256,2562.51
2048,2048,128,512,2800.38
2048,2048,128,1024,3254.35
2048,2048,128,2048,4189.52
2048,2048,128,4096,6088.74
2048,2048,128,8192,9782.85
2048,2048,128,16384,16602.4
2048,4096,0,0,3704.17
2048,4096,1,16,3716.88
2048,4096,1,32,3715.11
2048,4096,1,64,3719.58
2048,4096,1,128,3726.77
2048,4096,1,256,3727.62
2048,4096,1,512,3725.24
2048,4096,1,1024,3731.01
2048,4096,1,2048,3742.15
2048,4096,1,4096,3759.65
2048,4096,1,8192,3784.05
2048,4096,1,16384,3844.8
2048,4096,2,16,3716.56
2048,4096,2,32,3719.94
2048,4096,2,64,3716.25
2048,4096,2,128,3727.06
2048,4096,2,256,3725.98
2048,4096,2,512,3732.72
2048,4096,2,1024,3741.91
2048,4096,2,2048,3757.75
2048,4096,2,4096,3783.43
2048,4096,2,8192,3846.03
2048,4096,2,16384,3952.86
2048,4096,4,16,3710.86
2048,4096,4,32,3717.42
2048,4096,4,64,3719.7
2048,4096,4,128,3727.2
2048,4096,4,256,3733.28
2048,4096,4,512,3742.53
2048,4096,4,1024,3756.15
2048,4096,4,2048,3789
2048,4096,4,4096,3845.42
2048,4096,4,8192,3961.53
2048,4096,4,16384,4191.54
2048,4096,8,16,3711.74
2048,4096,8,32,3711.47
2048,4096,8,64,3719.29
2048,4096,8,128,3730.46
2048,4096,8,256,3743.21
2048,4096,8,512,3760.18
2048,4096,8,1024,3788.27
2048,4096,8,2048,3849.71
2048,4096,8,4096,3965.18
2048,4096,8,8192,4192.39
2048,4096,8,16384,4652.38
2048,4096,16,16,3721.03
2048,4096,16,32,3727.34
2048,4096,16,64,3728.35
2048,4096,16,128,3737.52
2048,4096,16,256,3751.97
2048,4096,16,512,3784.26
2048,4096,16,1024,3841.62
2048,4096,16,2048,3957.44
2048,4096,16,4096,4191.39
2048,4096,16,8192,4647.13
2048,4096,16,16384,5559.18
2048,4096,32,16,3724.06
2048,4096,32,32,3737.68
2048,4096,32,64,3741.12
2048,4096,32,128,3760.39
2048,4096,32,256,3793.56
2048,4096,32,512,3847.93
2048,4096,32,1024,3960.56
2048,4096,32,2048,4203.53
2048,4096,32,4096,4661.35
2048,4096,32,8192,5593.79
2048,4096,32,16384,7456.81
2048,4096,64,16,3739.72
2048,4096,64,32,3754.94
2048,4096,64,64,3772.32
2048,4096,64,128,3807.11
2048,4096,64,256,3863.67
2048,4096,64,512,3982.68
2048,4096,64,1024,4215.04
2048,4096,64,2048,4687.6
2048,4096,64,4096,5635.58
2048,4096,64,8192,7542
2048,4096,64,16384,10804.5
2048,4096,128,16,3330.58
2048,4096,128,32,3360.57
2048,4096,128,64,3820.81
2048,4096,128,128,3878.16
2048,4096,128,256,3995.31
2048,4096,128,512,4225.68
2048,4096,128,1024,4609.17
2048,4096,128,2048,5615.13
2048,4096,128,4096,7183.42
2048,4096,128,8192,11209.3
2048,4096,128,16384,17483.9
2048,8192,0,0,6651.29
2048,8192,1,16,6666.58
2048,8192,1,32,6386.67
2048,8192,1,64,6400.2
2048,8192,1,128,6403.49
2048,8192,1,256,6404.96
2048,8192,1,512,6409.41
2048,8192,1,1024,6724.4
2048,8192,1,2048,6419.89
2048,8192,1,4096,6444.29
2048,8192,1,8192,6466.7
2048,8192,1,16384,6526.96
2048,8192,2,16,6384.66
2048,8192,2,32,6771.65
2048,8192,2,64,6402.81
2048,8192,2,128,6403.96
2048,8192,2,256,6404.09
2048,8192,2,512,6512.81
2048,8192,2,1024,6765.37
2048,8192,2,2048,6441.33
2048,8192,2,4096,6466.44
2048,8192,2,8192,6526.13
2048,8192,2,16384,6630.74
2048,8192,4,16,6386.37
2048,8192,4,32,6636.88
2048,8192,4,64,6668.55
2048,8192,4,128,6398.01
2048,8192,4,256,6401.12
2048,8192,4,512,6415.91
2048,8192,4,1024,6427.33
2048,8192,4,2048,6455.75
2048,8192,4,4096,6745.87
2048,8192,4,8192,6914.19
2048,8192,4,16384,6797.92
2048,8192,8,16,6208.88
2048,8192,8,32,6211.08
2048,8192,8,64,6211.33
2048,8192,8,128,6221.06
2048,8192,8,256,6689.34
2048,8192,8,512,6705.06
2048,8192,8,1024,6399.73
2048,8192,8,2048,6450.27
2048,8192,8,4096,6569.5
2048,8192,8,8192,6802.1
2048,8192,8,16384,7251.27
2048,8192,16,16,6094.45
2048,8192,16,32,6102.98
2048,8192,16,64,6101.12
2048,8192,16,128,6109.62
2048,8192,16,256,6806.04
2048,8192,16,512,6399.24
2048,8192,16,1024,6456.48
2048,8192,16,2048,6567.82
2048,8192,16,4096,6800.65
2048,8192,16,8192,7129.67
2048,8192,16,16384,7849.11
2048,8192,32,16,5778.88
2048,8192,32,32,5791.14
2048,8192,32,64,5800.58
2048,8192,32,128,6713.54
2048,8192,32,256,6409.76
2048,8192,32,512,6465.98
2048,8192,32,1024,6451.44
2048,8192,32,2048,6684.71
2048,8192,32,4096,7142.05
2048,8192,32,8192,7808.32
2048,8192,32,16384,9644.08
2048,8192,64,16,5999.83
2048,8192,64,32,6701
2048,8192,64,64,6720.97
2048,8192,64,128,6360.63
2048,8192,64,256,6414.67
2048,8192,64,512,7027
2048,8192,64,1024,6705.38
2048,8192,64,2048,6985.65
2048,8192,64,4096,7907.8
2048,8192,64,8192,9362.29
2048,8192,64,16384,12901
2048,8192,128,16,6706.71
2048,8192,128,32,5940.02
2048,8192,128,64,5963.34
2048,8192,128,128,6830.54
2048,8192,128,256,6085.98
2048,8192,128,512,6212.36
2048,8192,128,1024,6614.53
2048,8192,128,2048,8599.71
2048,8192,128,4096,9189
2048,8192,128,8192,13942.3
2048,8192,128,16384,20711.1
2048,16384,0,0,12591.1
2048,16384,1,16,12487.5
2048,16384,1,32,9680.42
2048,16384,1,64,9517.8
2048,16384,1,128,9514.11
2048,16384,1,256,9488.49
2048,16384,1,512,9548.77
2048,16384,1,1024,9492.22
2048,16384,1,2048,9499.11
2048,16384,1,4096,9520.33
2048,16384,1,8192,9546.39
2048,16384,1,16384,9696.75
2048,16384,2,16,9464.85
2048,16384,2,32,9523.2
2048,16384,2,64,9495.61
2048,16384,2,128,9487.24
2048,16384,2,256,9504.33
2048,16384,2,512,9528.38
2048,16384,2,1024,9570.58
2048,16384,2,2048,9516.67
2048,16384,2,4096,9608.29
2048,16384,2,8192,9598.12
2048,16384,2,16384,9759.37
2048,16384,4,16,9475.86
2048,16384,4,32,9512.4
2048,16384,4,64,9474.91
2048,16384,4,128,9520.13
2048,16384,4,256,9552.3
2048,16384,4,512,9548.19
2048,16384,4,1024,9511.77
2048,16384,4,2048,9534.11
2048,16384,4,4096,9593.51
2048,16384,4,8192,9730.17
2048,16384,4,16384,9972.51
2048,16384,8,16,9467.91
2048,16384,8,32,9547.05
2048,16384,8,64,9504.23
2048,16384,8,128,9481.22
2048,16384,8,256,9454.14
2048,16384,8,512,9506.31
2048,16384,8,1024,9552.23
2048,16384,8,2048,9564.06
2048,16384,8,4096,9800.73
2048,16384,8,8192,9917.74
2048,16384,8,16384,10433.1
2048,16384,16,16,9566.2
2048,16384,16,32,9500.83
2048,16384,16,64,9474.83
2048,16384,16,128,9541.29
2048,16384,16,256,9481.08
2048,16384,16,512,9580.85
2048,16384,16,1024,9901.66
2048,16384,16,2048,12532.2
2048,16384,16,4096,13153.7
2048,16384,16,8192,13507.9
2048,16384,16,16384,11301.4
2048,16384,32,16,9469.22
2048,16384,32,32,9529.19
2048,16384,32,64,9548.27
2048,16384,32,128,9526.93
2048,16384,32,256,9627.01
2048,16384,32,512,9751.64
2048,16384,32,1024,9767.01
2048,16384,32,2048,10063.1
2048,16384,32,4096,10411
2048,16384,32,8192,11358.9
2048,16384,32,16384,12957.9
2048,16384,64,16,9638.03
2048,16384,64,32,9415.83
2048,16384,64,64,9670.88
2048,16384,64,128,9645.28
2048,16384,64,256,9801.29
2048,16384,64,512,9804.01
2048,16384,64,1024,10117.1
2048,16384,64,2048,10448
2048,16384,64,4096,11398.6
2048,16384,64,8192,12968.6
2048,16384,64,16384,16509.5
2048,16384,128,16,9590.94
2048,16384,128,32,9758.58
2048,16384,128,64,12701.9
2048,16384,128,128,12763.7
2048,16384,128,256,12861.3
2048,16384,128,512,13097.2
2048,16384,128,1024,13354.9
2048,16384,128,2048,14492.8
2048,16384,128,4096,12969
2048,16384,128,8192,16587.1
2048,16384,128,16384,27046.2
