prefill_chunk,kv_prefill,n_decode,kv_decode,time_us
0,0,1,16,1.761107391044776
0,0,1,32,2.1418345074626868
0,0,1,64,2.5741210746268655
0,0,1,128,3.6654490746268658
0,0,1,256,3.7081762388059705
0,0,1,512,3.883618388059701
0,0,1,1024,4.427035701492537
0,0,1,2048,6.457619104477612
0,0,1,4096,10.050171223880596
0,0,1,8192,15.572747462686568
0,0,1,16384,26.994540895522388
0,0,2,16,2.0091797014925374
0,0,2,32,2.4093105671641792
0,0,2,64,2.9100007164179105
0,0,2,128,4.172417910447761
0,0,2,256,4.358632119402985
0,0,2,512,5.3192912238805965
0,0,2,1024,6.434089074626866
0,0,2,2048,9.814750567164179
0,0,2,4096,15.448638089552238
0,0,2,8192,27.227634626865672
0,0,2,16384,49.50413373134328
0,0,4,16,2.0583259701492533
0,0,4,32,2.507723462686567
0,0,4,64,2.976257910447761
0,0,4,128,4.4590710447761195
0,0,4,256,5.411305074626865
0,0,4,512,6.836406447761194
0,0,4,1024,9.80203271641791
0,0,4,2048,16.195400597014928
0,0,4,4096,27.730531343283584
0,0,4,8192,50.98694686567164
0,0,4,16384,96.96057313432836
0,0,8,16,2.182555701492537
0,0,8,32,2.7387510447761194
0,0,8,64,3.263051462686567
0,0,8,128,5.706583880597015
0,0,8,256,6.98183928358209
0,0,8,512,10.07572728358209
0,0,8,1024,16.04340823880597
0,0,8,2048,27.76483343283582
0,0,8,4096,50.93559402985074
0,0,8,8192,96.69317731343283
0,0,8,16384,188.6510614925373
0,0,16,16,2.6896047761194026
0,0,16,32,3.686772537313433
0,0,16,64,4.459131223880597
0,0,16,128,6.389215522388059
0,0,16,256,9.254202268656716
0,0,16,512,15.369482507462687
0,0,16,1024,27.071570149253734
0,0,16,2048,50.87340895522388
0,0,16,4096,97.06969791044776
0,0,16,8192,187.93432835820894
0,0,16,16384,371.83465074626866
0,0,32,16,4.037476298507463
0,0,32,32,5.830753432835821
0,0,32,64,7.632315223880597
0,0,32,128,10.968103164179105
0,0,32,256,16.918552835820893
0,0,32,512,29.02077134328358
0,0,32,1024,51.9028728358209
0,0,32,2048,99.58378029850746
0,0,32,4096,191.90334089552238
0,0,32,8192,380.3038567164179
0,0,32,16384,752.5758089552238
0,0,64,16,6.365545074626866
0,0,64,32,9.588075940298507
0,0,64,64,13.114290626865671
0,0,64,128,19.33428250746269
0,0,64,256,31.30597253731343
0,0,64,512,54.8897623880597
0,0,64,1024,101.90549014925374
0,0,64,2048,196.13353074626866
0,0,64,4096,385.9767402985075
0,0,64,8192,765.9114985074626
0,0,64,16384,1524.8121313432835
0,0,128,16,10.871816597014925
0,0,128,32,16.398665552238807
0,0,128,64,22.436776119402982
0,0,128,128,34.96265552238806
0,0,128,256,58.44815283582089
0,0,128,512,103.91687641791044
0,0,128,1024,197.2675056716418
0,0,128,2048,386.30571940298506
0,0,128,4096,760.2265791044777
0,0,128,8192,1529.227271641791
0,0,128,16384,3009.0755820895524
0,0,256,16,19.85001743283582
0,0,256,32,29.88093134328358
0,0,256,64,40.93683582089552
0,0,256,128,63.902185074626864
0,0,256,256,108.82307820895522
0,0,256,512,197.63780776119404
0,0,256,1024,375.48952835820893
0,0,256,2048,738.7045253731344
0,0,256,4096,1461.409432835821
0,0,256,8192,2914.9755223880597
0,0,256,16384,5793.984
16,0,0,0,2.0648052537313433
16,0,1,16,3.3357879402985073
16,0,1,32,3.7017571343283584
16,0,1,64,4.176630447761195
16,0,1,128,5.394194149253731
16,0,1,256,5.479768835820895
16,0,1,512,5.629554626865671
16,0,1,1024,5.9418239999999996
16,0,1,2048,7.829161074626866
16,0,1,4096,11.254956895522389
16,0,1,8192,16.7881647761194
16,0,1,16384,28.638032238805973
16,0,2,16,3.325096119402985
16,0,2,32,3.708096
16,0,2,64,4.178897194029851
16,0,2,128,5.5353342089552235
16,0,2,256,5.68512
16,0,2,512,6.628868776119402
16,0,2,1024,7.841999283582089
16,0,2,2048,11.304243582089553
16,0,2,4096,16.862987462686565
16,0,2,8192,28.554182686567163
16,0,2,16384,50.71293134328358
16,0,4,16,3.3593380298507465
16,0,4,32,3.8171605970149254
16,0,4,64,4.349886089552238
16,0,4,128,5.7365330149253735
16,0,4,256,6.714523701492538
16,0,4,512,8.355527641791046
16,0,4,1024,11.301776238805969
16,0,4,2048,17.48979295522388
16,0,4,4096,29.239020895522387
16,0,4,8192,52.424826268656716
16,0,4,16384,98.98680358208955
16,0,8,16,3.504630447761194
16,0,8,32,4.037556537313433
16,0,8,64,4.596078805970149
16,0,8,128,6.97536
16,0,8,256,8.475223880597015
16,0,8,512,11.44961623880597
16,0,8,1024,17.440646686567167
16,0,8,2048,28.935116417910447
16,0,8,4096,52.461134328358206
16,0,8,8192,98.51399641791045
16,0,8,16384,189.41272835820894
16,0,16,16,4.0548680597014926
16,0,16,32,5.017593313432836
16,0,16,64,5.798657910447761
16,0,16,128,7.90833671641791
16,0,16,256,10.897493014925372
16,0,16,512,16.837250865671642
16,0,16,1024,28.42158805970149
16,0,16,2048,51.436284179104476
16,0,16,4096,97.95994746268656
16,0,16,8192,189.91963701492537
16,0,16,16384,374.0071164179104
16,0,32,16,5.317225074626866
16,0,32,32,7.223558686567165
16,0,32,64,9.008069731343284
16,0,32,128,12.390937791044776
16,0,32,256,18.29224119402985
16,0,32,512,30.554937313432834
16,0,32,1024,53.79209552238807
16,0,32,2048,100.2599928358209
16,0,32,4096,194.09446208955222
16,0,32,8192,381.1684298507463
16,0,32,16384,754.8024358208955
16,0,64,16,7.955336597014925
16,0,64,32,11.321234149253732
16,0,64,64,14.819706268656716
16,0,64,128,21.10822208955224
16,0,64,256,32.91937432835821
16,0,64,512,56.78339820895523
16,0,64,1024,103.81597611940298
16,0,64,2048,198.6668704477612
16,0,64,4096,388.28761791044775
16,0,64,8192,768.262495522388
16,0,64,16384,1524.862280597015
16,0,128,16,12.16414280597015
16,0,128,32,17.952088835820895
16,0,128,64,24.142251940298507
16,0,128,128,36.30424835820895
16,0,128,256,59.83668537313433
16,0,128,512,105.85945791044776
16,0,128,1024,199.0861182089552
16,0,128,2048,386.08506268656714
16,0,128,4096,761.5685731343284
16,0,128,8192,1522.316704477612
16,0,128,16384,3007.4106268656715
16,16,0,0,2.126869970149254
16,16,1,16,3.3870204179104473
16,16,1,32,3.778786388059702
16,16,1,64,4.232336238805971
16,16,1,128,5.492607044776119
16,16,1,256,5.556798089552238
16,16,1,512,5.676694925373134
16,16,1,1024,6.0724728358208955
16,16,1,2048,7.827034746268657
16,16,1,4096,11.355395820895522
16,16,1,8192,16.933457194029852
16,16,1,16384,28.537131940298504
16,16,2,16,3.37217623880597
16,16,2,32,3.7744334328358207
16,16,2,64,4.245034029850746
16,16,2,128,5.608231164179104
16,16,2,256,5.738679402985075
16,16,2,512,6.729367880597015
16,16,2,1024,7.983219582089552
16,16,2,2048,11.32524608955224
16,16,2,4096,17.136742208955226
16,16,2,8192,28.42379462686567
16,16,2,16384,50.473217910447765
16,16,4,16,3.4320745074626866
16,16,4,32,3.8685134328358206
16,16,4,64,4.386454925373134
16,16,4,128,5.811556298507463
16,16,4,256,6.757170626865671
16,16,4,512,8.366239522388058
16,16,4,1024,11.451682388059702
16,16,4,2048,17.560463283582088
16,16,4,4096,29.104219701492536
16,16,4,8192,52.854705671641796
16,16,4,16384,98.54388537313433
16,16,8,16,3.556183880597015
16,16,8,32,4.106080477611941
16,16,8,64,4.651704358208955
16,16,8,128,6.999030447761194
16,16,8,256,8.543828059701491
16,16,8,512,11.51380728358209
16,16,8,1024,17.4749487761194
16,16,8,2048,29.315849552238806
16,16,8,4096,52.848487164179105
16,16,8,8192,98.57598089552239
16,16,8,16384,189.49176358208956
16,16,16,16,4.091035701492538
16,16,16,32,5.041203582089552
16,16,16,64,5.837112358208955
16,16,16,128,7.925387462686567
16,16,16,256,10.925255641791045
16,16,16,512,17.00848047761194
16,16,16,1024,28.368229253731347
16,16,16,2048,51.714512238805966
16,16,16,4096,98.19083462686567
16,16,16,8192,189.92184358208954
16,16,16,16384,371.4214208955224
16,16,32,16,5.349260417910448
16,16,32,32,7.264279880597014
16,16,32,64,9.080826268656716
16,16,32,128,12.540723582089553
16,16,32,256,18.615342805970148
16,16,32,512,30.587032835820892
16,16,32,1024,54.06169791044776
16,16,32,2048,99.98397134328359
16,16,32,4096,193.9572537313433
16,16,32,8192,379.6037731343283
16,16,32,16384,753.7493014925374
16,16,64,16,8.00897623880597
16,16,64,32,11.333931940298507
16,16,64,64,14.964998686567164
16,16,64,128,21.178832238805967
16,16,64,256,33.20161432835821
16,16,64,512,56.697743283582085
16,16,64,1024,103.70263880597015
16,16,64,2048,198.6347749253731
16,16,64,4096,387.870376119403
16,16,64,8192,769.3015880597014
16,16,64,16384,1526.4409791044775
16,16,128,16,12.219708179104478
16,16,128,32,17.988537313432836
16,16,128,64,24.10574328358209
16,16,128,128,36.5054471641791
16,16,128,256,59.76386865671642
16,16,128,512,105.57922388059703
16,16,128,1024,201.07644179104477
16,16,128,2048,386.7329910447761
16,16,128,4096,762.561528358209
16,16,128,8192,1507.91383880597
16,16,128,16384,3008.7145074626865
16,32,0,0,2.507723462686567
16,32,1,16,3.761535044776119
16,32,1,32,4.140262208955224
16,32,1,64,4.626108179104477
16,32,1,128,5.847663761194029
16,32,1,256,5.91620776119403
16,32,1,512,6.080958089552238
16,32,1,1024,6.397580417910448
16,32,1,2048,8.24640286567164
16,32,1,4096,11.592842507462686
16,32,1,8192,17.33378865671642
16,32,1,16384,28.77463880597015
16,32,2,16,3.7380651940298506
16,32,2,32,4.138176
16,32,2,64,4.617542686567163
16,32,2,128,5.9803988059701485
16,32,2,256,6.104628537313433
16,32,2,512,7.061014925373135
16,32,2,1024,8.321225552238806
16,32,2,2048,11.691395820895522
16,32,2,4096,17.374449671641788
16,32,2,8192,29.112845373134327
16,32,2,16384,50.92696835820895
16,32,4,16,3.8064687761194027
16,32,4,32,4.249447164179105
16,32,4,64,4.758762985074626
16,32,4,128,6.196381611940299
16,32,4,256,7.163660417910448
16,32,4,512,8.772709253731342
16,32,4,1024,11.661446686567164
16,32,4,2048,17.838691343283582
16,32,4,4096,29.63259223880597
16,32,4,8192,53.319087761194034
16,32,4,16384,98.84137074626865
16,32,8,16,3.962794029850746
16,32,8,32,4.486893850746268
16,32,8,64,5.024092656716418
16,32,8,128,7.3605062686567155
16,32,8,256,8.789900417910447
16,32,8,512,11.922282985074625
16,32,8,1024,18.03962937313433
16,32,8,2048,29.765387462686565
16,32,8,4096,53.2057504477612
16,32,8,8192,99.0038543283582
16,32,8,16384,190.53988298507463
16,32,16,16,4.472049671641791
16,32,16,32,5.432628537313433
16,32,16,64,6.22011223880597
16,32,16,128,8.169514029850745
16,32,16,256,11.130727164179104
16,32,16,512,17.19672071641791
16,32,16,1024,29.09980656716418
16,32,16,2048,52.197951044776126
16,32,16,4096,98.72141373134328
16,32,16,8192,190.19545791044777
16,32,16,16384,375.8766805970149
16,32,32,16,5.742952119402985
16,32,32,32,7.666557134328357
16,32,32,64,9.607253014925373
16,32,32,128,12.913091820895522
16,32,32,256,18.771527641791042
16,32,32,512,30.724040597014927
16,32,32,1024,53.98025552238806
16,32,32,2048,100.67703402985074
16,32,32,4096,193.83529074626867
16,32,32,8192,381.0721432835821
16,32,32,16384,753.6911283582089
16,32,64,16,8.363952716417911
16,32,64,32,11.849526447761194
16,32,64,64,15.262423880597014
16,32,64,128,21.591660895522388
16,32,64,256,33.46700417910448
16,32,64,512,56.915992835820894
16,32,64,1024,104.35738746268657
16,32,64,2048,198.476503880597
16,32,64,4096,388.73896119402986
16,32,64,8192,770.3667582089552
16,32,64,16384,1530.872167164179
16,32,128,16,12.59849552238806
16,32,128,32,18.245301492537312
16,32,128,64,24.497308656716417
16,32,128,128,36.56542567164179
16,32,128,256,60.15764059701492
16,32,128,512,106.1824191044776
16,32,128,1024,200.68928955223882
16,32,128,2048,384.9516895522388
16,32,128,4096,761.2155223880596
16,32,128,8192,1522.6216119402984
16,32,128,16384,3006.046567164179
16,64,0,0,2.961353552238806
16,64,1,16,4.223770746268657
16,64,1,32,4.6153361194029845
16,64,1,64,5.081784358208956
16,64,1,128,6.307913552238806
16,64,1,256,6.401993552238806
16,64,1,512,6.502492656716418
16,64,1,1024,6.84483152238806
16,64,1,2048,8.710664597014924
16,64,1,4096,12.027255402985073
16,64,1,8192,17.71458197014925
16,64,1,16384,29.448644776119405
16,64,2,16,4.191675223880597
16,64,2,32,4.617342089552239
16,64,2,64,5.079658029850746
16,64,2,128,6.406125850746268
16,64,2,256,6.575309373134329
16,64,2,512,7.632174805970149
16,64,2,1024,8.783481313432837
16,64,2,2048,12.125688358208954
16,64,2,4096,17.592759402985074
16,64,2,8192,29.198299701492534
16,64,2,16384,51.49385552238805
16,64,4,16,4.268704477611941
16,64,4,32,4.690218985074627
16,64,4,64,5.210246686567165
16,64,4,128,6.65019223880597
16,64,4,256,7.6472998208955225
16,64,4,512,9.198636895522387
16,64,4,1024,12.181193552238806
16,64,4,2048,18.347866746268657
16,64,4,4096,30.426555223880598
16,64,4,8192,53.63141731343283
16,64,4,16384,99.27546268656715
16,64,8,16,4.395020417910448
16,64,8,32,4.940503880597015
16,64,8,64,5.4989659701492535
16,64,8,128,7.84635223880597
16,64,8,256,9.254282507462685
16,64,8,512,12.403775999999999
16,64,8,1024,18.274989850746266
16,64,8,2048,30.317430447761193
16,64,8,4096,53.563013731343275
16,64,8,8192,99.82770626865671
16,64,8,16384,190.81389850746268
16,64,16,16,4.962108179104478
16,64,16,32,5.905576119402985
16,64,16,64,6.693059820895521
16,64,16,128,8.633835940298507
16,64,16,256,11.629351164179104
16,64,16,512,17.706036537313434
16,64,16,1024,29.437812537313434
16,64,16,2048,53.19291223880597
16,64,16,4096,100.09931462686568
16,64,16,8192,192.56651462686565
16,64,16,16384,374.4765134328358
16,64,32,16,6.25220776119403
16,64,32,32,8.145984
16,64,32,64,10.00102495522388
16,64,32,128,13.341045492537312
16,64,32,256,19.229430447761196
16,64,32,512,31.36374447761194
16,64,32,1024,54.44022447761194
16,64,32,2048,101.77891343283582
16,64,32,4096,194.59274507462686
16,64,32,8192,381.7782447761194
16,64,32,16384,753.6028656716418
16,64,64,16,8.862516537313432
16,64,64,32,12.234813134328357
16,64,64,64,15.775952238805969
16,64,64,128,22.143703880597013
16,64,64,256,33.74743880597015
16,64,64,512,57.18780179104478
16,64,64,1024,104.43221014925372
16,64,64,2048,199.57176358208955
16,64,64,4096,390.2053253731343
16,64,64,8192,766.8282268656716
16,64,64,16384,1529.6284656716418
16,64,128,16,13.097179701492536
16,64,128,32,18.763042388059702
16,64,128,64,25.032300895522386
16,64,128,128,37.17524059701493
16,64,128,256,60.743785074626864
16,64,128,512,106.512
16,64,128,1024,199.2742782089552
16,64,128,2048,387.63768358208955
16,64,128,4096,758.9006328358208
16,64,128,8192,1534.073695522388
16,64,128,16384,3008.814805970149
16,128,0,0,4.795071044776119
16,128,1,16,6.136724059701493
16,128,1,32,6.547546746268657
16,128,1,64,7.0010364179104485
16,128,1,128,8.272159522388058
16,128,1,256,8.351114507462688
16,128,1,512,8.505173014925372
16,128,1,1024,8.834834149253732
16,128,1,2048,10.837514507462686
16,128,1,4096,14.199059104477612
16,128,1,8192,19.740752238805968
16,128,1,16384,31.723013731343283
16,128,2,16,6.121679283582089
16,128,2,32,6.547486567164179
16,128,2,64,7.0032429850746265
16,128,2,128,8.317013014925374
16,128,2,256,8.464652417910447
16,128,2,512,9.523884895522388
16,128,2,1024,10.657859820895522
16,128,2,2048,14.01270447761194
16,128,2,4096,19.78574614925373
16,128,2,8192,31.209685970149252
16,128,2,16384,53.73632955223881
16,128,4,16,6.168699223880597
16,128,4,32,6.613884179104477
16,128,4,64,7.105948656716418
16,128,4,128,8.537208358208954
16,128,4,256,9.44872119402985
16,128,4,512,11.214235701492537
16,128,4,1024,14.158398089552238
16,128,4,2048,20.34856119402985
16,128,4,4096,31.967140298507466
16,128,4,8192,56.00889313432836
16,128,4,16384,101.0878567164179
16,128,8,16,6.269198328358209
16,128,8,32,6.765736119402985
16,128,8,64,7.388389253731344
16,128,8,128,9.684422686567164
16,128,8,256,11.271947462686567
16,128,8,512,14.419254447761192
16,128,8,1024,20.297208358208955
16,128,8,2048,32.38638805970149
16,128,8,4096,55.27490865671642
16,128,8,8192,102.21541253731343
16,128,8,16384,194.02565731343282
16,128,16,16,6.804391164179104
16,128,16,32,7.818409074626866
16,128,16,64,8.610025074626865
16,128,16,128,10.636456119402984
16,128,16,256,13.537891343283581
16,128,16,512,19.87782017910448
16,128,16,1024,31.84918925373134
16,128,16,2048,54.84683462686567
16,128,16,4096,101.32115104477612
16,128,16,8192,193.46278208955223
16,128,16,16384,376.9258029850746
16,128,32,16,8.122313552238806
16,128,32,32,10.09083223880597
16,128,32,64,11.843247761194029
16,128,32,128,15.343725850746269
16,128,32,256,21.26208
16,128,32,512,33.41143880597015
16,128,32,1024,56.15853850746269
16,128,32,2048,102.95140298507462
16,128,32,4096,196.1204919402985
16,128,32,8192,383.22254328358207
16,128,32,16384,756.7582567164179
16,128,64,16,10.702793552238806
16,128,64,32,14.233160597014924
16,128,64,64,17.554104358208953
16,128,64,128,23.971142686567163
16,128,64,256,35.709277611940294
16,128,64,512,59.365884179104484
16,128,64,1024,106.61029253731344
16,128,64,2048,202.2098149253731
16,128,64,4096,389.8803582089552
16,128,64,8192,768.8382089552239
16,128,64,16384,1531.9834746268657
16,128,128,16,14.999240597014925
16,128,128,32,20.746345074626866
16,128,128,64,27.056525373134328
16,128,128,128,39.14369910447761
16,128,128,256,62.60331940298507
16,128,128,512,108.69449552238807
16,128,128,1024,202.91391044776117
16,128,128,2048,390.9254686567164
16,128,128,4096,768.6977910447762
16,128,128,8192,1519.5805611940298
16,128,128,16384,3014.6922985074625
16,256,0,0,4.859262089552239
16,256,1,16,6.2478548059701495
16,256,1,32,6.618096716417909
16,256,1,64,7.090903880597014
16,256,1,128,8.389769552238805
16,256,1,256,8.445395104477612
16,256,1,512,8.637767641791044
16,256,1,1024,8.984599880597013
16,256,1,2048,10.972395940298508
16,256,1,4096,14.54121743283582
16,256,1,8192,19.98909134328358
16,256,1,16384,31.42372298507463
16,256,2,16,6.168759402985074
16,256,2,32,6.596632835820895
16,256,2,64,7.054535641791046
16,256,2,128,8.417451940298507
16,256,2,256,8.586615402985075
16,256,2,512,9.641434746268656
16,256,2,1024,10.835448358208955
16,256,2,2048,14.395844776119402
16,256,2,4096,19.928972417910447
16,256,2,8192,31.583999999999996
16,256,2,16384,54.078748656716414
16,256,4,16,6.260632835820895
16,256,4,32,6.705757611940299
16,256,4,64,7.230058029850746
16,256,4,128,8.66793743283582
16,256,4,256,9.570684179104477
16,256,4,512,11.346709970149254
16,256,4,1024,14.35939629850746
16,256,4,2048,20.731500895522387
16,256,4,4096,32.27264955223881
16,256,4,8192,55.42876656716418
16,256,4,16384,101.47721552238805
16,256,8,16,6.427389134328358
16,256,8,32,6.983985671641792
16,256,8,64,7.508346268656716
16,256,8,128,9.958237611940298
16,256,8,256,11.518140179104478
16,256,8,512,14.541478208955223
16,256,8,1024,20.564804776119402
16,256,8,2048,32.29010149253731
16,256,8,4096,56.29534567164179
16,256,8,8192,101.93297194029851
16,256,8,16384,194.02545671641792
16,256,16,16,6.926213731343283
16,256,16,32,7.878387582089553
16,256,16,64,8.69788656716418
16,256,16,128,10.70700608955224
16,256,16,256,13.736883582089552
16,256,16,512,19.899083462686566
16,256,16,1024,31.494132537313433
16,256,16,2048,54.979629850746264
16,256,16,4096,101.39818029850747
16,256,16,8192,193.08425552238805
16,256,16,16384,377.09631044776114
16,256,32,16,8.175732537313433
16,256,32,32,10.232052537313432
16,256,32,64,12.119269253731343
16,256,32,128,15.386533253731342
16,256,32,256,21.499586865671642
16,256,32,512,33.199608358208955
16,256,32,1024,56.41770985074627
16,256,32,2048,102.97306746268656
16,256,32,4096,196.65508298507464
16,256,32,8192,385.0198925373134
16,256,32,16384,757.644895522388
16,256,64,16,10.888947582089552
16,256,64,32,14.473074626865673
16,256,64,64,17.815161313432835
16,256,64,128,24.103737313432834
16,256,64,256,35.97045492537313
16,256,64,512,59.644112238805974
16,256,64,1024,106.8756823880597
16,256,64,2048,201.84874029850747
16,256,64,4096,390.3718208955224
16,256,64,8192,769.8492179104477
16,256,64,16384,1523.7429492537312
16,256,128,16,15.157652059701494
16,256,128,32,20.977432835820895
16,256,128,64,27.08420776119403
16,256,128,128,39.34249074626866
16,256,128,256,62.410746268656716
16,256,128,512,109.05175880597014
16,256,128,1024,203.60998208955223
16,256,128,2048,391.64761791044776
16,256,128,4096,768.6737194029851
16,256,128,8192,1524.7980895522387
16,256,128,16384,3011.2420298507463
16,512,0,0,5.081664
16,512,1,16,6.448933253731343
16,512,1,32,6.812816238805969
16,512,1,64,7.294108656716418
16,512,1,128,8.603746388059701
16,512,1,256,8.627276417910448
16,512,1,512,8.851945074626865
16,512,1,1024,9.241163462686567
16,512,1,2048,11.235579223880597
16,512,1,4096,14.496343880597015
16,512,1,8192,20.365411343283583
16,512,1,16384,31.793623880597014
16,512,2,16,6.361332537313433
16,512,2,32,6.772155223880596
16,512,2,64,7.2428159999999995
16,512,2,128,8.593114746268656
16,512,2,256,8.768436537313432
16,512,2,512,9.772023402985074
16,512,2,1024,11.139352835820896
16,512,2,2048,14.644183880597014
16,512,2,4096,20.063914029850746
16,512,2,8192,31.84718328358209
16,512,2,16384,54.41675462686567
16,512,4,16,6.468250746268656
16,512,4,32,6.924067343283582
16,512,4,64,7.473984
16,512,4,128,8.864843462686567
16,512,4,256,9.93683391044776
16,512,4,512,11.725497313432836
16,512,4,1024,14.635498029850746
16,512,4,2048,21.099596417910448
16,512,4,4096,32.42931582089552
16,512,4,8192,55.891142686567164
16,512,4,16384,101.6633695522388
16,512,8,16,6.592279880597015
16,512,8,32,7.138044179104478
16,512,8,64,7.64300704477612
16,512,8,128,10.112296119402986
16,512,8,256,11.731976597014926
16,512,8,512,14.926564298507463
16,512,8,1024,20.86409552238806
16,512,8,2048,33.13100417910448
16,512,8,4096,55.97860298507462
16,512,8,8192,102.74599164179105
16,512,8,16384,193.51834746268656
16,512,16,16,7.135897791044776
16,512,16,32,8.150116298507463
16,512,16,64,9.119340895522388
16,512,16,128,11.239912119402984
16,512,16,256,14.057778626865671
16,512,16,512,20.26932537313433
16,512,16,1024,32.21748537313433
16,512,16,2048,55.35394388059702
16,512,16,4096,102.04851582089552
16,512,16,8192,194.16246447761193
16,512,16,16384,377.01807761194027
16,512,32,16,8.451814208955224
16,512,32,32,10.600007641791045
16,512,32,64,12.43374519402985
16,512,32,128,15.741790567164179
16,512,32,256,21.645019701492537
16,512,32,512,33.72156179104478
16,512,32,1024,57.43995223880597
16,512,32,2048,104.26090029850747
16,512,32,4096,196.13292895522386
16,512,32,8192,384.28971940298504
16,512,32,16384,756.7482268656717
16,512,64,16,11.138951641791046
16,512,64,32,14.781131462686567
16,512,64,64,18.140248835820895
16,512,64,128,24.51877253731343
16,512,64,256,36.12451343283582
16,512,64,512,59.87941253731343
16,512,64,1024,107.10456358208954
16,512,64,2048,201.78655522388058
16,512,64,4096,392.8572179104478
16,512,64,8192,775.0807880597015
16,512,64,16384,1528.9343999999999
16,512,128,16,15.348078805970149
16,512,128,32,21.30500776119403
16,512,128,64,27.42662686567164
16,512,128,128,39.449609552238805
16,512,128,256,62.883553432835825
16,512,128,512,109.21002985074625
16,512,128,1024,202.6190328358209
16,512,128,2048,391.45905671641793
16,512,128,4096,765.6346746268657
16,512,128,8192,1519.6567880597015
16,512,128,16384,3010.760597014925
16,1024,0,0,5.554591522388059
16,1024,1,16,6.911168955223881
16,1024,1,32,7.270779223880597
16,1024,1,64,7.788580298507462
16,1024,1,128,8.950378029850745
16,1024,1,256,9.106362268656715
16,1024,1,512,9.282025074626866
16,1024,1,1024,9.710038925373135
16,1024,1,2048,11.738395701492538
16,1024,1,4096,15.159718208955223
16,1024,1,8192,20.68456119402985
16,1024,1,16384,32.56191044776119
16,1024,2,16,6.872714507462686
16,1024,2,32,7.2900365373134335
16,1024,2,64,7.833373611940298
16,1024,2,128,9.104356298507462
16,1024,2,256,9.299136
16,1024,2,512,10.22136071641791
16,1024,2,1024,11.659099701492536
16,1024,2,2048,15.24316656716418
16,1024,2,4096,20.68235462686567
16,1024,2,8192,32.46542328358209
16,1024,2,16384,54.934696119402986
16,1024,4,16,6.913375522388059
16,1024,4,32,7.48252943283582
16,1024,4,64,8.068954746268655
16,1024,4,128,9.406054208955224
16,1024,4,256,10.356222089552238
16,1024,4,512,12.13852656716418
16,1024,4,1024,15.356564059701492
16,1024,4,2048,21.613124776119403
16,1024,4,4096,33.475629850746266
16,1024,4,8192,56.755314626865676
16,1024,4,16384,102.23246328358209
16,1024,8,16,7.071706746268657
16,1024,8,32,7.6771887761194035
16,1024,8,64,8.319159402985076
16,1024,8,128,10.58510328358209
16,1024,8,256,12.226187462686566
16,1024,8,512,15.487032358208955
16,1024,8,1024,21.448434626865673
16,1024,8,2048,33.45436656716418
16,1024,8,4096,56.62272
16,1024,8,8192,102.8958376119403
16,1024,8,16384,194.34861850746267
16,1024,16,16,7.726395223880598
16,1024,16,32,8.725709373134327
16,1024,16,64,9.562259104477612
16,1024,16,128,11.620444656716417
16,1024,16,256,14.618447283582091
16,1024,16,512,20.851257313432836
16,1024,16,1024,32.58758686567164
16,1024,16,2048,56.26766328358208
16,1024,16,4096,103.11388656716417
16,1024,16,8192,194.43868656716415
16,1024,16,16384,380.03706268656714
16,1024,32,16,9.080886447761195
16,1024,32,32,11.070748656716418
16,1024,32,64,12.885148656716417
16,1024,32,128,16.186774925373133
16,1024,32,256,21.846218507462687
16,1024,32,512,34.07882507462686
16,1024,32,1024,57.81887999999999
16,1024,32,2048,104.09179701492536
16,1024,32,4096,198.61932895522386
16,1024,32,8192,384.4943283582089
16,1024,32,16384,755.4664119402985
16,1024,64,16,11.552181492537313
16,1024,64,32,15.187460776119401
16,1024,64,64,18.459338507462686
16,1024,64,128,24.726390447761194
16,1024,64,256,36.64867343283582
16,1024,64,512,60.44850626865672
16,1024,64,1024,106.90135880597016
16,1024,64,2048,201.2790447761194
16,1024,64,4096,391.79605970149254
16,1024,64,8192,769.8251462686567
16,1024,64,16384,1533.9733970149252
16,1024,128,16,15.895909253731341
16,1024,128,32,21.951130746268657
16,1024,128,64,27.736749850746264
16,1024,128,128,40.05721791044776
16,1024,128,256,63.289962985074624
16,1024,128,512,109.42186029850745
16,1024,128,1024,202.34421492537314
16,1024,128,2048,391.6797134328358
16,1024,128,4096,772.5994029850746
16,1024,128,8192,1520.8242626865672
16,1024,128,16384,3013.3282388059697
16,2048,0,0,7.5702705671641795
16,2048,1,16,8.939605970149254
16,2048,1,32,9.457407044776119
16,2048,1,64,9.859684298507462
16,2048,1,128,11.032093611940297
16,2048,1,256,11.194777791044775
16,2048,1,512,11.25696286567164
16,2048,1,1024,11.751173731343284
16,2048,1,2048,13.807293134328358
16,2048,1,4096,17.61161552238806
16,2048,1,8192,23.35270208955224
16,2048,1,16384,34.641700298507466
16,2048,2,16,9.008069731343284
16,2048,2,32,9.47433743283582
16,2048,2,64,9.904678208955223
16,2048,2,128,11.107397731343283
16,2048,2,256,11.28478567164179
16,2048,2,512,12.303276895522387
16,2048,2,1024,13.726191761194029
16,2048,2,2048,17.46852967164179
16,2048,2,4096,23.21569432835821
16,2048,2,8192,35.03948417910448
16,2048,2,16384,57.78036537313432
16,2048,4,16,8.969635343283581
16,2048,4,32,9.435943164179104
16,2048,4,64,10.05438376119403
16,2048,4,128,11.449536
16,2048,4,256,12.346004059701492
16,2048,4,512,14.33392047761194
16,2048,4,1024,17.72515343283582
16,2048,4,2048,23.994612537313433
16,2048,4,4096,35.6452871641791
16,2048,4,8192,58.60842985074627
16,2048,4,16384,104.80431761194029
16,2048,8,16,9.181385552238806
16,2048,8,32,9.68422208955224
16,2048,8,64,10.264087880597016
16,2048,8,128,12.836142805970148
16,2048,8,256,14.398051343283582
16,2048,8,512,17.932771343283584
16,2048,8,1024,24.07144119402985
16,2048,8,2048,35.555219104477615
16,2048,8,4096,59.581927164179106
16,2048,8,8192,105.0035104477612
16,2048,8,16384,196.15639880597016
16,2048,16,16,9.72700943283582
16,2048,16,32,10.702713313432836
16,2048,16,64,11.64425552238806
16,2048,16,128,13.72398519402985
16,2048,16,256,17.049081313432833
16,2048,16,512,23.121413731343285
16,2048,16,1024,34.74440597014925
16,2048,16,2048,58.056587462686565
16,2048,16,4096,104.25448119402985
16,2048,16,8192,196.6249934328358
16,2048,16,16384,380.34397611940295
16,2048,32,16,11.120095522388059
16,2048,32,32,13.266022208955224
16,2048,32,64,15.11699104477612
16,2048,32,128,18.722261014925373
16,2048,32,256,24.81625791044776
16,2048,32,512,36.55880597014925
16,2048,32,1024,60.15302686567164
16,2048,32,2048,106.78380895522389
16,2048,32,4096,199.87105432835818
16,2048,32,8192,387.3087044776119
16,2048,32,16384,760.4612776119402
16,2048,64,16,13.860992955223878
16,2048,64,32,17.551978029850744
16,2048,64,64,21.114440597014923
16,2048,64,128,27.52933253731343
16,2048,64,256,39.35532895522388
16,2048,64,512,62.75517134328358
16,2048,64,1024,110.15805134328357
16,2048,64,2048,204.0793791044776
16,2048,64,4096,395.5010865671641
16,2048,64,8192,772.4770388059701
16,2048,64,16384,1536.4046328358208
16,2048,128,16,18.228050149253733
16,2048,128,32,24.035333731343282
16,2048,128,64,30.40930388059701
16,2048,128,128,42.39156537313433
16,2048,128,256,65.57737074626866
16,2048,128,512,111.80996776119402
16,2048,128,1024,205.8827462686567
16,2048,128,2048,391.9685731343283
16,2048,128,4096,771.3577074626866
16,2048,128,8192,1515.3078447761193
16,2048,128,16384,3016.357253731343
16,4096,0,0,11.109323462686568
16,4096,1,16,12.446643582089552
16,4096,1,32,12.831789850746269
16,4096,1,64,13.296031522388061
16,4096,1,128,14.43409862686567
16,4096,1,256,14.609881791044774
16,4096,1,512,14.688856835820896
16,4096,1,1024,15.189667343283583
16,4096,1,2048,17.20761313432836
16,4096,1,4096,20.93470567164179
16,4096,1,8192,26.579505671641794
16,4096,1,16384,38.14011223880597
16,4096,2,16,12.367407761194029
16,4096,2,32,12.883082507462685
16,4096,2,64,13.336632358208956
16,4096,2,128,14.633351641791045
16,4096,2,256,14.742536597014926
16,4096,2,512,15.754628776119404
16,4096,2,1024,17.179589731343285
16,4096,2,2048,21.05045014925373
16,4096,2,4096,26.703274029850746
16,4096,2,8192,38.33469134328358
16,4096,2,16384,60.40577910447761
16,4096,4,16,12.395230567164178
16,4096,4,32,12.885208835820896
16,4096,4,64,13.33889910447761
16,4096,4,128,14.915651820895523
16,4096,4,256,15.827244895522387
16,4096,4,512,17.772293731343282
16,4096,4,1024,21.17662567164179
16,4096,4,2048,27.328133731343286
16,4096,4,4096,39.28471880597015
16,4096,4,8192,62.62658865671642
16,4096,4,16384,107.81929074626865
16,4096,8,16,12.489310567164178
16,4096,8,32,13.148331940298508
16,4096,8,64,13.73909014925373
16,4096,8,128,16.186774925373133
16,4096,8,256,17.96707343283582
16,4096,8,512,21.49316776119403
16,4096,8,1024,27.413588059701492
16,4096,8,2048,39.31701492537314
16,4096,8,4096,62.31466029850746
16,4096,8,8192,108.70292059701494
16,4096,8,16384,201.19479402985075
16,4096,16,16,13.097179701492536
16,4096,16,32,14.10497910447761
16,4096,16,64,15.157511641791045
16,4096,16,128,17.26083152238806
16,4096,16,256,20.37845014925373
16,4096,16,512,26.44229731343284
16,4096,16,1024,38.14633074626865
16,4096,16,2048,62.207340895522385
16,4096,16,4096,107.2820919402985
16,4096,16,8192,201.06039402985073
16,4096,16,16384,381.5134567164179
16,4096,32,16,14.637564179104476
16,4096,32,32,16.830891940298507
16,4096,32,64,18.872167164179103
16,4096,32,128,22.212308059701492
16,4096,32,256,28.166829850746268
16,4096,32,512,40.02933492537313
16,4096,32,1024,63.21092776119402
16,4096,32,2048,109.97590925373134
16,4096,32,4096,203.20277014925372
16,4096,32,8192,390.90139701492535
16,4096,32,16384,760.9928597014925
16,4096,64,16,17.442853253731343
16,4096,64,32,21.165994029850747
16,4096,64,64,24.80542567164179
16,4096,64,128,30.963352835820892
16,4096,64,256,42.75324179104477
16,4096,64,512,66.37755223880596
16,4096,64,1024,113.90038925373135
16,4096,64,2048,208.8917014925373
16,4096,64,4096,397.0737671641791
16,4096,64,8192,777.7567522388059
16,4096,64,16384,1540.2581014925372
16,4096,128,16,21.968181492537312
16,4096,128,32,27.81377910447761
16,4096,128,64,34.05736119402985
16,4096,128,128,45.984057313432835
16,4096,128,256,69.67917850746268
16,4096,128,512,115.77035462686567
16,4096,128,1024,208.731223880597
16,4096,128,2048,394.2814567164179
16,4096,128,4096,774.8360597014926
16,4096,128,8192,1524.0378268656716
16,4096,128,16384,3016.9389850746265
16,8192,0,0,16.481993552238805
16,8192,1,16,18.116718805970148
16,8192,1,32,18.251660417910447
16,8192,1,64,18.820673910447763
16,8192,1,128,19.997576597014923
16,8192,1,256,20.08938985074627
16,8192,1,512,20.24364895522388
16,8192,1,1024,20.624582686567162
16,8192,1,2048,22.672277014925374
16,8192,1,4096,26.622032238805968
16,8192,1,8192,32.00966686567164
16,8192,1,16384,43.81219343283582
16,8192,2,16,17.868520119402984
16,8192,2,32,18.2923816119403
16,8192,2,64,18.79078495522388
16,8192,2,128,20.12389253731343
16,8192,2,256,20.35498029850746
16,8192,2,512,21.21955343283582
16,8192,2,1024,22.58882865671642
16,8192,2,2048,26.410402388059698
16,8192,2,4096,32.10816
16,8192,2,8192,43.99433552238806
16,8192,2,16384,65.64136119402986
16,8192,4,16,17.836224
16,8192,4,32,18.403512358208957
16,8192,4,64,18.998202268656716
16,8192,4,128,20.35899223880597
16,8192,4,256,21.409719402985075
16,8192,4,512,23.264840597014924
16,8192,4,1024,26.906679402985077
16,8192,4,2048,32.91917373134328
16,8192,4,4096,45.18808835820895
16,8192,4,8192,67.50711402985074
16,8192,4,16384,112.95878686567166
16,8192,8,16,18.00123510447761
16,8192,8,32,18.68166017910448
16,8192,8,64,19.21665241791045
16,8192,8,128,21.666684179104475
16,8192,8,256,23.44678208955224
16,8192,8,512,27.05211223880597
16,8192,8,1024,33.06039402985075
16,8192,8,2048,44.87575880597015
16,8192,8,4096,68.4017767164179
16,8192,8,8192,113.95154149253732
16,8192,8,16384,205.61394626865672
16,8192,16,16,18.683866746268656
16,8192,16,32,19.63142686567164
16,8192,16,64,20.64163343283582
16,8192,16,128,22.99543880597015
16,8192,16,256,26.06357014925373
16,8192,16,512,32.230323582089554
16,8192,16,1024,43.69263761194029
16,8192,16,2048,67.80680597014924
16,8192,16,4096,113.1449408955224
16,8192,16,8192,206.19367164179107
16,8192,16,16384,389.54536119402985
16,8192,32,16,20.059561074626867
16,8192,32,32,22.27649910447761
16,8192,32,64,24.12921313432836
16,8192,32,128,27.610574328358208
16,8192,32,256,33.51835701492537
16,8192,32,512,45.48557373134329
16,8192,32,1024,68.52373970149253
16,8192,32,2048,116.79079164179105
16,8192,32,4096,208.79942686567165
16,8192,32,8192,394.92336716417907
16,8192,32,16384,767.044871641791
16,8192,64,16,22.88611343283582
16,8192,64,32,26.735369552238804
16,8192,64,64,30.32786149253731
16,8192,64,128,36.48398328358209
16,8192,64,256,48.37838328358209
16,8192,64,512,71.87451223880596
16,8192,64,1024,119.26876656716416
16,8192,64,2048,213.419176119403
16,8192,64,4096,403.79978507462687
16,8192,64,8192,780.9241791044776
16,8192,64,16384,1543.0443940298508
16,8192,128,16,27.38590567164179
16,8192,128,32,33.30652656716418
16,8192,128,64,39.653014925373135
16,8192,128,128,51.90889074626865
16,8192,128,256,75.16530626865672
16,8192,128,512,121.62658388059701
16,8192,128,1024,215.23658507462687
16,8192,128,2048,401.8038447761194
16,8192,128,4096,774.3907343283581
16,8192,128,8192,1537.235104477612
16,8192,128,16384,3054.952119402985
16,16384,0,0,27.897227462686566
16,16384,1,16,29.245239402985074
16,16384,1,32,29.49337791044776
16,16384,1,64,30.169590447761195
16,16384,1,128,31.59463164179104
16,16384,1,256,31.56253611940298
16,16384,1,512,31.849389850746267
16,16384,1,1024,31.838557611940296
16,16384,1,2048,34.28202985074627
16,16384,1,4096,38.01173014925373
16,16384,1,8192,43.367269253731344
16,16384,1,16384,55.129074626865666
16,16384,2,16,28.975637014925372
16,16384,2,32,29.570607761194033
16,16384,2,64,30.152539701492536
16,16384,2,128,31.408477611940295
16,16384,2,256,31.50677014925373
16,16384,2,512,32.553284776119405
16,16384,2,1024,34.132384477611936
16,16384,2,2048,37.797693134328355
16,16384,2,4096,43.31370985074627
16,16384,2,8192,54.97501611940299
16,16384,2,16384,76.85774328358208
16,16384,4,16,29.298798805970147
16,16384,4,32,29.581239402985076
16,16384,4,64,30.12686328358209
16,16384,4,128,31.77637253731343
16,16384,4,256,32.480468059701494
16,16384,4,512,34.42545671641791
16,16384,4,1024,37.97321552238806
16,16384,4,2048,44.447885373134326
16,16384,4,4096,56.02794985074626
16,16384,4,8192,79.08537313432835
16,16384,4,16384,124.94526089552238
16,16384,8,16,29.510629253731345
16,16384,8,32,30.04120835820895
16,16384,8,64,30.492752238805966
16,16384,8,128,33.05176835820895
16,16384,8,256,34.695059104477615
16,16384,8,512,38.14633074626865
16,16384,8,1024,43.98570985074627
16,16384,8,2048,55.758347462686565
16,16384,8,4096,79.39770268656717
16,16384,8,8192,124.90875223880596
16,16384,8,16384,217.0820776119403
16,16384,16,16,29.966185074626864
16,16384,16,32,30.98060417910448
16,16384,16,64,31.6931247761194
16,16384,16,128,33.948236417910444
16,16384,16,256,37.1323128358209
16,16384,16,512,43.3203295522388
16,16384,16,1024,54.827376716417916
16,16384,16,2048,78.97384119402986
16,16384,16,4096,124.83192358208956
16,16384,16,8192,216.85740895522386
16,16384,16,16384,400.931247761194
16,16384,32,16,31.51338985074627
16,16384,32,32,33.614442985074625
16,16384,32,64,35.34118208955224
16,16384,32,128,38.890946865671644
16,16384,32,256,45.087589253731345
16,16384,32,512,57.00786626865671
16,16384,32,1024,80.23419223880596
16,16384,32,2048,127.31812298507462
16,16384,32,4096,219.3528358208955
16,16384,32,8192,406.69239402985073
16,16384,32,16384,780.6453492537313
16,16384,64,16,34.074612537313435
16,16384,64,32,38.039613134328356
16,16384,64,64,41.39881074626865
16,16384,64,128,47.798457313432834
16,16384,64,256,59.62686089552239
16,16384,64,512,83.17213611940298
16,16384,64,1024,131.045416119403
16,16384,64,2048,225.507152238806
16,16384,64,4096,416.6781134328358
16,16384,64,8192,795.1244417910448
16,16384,64,16384,1555.4132059701492
16,16384,128,16,38.82053731343284
16,16384,128,32,44.6232071641791
16,16384,128,64,51.16868776119403
16,16384,128,128,63.123266865671646
16,16384,128,256,86.3899128358209
16,16384,128,512,132.80846328358209
16,16384,128,1024,225.4790686567164
16,16384,128,2048,415.1234865671642
16,16384,128,4096,784.7194746268657
16,16384,128,8192,1541.8367999999998
16,16384,128,16384,3049.1147462686567
32,0,0,0,4.148807641791045
32,0,1,16,5.400613253731343
32,0,1,32,5.78575952238806
32,0,1,64,6.282156895522387
32,0,1,128,7.521044059701492
32,0,1,256,7.6023660895522385
32,0,1,512,7.786373731343284
32,0,1,1024,8.088071641791045
32,0,1,2048,10.071574925373135
32,0,1,4096,13.574460179104477
32,0,1,8192,19.15460776119403
32,0,1,16384,30.554736716417906
32,0,2,16,5.383482268656716
32,0,2,32,5.802870447761194
32,0,2,64,6.286509850746269
32,0,2,128,7.5681843582089545
32,0,2,256,7.724329074626866
32,0,2,512,8.674356537313432
32,0,2,1024,9.988066388059702
32,0,2,2048,13.420201074626867
32,0,2,4096,19.02195295522388
32,0,2,8192,30.550524179104478
32,0,2,16384,52.978674626865676
32,0,4,16,5.449879880597014
32,0,4,32,5.905636298507463
32,0,4,64,6.4362154029850736
32,0,4,128,7.790526089552238
32,0,4,256,8.817783402985075
32,0,4,512,10.495035223880597
32,0,4,1024,13.582764895522386
32,0,4,2048,19.764282268656714
32,0,4,4096,31.524222089552236
32,0,4,8192,54.690569552238806
32,0,4,16384,100.16771820895522
32,0,8,16,5.595312716417911
32,0,8,32,6.140876417910447
32,0,8,64,6.69091343283582
32,0,8,128,9.018841791044776
32,0,8,256,10.681389850746267
32,0,8,512,13.619133134328358
32,0,8,1024,19.78588656716418
32,0,8,2048,31.924413134328354
32,0,8,4096,55.08414089552239
32,0,8,8192,100.21245134328359
32,0,8,16384,192.14887164179103
32,0,16,16,6.089463402985074
32,0,16,32,7.091044298507462
32,0,16,64,7.886933014925374
32,0,16,128,10.077933850746268
32,0,16,256,13.017883701492538
32,0,16,512,19.111820417910447
32,0,16,1024,30.685325373134326
32,0,16,2048,53.781263283582085
32,0,16,4096,100.26179820895523
32,0,16,8192,192.64936119402984
32,0,16,16384,375.85060298507466
32,0,32,16,7.454726686567164
32,0,32,32,9.42745791044776
32,0,32,64,11.340351044776119
32,0,32,128,14.88369671641791
32,0,32,256,20.88977194029851
32,0,32,512,32.82288716417911
32,0,32,1024,56.23978029850747
32,0,32,2048,103.01138149253731
32,0,32,4096,196.90101492537315
32,0,32,8192,384.4501970149254
32,0,32,16384,756.4593671641791
32,0,64,16,9.994485492537313
32,0,64,32,13.59345671641791
32,0,64,64,17.123904
32,0,64,128,23.52601791044776
32,0,64,256,35.33496358208955
32,0,64,512,59.149841194029854
32,0,64,1024,106.4369767164179
32,0,64,2048,199.81749492537313
32,0,64,4096,389.21838805970145
32,0,64,8192,770.7940298507463
32,0,64,16384,1527.7589014925375
32,0,128,16,14.556322388059701
32,0,128,32,20.528296119402984
32,0,128,64,26.22846089552239
32,0,128,128,38.95955104477611
32,0,128,256,62.23943641791045
32,0,128,512,109.06439641791043
32,0,128,1024,201.5779343283582
32,0,128,2048,388.85129552238806
32,0,128,4096,764.5835462686567
32,0,128,8192,1509.3400835820894
32,0,128,16384,3012.4255522388057
32,16,0,0,4.165938626865672
32,16,1,16,5.4284159999999995
32,16,1,32,5.843391044776119
32,16,1,64,6.301494447761193
32,16,1,128,7.54244776119403
32,16,1,256,7.591854805970149
32,16,1,512,7.781960597014924
32,16,1,1024,8.094490746268656
32,16,1,2048,10.114302089552238
32,16,1,4096,13.552795701492535
32,16,1,8192,19.167506149253732
32,16,1,16384,30.704582686567164
32,16,2,16,5.424002865671642
32,16,2,32,5.822067582089552
32,16,2,64,6.286369432835821
32,16,2,128,7.580962388059701
32,16,2,256,7.754338388059701
32,16,2,512,8.719350447761194
32,16,2,1024,9.98164728358209
32,16,2,2048,13.561501611940297
32,16,2,4096,19.14156895522388
32,16,2,8192,30.78803104477612
32,16,2,16384,52.77346388059701
32,16,4,16,5.469137194029851
32,16,4,32,5.935525253731344
32,16,4,64,6.4703971343283575
32,16,4,128,7.874034626865671
32,16,4,256,8.809017313432836
32,16,4,512,10.634309731343283
32,16,4,1024,13.599815641791045
32,16,4,2048,19.755736835820894
32,16,4,4096,31.303765970149254
32,16,4,8192,54.68194388059701
32,16,4,16384,101.11754507462688
32,16,8,16,5.640326686567164
32,16,8,32,6.166552835820895
32,16,8,64,6.688706865671642
32,16,8,128,9.031740179104476
32,16,8,256,10.61499223880597
32,16,8,512,13.950579582089551
32,16,8,1024,19.661576597014925
32,16,8,2048,31.96473313432836
32,16,8,4096,54.821158208955225
32,16,8,8192,100.9313910447761
32,16,8,16384,193.88824835820895
32,16,16,16,6.149361671641791
32,16,16,32,7.165927164179104
32,16,16,64,7.899771223880597
32,16,16,128,10.133619582089551
32,16,16,256,13.10139223880597
32,16,16,512,19.09027629850746
32,16,16,1024,31.017112835820893
32,16,16,2048,55.15475104477611
32,16,16,4096,100.61464835820895
32,16,16,8192,191.83192835820893
32,16,16,16384,373.74232835820897
32,16,32,16,7.448167164179105
32,16,32,32,9.465972537313432
32,16,32,64,11.271746865671641
32,16,32,128,14.793829253731342
32,16,32,256,20.795691940298507
32,16,32,512,32.758696119402984
32,16,32,1024,55.809499701492534
32,16,32,2048,103.11388656716417
32,16,32,4096,196.2675295522388
32,16,32,8192,383.66385671641785
32,16,32,16384,753.6690626865671
32,16,64,16,10.144391641791044
32,16,64,32,13.636244059701493
32,16,64,64,17.134656
32,16,64,128,23.442569552238805
32,16,64,256,35.31570626865671
32,16,64,512,58.92296597014925
32,16,64,1024,106.62092417910448
32,16,64,2048,201.0062328358209
32,16,64,4096,390.2273910447761
32,16,64,8192,774.3285492537314
32,16,64,16384,1519.5083462686569
32,16,128,16,14.644123701492537
32,16,128,32,20.33993552238806
32,16,128,64,26.254137313432835
32,16,128,128,38.8163247761194
32,16,128,256,62.202927761194026
32,16,128,512,108.5059343283582
32,16,128,1024,200.56010507462688
32,16,128,2048,388.98970746268657
32,16,128,4096,760.8363940298508
32,16,128,8192,1523.1712477611939
32,16,128,16384,3048.11176119403
32,32,0,0,4.228123701492537
32,32,1,16,5.481915223880597
32,32,1,32,5.886258626865671
32,32,1,64,6.365484895522388
32,32,1,128,7.576609432835821
32,32,1,256,7.694359880597015
32,32,1,512,7.848358208955224
32,32,1,1024,8.192923701492537
32,32,1,2048,10.103610268656716
32,32,1,4096,13.661920477611941
32,32,1,8192,19.319237731343282
32,32,1,16384,30.687531940298506
32,32,2,16,5.45403223880597
32,32,2,32,5.8798395223880595
32,32,2,64,6.354712835820895
32,32,2,128,7.7029253731343275
32,32,2,256,7.788580298507462
32,32,2,512,8.787754029850745
32,32,2,1024,9.998758208955223
32,32,2,2048,13.638330268656714
32,32,2,4096,19.051841910447763
32,32,2,8192,30.702376119402985
32,32,2,16384,52.85269970149253
32,32,4,16,5.528915104477612
32,32,4,32,6.004129432835821
32,32,4,64,6.498139701492537
32,32,4,128,7.899650865671641
32,32,4,256,8.875354746268657
32,32,4,512,10.535896835820896
32,32,4,1024,13.52505313432836
32,32,4,2048,19.68498626865672
32,32,4,4096,31.66764895522388
32,32,4,8192,54.66709970149253
32,32,4,16384,100.80982925373134
32,32,8,16,5.6530244776119405
32,32,8,32,6.235096835820896
32,32,8,64,6.797691223880597
32,32,8,128,9.194303999999999
32,32,8,256,10.696434626865672
32,32,8,512,13.87174495522388
32,32,8,1024,19.813368358208955
32,32,8,2048,31.971352835820895
32,32,8,4096,54.748341492537314
32,32,8,8192,101.15224835820895
32,32,8,16384,191.99882507462684
32,32,16,16,6.2136931343283575
32,32,16,32,7.195816119402985
32,32,16,64,8.013108537313434
32,32,16,128,10.16792167164179
32,32,16,256,13.079868179104478
32,32,16,512,19.14391594029851
32,32,16,1024,30.77318686567164
32,32,16,2048,54.784649552238804
32,32,16,4096,100.00704
32,32,16,8192,192.92758925373136
32,32,16,16384,375.8084776119403
32,32,32,16,7.527543402985074
32,32,32,32,9.489642985074626
32,32,32,64,11.387491343283582
32,32,32,128,14.774511761194029
32,32,32,256,20.780647164179104
32,32,32,512,32.91917373134328
32,32,32,1024,56.000066865671634
32,32,32,2048,103.49482029850745
32,32,32,4096,195.9764632835821
32,32,32,8192,382.8674865671642
32,32,32,16384,755.6750328358208
32,32,64,16,10.223366686567164
32,32,64,32,13.801134805970147
32,32,64,64,17.175317014925373
32,32,64,128,23.60284656716418
32,32,64,256,35.49985432835821
32,32,64,512,59.19457432835821
32,32,64,1024,106.05804895522388
32,32,64,2048,200.85177313432834
32,32,64,4096,389.6235940298507
32,32,64,8192,769.2795223880596
32,32,64,16384,1525.1370985074625
32,32,128,16,14.706168358208954
32,32,128,32,20.575035223880597
32,32,128,64,26.508494328358207
32,32,128,128,39.0558376119403
32,32,128,256,62.2801576119403
32,32,128,512,108.22790686567164
32,32,128,1024,200.37154388059702
32,32,128,2048,389.5794626865671
32,32,128,4096,764.3709134328358
32,32,128,8192,1516.3950805970148
32,32,128,16384,3010.860895522388
32,64,0,0,5.282922985074626
32,64,1,16,6.519603582089552
32,64,1,32,6.9304864477611945
32,64,1,64,7.403293611940299
32,64,1,128,8.640114626865673
32,64,1,256,8.744826268656716
32,64,1,512,8.937459582089552
32,64,1,1024,9.28617743283582
32,64,1,2048,11.231286447761194
32,64,1,4096,14.75324847761194
32,64,1,8192,20.151574925373133
32,64,1,16384,31.902748656716415
32,64,2,16,6.532381611940298
32,64,2,32,6.9324924179104475
32,64,2,64,7.44616119402985
32,64,2,128,8.712790925373135
32,64,2,256,8.851884895522387
32,64,2,512,9.919662805970148
32,64,2,1024,11.126374208955223
32,64,2,2048,14.69948847761194
32,64,2,4096,20.262906268656717
32,64,2,8192,31.76393552238806
32,64,2,16384,54.04444656716418
32,64,4,16,6.59643223880597
32,64,4,32,7.037484895522389
32,64,4,64,7.576609432835821
32,64,4,128,8.950237611940299
32,64,4,256,9.88963343283582
32,64,4,512,11.631357134328358
32,64,4,1024,14.626932537313433
32,64,4,2048,20.76780895522388
32,64,4,4096,32.666822686567166
32,64,4,8192,55.869678805970146
32,64,4,16384,100.53561313432836
32,64,8,16,6.735586388059701
32,64,8,32,7.281410865671641
32,64,8,64,7.8013583283582095
32,64,8,128,10.197690268656716
32,64,8,256,11.693401791044776
32,64,8,512,14.896595104477612
32,64,8,1024,20.814949253731342
32,64,8,2048,32.741645373134325
32,64,8,4096,56.31039044776119
32,64,8,8192,102.82261970149253
32,64,8,16384,193.017256119403
32,64,16,16,7.249235104477612
32,64,16,32,8.222872835820894
32,64,16,64,9.082972656716418
32,64,16,128,11.098631641791044
32,64,16,256,14.11555056716418
32,64,16,512,20.194302089552238
32,64,16,1024,32.298727164179105
32,64,16,2048,55.569986865671645
32,64,16,4096,101.93056477611941
32,64,16,8192,193.6443223880597
32,64,16,16384,375.81850746268657
32,64,32,16,8.567237731343283
32,64,32,32,10.544382089552238
32,64,32,64,12.455128835820895
32,64,32,128,15.859541014925373
32,64,32,256,21.799278805970147
32,64,32,512,33.691472238805964
32,64,32,1024,57.215283582089555
32,64,32,2048,103.7900991044776
32,64,32,4096,197.2344071641791
32,64,32,8192,384.13525970149254
32,64,32,16384,757.1614567164179
32,64,64,16,11.160756537313434
32,64,64,32,14.738203701492537
32,64,64,64,18.217478686567162
32,64,64,128,24.65979223880597
32,64,64,256,36.244269850746264
32,64,64,512,59.98633074626865
32,64,64,1024,107.59863402985076
32,64,64,2048,201.50973134328356
32,64,64,4096,392.7208119402985
32,64,64,8192,771.6004298507462
32,64,64,16384,1532.9062208955224
32,64,128,16,15.763114029850746
32,64,128,32,21.480329552238803
32,64,128,64,27.570053731343283
32,64,128,128,40.05501134328358
32,64,128,256,63.574610149253736
32,64,128,512,109.40681552238804
32,64,128,1024,201.62808358208954
32,64,128,2048,389.6917970149254
32,64,128,4096,766.7499940298508
32,64,128,8192,1511.2938985074625
32,64,128,16384,3012.6060895522387
32,128,0,0,6.791412537313433
32,128,1,16,8.096757492537314
32,128,1,32,8.47107152238806
32,128,1,64,8.945964895522387
32,128,1,128,10.23219295522388
32,128,1,256,10.32847952238806
32,128,1,512,10.443622208955224
32,128,1,1024,10.867483701492537
32,128,1,2048,12.968797611940298
32,128,1,4096,16.473367880597014
32,128,1,8192,22.158748656716416
32,128,1,16384,33.55466507462687
32,128,2,16,8.09649671641791
32,128,2,32,8.513738507462687
32,128,2,64,8.965342567164178
32,128,2,128,10.306875223880597
32,128,2,256,10.465346865671641
32,128,2,512,11.530918208955223
32,128,2,1024,12.945066985074627
32,128,2,2048,16.40723104477612
32,128,2,4096,22.212308059701492
32,128,2,8192,33.88845850746268
32,128,2,16384,55.569986865671645
32,128,4,16,8.126586268656716
32,128,4,32,8.58033671641791
32,128,4,64,9.10014376119403
32,128,4,128,10.55728047761194
32,128,4,256,11.577918089552238
32,128,4,512,13.482325970149253
32,128,4,1024,16.529194029850746
32,128,4,2048,22.81329671641791
32,128,4,4096,34.271398208955226
32,128,4,8192,58.05638686567164
32,128,4,16384,103.67676179104477
32,128,8,16,8.316892656716417
32,128,8,32,8.807011343283582
32,128,8,64,9.42539176119403
32,128,8,128,11.802586746268656
32,128,8,256,13.434985074626864
32,128,8,512,16.815786985074627
32,128,8,1024,22.813497313432833
32,128,8,2048,34.95182328358209
32,128,8,4096,57.694710447761196
32,128,8,8192,103.66572895522387
32,128,8,16384,195.97666388059702
32,128,16,16,8.809157731343284
32,128,16,32,9.780508656716417
32,128,16,64,10.760364895522388
32,128,16,128,12.838148776119402
32,128,16,256,15.930070925373135
32,128,16,512,21.95353791044776
32,128,16,1024,33.83710567164179
32,128,16,2048,57.75027582089552
32,128,16,4096,102.92993910447763
32,128,16,8192,194.41020179104478
32,128,16,16384,378.2036059701493
32,128,32,16,10.167660895522387
32,128,32,32,12.269055044776119
32,128,32,64,14.15627176119403
32,128,32,128,17.654683701492537
32,128,32,256,23.78057552238806
32,128,32,512,35.60877850746269
32,128,32,1024,58.29369313432836
32,128,32,2048,106.54810746268656
32,128,32,4096,198.10760597014925
32,128,32,8192,383.86445373134325
32,128,32,16384,757.7391761194029
32,128,64,16,12.793215044776119
32,128,64,32,16.580546865671643
32,128,64,64,19.912062089552236
32,128,64,128,26.114922985074628
32,128,64,256,37.96238328358209
32,128,64,512,61.93793910447761
32,128,64,1024,108.2148680597015
32,128,64,2048,203.79453134328358
32,128,64,4096,392.0869253731343
32,128,64,8192,772.4930865671641
32,128,64,16384,1524.6917731343285
32,128,128,16,17.324962388059703
32,128,128,32,23.298942089552238
32,128,128,64,29.345939104477612
32,128,128,128,41.39459820895522
32,128,128,256,65.06805492537313
32,128,128,512,111.53575164179104
32,128,128,1024,203.73435223880597
32,128,128,2048,391.57740895522386
32,128,128,4096,763.4642149253731
32,128,128,8192,1513.5586388059703
32,128,128,16384,3016.357253731343
32,256,0,0,6.849124298507463
32,256,1,16,8.16068776119403
32,256,1,32,8.492475223880597
32,256,1,64,8.986746268656715
32,256,1,128,10.236265074626866
32,256,1,256,10.347596417910449
32,256,1,512,10.490963104477611
32,256,1,1024,10.989446686567165
32,256,1,2048,13.039146985074627
32,256,1,4096,16.749589970149252
32,256,1,8192,22.293549850746267
32,256,1,16384,33.8798328358209
32,256,2,16,8.167046686567165
32,256,2,32,8.541561313432835
32,256,2,64,9.001730865671641
32,256,2,128,10.34532967164179
32,256,2,256,10.473912358208956
32,256,2,512,11.552382089552239
32,256,2,1024,13.126807880597013
32,256,2,2048,16.563355701492537
32,256,2,4096,22.29134328358209
32,256,2,8192,33.961074626865674
32,256,2,16384,55.81611940298507
32,256,4,16,8.184358208955222
32,256,4,32,8.623063880597016
32,256,4,64,9.22419295522388
32,256,4,128,10.612725492537313
32,256,4,256,11.609953432835821
32,256,4,512,13.518433432835822
32,256,4,1024,16.69803653731343
32,256,4,2048,22.826134925373132
32,256,4,4096,34.88321910447761
32,256,4,8192,57.84856835820896
32,256,4,16384,103.9441576119403
32,256,8,16,8.314886686567164
32,256,8,32,8.86684943283582
32,256,8,64,9.39108967164179
32,256,8,128,11.943686686567164
32,256,8,256,13.621339701492536
32,256,8,512,16.950788776119403
32,256,8,1024,22.94388537313433
32,256,8,2048,34.76145671641791
32,256,8,4096,57.589798208955216
32,256,8,8192,103.35139343283583
32,256,8,16384,196.89880835820895
32,256,16,16,8.875414925373134
32,256,16,32,9.84463952238806
32,256,16,64,10.844074029850745
32,256,16,128,12.902199402985074
32,256,16,256,16.212451343283583
32,256,16,512,22.053836417910446
32,256,16,1024,33.97832597014925
32,256,16,2048,57.41427582089552
32,256,16,4096,102.92131343283583
32,256,16,8192,195.6745647761194
32,256,16,16384,377.23071044776117
32,256,32,16,10.178553313432836
32,256,32,32,12.350296835820895
32,256,32,64,14.205418029850748
32,256,32,128,17.76587462686567
32,256,32,256,23.78478805970149
32,256,32,512,35.523123582089546
32,256,32,1024,59.077024477611936
32,256,32,2048,105.52546388059702
32,256,32,4096,199.07909731343284
32,256,32,8192,385.4772537313433
32,256,32,16384,761.0309731343283
32,256,64,16,12.870244298507462
32,256,64,32,16.68531868656716
32,256,64,64,20.14535641791045
32,256,64,128,26.286032238805966
32,256,64,256,38.23619820895522
32,256,64,512,61.57385552238805
32,256,64,1024,108.94885253731344
32,256,64,2048,204.12150447761195
32,256,64,4096,394.43391044776115
32,256,64,8192,772.3326089552239
32,256,64,16384,1529.1109253731343
32,256,128,16,17.43414734328358
32,256,128,32,23.44678208955224
32,256,128,64,29.67090626865672
32,256,128,128,41.74122985074627
32,256,128,256,65.08931820895522
32,256,128,512,111.52291343283582
32,256,128,1024,203.17468656716417
32,256,128,2048,389.43703880597013
32,256,128,4096,766.230447761194
32,256,128,8192,1513.2035820895521
32,256,128,16384,3014.210865671642
32,512,0,0,7.238804059701493
32,512,1,16,8.46459223880597
32,512,1,32,8.858424358208955
32,512,1,64,9.301282388059702
32,512,1,128,10.597881313432834
32,512,1,256,10.642875223880596
32,512,1,512,10.91683056716418
32,512,1,1024,11.505382208955224
32,512,1,2048,13.503529074626865
32,512,1,4096,17.31025862686567
32,512,1,8192,22.81770985074627
32,512,1,16384,34.314325970149255
32,512,2,16,8.445334925373134
32,512,2,32,8.888253134328357
32,512,2,64,9.382584358208955
32,512,2,128,10.681329671641791
32,512,2,256,10.856771820895522
32,512,2,512,11.918130626865672
32,512,2,1024,13.505735641791043
32,512,2,2048,17.194714746268655
32,512,2,4096,22.77899462686567
32,512,2,8192,34.348427462686566
32,512,2,16384,56.29093253731344
32,512,4,16,8.483989970149254
32,512,4,32,9.046664597014926
32,512,4,64,9.4894423880597
32,512,4,128,11.03859295522388
32,512,4,256,11.950366567164178
32,512,4,512,14.017117611940296
32,512,4,1024,17.27595653731343
32,512,4,2048,23.395429253731344
32,512,4,4096,35.208587462686566
32,512,4,8192,58.63189970149253
32,512,4,16384,103.99771701492537
32,512,8,16,8.661438089552238
32,512,8,32,9.292797134328357
32,512,8,64,9.92172895522388
32,512,8,128,12.313848358208956
32,512,8,256,14.053425671641792
32,512,8,512,17.464317134328358
32,512,8,1024,23.391016119402984
32,512,8,2048,35.19574925373134
32,512,8,4096,58.578340298507456
32,512,8,8192,104.48536835820894
32,512,8,16384,195.5594220895522
32,512,16,16,9.249588537313434
32,512,16,32,10.388056835820896
32,512,16,64,11.41744047761194
32,512,16,128,13.499376716417911
32,512,16,256,16.5954512238806
32,512,16,512,22.657232238805967
32,512,16,1024,34.579715820895515
32,512,16,2048,58.597597611940294
32,512,16,4096,104.34856119402986
32,512,16,8192,195.37748059701494
32,512,16,16384,377.91675223880594
32,512,32,16,10.683536238805969
32,512,32,32,12.897926686567166
32,512,32,64,14.759667582089552
32,512,32,128,18.210939223880597
32,512,32,256,24.38838447761194
32,512,32,512,36.10325014925373
32,512,32,1024,59.37210268656716
32,512,32,2048,106.4923414925373
32,512,32,4096,199.54347940298507
32,512,32,8192,387.1522388059701
32,512,32,16384,758.7662328358209
32,512,64,16,13.274647880597016
32,512,64,32,17.136742208955226
32,512,64,64,20.384869253731342
32,512,64,128,26.718318805970146
32,512,64,256,38.60008119402985
32,512,64,512,62.209346865671634
32,512,64,1024,109.1905719402985
32,512,64,2048,204.19572537313434
32,512,64,4096,393.6616119402985
32,512,64,8192,775.4859940298508
32,512,64,16384,1529.235295522388
32,512,128,16,17.894316895522387
32,512,128,32,23.878868059701492
32,512,128,64,30.092761791044772
32,512,128,128,42.27822805970149
32,512,128,256,65.15150328358209
32,512,128,512,111.67255880597016
32,512,128,1024,204.33012537313434
32,512,128,2048,390.1892776119403
32,512,128,4096,763.7390328358208
32,512,128,8192,1512.8565492537314
32,512,128,16384,3014.4315223880594
32,1024,0,0,7.967974208955224
32,1024,1,16,9.260501014925374
32,1024,1,32,9.722676537313433
32,1024,1,64,10.161442388059701
32,1024,1,128,11.34249743283582
32,1024,1,256,11.466727164179103
32,1024,1,512,11.590555701492537
32,1024,1,1024,12.138466388059701
32,1024,1,2048,14.306037492537314
32,1024,1,4096,18.08241671641791
32,1024,1,8192,23.714177910447763
32,1024,1,16384,35.544587462686565
32,1024,2,16,9.251995701492538
32,1024,2,32,9.731302208955222
32,1024,2,64,10.15502328358209
32,1024,2,128,11.492343402985075
32,1024,2,256,11.644195343283581
32,1024,2,512,12.647782208955224
32,1024,2,1024,14.310129671641791
32,1024,2,2048,18.099467462686565
32,1024,2,4096,23.883080597014924
32,1024,2,8192,35.52533014925373
32,1024,2,16384,57.893502089552236
32,1024,4,16,9.341863164179104
32,1024,4,32,9.80377791044776
32,1024,4,64,10.34753623880597
32,1024,4,128,11.736269373134329
32,1024,4,256,12.81447832835821
32,1024,4,512,14.770218985074626
32,1024,4,1024,18.07820417910448
32,1024,4,2048,24.31556776119403
32,1024,4,4096,36.07937910447762
32,1024,4,8192,59.53278089552239
32,1024,4,16384,105.07412059701493
32,1024,8,16,9.485290029850747
32,1024,8,32,10.080060179104478
32,1024,8,64,10.602093850746268
32,1024,8,128,13.028515343283582
32,1024,8,256,14.862293014925372
32,1024,8,512,18.334908179104477
32,1024,8,1024,24.227906865671642
32,1024,8,2048,36.02602029850746
32,1024,8,4096,59.95624119402985
32,1024,8,8192,105.73930029850747
32,1024,8,16384,197.13430925373135
32,1024,16,16,10.05438376119403
32,1024,16,32,11.019395820895522
32,1024,16,64,12.04224
32,1024,16,128,14.299498029850746
32,1024,16,256,17.37436943283582
32,1024,16,512,23.67987582089552
32,1024,16,1024,35.304874029850744
32,1024,16,2048,58.5462447761194
32,1024,16,4096,104.27775044776119
32,1024,16,8192,196.07475582089552
32,1024,16,16384,378.8595582089552
32,1024,32,16,11.42359880597015
32,1024,32,32,13.544250268656716
32,1024,32,64,15.523400597014923
32,1024,32,128,18.989777194029852
32,1024,32,256,24.908131343283582
32,1024,32,512,37.21355462686567
32,1024,32,1024,60.23005611940299
32,1024,32,2048,106.65723223880596
32,1024,32,4096,199.65862208955224
32,1024,32,8192,388.8914149253731
32,1024,32,16384,760.9266626865672
32,1024,64,16,14.006345552238805
32,1024,64,32,17.988336716417912
32,1024,64,64,21.309220298507462
32,1024,64,128,27.817991641791043
32,1024,64,256,39.52864477611941
32,1024,64,512,62.971013731343284
32,1024,64,1024,109.64412179104478
32,1024,64,2048,205.56780895522388
32,1024,64,4096,395.5953671641791
32,1024,64,8192,774.7237253731344
32,1024,64,16384,1526.491128358209
32,1024,128,16,18.837925253731342
32,1024,128,32,24.82488358208955
32,1024,128,64,30.976391641791043
32,1024,128,128,43.1297623880597
32,1024,128,256,66.51456
32,1024,128,512,112.80011462686566
32,1024,128,1024,205.10442985074627
32,1024,128,2048,391.1080119402985
32,1024,128,4096,764.8322865671641
32,1024,128,8192,1523.4520835820895
32,1024,128,16384,3015.294089552239
32,2048,0,0,13.411575402985074
32,2048,1,16,14.725485850746267
32,2048,1,32,15.074203701492536
32,2048,1,64,15.589798208955223
32,2048,1,128,16.79652967164179
32,2048,1,256,17.019192358208954
32,2048,1,512,17.23924728358209
32,2048,1,1024,17.750829850746268
32,2048,1,2048,20.07895880597015
32,2048,1,4096,23.296936119402986
32,2048,1,8192,29.04384
32,2048,1,16384,40.40806208955224
32,2048,2,16,14.49861062686567
32,2048,2,32,15.283827582089552
32,2048,2,64,15.776092656716418
32,2048,2,128,17.016905552238807
32,2048,2,256,17.26953743283582
32,2048,2,512,18.024845373134326
32,2048,2,1024,20.087383880597017
32,2048,2,2048,23.41468656716418
32,2048,2,4096,29.14474029850746
32,2048,2,8192,40.891500895522384
32,2048,2,16384,62.40833910447761
32,2048,4,16,15.061285253731343
32,2048,4,32,15.533972059701492
32,2048,4,64,16.133275701492536
32,2048,4,128,17.57336167164179
32,2048,4,256,18.504131820895523
32,2048,4,512,20.682154029850743
32,2048,4,1024,23.767536716417908
32,2048,4,2048,29.977017313432835
32,2048,4,4096,41.57854567164179
32,2048,4,8192,65.08089313432835
32,2048,4,16384,110.85973970149253
32,2048,8,16,15.144813850746267
32,2048,8,32,15.972798089552239
32,2048,8,64,16.246552835820896
32,2048,8,128,18.805629134328356
32,2048,8,256,20.716456119402984
32,2048,8,512,24.289690746268658
32,2048,8,1024,30.272496716417912
32,2048,8,2048,42.30811701492537
32,2048,8,4096,64.95231044776119
32,2048,8,8192,111.37707940298506
32,2048,8,16384,202.7955582089552
32,2048,16,16,15.957753313432836
32,2048,16,32,16.873478686567164
32,2048,16,64,17.962720477611942
32,2048,16,128,19.80067056716418
32,2048,16,256,22.920214925373134
32,2048,16,512,29.301005373134327
32,2048,16,1024,40.857399402985074
32,2048,16,2048,64.89674507462686
32,2048,16,4096,110.04210626865671
32,2048,16,8192,201.4134447761194
32,2048,16,16384,384.2716656716418
32,2048,32,16,17.342153552238806
32,2048,32,32,19.528981970149253
32,2048,32,64,21.25586149253731
32,2048,32,128,24.94464
32,2048,32,256,30.766567164179104
32,2048,32,512,42.79396298507463
32,2048,32,1024,66.34325014925372
32,2048,32,2048,112.45127641791044
32,2048,32,4096,207.1063880597015
32,2048,32,8192,393.26041791044776
32,2048,32,16384,765.6828179104477
32,2048,64,16,20.04259056716418
32,2048,64,32,23.92801432835821
32,2048,64,64,27.30666985074627
32,2048,64,128,33.796384477611944
32,2048,64,256,45.62017432835821
32,2048,64,512,69.13536
32,2048,64,1024,116.44616597014927
32,2048,64,2048,211.05213134328355
32,2048,64,4096,400.85903283582087
32,2048,64,8192,780.5370268656717
32,2048,64,16384,1541.0424358208954
32,2048,128,16,24.732809552238805
32,2048,128,32,30.834770149253732
32,2048,128,64,37.0935976119403
32,2048,128,128,49.22129194029851
32,2048,128,256,72.41993552238806
32,2048,128,512,118.28844895522388
32,2048,128,1024,210.48042985074625
32,2048,128,2048,401.58920597014924
32,2048,128,4096,770.3908298507462
32,2048,128,8192,1528.4970985074626
32,2048,128,16384,3020.710208955224
32,4096,0,0,19.08606376119403
32,4096,1,16,20.324890746268657
32,4096,1,32,20.879140298507462
32,4096,1,64,21.4376023880597
32,4096,1,128,22.80707820895522
32,4096,1,256,22.81770985074627
32,4096,1,512,23.14488358208955
32,4096,1,1024,23.46603940298507
32,4096,1,2048,25.86237134328358
32,4096,1,4096,29.268909850746265
32,4096,1,8192,34.77830686567164
32,4096,1,16384,46.76277492537313
32,4096,2,16,20.493994029850747
32,4096,2,32,20.79990447761194
32,4096,2,64,21.548933731343283
32,4096,2,128,22.75131223880597
32,4096,2,256,22.999450746268657
32,4096,2,512,23.919388656716418
32,4096,2,1024,25.550041791044777
32,4096,2,2048,28.997100895522387
32,4096,2,4096,34.5668776119403
32,4096,2,8192,46.442020298507465
32,4096,2,16384,68.05494447761194
32,4096,4,16,20.831999999999997
32,4096,4,32,21.17020656716418
32,4096,4,64,21.948924179104477
32,4096,4,128,23.30756776119403
32,4096,4,256,24.332618507462687
32,4096,4,512,26.38031283582089
32,4096,4,1024,29.433399402985078
32,4096,4,2048,35.73294805970149
32,4096,4,4096,47.03277850746269
32,4096,4,8192,70.39571104477612
32,4096,4,16384,116.13804895522388
32,4096,8,16,20.750758208955222
32,4096,8,32,21.221358805970148
32,4096,8,64,21.692360597014925
32,4096,8,128,24.441943880597016
32,4096,8,256,25.941607164179104
32,4096,8,512,29.438013134328358
32,4096,8,1024,35.36926567164179
32,4096,8,2048,47.44540656716418
32,4096,8,4096,70.38086686567165
32,4096,8,8192,116.1444680597015
32,4096,8,16384,208.31598805970148
32,4096,16,16,21.159374328358208
32,4096,16,32,22.34069014925373
32,4096,16,64,23.406060895522387
32,4096,16,128,25.301702686567165
32,4096,16,256,28.71907343283582
32,4096,16,512,34.7313671641791
32,4096,16,1024,46.6368
32,4096,16,2048,69.90585313432835
32,4096,16,4096,115.82351283582089
32,4096,16,8192,207.83656119402983
32,4096,16,16384,392.05884179104476
32,4096,32,16,22.75131223880597
32,4096,32,32,24.773129552238807
32,4096,32,64,26.895847164179106
32,4096,32,128,29.96638567164179
32,4096,32,256,36.13735164179104
32,4096,32,512,48.061841194029846
32,4096,32,1024,71.32648119402985
32,4096,32,2048,119.33917611940298
32,4096,32,4096,212.3219104477612
32,4096,32,8192,398.6083343283582
32,4096,32,16384,771.1872
32,4096,64,16,25.532790447761194
32,4096,64,32,29.200305671641793
32,4096,64,64,32.58317373134329
32,4096,64,128,38.826956417910445
32,4096,64,256,50.56067820895522
32,4096,64,512,74.5296143283582
32,4096,64,1024,120.96541611940299
32,4096,64,2048,217.21647761194026
32,4096,64,4096,407.11164179104475
32,4096,64,8192,783.3855044776119
32,4096,64,16384,1543.9029492537313
32,4096,128,16,29.929877014925374
32,4096,128,32,35.92331462686567
32,4096,128,64,42.12396895522388
32,4096,128,128,53.999512835820894
32,4096,128,256,77.6579247761194
32,4096,128,512,123.52222567164179
32,4096,128,1024,216.4321432835821
32,4096,128,2048,401.55309850746266
32,4096,128,4096,775.6203940298507
32,4096,128,8192,1524.2424358208955
32,4096,128,16384,3025.3239402985073
32,8192,0,0,28.60754149253731
32,8192,1,16,30.086342686567164
32,8192,1,32,30.57620059701492
32,8192,1,64,30.914407164179103
32,8192,1,128,32.07405850746269
32,8192,1,256,32.20865910447761
32,8192,1,512,32.44837253731343
32,8192,1,1024,33.25938626865671
32,8192,1,2048,35.15081552238806
32,8192,1,4096,38.83538149253731
32,8192,1,8192,44.27677611940298
32,8192,1,16384,55.94650746268656
32,8192,2,16,30.19968
32,8192,2,32,30.304391641791042
32,8192,2,64,30.794450149253734
32,8192,2,128,32.223703880597014
32,8192,2,256,32.56612298507463
32,8192,2,512,33.40481910447761
32,8192,2,1024,35.082411940298506
32,8192,2,2048,38.80128
32,8192,2,4096,43.958027462686566
32,8192,2,8192,55.65564179104477
32,8192,2,16384,77.99171820895522
32,8192,4,16,30.20389253731343
32,8192,4,32,30.897155820895524
32,8192,4,64,31.134662686567165
32,8192,4,128,33.11616
32,8192,4,256,33.89668298507463
32,8192,4,512,35.93815880597015
32,8192,4,1024,39.002278208955225
32,8192,4,2048,44.96983880597015
32,8192,4,4096,56.718805970149255
32,8192,4,8192,80.32586507462688
32,8192,4,16384,125.98074268656715
32,8192,8,16,30.00289432835821
32,8192,8,32,31.01049313432836
32,8192,8,64,31.408477611940295
32,8192,8,128,33.80059701492537
32,8192,8,256,35.47397731343284
32,8192,8,512,38.89515940298507
32,8192,8,1024,44.98247641791045
32,8192,8,2048,56.342285373134324
32,8192,8,4096,80.12065432835821
32,8192,8,8192,125.5312047761194
32,8192,8,16384,217.3248
32,8192,16,16,30.820126567164177
32,8192,16,32,31.77436656716418
32,8192,16,64,33.33862208955224
32,8192,16,128,34.769881791044774
32,8192,16,256,38.08835820895522
32,8192,16,512,44.69823044776119
32,8192,16,1024,55.88873552238806
32,8192,16,2048,78.9204823880597
32,8192,16,4096,125.18056119402983
32,8192,16,8192,217.42911044776122
32,8192,16,16384,398.8791402985075
32,8192,32,16,32.54265313432836
32,8192,32,32,34.958442985074626
32,8192,32,64,36.42821731343283
32,8192,32,128,39.975775522388055
32,8192,32,256,45.70161671641791
32,8192,32,512,57.64536358208956
32,8192,32,1024,80.77560358208954
32,8192,32,2048,127.63265910447761
32,8192,32,4096,221.08800000000002
32,8192,32,8192,408.6301611940298
32,8192,32,16384,779.8810746268657
32,8192,64,16,34.94540417910448
32,8192,64,32,38.57661134328358
32,8192,64,64,42.10691820895522
32,8192,64,128,48.209480597014924
32,8192,64,256,60.01421373134328
32,8192,64,512,83.53581850746268
32,8192,64,1024,131.15875343283582
32,8192,64,2048,225.83011343283582
32,8192,64,4096,414.86672238805966
32,8192,64,8192,794.825552238806
32,8192,64,16384,1555.9307462686568
32,8192,128,16,39.515806567164184
32,8192,128,32,45.55197134328358
32,8192,128,64,51.92814805970149
32,8192,128,128,63.664277014925375
32,8192,128,256,87.16461850746269
32,8192,128,512,133.40764656716416
32,8192,128,1024,225.59541492537312
32,8192,128,2048,413.65912835820893
32,8192,128,4096,785.9290746268656
32,8192,128,8192,1543.782591044776
32,8192,128,16384,3036.7178507462686
32,16384,0,0,47.27850985074627
32,16384,1,16,48.67566805970149
32,16384,1,32,48.96472835820895
32,16384,1,64,49.55508537313433
32,16384,1,128,50.513939104477615
32,16384,1,256,50.663584477611934
32,16384,1,512,51.29265671641791
32,16384,1,1024,51.596561194029846
32,16384,1,2048,53.71265910447761
32,16384,1,4096,57.16613731343284
32,16384,1,8192,62.665103283582084
32,16384,1,16384,74.68608
32,16384,2,16,48.32723104477612
32,16384,2,32,48.88328597014925
32,16384,2,64,49.215073432835815
32,16384,2,128,50.545834029850745
32,16384,2,256,50.98453970149254
32,16384,2,512,51.9708752238806
32,16384,2,1024,53.62279164179104
32,16384,2,2048,57.127622686567165
32,16384,2,4096,62.789272835820896
32,16384,2,8192,74.37354985074627
32,16384,2,16384,96.6115343283582
32,16384,4,16,48.68870686567164
32,16384,4,32,49.17234626865672
32,16384,4,64,49.538034626865674
32,16384,4,128,51.05294328358209
32,16384,4,256,52.090832238805966
32,16384,4,512,54.18105313432835
32,16384,4,1024,57.335240597014916
32,16384,4,2048,63.48253611940299
32,16384,4,4096,75.13541731343284
32,16384,4,8192,98.08993432835821
32,16384,4,16384,144.80135641791043
32,16384,8,16,48.825514029850744
32,16384,8,32,49.42690388059702
32,16384,8,64,50.11374805970149
32,16384,8,128,52.4310447761194
32,16384,8,256,54.10221850746269
32,16384,8,512,57.68809074626866
32,16384,8,1024,63.43760238805971
32,16384,8,2048,75.24875462686568
32,16384,8,4096,99.01408477611939
32,16384,8,8192,145.0089743283582
32,16384,8,16384,236.15283582089552
32,16384,16,16,49.49972059701492
32,16384,16,32,50.503307462686564
32,16384,16,64,51.44250268656717
32,16384,16,128,53.58006447761194
32,16384,16,256,56.52864
32,16384,16,512,62.752764179104474
32,16384,16,1024,74.25579940298506
32,16384,16,2048,98.48791880597014
32,16384,16,4096,143.4705958208955
32,16384,16,8192,235.68745074626867
32,16384,16,16384,417.4423880597015
32,16384,32,16,50.81563701492537
32,16384,32,32,53.1457719402985
32,16384,32,64,54.75255402985074
32,16384,32,128,58.22308298507463
32,16384,32,256,64.20789492537314
32,16384,32,512,76.58814089552239
32,16384,32,1024,99.83372417910448
32,16384,32,2048,145.97184
32,16384,32,4096,238.88697313432837
32,16384,32,8192,426.78619701492534
32,16384,32,16384,798.7893492537313
32,16384,64,16,53.503035223880595
32,16384,64,32,57.343665671641794
32,16384,64,64,60.473982089552244
32,16384,64,128,66.67925014925373
32,16384,64,256,78.70845134328357
32,16384,64,512,102.40136597014926
32,16384,64,1024,149.16434149253732
32,16384,64,2048,244.51773134328357
32,16384,64,4096,434.1240358208955
32,16384,64,8192,812.3396776119403
32,16384,64,16384,1570.4880716417908
32,16384,128,16,58.2640047761194
32,16384,128,32,64.31501373134329
32,16384,128,64,70.28237373134328
32,16384,128,128,82.6820776119403
32,16384,128,256,105.86968835820896
32,16384,128,512,151.81743761194028
32,16384,128,1024,244.64811940298506
32,16384,128,2048,429.76706865671645
32,16384,128,4096,803.7220298507463
32,16384,128,8192,1553.4132537313433
32,16384,128,16384,3053.7284776119404
64,0,0,0,4.144595104477612
64,0,1,16,5.409098507462686
64,0,1,32,5.811435940298508
64,0,1,64,6.297141492537313
64,0,1,128,7.574483104477612
64,0,1,256,7.638674149253732
64,0,1,512,7.820535402985074
64,0,1,1024,8.1736663880597
64,0,1,2048,10.266154029850746
64,0,1,4096,13.946507462686569
64,0,1,8192,19.503385791044774
64,0,1,16384,31.271670447761192
64,0,2,16,5.42849623880597
64,0,2,32,5.841324895522388
64,0,2,64,6.335595940298507
64,0,2,128,7.64308728358209
64,0,2,256,7.797065552238807
64,0,2,512,8.768356298507463
64,0,2,1024,10.229845970149254
64,0,2,2048,13.863259701492536
64,0,2,4096,19.366297791044776
64,0,2,8192,31.305771940298506
64,0,2,16384,53.30183641791045
64,0,4,16,5.492486686567164
64,0,4,32,5.959075343283582
64,0,4,64,6.468250746268656
64,0,4,128,7.867555343283582
64,0,4,256,8.890519880597015
64,0,4,512,10.677036895522388
64,0,4,1024,14.006425791044776
64,0,4,2048,20.166619701492536
64,0,4,4096,31.708169552238804
64,0,4,8192,55.79244895522388
64,0,4,16384,101.08324298507462
64,0,8,16,5.638120119402985
64,0,8,32,6.170825552238806
64,0,8,64,6.688706865671642
64,0,8,128,9.108568835820895
64,0,8,256,10.8589783880597
64,0,8,512,14.323168477611938
64,0,8,1024,20.025258985074625
64,0,8,2048,32.19160835820896
64,0,8,4096,55.34311164179104
64,0,8,8192,101.54983164179104
64,0,8,16384,193.51152716417909
64,0,16,16,6.45767928358209
64,0,16,32,7.431116417910448
64,0,16,64,8.340563104477612
64,0,16,128,10.533690268656716
64,0,16,256,13.749721791044776
64,0,16,512,19.787832358208956
64,0,16,1024,31.757115223880593
64,0,16,2048,54.99226746268656
64,0,16,4096,100.6680071641791
64,0,16,8192,192.28989134328356
64,0,16,16384,374.52265074626865
64,0,32,16,7.743506149253731
64,0,32,32,9.934627343283582
64,0,32,64,11.866777791044775
64,0,32,128,15.302944477611941
64,0,32,256,21.35616
64,0,32,512,33.72577432835821
64,0,32,1024,56.43435940298507
64,0,32,2048,103.87976597014924
64,0,32,4096,195.71328
64,0,32,8192,383.3770029850746
64,0,32,16384,754.2347462686566
64,0,64,16,10.101524059701493
64,0,64,32,13.865205492537312
64,0,64,64,17.46624286567164
64,0,64,128,23.6820823880597
64,0,64,256,35.59573970149254
64,0,64,512,59.30169313432835
64,0,64,1024,106.0708871641791
64,0,64,2048,200.61306268656716
64,0,64,4096,389.7078447761194
64,0,64,8192,769.3798208955224
64,0,64,16384,1528.8682029850747
64,0,128,16,14.74668895522388
64,0,128,32,20.605325373134328
64,0,128,64,26.63707701492537
64,0,128,128,38.97660179104477
64,0,128,256,62.30342686567163
64,0,128,512,109.05155820895521
64,0,128,1024,201.9630805970149
64,0,128,2048,387.1923582089552
64,0,128,4096,761.4582447761194
64,0,128,8192,1510.5837850746268
64,0,128,16384,3010.239044776119
64,16,0,0,4.754410029850746
64,16,1,16,6.018973611940298
64,16,1,32,6.434149253731344
64,16,1,64,6.874860895522388
64,16,1,128,8.199402985074627
64,16,1,256,8.222872835820894
64,16,1,512,8.36830567164179
64,16,1,1024,8.852005253731344
64,16,1,2048,10.903912119402985
64,16,1,4096,14.513595223880598
64,16,1,8192,20.13873671641791
64,16,1,16384,31.770154029850744
64,16,2,16,6.0190538507462685
64,16,2,32,6.416958089552239
64,16,2,64,6.924147582089551
64,16,2,128,8.20796847761194
64,16,2,256,8.42814376119403
64,16,2,512,9.468179104477612
64,16,2,1024,10.908204895522388
64,16,2,2048,14.52643343283582
64,16,2,4096,19.974106746268657
64,16,2,8192,31.919999999999998
64,16,2,16384,54.14915820895522
64,16,4,16,6.0724728358208955
64,16,4,32,6.560324776119403
64,16,4,64,7.084544955223881
64,16,4,128,8.486056119402985
64,16,4,256,9.491588776119402
64,16,4,512,11.323159880597014
64,16,4,1024,14.473074626865673
64,16,4,2048,20.86850865671642
64,16,4,4096,32.283682388059695
64,16,4,8192,55.28754626865672
64,16,4,16384,102.35863880597014
64,16,8,16,6.239309373134328
64,16,8,32,6.757170626865671
64,16,8,64,7.330617313432835
64,16,8,128,9.739847641791044
64,16,8,256,11.293070328358208
64,16,8,512,14.9178583880597
64,16,8,1024,21.009528358208954
64,16,8,2048,32.865614328358205
64,16,8,4096,56.21610985074627
64,16,8,8192,101.74220417910448
64,16,8,16384,192.9486519402985
64,16,16,16,7.10153552238806
64,16,16,32,8.051623164179105
64,16,16,64,9.038038925373135
64,16,16,128,11.043006089552238
64,16,16,256,14.213963462686566
64,16,16,512,20.322884776119402
64,16,16,1024,32.36933731343284
64,16,16,2048,56.40005731343283
64,16,16,4096,101.5518376119403
64,16,16,8192,193.017256119403
64,16,16,16384,378.4403104477612
64,16,32,16,8.413179223880597
64,16,32,32,10.463140298507462
64,16,32,64,12.461547940298507
64,16,32,128,15.932217313432837
64,16,32,256,21.878314029850745
64,16,32,512,33.96970029850746
64,16,32,1024,57.29231283582089
64,16,32,2048,103.80053014925372
64,16,32,4096,197.06971701492537
64,16,32,8192,384.5745671641791
64,16,32,16384,758.7321313432835
64,16,64,16,10.81825719402985
64,16,64,32,14.472934208955223
64,16,64,64,17.83441862686567
64,16,64,128,24.424692537313433
64,16,64,256,35.981086567164176
64,16,64,512,60.112305671641785
64,16,64,1024,106.92262208955225
64,16,64,2048,201.4435343283582
64,16,64,4096,390.57041194029847
64,16,64,8192,771.9514746268657
64,16,64,16384,1529.7026865671642
64,16,128,16,15.341659701492537
64,16,128,32,21.033198805970148
64,16,128,64,27.122722388059703
64,16,128,128,39.45382208955223
64,16,128,256,63.09297671641791
64,16,128,512,109.51774567164178
64,16,128,1024,201.34524179104477
64,16,128,2048,393.51116417910447
64,16,128,4096,768.8462328358208
64,16,128,8192,1511.1554865671642
64,16,128,16384,3010.7405373134325
64,32,0,0,4.735032358208955
64,32,1,16,6.02539271641791
64,32,1,32,6.421170626865671
64,32,1,64,6.883346149253732
64,32,1,128,8.184298029850746
64,32,1,256,8.229091343283583
64,32,1,512,8.389709373134329
64,32,1,1024,8.781334925373136
64,32,1,2048,10.833241791044776
64,32,1,4096,14.52603223880597
64,32,1,8192,20.02325301492537
64,32,1,16384,31.836551641791043
64,32,2,16,6.016706865671642
64,32,2,32,6.41475152238806
64,32,2,64,6.889845492537313
64,32,2,128,8.147909731343283
64,32,2,256,8.344835820895522
64,32,2,512,9.513052656716416
64,32,2,1024,10.856771820895522
64,32,2,2048,14.558468776119403
64,32,2,4096,19.87996656716418
64,32,2,8192,31.59463164179104
64,32,2,16384,54.02699462686567
64,32,4,16,6.076685373134328
64,32,4,32,6.534648358208955
64,32,4,64,7.046030328358209
64,32,4,128,8.43905623880597
64,32,4,256,9.46176
64,32,4,512,11.31894734328358
64,32,4,1024,14.421461014925374
64,32,4,2048,20.825580895522386
64,32,4,4096,32.48468059701492
64,32,4,8192,55.72163820895522
64,32,4,16384,101.8063952238806
64,32,8,16,6.2029210746268655
64,32,8,32,6.774301611940298
64,32,8,64,7.302674149253731
64,32,8,128,9.675797014925372
64,32,8,256,11.31260847761194
64,32,8,512,14.937055522388057
64,32,8,1024,20.770015522388057
64,32,8,2048,32.9320119402985
64,32,8,4096,55.52926567164179
64,32,8,8192,101.71432119402985
64,32,8,16384,193.09849791044778
64,32,16,16,7.058868537313433
64,32,16,32,8.034572417910448
64,32,16,64,8.933247044776119
64,32,16,128,11.147777910447761
64,32,16,256,14.269609074626866
64,32,16,512,20.327097313432834
64,32,16,1024,32.38418149253731
64,32,16,2048,55.51843343283582
64,32,16,4096,101.2948728358209
64,32,16,8192,193.5113265671642
64,32,16,16384,375.6078805970149
64,32,32,16,8.366159283582089
64,32,32,32,10.49088286567164
64,32,32,64,12.399443104477612
64,32,32,128,15.966318805970147
64,32,32,256,21.92104119402985
64,32,32,512,34.16448
64,32,32,1024,57.337246567164186
64,32,32,2048,103.84987701492535
64,32,32,4096,196.88135641791044
64,32,32,8192,384.09915223880597
64,32,32,16384,755.4904835820895
64,32,64,16,10.792580776119403
64,32,64,32,14.54563056716418
64,32,64,64,17.95624119402985
64,32,64,128,24.377552238805972
64,32,64,256,36.06654089552239
64,32,64,512,59.94761552238806
64,32,64,1024,107.14067104477613
64,32,64,2048,201.95305074626864
64,32,64,4096,392.24138507462686
64,32,64,8192,771.8551880597015
64,32,64,16384,1526.5292417910448
64,32,128,16,15.461476298507462
64,32,128,32,21.11243462686567
64,32,128,64,27.06495044776119
64,32,128,128,39.731849552238806
64,32,128,256,63.037210746268656
64,32,128,512,109.81964417910449
64,32,128,1024,202.09948656716418
64,32,128,2048,389.0097671641791
64,32,128,4096,764.4170507462686
64,32,128,8192,1510.2166925373133
64,32,128,16384,3010.901014925373
64,64,0,0,5.257246567164179
64,64,1,16,6.511118328358209
64,64,1,32,6.924067343283582
64,64,1,64,7.377617194029851
64,64,1,128,8.693674029850746
64,64,1,256,8.702299701492537
64,64,1,512,8.860570746268657
64,64,1,1024,9.277752358208955
64,64,1,2048,11.406748656716417
64,64,1,4096,15.127482268656717
64,64,1,8192,20.47473671641791
64,64,1,16384,32.55308417910448
64,64,2,16,6.536915104477612
64,64,2,32,6.915381492537312
64,64,2,64,7.396954746268656
64,64,2,128,8.689321074626866
64,64,2,256,8.879687641791044
64,64,2,512,9.868169552238806
64,64,2,1024,11.404682507462686
64,64,2,2048,15.001386985074626
64,64,2,4096,20.37845014925373
64,64,2,8192,32.221497313432835
64,64,2,16384,53.95016597014925
64,64,4,16,6.590153552238806
64,64,4,32,7.030985552238806
64,64,4,64,7.54024119402985
64,64,4,128,8.939545791044777
64,64,4,256,9.949611940298508
64,64,4,512,11.759658985074626
64,64,4,1024,15.059219104477613
64,64,4,2048,21.227978507462687
64,64,4,4096,32.71175641791045
64,64,4,8192,56.90074746268656
64,64,4,16384,102.54258626865672
64,64,8,16,6.705898029850745
64,64,8,32,7.27499176119403
64,64,8,64,7.809984
64,64,8,128,10.21915414925373
64,64,8,256,11.889986865671641
64,64,8,512,15.232394507462686
64,64,8,1024,21.313432835820894
64,64,8,2048,33.20161432835821
64,64,8,4096,56.20106507462686
64,64,8,8192,102.67939343283582
64,64,8,16384,194.11271641791043
64,64,16,16,7.568124179104478
64,64,16,32,8.509525970149253
64,64,16,64,9.496001910447761
64,64,16,128,11.618579104477613
64,64,16,256,14.78526376119403
64,64,16,512,20.88134686567164
64,64,16,1024,32.96611343283582
64,64,16,2048,56.11561074626866
64,64,16,4096,102.04390208955225
64,64,16,8192,193.34643582089552
64,64,16,16384,376.1133850746269
64,64,32,16,8.913929552238805
64,64,32,32,11.051491343283583
64,64,32,64,13.077721791044777
64,64,32,128,16.355677611940298
64,64,32,256,22.462452537313432
64,64,32,512,34.52174328358209
64,64,32,1024,57.726605373134326
64,64,32,2048,105.14874268656716
64,64,32,4096,198.24862567164178
64,64,32,8192,384.49834029850746
64,64,32,16384,757.3861253731343
64,64,64,16,11.288998208955224
64,64,64,32,15.001306746268655
64,64,64,64,18.51684967164179
64,64,64,128,24.69830686567164
64,64,64,256,36.61657791044776
64,64,64,512,60.22183164179105
64,64,64,1024,107.48309014925374
64,64,64,2048,202.04131343283584
64,64,64,4096,389.5092537313433
64,64,64,8192,767.7810626865671
64,64,64,16384,1527.9755462686567
64,64,128,16,15.70520167164179
64,64,128,32,21.51683820895522
64,64,128,64,27.72611820895522
64,64,128,128,40.01649671641791
64,64,128,256,63.379830447761194
64,64,128,512,109.31032835820895
64,64,128,1024,202.7454089552239
64,64,128,2048,388.50025074626865
64,64,128,4096,766.4852059701492
64,64,128,8192,1512.395176119403
64,64,128,16384,3011.5228656716417
64,128,0,0,8.359740179104477
64,128,1,16,9.671243462686567
64,128,1,32,9.998818388059702
64,128,1,64,10.490822686567164
64,128,1,128,11.6933416119403
64,128,1,256,11.817310567164178
64,128,1,512,12.007877731343283
64,128,1,1024,12.538577194029852
64,128,1,2048,14.682698507462685
64,128,1,4096,18.589726567164178
64,128,1,8192,24.21065552238806
64,128,1,16384,35.98951164179105
64,128,2,16,9.701272835820896
64,128,2,32,10.075847641791045
64,128,2,64,10.540169552238805
64,128,2,128,11.9072983880597
64,128,2,256,12.029341611940298
64,128,2,512,13.298177910447762
64,128,2,1024,14.682638328358209
64,128,2,2048,18.405718925373133
64,128,2,4096,23.885287164179104
64,128,2,8192,35.92973373134328
64,128,2,16384,57.74566208955224
64,128,4,16,9.709958686567163
64,128,4,32,10.148664358208956
64,128,4,64,10.672704
64,128,4,128,12.121335402985073
64,128,4,256,13.276854447761194
64,128,4,512,15.256004776119402
64,128,4,1024,18.45699152238806
64,128,4,2048,24.627897313432836
64,128,4,4096,36.63162268656716
64,128,4,8192,59.75283582089552
64,128,4,16384,105.64461850746268
64,128,8,16,9.904618029850747
64,128,8,32,10.45016167164179
64,128,8,64,10.97660847761194
64,128,8,128,13.52491271641791
64,128,8,256,15.300938507462686
64,128,8,512,18.657929552238805
64,128,8,1024,24.58898149253731
64,128,8,2048,36.53513552238806
64,128,8,4096,60.02885731343283
64,128,8,8192,105.95293611940298
64,128,8,16384,197.06951641791045
64,128,16,16,10.698581014925374
64,128,16,32,11.81542495522388
64,128,16,64,12.771670925373135
64,128,16,128,14.943474626865672
64,128,16,256,18.06542614925373
64,128,16,512,24.298316417910446
64,128,16,1024,35.9124823880597
64,128,16,2048,59.55183761194029
64,128,16,4096,105.2598734328358
64,128,16,8192,196.7124537313433
64,128,16,16384,379.21461492537316
64,128,32,16,12.048659104477611
64,128,32,32,14.374521313432835
64,128,32,64,16.148260298507463
64,128,32,128,19.700231641791046
64,128,32,256,25.80038686567164
64,128,32,512,37.95817074626866
64,128,32,1024,61.115892537313435
64,128,32,2048,107.5216047761194
64,128,32,4096,201.11254925373134
64,128,32,8192,387.56747462686565
64,128,32,16384,760.0921791044776
64,128,64,16,14.38735952238806
64,128,64,32,18.23025671641791
64,128,64,64,21.613124776119403
64,128,64,128,28.29300537313433
64,128,64,256,39.65702686567164
64,128,64,512,63.46107223880597
64,128,64,1024,110.86796417910449
64,128,64,2048,206.01714626865672
64,128,64,4096,393.8902925373134
64,128,64,8192,774.6635462686567
64,128,64,16384,1535.694519402985
64,128,128,16,19.092282268656717
64,128,128,32,25.07282149253731
64,128,128,64,31.273676417910444
64,128,128,128,43.36085014925373
64,128,128,256,66.70272
64,128,128,512,112.87714388059702
64,128,128,1024,204.76140895522389
64,128,128,2048,392.875271641791
64,128,128,4096,765.2234507462687
64,128,128,8192,1515.0952119402984
64,128,128,16384,3013.6090746268655
64,256,0,0,8.695820417910447
64,256,1,16,10.013742805970148
64,256,1,32,10.35828823880597
64,256,1,64,10.897372656716417
64,256,1,128,12.102218507462688
64,256,1,256,12.157783880597014
64,256,1,512,12.35230280597015
64,256,1,1024,12.86809791044776
64,256,1,2048,15.033402268656715
64,256,1,4096,18.75435653731343
64,256,1,8192,24.60643343283582
64,256,1,16384,36.65288597014925
64,256,2,16,10.043752119402985
64,256,2,32,10.469499223880597
64,256,2,64,10.893079880597014
64,256,2,128,12.226247641791044
64,256,2,256,12.388610865671641
64,256,2,512,13.486598686567163
64,256,2,1024,15.097673552238806
64,256,2,2048,18.929878925373135
64,256,2,4096,24.25137671641791
64,256,2,8192,35.94257194029851
64,256,2,16384,58.276642388059706
64,256,4,16,10.039419223880596
64,256,4,32,10.55728047761194
64,256,4,64,11.104850149253732
64,256,4,128,12.495850029850747
64,256,4,256,13.572053014925372
64,256,4,512,15.551143164179104
64,256,4,1024,18.839871044776118
64,256,4,2048,25.059983283582092
64,256,4,4096,36.67234388059701
64,256,4,8192,60.49123343283581
64,256,4,16384,105.56578388059702
64,256,8,16,10.187058626865673
64,256,8,32,10.839721074626866
64,256,8,64,11.453748537313434
64,256,8,128,13.70264167164179
64,256,8,256,15.634731940298508
64,256,8,512,19.062533731343283
64,256,8,1024,25.055770746268657
64,256,8,2048,37.14053731343284
64,256,8,4096,59.79355701492537
64,256,8,8192,105.66227104477612
64,256,8,16384,198.46486925373134
64,256,16,16,11.01738985074627
64,256,16,32,12.12984071641791
64,256,16,64,13.12921504477612
64,256,16,128,15.2280616119403
64,256,16,256,18.435527641791044
64,256,16,512,24.5422423880597
64,256,16,1024,36.24406925373135
64,256,16,2048,59.97128597014925
64,256,16,4096,105.92966686567163
64,256,16,8192,197.20672477611942
64,256,16,16384,381.7601910447761
64,256,32,16,12.470053253731344
64,256,32,32,14.614034149253731
64,256,32,64,16.580546865671643
64,256,32,128,20.061707462686567
64,256,32,256,26.11692895522388
64,256,32,512,38.028580298507464
64,256,32,1024,61.212179104477606
64,256,32,2048,108.48426985074627
64,256,32,4096,200.60905074626865
64,256,32,8192,387.3207402985074
64,256,32,16384,760.0801432835821
64,256,64,16,14.740269850746268
64,256,64,32,18.709482985074626
64,256,64,64,21.99385791044776
64,256,64,128,28.436432238805967
64,256,64,256,40.070056119402985
64,256,64,512,63.619543880597014
64,256,64,1024,110.54500298507463
64,256,64,2048,206.56678208955222
64,256,64,4096,394.84112238805966
64,256,64,8192,774.4870208955224
64,256,64,16384,1535.6844895522388
64,256,128,16,19.40916537313433
64,256,128,32,25.419453134328357
64,256,128,64,31.444986268656717
64,256,128,128,43.857127164179104
64,256,128,256,67.03210029850746
64,256,128,512,113.82717134328358
64,256,128,1024,206.31202388059702
64,256,128,2048,393.4369432835821
64,256,128,4096,766.2986507462687
64,256,128,8192,1515.7752358208954
64,256,128,16384,3016.7383880597013
64,512,0,0,12.279746865671642
64,512,1,16,13.490811223880597
64,512,1,32,13.991240597014926
64,512,1,64,14.459895402985074
64,512,1,128,15.683938388059701
64,512,1,256,15.743856716417909
64,512,1,512,15.893441910447761
64,512,1,1024,16.42201504477612
64,512,1,2048,18.61740895522388
64,512,1,4096,22.468871641791047
64,512,1,8192,28.06833671641791
64,512,1,16384,39.545494925373134
64,512,2,16,13.546376597014925
64,512,2,32,13.967911164179103
64,512,2,64,14.457969671641791
64,512,2,128,15.758761074626864
64,512,2,256,15.85278089552239
64,512,2,512,16.944169074626863
64,512,2,1024,18.525194507462686
64,512,2,2048,22.376998208955225
64,512,2,4096,27.77105194029851
64,512,2,8192,39.78540895522388
64,512,2,16384,61.601738507462684
64,512,4,16,13.657647761194028
64,512,4,32,14.14315271641791
64,512,4,64,14.62272
64,512,4,128,16.032716417910446
64,512,4,256,17.203139820895522
64,512,4,512,18.98556465671642
64,512,4,1024,22.374791641791045
64,512,4,2048,28.61416119402985
64,512,4,4096,40.36734089552238
64,512,4,8192,63.501592835820894
64,512,4,16384,109.9779152238806
64,512,8,16,13.764425552238805
64,512,8,32,14.355264000000002
64,512,8,64,14.870798328358209
64,512,8,128,17.387087283582087
64,512,8,256,19.145781492537314
64,512,8,512,22.759737313432833
64,512,8,1024,28.479360000000003
64,512,8,2048,40.919183283582086
64,512,8,4096,63.56778985074626
64,512,8,8192,110.06758208955225
64,512,8,16384,201.18275820895522
64,512,16,16,14.569220776119403
64,512,16,32,15.662474507462687
64,512,16,64,16.70898913432836
64,512,16,128,18.737305791044776
64,512,16,256,22.083725373134328
64,512,16,512,28.286786865671644
64,512,16,1024,39.96293731343283
64,512,16,2048,63.34994149253731
64,512,16,4096,109.27181373134327
64,512,16,8192,201.48565970149252
64,512,16,16384,384.43013731343285
64,512,32,16,16.1952
64,512,32,32,18.29651391044776
64,512,32,64,20.172838208955223
64,512,32,128,23.776162388059703
64,512,32,256,29.621960597014926
64,512,32,512,41.94202746268657
64,512,32,1024,65.50234746268656
64,512,32,2048,111.8863952238806
64,512,32,4096,204.09141492537313
64,512,32,8192,392.47608358208953
64,512,32,16384,764.4611820895522
64,512,64,16,18.568062089552235
64,512,64,32,22.376797611940297
64,512,64,64,25.78534208955224
64,512,64,128,32.07405850746269
64,512,64,256,43.92131820895522
64,512,64,512,67.6996871641791
64,512,64,1024,115.25642507462686
64,512,64,2048,208.58478805970148
64,512,64,4096,399.3164417910448
64,512,64,8192,777.8951641791044
64,512,64,16384,1539.2049671641792
64,512,128,16,23.399641791044775
64,512,128,32,29.429186865671642
64,512,128,64,35.70486447761194
64,512,128,128,47.81570865671642
64,512,128,256,70.93070328358209
64,512,128,512,116.86340776119403
64,512,128,1024,210.89767164179102
64,512,128,2048,396.53014925373134
64,512,128,4096,771.0347462686567
64,512,128,8192,1517.9256358208954
64,512,128,16384,3019.3461492537313
64,1024,0,0,14.158337910447761
64,1024,1,16,15.251591641791046
64,1024,1,32,15.850915343283582
64,1024,1,64,16.22950208955224
64,1024,1,128,17.45127832835821
64,1024,1,256,17.517595701492535
64,1024,1,512,17.85981420895522
64,1024,1,1024,18.390393313432835
64,1024,1,2048,20.553771940298507
64,1024,1,4096,24.11396776119403
64,1024,1,8192,29.825165373134325
64,1024,1,16384,41.458588656716415
64,1024,2,16,15.367275940298505
64,1024,2,32,15.643297432835821
64,1024,2,64,16.229301492537314
64,1024,2,128,17.459964179104478
64,1024,2,256,17.75518280597015
64,1024,2,512,18.839931223880598
64,1024,2,1024,20.53672119402985
64,1024,2,2048,24.140045373134328
64,1024,2,4096,29.52988656716418
64,1024,2,8192,41.35146985074627
64,1024,2,16384,63.386048955223885
64,1024,4,16,15.35877062686567
64,1024,4,32,15.902127761194029
64,1024,4,64,16.561289552238804
64,1024,4,128,17.91552
64,1024,4,256,18.977079402985073
64,1024,4,512,21.06088119402985
64,1024,4,1024,24.240745074626865
64,1024,4,2048,30.304391641791042
64,1024,4,4096,42.01283820895522
64,1024,4,8192,65.30114865671642
64,1024,4,16384,111.23605970149254
64,1024,8,16,15.594151164179102
64,1024,8,32,16.272490029850747
64,1024,8,64,16.877831641791044
64,1024,8,128,19.276430328358206
64,1024,8,256,21.11243462686567
64,1024,8,512,24.28307104477612
64,1024,8,1024,30.6574423880597
64,1024,8,2048,42.19457910447761
64,1024,8,4096,65.77215044776119
64,1024,8,8192,111.68981014925373
64,1024,8,16384,203.4675582089552
64,1024,16,16,16.505523582089552
64,1024,16,32,17.573241313432835
64,1024,16,64,18.805769552238804
64,1024,16,128,20.731300298507463
64,1024,16,256,23.833934328358207
64,1024,16,512,30.015531940298505
64,1024,16,1024,41.877836417910444
64,1024,16,2048,65.13846447761195
64,1024,16,4096,110.99213373134327
64,1024,16,8192,202.6792119402985
64,1024,16,16384,385.5574925373134
64,1024,32,16,17.885771462686566
64,1024,32,32,20.19630805970149
64,1024,32,64,22.0407976119403
64,1024,32,128,25.556059701492536
64,1024,32,256,31.316604179104473
64,1024,32,512,43.51510925373134
64,1024,32,1024,66.6664119402985
64,1024,32,2048,113.75876776119402
64,1024,32,4096,205.75235820895523
64,1024,32,8192,393.5011343283582
64,1024,32,16384,764.5113313432836
64,1024,64,16,20.132317611940298
64,1024,64,32,24.122794029850745
64,1024,64,64,27.340971940298505
64,1024,64,128,33.68084059701492
64,1024,64,256,45.62458746268656
64,1024,64,512,69.28761313432835
64,1024,64,1024,115.70154985074626
64,1024,64,2048,212.06314029850748
64,1024,64,4096,401.0997492537313
64,1024,64,8192,779.3454805970149
64,1024,64,16384,1535.8148776119403
64,1024,128,16,24.954870447761195
64,1024,128,32,30.995448358208954
64,1024,128,64,37.16420776119403
64,1024,128,128,49.16592716417911
64,1024,128,256,72.54831761194029
64,1024,128,512,118.74420537313432
64,1024,128,1024,211.40317611940296
64,1024,128,2048,397.04969552238805
64,1024,128,4096,771.4279164179104
64,1024,128,8192,1519.9857671641792
64,1024,128,16384,3022.8565970149252
64,2048,0,0,19.21438567164179
64,2048,1,16,20.416964776119404
64,2048,1,32,21.024573134328357
64,2048,1,64,21.366791641791046
64,2048,1,128,22.58441552238806
64,2048,1,256,22.832754626865672
64,2048,1,512,23.04217791044776
64,2048,1,1024,23.339663283582087
64,2048,1,2048,25.684842985074628
64,2048,1,4096,29.2731223880597
64,2048,1,8192,34.84069253731343
64,2048,1,16384,46.49758567164179
64,2048,2,16,20.376444179104475
64,2048,2,32,20.9134423880597
64,2048,2,64,21.257867462686566
64,2048,2,128,22.71701014925373
64,2048,2,256,23.033752835820895
64,2048,2,512,23.936439402985073
64,2048,2,1024,25.63349014925373
64,2048,2,2048,29.290173134328356
64,2048,2,4096,34.87920716417911
64,2048,2,8192,46.29458149253731
64,2048,2,16384,68.31592119402984
64,2048,4,16,20.43622208955224
64,2048,4,32,21.13811104477612
64,2048,4,64,21.655851940298504
64,2048,4,128,22.9974447761194
64,2048,4,256,24.330411940298507
64,2048,4,512,26.04411223880597
64,2048,4,1024,29.369609552238806
64,2048,4,2048,35.796938507462684
64,2048,4,4096,47.139496119402985
64,2048,4,8192,70.88376358208954
64,2048,4,16384,116.6688286567164
64,2048,8,16,20.645845970149253
64,2048,8,32,21.401294328358208
64,2048,8,64,22.002282985074626
64,2048,8,128,24.657786268656714
64,2048,8,256,26.305289552238804
64,2048,8,512,29.561982089552238
64,2048,8,1024,35.48039641791045
64,2048,8,2048,47.89033074626866
64,2048,8,4096,70.97142447761193
64,2048,8,8192,116.39060059701492
64,2048,8,16384,207.53365970149252
64,2048,16,16,21.640807164179105
64,2048,16,32,22.849604776119403
64,2048,16,64,23.76974328358209
64,2048,16,128,25.77270447761194
64,2048,16,256,28.69540298507463
64,2048,16,512,35.20216835820895
64,2048,16,1024,46.56618985074627
64,2048,16,2048,70.00835820895522
64,2048,16,4096,116.33062208955224
64,2048,16,8192,207.76234029850747
64,2048,16,16384,392.1370746268656
64,2048,32,16,23.164341492537314
64,2048,32,32,25.45154865671642
64,2048,32,64,27.23385313432836
64,2048,32,128,30.503183283582093
64,2048,32,256,36.620790447761195
64,2048,32,512,48.64577910447761
64,2048,32,1024,71.49317731343284
64,2048,32,2048,118.80618985074628
64,2048,32,4096,211.78230447761194
64,2048,32,8192,398.4298029850746
64,2048,32,16384,772.9484417910447
64,2048,64,16,25.380938507462687
64,2048,64,32,29.17884179104478
64,2048,64,64,32.671035223880594
64,2048,64,128,39.30618268656716
64,2048,64,256,50.588761791044774
64,2048,64,512,74.5809671641791
64,2048,64,1024,120.66993671641791
64,2048,64,2048,215.40508656716415
64,2048,64,4096,405.4206089552239
64,2048,64,8192,784.9240835820896
64,2048,64,16384,1546.2298746268657
64,2048,128,16,30.25303880597015
64,2048,128,32,36.1393576119403
64,2048,128,64,42.16027701492537
64,2048,128,128,54.39529074626865
64,2048,128,256,77.86112955223881
64,2048,128,512,123.80667223880597
64,2048,128,1024,217.0218985074627
64,2048,128,2048,402.0265074626866
64,2048,128,4096,784.2420537313433
64,2048,128,8192,1525.0729074626865
64,2048,128,16384,3025.344
64,4096,0,0,28.907032835820893
64,4096,1,16,30.23598805970149
64,4096,1,32,30.58903880597015
64,4096,1,64,31.08972895522388
64,4096,1,128,32.553284776119405
64,4096,1,256,32.538440597014926
64,4096,1,512,33.16289910447761
64,4096,1,1024,33.289275223880594
64,4096,1,2048,35.36043940298507
64,4096,1,4096,38.94229970149254
64,4096,1,8192,44.366242388059696
64,4096,1,16384,56.13466746268657
64,4096,2,16,30.071097313432833
64,4096,2,32,30.70217552238806
64,4096,2,64,31.164551641791046
64,4096,2,128,32.59801791044776
64,4096,2,256,32.69229850746269
64,4096,2,512,33.946029850746264
64,4096,2,1024,35.33917611940298
64,4096,2,2048,38.927254925373134
64,4096,2,4096,44.47336119402985
64,4096,2,8192,55.87369074626865
64,4096,2,16384,78.21618626865671
64,4096,4,16,30.25083223880597
64,4096,4,32,30.762354626865672
64,4096,4,64,31.3571247761194
64,4096,4,128,32.93622447761194
64,4096,4,256,33.78996537313433
64,4096,4,512,36.09221731343283
64,4096,4,1024,39.025948656716416
64,4096,4,2048,45.361404179104476
64,4096,4,4096,56.9864023880597
64,4096,4,8192,80.09277134328357
64,4096,4,16384,126.2032047761194
64,4096,8,16,30.610502686567166
64,4096,8,32,31.28430805970149
64,4096,8,64,31.735851940298506
64,4096,8,128,34.067992835820895
64,4096,8,256,35.995930746268655
64,4096,8,512,39.08773253731343
64,4096,8,1024,45.31005134328358
64,4096,8,2048,56.941268059701486
64,4096,8,4096,80.41593313432836
64,4096,8,8192,126.5177408955224
64,4096,8,16384,218.1572776119403
64,4096,16,16,31.38280119402985
64,4096,16,32,32.57876059701492
64,4096,16,64,33.561084179104476
64,4096,16,128,35.62141611940299
64,4096,16,256,38.75393910447762
64,4096,16,512,44.87134567164179
64,4096,16,1024,56.51118805970149
64,4096,16,2048,79.61133850746269
64,4096,16,4096,125.90150686567164
64,4096,16,8192,217.86039402985074
64,4096,16,16384,399.88212537313433
64,4096,32,16,32.90633552238806
64,4096,32,32,35.18070447761194
64,4096,32,64,36.815168955223875
64,4096,32,128,40.66061373134328
64,4096,32,256,46.30280597014925
64,4096,32,512,58.351465074626866
64,4096,32,1024,81.74268179104477
64,4096,32,2048,128.40696358208956
64,4096,32,4096,222.46409552238805
64,4096,32,8192,408.64821492537317
64,4096,32,16384,782.0294686567164
64,4096,64,16,35.31771223880597
64,4096,64,32,38.77119044776119
64,4096,64,64,42.35305074626866
64,4096,64,128,48.680081194029846
64,4096,64,256,60.70948298507463
64,4096,64,512,84.5843391044776
64,4096,64,1024,131.37258985074627
64,4096,64,2048,225.5793671641791
64,4096,64,4096,415.2498626865672
64,4096,64,8192,795.2528238805969
64,4096,64,16384,1549.0402388059701
64,4096,128,16,39.588623283582095
64,4096,128,32,45.70382328358209
64,4096,128,64,51.60919880597015
64,4096,128,128,64.21010149253732
64,4096,128,256,87.6011176119403
64,4096,128,512,133.06502686567165
64,4096,128,1024,226.38376119402983
64,4096,128,2048,415.41234626865673
64,4096,128,4096,786.3302686567164
64,4096,128,8192,1534.7677611940298
64,4096,128,16384,3036.998686567164
64,8192,0,0,45.26291104477612
64,8192,1,16,46.71563462686567
64,8192,1,32,47.122445373134326
64,8192,1,64,47.53527402985075
64,8192,1,128,48.703350447761196
64,8192,1,256,48.86422925373134
64,8192,1,512,49.22109134328358
64,8192,1,1024,49.73060776119403
64,8192,1,2048,51.76345791044776
64,8192,1,4096,55.45223641791044
64,8192,1,8192,60.93836417910448
64,8192,1,16384,72.59325134328358
64,8192,2,16,46.70941611940299
64,8192,2,32,47.20348656716418
64,8192,2,64,47.672281791044774
64,8192,2,128,48.86824119402985
64,8192,2,256,49.17013970149254
64,8192,2,512,50.17793910447761
64,8192,2,1024,51.765664477611935
64,8192,2,2048,55.308809552238806
64,8192,2,4096,60.84629014925373
64,8192,2,8192,72.39867223880597
64,8192,2,16384,95.04707820895523
64,8192,4,16,46.66428179104478
64,8192,4,32,47.100981492537315
64,8192,4,64,47.74489791044776
64,8192,4,128,49.37755701492537
64,8192,4,256,50.24413611940299
64,8192,4,512,52.4436823880597
64,8192,4,1024,55.587037611940296
64,8192,4,2048,61.6207952238806
64,8192,4,4096,73.4084776119403
64,8192,4,8192,96.26249552238805
64,8192,4,16384,142.84132298507464
64,8192,8,16,46.8375976119403
64,8192,8,32,47.798457313432834
64,8192,8,64,48.198648358208956
64,8192,8,128,50.689060298507464
64,8192,8,256,52.41379343283582
64,8192,8,512,55.61471999999999
64,8192,8,1024,61.35981850746269
64,8192,8,2048,73.22693731343284
64,8192,8,4096,96.06992238805971
64,8192,8,8192,143.0144382089552
64,8192,8,16384,232.9934328358209
64,8192,16,16,47.82413373134328
64,8192,16,32,48.896124179104476
64,8192,16,64,50.0900776119403
64,8192,16,128,52.03085373134328
64,8192,16,256,55.019949850746265
64,8192,16,512,61.27637014925374
64,8192,16,1024,73.01691223880597
64,8192,16,2048,96.35657552238806
64,8192,16,4096,142.22308298507463
64,8192,16,8192,233.93623880597016
64,8192,16,16384,417.3681671641791
64,8192,32,16,49.34546149253731
64,8192,32,32,51.45092776119402
64,8192,32,64,53.10926328358208
64,8192,32,128,56.53044537313432
64,8192,32,256,62.52388298507463
64,8192,32,512,74.91676656716417
64,8192,32,1024,98.06265313432836
64,8192,32,2048,145.1094734328358
64,8192,32,4096,237.43063880597012
64,8192,32,8192,423.78526567164175
64,8192,32,16384,796.6229014925374
64,8192,64,16,51.56005253731343
64,8192,64,32,55.47149373134328
64,8192,64,64,58.9099271641791
64,8192,64,128,64.91820895522388
64,8192,64,256,76.7163223880597
64,8192,64,512,100.7644943283582
64,8192,64,1024,147.4630782089552
64,8192,64,2048,241.66122985074628
64,8192,64,4096,431.969623880597
64,8192,64,8192,810.3236776119403
64,8192,64,16384,1560.6889074626865
64,8192,128,16,56.17097552238806
64,8192,128,32,62.21155343283582
64,8192,128,64,68.3329719402985
64,8192,128,128,80.57641074626865
64,8192,128,256,104.01677373134326
64,8192,128,512,150.0180823880597
64,8192,128,1024,244.84671044776118
64,8192,128,2048,428.6818388059702
64,8192,128,4096,802.1272835820895
64,8192,128,8192,1552.099343283582
64,8192,128,16384,3050.619223880597
64,16384,0,0,78.70644537313433
64,16384,1,16,79.75677134328357
64,16384,1,32,80.16578865671642
64,16384,1,64,80.51001313432835
64,16384,1,128,81.94167402985074
64,16384,1,256,82.01208358208955
64,16384,1,512,82.27326089552238
64,16384,1,1024,82.57475820895522
64,16384,1,2048,84.86216597014925
64,16384,1,4096,88.40771820895523
64,16384,1,8192,94.08621850746269
64,16384,1,16384,105.3348967164179
64,16384,2,16,79.6691104477612
64,16384,2,32,80.27471283582089
64,16384,2,64,80.60008119402984
64,16384,2,128,81.84518686567164
64,16384,2,256,82.23053373134327
64,16384,2,512,83.26380895522388
64,16384,2,1024,84.97550328358209
64,16384,2,2048,88.24704
64,16384,2,4096,93.7353743283582
64,16384,2,8192,105.73709373134328
64,16384,2,16384,127.7028680597015
64,16384,4,16,79.8209623880597
64,16384,4,32,80.18043223880596
64,16384,4,64,80.9230423880597
64,16384,4,128,82.39502328358209
64,16384,4,256,83.31074865671641
64,16384,4,512,85.27298865671642
64,16384,4,1024,88.43740656716417
64,16384,4,2048,94.81398447761194
64,16384,4,4096,106.46867104477612
64,16384,4,8192,129.53251343283583
64,16384,4,16384,176.05657791044777
64,16384,8,16,79.83821373134327
64,16384,8,32,80.58924895522388
64,16384,8,64,81.16054925373135
64,16384,8,128,83.69810149253732
64,16384,8,256,85.31370985074626
64,16384,8,512,88.6408119402985
64,16384,8,1024,94.8374543283582
64,16384,8,2048,106.32745074626864
64,16384,8,4096,129.7634005970149
64,16384,8,8192,175.15710089552238
64,16384,8,16384,267.6646208955224
64,16384,16,16,80.86527044776119
64,16384,16,32,81.95651820895522
64,16384,16,64,83.01145791044776
64,16384,16,128,84.98633552238805
64,16384,16,256,88.15516656716417
64,16384,16,512,94.24027701492537
64,16384,16,1024,106.61209791044777
64,16384,16,2048,129.28437492537313
64,16384,16,4096,175.53362149253732
64,16384,16,8192,266.9745671641791
64,16384,16,16384,448.58908656716414
64,16384,32,16,82.34387104477612
64,16384,32,32,84.65876059701492
64,16384,32,64,86.2721623880597
64,16384,32,128,89.73847880597015
64,16384,32,256,95.69962029850747
64,16384,32,512,107.76332417910447
64,16384,32,1024,130.90198925373133
64,16384,32,2048,177.04652417910447
64,16384,32,4096,270.26435820895523
64,16384,32,8192,458.4664835820896
64,16384,32,16384,829.4546149253732
64,16384,64,16,84.8814232835821
64,16384,64,32,88.39267343283582
64,16384,64,64,91.81405611940299
64,16384,64,128,98.18822686567164
64,16384,64,256,109.89667343283581
64,16384,64,512,133.60423164179105
64,16384,64,1024,179.94354626865672
64,16384,64,2048,274.9884179104477
64,16384,64,4096,464.70906268656717
64,16384,64,8192,845.3298626865671
64,16384,64,16384,1594.3390567164179
64,16384,128,16,89.16296597014926
64,16384,128,32,94.95721074626866
64,16384,128,64,101.32716895522387
64,16384,128,128,113.24523940298508
64,16384,128,256,137.08779940298507
64,16384,128,512,183.05480597014923
64,16384,128,1024,275.00045373134327
64,16384,128,2048,465.95276417910446
64,16384,128,4096,838.623904477612
64,16384,128,8192,1585.3523104477613
64,16384,128,16384,3085.723701492537
128,0,0,0,5.0496286567164175
128,0,1,16,6.354853253731343
128,0,1,32,6.739999522388059
128,0,1,64,7.266366089552239
128,0,1,128,8.618650746268656
128,0,1,256,8.686913910447762
128,0,1,512,8.798445850746269
128,0,1,1024,9.281884656716416
128,0,1,2048,11.449536
128,0,1,4096,15.333034029850745
128,0,1,8192,20.900202985074625
128,0,1,16384,32.40564537313433
128,0,2,16,6.339808477611941
128,0,2,32,6.769948656716418
128,0,2,64,7.309093253731343
128,0,2,128,8.640054447761194
128,0,2,256,8.79623928358209
128,0,2,512,9.752565492537313
128,0,2,1024,11.44099056716418
128,0,2,2048,15.078335999999998
128,0,2,4096,21.003309850746266
128,0,2,8192,32.6172752238806
128,0,2,16384,54.1790471641791
128,0,4,16,6.440427940298507
128,0,4,32,6.956162865671642
128,0,4,64,7.478056119402986
128,0,4,128,8.86684943283582
128,0,4,256,9.902531820895522
128,0,4,512,11.877349253731342
128,0,4,1024,15.290306865671642
128,0,4,2048,21.364585074626863
128,0,4,4096,33.49027343283582
128,0,4,8192,56.0835152238806
128,0,4,16384,102.80155701492536
128,0,8,16,6.628728358208956
128,0,8,32,7.197882268656716
128,0,8,64,7.767056238805971
128,0,8,128,10.17654734328358
128,0,8,256,11.935261611940298
128,0,8,512,15.418488358208954
128,0,8,1024,21.351947462686564
128,0,8,2048,33.171524776119405
128,0,8,4096,56.27588776119402
128,0,8,8192,102.6880191044776
128,0,8,16384,194.93215522388059
128,0,16,16,7.1657867462686555
128,0,16,32,8.265539820895523
128,0,16,64,9.206861373134329
128,0,16,128,11.376598925373134
128,0,16,256,14.597043582089553
128,0,16,512,20.80853014925373
128,0,16,1024,32.349879402985074
128,0,16,2048,56.34007880597015
128,0,16,4096,102.24931343283582
128,0,16,8192,192.72819582089554
128,0,16,16384,377.8585791044776
128,0,32,16,8.815576835820895
128,0,32,32,11.107197134328358
128,0,32,64,12.96659104477612
128,0,32,128,16.445605253731344
128,0,32,256,22.46465910447761
128,0,32,512,34.36969074626865
128,0,32,1024,57.23454089552239
128,0,32,2048,104.69719880597015
128,0,32,4096,196.92408358208957
128,0,32,8192,384.0369671641791
128,0,32,16384,757.5365731343284
128,0,64,16,11.241918089552238
128,0,64,32,15.095587343283581
128,0,64,64,18.437734208955224
128,0,64,128,24.711145074626867
128,0,64,256,36.40033432835821
128,0,64,512,60.16165253731344
128,0,64,1024,107.08289910447762
128,0,64,2048,202.00119402985075
128,0,64,4096,392.1350686567164
128,0,64,8192,766.9365492537313
128,0,64,16384,1529.5301731343284
128,0,128,16,15.66676728358209
128,0,128,32,21.752138507462686
128,0,128,64,27.831030447761197
128,0,128,128,39.851806567164175
128,0,128,256,63.377623880597014
128,0,128,512,108.92096955223882
128,0,128,1024,202.45253731343283
128,0,128,2048,389.8282029850746
128,0,128,4096,762.7400597014926
128,0,128,8192,1510.8666268656716
128,0,128,16384,3012.06447761194
128,16,0,0,11.928702089552239
128,16,1,16,13.306803582089552
128,16,1,32,13.65116847761194
128,16,1,64,14.168969552238806
128,16,1,128,15.457143402985075
128,16,1,256,15.53196608955224
128,16,1,512,15.658141611940298
128,16,1,1024,16.23385504477612
128,16,1,2048,18.294387582089552
128,16,1,4096,22.12865910447761
128,16,1,8192,27.815785074626863
128,16,1,16384,39.547701492537314
128,16,2,16,13.244678686567164
128,16,2,32,13.758207044776118
128,16,2,64,14.211957492537312
128,16,2,128,15.553289552238805
128,16,2,256,15.67972585074627
128,16,2,512,16.775125970149254
128,16,2,1024,18.29017504477612
128,16,2,2048,22.13086567164179
128,16,2,4096,27.954999402985077
128,16,2,8192,39.365960597014926
128,16,2,16384,61.34898626865672
128,16,4,16,13.355889671641789
128,16,4,32,13.952926567164178
128,16,4,64,14.445131462686566
128,16,4,128,15.833523582089553
128,16,4,256,16.837311044776122
128,16,4,512,18.872106985074627
128,16,4,1024,22.145910447761196
128,16,4,2048,28.432219701492535
128,16,4,4096,40.198438208955224
128,16,4,8192,63.187056716417906
128,16,4,16384,109.22688
128,16,8,16,13.576265552238805
128,16,8,32,14.132521074626863
128,16,8,64,14.678225194029851
128,16,8,128,17.149700776119403
128,16,8,256,18.899849552238805
128,16,8,512,22.535269253731343
128,16,8,1024,28.344558805970145
128,16,8,2048,40.099945074626866
128,16,8,4096,63.540107462686564
128,16,8,8192,109.55646089552239
128,16,8,16384,200.29832597014925
128,16,16,16,14.062191761194029
128,16,16,32,15.027063402985073
128,16,16,64,16.163164656716418
128,16,16,128,18.223837611940297
128,16,16,256,21.33489671641791
128,16,16,512,27.467147462686565
128,16,16,1024,39.21190208955224
128,16,16,2048,62.816754626865674
128,16,16,4096,109.27602626865672
128,16,16,8192,200.88988656716418
128,16,16,16384,383.7320597014925
128,16,32,16,15.748009074626866
128,16,32,32,17.840556895522386
128,16,32,64,19.749377910447762
128,16,32,128,23.249795820895525
128,16,32,256,29.200305671641793
128,16,32,512,41.4884776119403
128,16,32,1024,64.43677611940299
128,16,32,2048,111.6382567164179
128,16,32,4096,204.52470447761195
128,16,32,8192,391.8281552238806
128,16,32,16384,763.9416358208955
128,16,64,16,18.05894686567164
128,16,64,32,22.064468059701493
128,16,64,64,25.181745671641792
128,16,64,128,31.56454208955224
128,16,64,256,43.53416597014925
128,16,64,512,67.08345313432835
128,16,64,1024,114.34491223880597
128,16,64,2048,208.9659223880597
128,16,64,4096,400.5380776119403
128,16,64,8192,775.5903044776119
128,16,64,16384,1534.0797134328357
128,16,128,16,22.811290746268657
128,16,128,32,28.590490746268653
128,16,128,64,34.76145671641791
128,16,128,128,46.8763128358209
128,16,128,256,70.22038925373134
128,16,128,512,116.12521074626866
128,16,128,1024,209.09029253731342
128,16,128,2048,396.52613731343286
128,16,128,4096,772.5372179104478
128,16,128,8192,1531.812967164179
128,16,128,16384,3018.122507462687
128,32,0,0,11.950105791044775
128,32,1,16,13.259803701492535
128,32,1,32,13.65979414925373
128,32,1,64,14.04921313432836
128,32,1,128,15.279615044776119
128,32,1,256,15.463622686567163
128,32,1,512,15.55956823880597
128,32,1,1024,16.092494328358207
128,32,1,2048,18.238822208955224
128,32,1,4096,22.128458507462685
128,32,1,8192,27.65530746268657
128,32,1,16384,39.20969552238806
128,32,2,16,13.214669373134328
128,32,2,32,13.71315295522388
128,32,2,64,14.175388656716416
128,32,2,128,15.414215641791046
128,32,2,256,15.553349731343285
128,32,2,512,16.736671522388058
128,32,2,1024,18.238481194029852
128,32,2,2048,22.034378507462684
128,32,2,4096,27.719699104477613
128,32,2,8192,39.212102686567164
128,32,2,16384,61.41738985074627
128,32,4,16,13.345117611940298
128,32,4,32,13.766712358208954
128,32,4,64,14.318755343283582
128,32,4,128,15.726745791044776
128,32,4,256,16.843529552238806
128,32,4,512,18.777946746268654
128,32,4,1024,22.13086567164179
128,32,4,2048,28.299625074626864
128,32,4,4096,40.01649671641791
128,32,4,8192,63.276924179104476
128,32,4,16384,109.29949611940297
128,32,8,16,13.430912955223882
128,32,8,32,14.049072716417909
128,32,8,64,14.605408477611942
128,32,8,128,17.02119832835821
128,32,8,256,18.91910686567164
128,32,8,512,22.34028895522388
128,32,8,1024,28.24827223880597
128,32,8,2048,40.25400358208955
128,32,8,4096,63.42255761194029
128,32,8,8192,109.70189373134328
128,32,8,16384,201.65416119402985
128,32,16,16,13.993447164179104
128,32,16,32,15.063431641791045
128,32,16,64,16.137488238805968
128,32,16,128,18.127290268656715
128,32,16,256,21.34532776119403
128,32,16,512,27.364441791044772
128,32,16,1024,39.41530746268657
128,32,16,2048,62.13432358208955
128,32,16,4096,108.44595582089552
128,32,16,8192,200.317783880597
128,32,16,16384,385.26462089552234
128,32,32,16,15.611061492537312
128,32,32,32,17.84083773134328
128,32,32,64,19.64239952238806
128,32,32,128,23.083099701492536
128,32,32,256,29.063498507462683
128,32,32,512,40.992
128,32,32,1024,64.66565731343283
128,32,32,2048,111.36444179104477
128,32,32,4096,204.72329552238807
128,32,32,8192,390.8492417910448
128,32,32,16384,763.1432597014925
128,32,64,16,18.01621970149254
128,32,64,32,21.835386268656716
128,32,64,64,25.342423880597014
128,32,64,128,31.39363343283582
128,32,64,256,43.3329671641791
128,32,64,512,66.94664597014926
128,32,64,1024,114.07330388059701
128,32,64,2048,208.82149253731342
128,32,64,4096,399.20009552238804
128,32,64,8192,778.8780895522389
128,32,64,16384,1534.6353671641791
128,32,128,16,22.63998089552239
128,32,128,32,28.639837611940298
128,32,128,64,34.686232835820896
128,32,128,128,46.77781970149254
128,32,128,256,70.19029970149253
128,32,128,512,116.66441552238805
128,32,128,1024,210.51653731343285
128,32,128,2048,396.4579343283582
128,32,128,4096,768.4390208955224
128,32,128,8192,1516.5575641791045
128,32,128,16384,3018.102447761194
128,64,0,0,11.948019582089552
128,64,1,16,13.272441313432834
128,64,1,32,13.649222686567166
128,64,1,64,14.158197492537312
128,64,1,128,15.448517731343282
128,64,1,256,15.50408310447761
128,64,1,512,15.628373014925373
128,64,1,1024,16.229301492537314
128,64,1,2048,18.28576191044776
128,64,1,4096,22.233571343283582
128,64,1,8192,27.734543283582088
128,64,1,16384,39.34670328358209
128,64,2,16,13.22756776119403
128,64,2,32,13.777544597014925
128,64,2,64,14.207484179104476
128,64,2,128,15.487092537313432
128,64,2,256,15.681812059701494
128,64,2,512,16.70686280597015
128,64,2,1024,18.29430734328358
128,64,2,2048,22.096362985074627
128,64,2,4096,27.59532895522388
128,64,2,8192,39.58421014925373
128,64,2,16384,61.13093731343284
128,64,4,16,13.373000597014924
128,64,4,32,13.82881719402985
128,64,4,64,14.425733731343284
128,64,4,128,15.801688835820896
128,64,4,256,16.905654447761194
128,64,4,512,18.906268656716417
128,64,4,1024,22.229158208955223
128,64,4,2048,28.316675820895522
128,64,4,4096,40.03776
128,64,4,8192,63.379830447761194
128,64,4,16384,108.79038089552238
128,64,8,16,13.52491271641791
128,64,8,32,14.109131462686568
128,64,8,64,14.659028059701491
128,64,8,128,17.149700776119403
128,64,8,256,18.940630925373135
128,64,8,512,22.38963582089552
128,64,8,1024,28.282373731343284
128,64,8,2048,40.15972298507462
128,64,8,4096,63.52285611940298
128,64,8,8192,109.60781373134328
128,64,8,16384,201.81463880597016
128,64,16,16,14.115470328358208
128,64,16,32,15.095386746268657
128,64,16,64,16.094700895522386
128,64,16,128,18.260085492537314
128,64,16,256,21.60229253731343
128,64,16,512,27.405162985074625
128,64,16,1024,39.09214567164179
128,64,16,2048,62.8747271641791
128,64,16,4096,108.00925611940298
128,64,16,8192,199.9839904477612
128,64,16,16384,382.2977910447761
128,64,32,16,15.7374376119403
128,64,32,32,17.97997182089552
128,64,32,64,19.646612059701493
128,64,32,128,23.20486208955224
128,64,32,256,29.350151641791044
128,64,32,512,41.27263522388059
128,64,32,1024,64.67428298507463
128,64,32,2048,111.11189014925372
128,64,32,4096,204.39832835820897
128,64,32,8192,391.8361791044776
128,64,32,16384,763.9998089552239
128,64,64,16,18.099607880597016
128,64,64,32,21.89335880597015
128,64,64,64,25.36168119402985
128,64,64,128,31.73143880597015
128,64,64,256,43.39475104477612
128,64,64,512,66.95105910447761
128,64,64,1024,114.30439164179104
128,64,64,2048,209.61786268656715
128,64,64,4096,398.5080358208955
128,64,64,8192,779.7888
128,64,64,16384,1539.7164895522387
128,64,128,16,22.685115223880594
128,64,128,32,28.693196417910446
128,64,128,64,34.808597014925375
128,64,128,128,46.812121791044774
128,64,128,256,70.2500776119403
128,64,128,512,116.11237253731342
128,64,128,1024,209.98495522388058
128,64,128,2048,395.2001910447761
128,64,128,4096,772.6716179104478
128,64,128,8192,1516.9667820895522
128,64,128,16384,3018.5036417910446
128,128,0,0,12.055018029850746
128,128,1,16,13.372940417910447
128,128,1,32,13.700314746268658
128,128,1,64,14.16696358208955
128,128,1,128,15.440213014925373
128,128,1,256,15.559849074626866
128,128,1,512,15.651923104477612
128,128,1,1024,16.23156823880597
128,128,1,2048,18.414144
128,128,1,4096,22.075099701492537
128,128,1,8192,27.70686089552239
128,128,1,16384,39.41510686567164
128,128,2,16,13.343051462686567
128,128,2,32,13.743102089552238
128,128,2,64,14.250411940298509
128,128,2,128,15.568474746268656
128,128,2,256,15.668773253731342
128,128,2,512,16.777272358208954
128,128,2,1024,18.283414925373133
128,128,2,2048,22.12865910447761
128,128,2,4096,27.81397970149254
128,128,2,8192,39.47729194029851
128,128,2,16384,61.488200597014924
128,128,4,16,13.353803462686567
128,128,4,32,13.901513552238807
128,128,4,64,14.440778507462687
128,128,4,128,15.820825791044777
128,128,4,256,16.837110447761194
128,128,4,512,18.959687641791046
128,128,4,1024,22.233370746268655
128,128,4,2048,28.537131940298504
128,128,4,4096,39.71700537313433
128,128,4,8192,63.9190352238806
128,128,4,16384,109.90710447761194
128,128,8,16,13.569786268656717
128,128,8,32,14.130394746268657
128,128,8,64,14.689117611940299
128,128,8,128,17.23910686567164
128,128,8,256,18.95547510447761
128,128,8,512,22.481709850746267
128,128,8,1024,28.489991641791047
128,128,8,2048,40.24116537313433
128,128,8,4096,64.02816
128,128,8,8192,109.51553910447761
128,128,8,16384,200.67324179104477
128,128,16,16,14.153924776119402
128,128,16,32,15.247379104477613
128,128,16,64,16.212451343283583
128,128,16,128,18.341447641791042
128,128,16,256,21.48233552238806
128,128,16,512,27.597936716417912
128,128,16,1024,39.62894328358209
128,128,16,2048,62.68857313432836
128,128,16,4096,108.89729910447761
128,128,16,8192,200.07807044776118
128,128,16,16384,382.94571940298505
128,128,32,16,15.773805850746268
128,128,32,32,18.159385791044777
128,128,32,64,19.91420847761194
128,128,32,128,23.506760597014924
128,128,32,256,29.324475223880597
128,128,32,512,41.80963343283582
128,128,32,1024,64.38121074626865
128,128,32,2048,112.26973611940298
128,128,32,4096,205.10442985074627
128,128,32,8192,391.7278567164179
128,128,32,16384,763.3940059701492
128,128,64,16,18.22157086567164
128,128,64,32,22.062462089552238
128,128,64,64,25.348842985074626
128,128,64,128,31.804456119402985
128,128,64,256,43.583312238805966
128,128,64,512,67.08124656716419
128,128,64,1024,114.16738388059701
128,128,64,2048,208.32802388059702
128,128,64,4096,400.05664477611936
128,128,64,8192,778.7938388059702
128,128,64,16384,1527.3236059701492
128,128,128,16,22.766156417910448
128,128,128,32,28.65046925373134
128,128,128,64,35.01601432835821
128,128,128,128,46.94250985074627
128,128,128,256,70.75317492537313
128,128,128,512,116.37334925373133
128,128,128,1024,209.6158567164179
128,128,128,2048,398.41576119402987
128,128,128,4096,768.1100417910448
128,128,128,8192,1517.3559402985074
128,128,128,16384,3019.045253731343
128,256,0,0,15.972798089552239
128,256,1,16,17.32937552238806
128,256,1,32,17.744410746268656
128,256,1,64,18.328408835820895
128,256,1,128,19.522502686567165
128,256,1,256,19.52244250746269
128,256,1,512,19.84125134328358
128,256,1,1024,20.399914029850745
128,256,1,2048,22.595047164179103
128,256,1,4096,26.2625623880597
128,256,1,8192,31.72923223880597
128,256,1,16384,43.549210746268656
128,256,2,16,17.380587940298508
128,256,2,32,17.85568191044776
128,256,2,64,18.302872835820896
128,256,2,128,19.73459391044776
128,256,2,256,19.792165253731344
128,256,2,512,20.752964776119402
128,256,2,1024,22.532862089552236
128,256,2,2048,26.213215522388058
128,256,2,4096,31.558323582089553
128,256,2,8192,43.28602746268657
128,256,2,16384,65.50435343283583
128,256,4,16,17.44465862686567
128,256,4,32,17.92420585074627
128,256,4,64,18.437674029850747
128,256,4,128,19.98040549253731
128,256,4,256,20.971013731343284
128,256,4,512,22.91820895522388
128,256,4,1024,26.228260298507465
128,256,4,2048,32.540446567164174
128,256,4,4096,44.417996417910445
128,256,4,8192,67.5905623880597
128,256,4,16384,113.24082626865672
128,256,8,16,17.68878519402985
128,256,8,32,18.296393552238804
128,256,8,64,18.95768167164179
128,256,8,128,21.394875223880597
128,256,8,256,23.166347462686566
128,256,8,512,26.44430328358209
128,256,8,1024,32.32420298507462
128,256,8,2048,43.99634149253731
128,256,8,4096,67.47080597014926
128,256,8,8192,113.78203701492536
128,256,8,16384,205.96097910447762
128,256,16,16,18.279262567164178
128,256,16,32,19.353339223880596
128,256,16,64,20.421177313432835
128,256,16,128,22.466665074626864
128,256,16,256,25.620451343283584
128,256,16,512,31.515596417910448
128,256,16,1024,43.48923223880597
128,256,16,2048,66.86741014925373
128,256,16,4096,112.98626865671642
128,256,16,8192,205.56379701492537
128,256,16,16384,387.8422925373134
128,256,32,16,20.021126686567165
128,256,32,32,22.145709850746268
128,256,32,64,23.964522985074623
128,256,32,128,27.518500298507462
128,256,32,256,33.736205373134325
128,256,32,512,45.35719164179104
128,256,32,1024,68.62845134328357
128,256,32,2048,115.47688119402986
128,256,32,4096,208.30595820895522
128,256,32,8192,395.9644656716418
128,256,32,16384,767.3277134328357
128,256,64,16,22.45382686567164
128,256,64,32,25.939400597014927
128,256,64,64,29.525473432835817
128,256,64,128,35.83745910447761
128,256,64,256,47.70237134328358
128,256,64,512,71.35015164179104
128,256,64,1024,118.2007880597015
128,256,64,2048,213.4572895522388
128,256,64,4096,400.37158208955225
128,256,64,8192,778.6413850746268
128,256,64,16384,1534.6534208955225
128,256,128,16,26.88300895522388
128,256,128,32,32.83331820895522
128,256,128,64,39.09013970149254
128,256,128,128,51.24110328358209
128,256,128,256,74.9296047761194
128,256,128,512,120.83904000000001
128,256,128,1024,213.4793552238806
128,256,128,2048,401.5811820895522
128,256,128,4096,777.7025910447761
128,256,128,8192,1532.0917970149253
128,256,128,16384,3022.615880597015
128,512,0,0,19.07737791044776
128,512,1,16,20.316265074626866
128,512,1,32,20.819161791044777
128,512,1,64,21.22777791044776
128,512,1,128,22.48812895522388
128,512,1,256,22.71259701492537
128,512,1,512,22.9824
128,512,1,1024,23.45320119402985
128,512,1,2048,25.4964823880597
128,512,1,4096,29.228188656716416
128,512,1,8192,34.70388537313433
128,512,1,16384,46.23219582089553
128,512,2,16,20.247660895522387
128,512,2,32,20.727087761194028
128,512,2,64,21.304807164179103
128,512,2,128,22.543694328358207
128,512,2,256,22.866856119402986
128,512,2,512,23.859610746268654
128,512,2,1024,25.577924776119403
128,512,2,2048,29.170216119402983
128,512,2,4096,34.692852537313435
128,512,2,8192,46.105819701492536
128,512,2,16384,68.85512597014925
128,512,4,16,20.299214328358207
128,512,4,32,20.962388059701492
128,512,4,64,21.46749134328358
128,512,4,128,23.02532776119403
128,512,4,256,24.04375880597015
128,512,4,512,25.99075343283582
128,512,4,1024,29.28576
128,512,4,2048,35.26836537313433
128,512,4,4096,47.49655880597015
128,512,4,8192,70.05108537313433
128,512,4,16384,115.62231402985074
128,512,8,16,20.509038805970146
128,512,8,32,21.309019701492534
128,512,8,64,21.878314029850745
128,512,8,128,24.31556776119403
128,512,8,256,26.04010029850746
128,512,8,512,29.39929791044776
128,512,8,1024,35.484608955223884
128,512,8,2048,47.16938507462687
128,512,8,4096,70.26712835820896
128,512,8,8192,116.4291152238806
128,512,8,16384,207.61189253731342
128,512,16,16,21.274918208955224
128,512,16,32,22.171586865671642
128,512,16,64,23.335450746268656
128,512,16,128,25.31875343283582
128,512,16,256,28.40433671641791
128,512,16,512,34.6372871641791
128,512,16,1024,46.39708656716417
128,512,16,2048,69.86934447761195
128,512,16,4096,115.3119904477612
128,512,16,8192,206.83758805970146
128,512,16,16384,390.7008
128,512,32,16,22.9436847761194
128,512,32,32,25.24413134328358
128,512,32,64,26.99434029850746
128,512,32,128,30.541898507462683
128,512,32,256,36.42380417910448
128,512,32,512,48.4512
128,512,32,1024,71.09338746268656
128,512,32,2048,117.77050746268657
128,512,32,4096,210.59677611940296
128,512,32,8192,397.27637014925375
128,512,32,16384,773.2734089552239
128,512,64,16,25.25897552238806
128,512,64,32,29.131902089552238
128,512,64,64,32.465623880597015
128,512,64,128,38.71763104477612
128,512,64,256,50.47743044776119
128,512,64,512,74.37976835820895
128,512,64,1024,121.41234626865672
128,512,64,2048,215.6177194029851
128,512,64,4096,406.2029373134328
128,512,64,8192,784.9802507462686
128,512,64,16384,1547.8868059701492
128,512,128,16,29.810120597014926
128,512,128,32,35.8184023880597
128,512,128,64,41.90812656716418
128,512,128,128,53.7640119402985
128,512,128,256,77.3732776119403
128,512,128,512,123.69313432835821
128,512,128,1024,215.2746985074627
128,512,128,2048,406.3553910447761
128,512,128,4096,779.259223880597
128,512,128,8192,1524.9304835820894
128,512,128,16384,3025.063164179104
128,1024,0,0,23.750485970149253
128,1024,1,16,25.07081552238806
128,1024,1,32,25.663379104477613
128,1024,1,64,25.973502089552237
128,1024,1,128,27.229640597014924
128,1024,1,256,27.396537313432834
128,1024,1,512,27.6468823880597
128,1024,1,1024,28.228814328358204
128,1024,1,2048,30.244413134328354
128,1024,1,4096,33.920353432835824
128,1024,1,8192,39.43235820895522
128,1024,1,16384,51.2324776119403
128,1024,2,16,25.09207880597015
128,1024,2,32,25.703899701492535
128,1024,2,64,26.11692895522388
128,1024,2,128,27.452102686567166
128,1024,2,256,27.66613970149254
128,1024,2,512,28.678151641791043
128,1024,2,1024,30.308604179104478
128,1024,2,2048,33.94382328358209
128,1024,2,4096,39.322832238805965
128,1024,2,8192,51.09326328358208
128,1024,2,16384,73.11079164179104
128,1024,4,16,25.301702686567165
128,1024,4,32,25.731782686567165
128,1024,4,64,26.24952358208955
128,1024,4,128,27.86493134328358
128,1024,4,256,28.72950447761194
128,1024,4,512,30.78783044776119
128,1024,4,1024,34.0015952238806
128,1024,4,2048,40.18299223880597
128,1024,4,4096,51.89123820895523
128,1024,4,8192,75.70611582089552
128,1024,4,16384,121.02880477611939
128,1024,8,16,25.44492895522388
128,1024,8,32,26.033480597014925
128,1024,8,64,26.68602268656716
128,1024,8,128,29.05467223880597
128,1024,8,256,30.65724179104478
128,1024,8,512,34.20058746268656
128,1024,8,1024,40.11057671641791
128,1024,8,2048,52.29604298507463
128,1024,8,4096,75.0172656716418
128,1024,8,8192,121.24083582089551
128,1024,8,16384,212.24367761194029
128,1024,16,16,26.037693134328354
128,1024,16,32,27.105471044776117
128,1024,16,64,28.164623283582088
128,1024,16,128,30.10519880597015
128,1024,16,256,33.27182328358209
128,1024,16,512,39.38742447761194
128,1024,16,1024,50.98634507462687
128,1024,16,2048,74.54425791044777
128,1024,16,4096,120.57084179104476
128,1024,16,8192,211.83044776119402
128,1024,16,16384,394.2934925373134
128,1024,32,16,27.687402985074627
128,1024,32,32,30.028169552238804
128,1024,32,64,31.83835701492537
128,1024,32,128,35.26395223880597
128,1024,32,256,40.99841910447761
128,1024,32,512,53.1584095522388
128,1024,32,1024,76.10189373134328
128,1024,32,2048,123.19645611940298
128,1024,32,4096,215.96475223880594
128,1024,32,8192,402.4758447761194
128,1024,32,16384,775.8029373134327
128,1024,64,16,30.052040597014923
128,1024,64,32,33.79197134328358
128,1024,64,64,37.290182686567164
128,1024,64,128,43.467567761194026
128,1024,64,256,55.12666746268656
128,1024,64,512,78.83442626865671
128,1024,64,1024,126.29026388059701
128,1024,64,2048,221.74796417910449
128,1024,64,4096,411.0473552238806
128,1024,64,8192,788.911952238806
128,1024,64,16384,1553.4634029850745
128,1024,128,16,34.598571940298505
128,1024,128,32,40.40786149253731
128,1024,128,64,46.72205373134328
128,1024,128,128,58.76409313432836
128,1024,128,256,82.20646208955225
128,1024,128,512,128.28439880597014
128,1024,128,1024,220.58650746268657
128,1024,128,2048,406.9892776119403
128,1024,128,4096,780.5891820895522
128,1024,128,8192,1531.584286567164
128,1024,128,16384,3031.8032238805968
128,2048,0,0,33.665595223880594
128,2048,1,16,34.89585671641791
128,2048,1,32,35.37528358208955
128,2048,1,64,35.666349850746265
128,2048,1,128,37.18968358208955
128,2048,1,256,37.2540752238806
128,2048,1,512,37.405927164179104
128,2048,1,1024,37.897991641791045
128,2048,1,2048,40.04839164179104
128,2048,1,4096,43.705074626865674
128,2048,1,8192,49.43512835820896
128,2048,1,16384,60.893229850746266
128,2048,2,16,34.9431976119403
128,2048,2,32,35.48220179104478
128,2048,2,64,35.98509850746268
128,2048,2,128,37.34173611940298
128,2048,2,256,37.38867582089552
128,2048,2,512,38.47350447761194
128,2048,2,1024,40.07406805970149
128,2048,2,2048,43.7480023880597
128,2048,2,4096,49.53562746268657
128,2048,2,8192,60.899648955223874
128,2048,2,16384,82.84837253731344
128,2048,4,16,35.01581373134328
128,2048,4,32,35.48440835820895
128,2048,4,64,36.09422328358209
128,2048,4,128,37.570617313432834
128,2048,4,256,38.610512238805974
128,2048,4,512,40.861411343283585
128,2048,4,1024,43.81399880597015
128,2048,4,2048,49.98516537313432
128,2048,4,4096,61.363830447761195
128,2048,4,8192,85.34761074626866
128,2048,4,16384,130.91402507462686
128,2048,8,16,35.2832095522388
128,2048,8,32,35.87396776119403
128,2048,8,64,36.46452537313433
128,2048,8,128,38.92926089552239
128,2048,8,256,40.76091223880597
128,2048,8,512,43.987314626865675
128,2048,8,1024,50.28445611940298
128,2048,8,2048,62.5150567164179
128,2048,8,4096,85.38813134328359
128,2048,8,8192,131.1665767164179
128,2048,8,16384,222.79909253731344
128,2048,16,16,35.739166567164176
128,2048,16,32,36.828007164179105
128,2048,16,64,37.857270447761195
128,2048,16,128,39.96714985074627
128,2048,16,256,43.024649552238806
128,2048,16,512,49.19982805970149
128,2048,16,1024,60.68139940298508
128,2048,16,2048,84.67781731343284
128,2048,16,4096,130.50540895522388
128,2048,16,8192,222.62056119402985
128,2048,16,16384,404.8830089552239
128,2048,32,16,37.52789014925373
128,2048,32,32,39.70176
128,2048,32,64,41.44755582089552
128,2048,32,128,44.843462686567165
128,2048,32,256,51.001389850746264
128,2048,32,512,63.09698865671641
128,2048,32,1024,86.40034388059702
128,2048,32,2048,133.00264119402985
128,2048,32,4096,225.93041194029848
128,2048,32,8192,412.81662089552236
128,2048,32,16384,785.5980895522388
128,2048,64,16,39.825929552238804
128,2048,64,32,43.74158328358209
128,2048,64,64,46.96176716417911
128,2048,64,128,53.32089313432835
128,2048,64,256,64.93947223880596
128,2048,64,512,88.82215164179104
128,2048,64,1024,135.4224429850746
128,2048,64,2048,230.89318208955223
128,2048,64,4096,421.26777313432837
128,2048,64,8192,799.6438925373135
128,2048,64,16384,1555.7943402985074
128,2048,128,16,44.3235152238806
128,2048,128,32,50.19699582089552
128,2048,128,64,56.41269492537313
128,2048,128,128,68.5423952238806
128,2048,128,256,91.84575044776119
128,2048,128,512,138.28757014925372
128,2048,128,1024,231.26027462686565
128,2048,128,2048,417.9980417910448
128,2048,128,4096,790.2679880597015
128,2048,128,8192,1549.1124537313433
128,2048,128,16384,3044.0396417910447
128,4096,0,0,52.56123223880597
128,4096,1,16,53.90081910447761
128,4096,1,32,54.260288955223885
128,4096,1,64,54.80771820895522
128,4096,1,128,55.94410029850746
128,4096,1,256,56.09173970149254
128,4096,1,512,56.33345910447761
128,4096,1,1024,56.83194268656717
128,4096,1,2048,58.96328597014926
128,4096,1,4096,62.75256358208955
128,4096,1,8192,68.25152955223881
128,4096,1,16384,79.74353194029851
128,4096,2,16,54.02278208955224
128,4096,2,32,54.240831044776115
128,4096,2,64,54.89357373134328
128,4096,2,128,56.19223880597015
128,4096,2,256,56.31640835820896
128,4096,2,512,57.35850985074627
128,4096,2,1024,59.05515940298507
128,4096,2,2048,62.500011940298506
128,4096,2,4096,68.18091940298507
128,4096,2,8192,79.85065074626866
128,4096,2,16384,102.23386746268658
128,4096,4,16,53.9220823880597
128,4096,4,32,54.420565970149255
128,4096,4,64,54.95756417910448
128,4096,4,128,56.4788919402985
128,4096,4,256,57.51016119402985
128,4096,4,512,59.57952
128,4096,4,1024,62.66269611940298
128,4096,4,2048,68.9724752238806
128,4096,4,4096,80.26147343283581
128,4096,4,8192,104.08678208955223
128,4096,4,16384,150.0513814925373
128,4096,8,16,54.15537671641791
128,4096,8,32,54.77161074626866
128,4096,8,64,55.464673432835816
128,4096,8,128,57.75428776119402
128,4096,8,256,59.5131223880597
128,4096,8,512,62.91504716417911
128,4096,8,1024,69.04749850746268
128,4096,8,2048,80.78162149253731
128,4096,8,4096,103.69762388059702
128,4096,8,8192,150.16070686567164
128,4096,8,16384,240.69234626865673
128,4096,16,16,54.70741970149254
128,4096,16,32,55.798667462686566
128,4096,16,64,56.88550208955224
128,4096,16,128,58.83049074626865
128,4096,16,256,61.9054423880597
128,4096,16,512,68.23427820895522
128,4096,16,1024,79.88916537313433
128,4096,16,2048,102.71951283582088
128,4096,16,4096,148.70778268656716
128,4096,16,8192,241.1416835820895
128,4096,16,16384,424.3990925373134
128,4096,32,16,56.46184119402985
128,4096,32,32,58.44113194029851
128,4096,32,64,60.5614423880597
128,4096,32,128,64.04059701492537
128,4096,32,256,69.68298985074627
128,4096,32,512,81.98821253731343
128,4096,32,1024,105.5096167164179
128,4096,32,2048,152.10108179104478
128,4096,32,4096,244.71431641791045
128,4096,32,8192,432.5212656716418
128,4096,32,16384,802.1914746268657
128,4096,64,16,58.79638925373135
128,4096,64,32,62.57082268656716
128,4096,64,64,65.92781373134329
128,4096,64,128,72.00028656716418
128,4096,64,256,84.02948776119402
128,4096,64,512,107.81226985074626
128,4096,64,1024,154.93611940298507
128,4096,64,2048,248.72023880597015
128,4096,64,4096,439.84706865671643
128,4096,64,8192,819.2201552238805
128,4096,64,16384,1574.0406447761193
128,4096,128,16,63.248840597014926
128,4096,128,32,69.04529194029851
128,4096,128,64,75.39178029850746
128,4096,128,128,87.44445134328357
128,4096,128,256,110.71771701492537
128,4096,128,512,157.35832835820895
128,4096,128,1024,248.72826268656718
128,4096,128,2048,436.4670089552239
128,4096,128,4096,812.3075820895522
128,4096,128,8192,1559.0038925373133
128,4096,128,16384,3059.886805970149
128,8192,0,0,89.94790208955224
128,8192,1,16,91.29370746268657
128,8192,1,32,91.75146985074626
128,8192,1,64,92.20722626865671
128,8192,1,128,93.6751952238806
128,8192,1,256,93.45493970149253
128,8192,1,512,94.0025695522388
128,8192,1,1024,94.41740417910448
128,8192,1,2048,96.46329313432835
128,8192,1,4096,99.97855522388059
128,8192,1,8192,105.81994029850746
128,8192,1,16384,117.59899701492537
128,8192,2,16,91.22309731343283
128,8192,2,32,91.93762388059702
128,8192,2,64,92.21364537313433
128,8192,2,128,93.47199044776119
128,8192,2,256,93.86576238805971
128,8192,2,512,94.88178626865671
128,8192,2,1024,96.48234985074626
128,8192,2,2048,100.04274626865671
128,8192,2,4096,105.46267701492538
128,8192,2,8192,117.31635582089552
128,8192,2,16384,140.08933253731342
128,8192,4,16,91.38578149253732
128,8192,4,32,92.04494328358209
128,8192,4,64,92.51133134328359
128,8192,4,128,93.86576238805971
128,8192,4,256,94.88399283582089
128,8192,4,512,97.02596776119402
128,8192,4,1024,100.12198208955223
128,8192,4,2048,106.20749373134328
128,8192,4,4096,118.41863641791045
128,8192,4,8192,141.32380656716416
128,8192,4,16384,187.23705313432836
128,8192,8,16,91.58477373134328
128,8192,8,32,92.3099319402985
128,8192,8,64,92.86839402985073
128,8192,8,128,95.20514865671642
128,8192,8,256,96.9190495522388
128,8192,8,512,100.55426865671642
128,8192,8,1024,106.58381373134327
128,8192,8,2048,117.88986268656717
128,8192,8,4096,141.29592358208953
128,8192,8,8192,187.11509014925375
128,8192,8,16384,279.9552
128,8192,16,16,92.11114029850746
128,8192,16,32,93.46998447761194
128,8192,16,64,94.29363582089552
128,8192,16,128,96.72627582089552
128,8192,16,256,99.49932895522389
128,8192,16,512,105.6747080597015
128,8192,16,1024,117.49428537313432
128,8192,16,2048,141.17175402985075
128,8192,16,4096,186.35964179104477
128,8192,16,8192,278.64730746268657
128,8192,16,16384,461.0301134328358
128,8192,32,16,94.04970985074627
128,8192,32,32,96.12929910447761
128,8192,32,64,97.70438686567164
128,8192,32,128,101.61562746268656
128,8192,32,256,107.3286304477612
128,8192,32,512,119.4240286567164
128,8192,32,1024,142.66600119402983
128,8192,32,2048,190.04882149253731
128,8192,32,4096,282.18985074626863
128,8192,32,8192,469.66782089552237
128,8192,32,16384,839.3219820895522
128,8192,64,16,96.35196179104477
128,8192,64,32,100.0022256716418
128,8192,64,64,103.3788752238806
128,8192,64,128,109.76347701492537
128,8192,64,256,121.39890626865672
128,8192,64,512,145.28860656716415
128,8192,64,1024,192.40021970149255
128,8192,64,2048,287.2428895522388
128,8192,64,4096,476.6746746268657
128,8192,64,8192,853.321647761194
128,8192,64,16384,1616.8801432835821
128,8192,128,16,100.63330388059701
128,8192,128,32,107.00346268656715
128,8192,128,64,112.81917134328359
128,8192,128,128,125.01526925373135
128,8192,128,256,148.28632835820895
128,8192,128,512,194.22103880597015
128,8192,128,1024,286.9861253731343
128,8192,128,2048,472.7630328358209
128,8192,128,4096,845.8153074626865
128,8192,128,8192,1596.816429850746
128,8192,128,16384,3096.7164179104475
128,16384,0,0,165.0101014925373
128,16384,1,16,166.1847976119403
128,16384,1,32,166.64917970149253
128,16384,1,64,167.24174328358208
128,16384,1,128,168.33740417910448
128,16384,1,256,168.62205134328357
128,16384,1,512,168.87640835820895
128,16384,1,1024,169.39434985074627
128,16384,1,2048,171.43542447761192
128,16384,1,4096,175.30835104477612
128,16384,1,8192,180.30682746268656
128,16384,1,16384,191.89290985074626
128,16384,2,16,166.36232597014924
128,16384,2,32,166.64697313432836
128,16384,2,64,167.1067414925373
128,16384,2,128,168.36087402985075
128,16384,2,256,168.75464597014923
128,16384,2,512,169.63606925373134
128,16384,2,1024,171.39690985074625
128,16384,2,2048,174.9873958208955
128,16384,2,4096,180.43721552238804
128,16384,2,8192,192.11156059701491
128,16384,2,16384,214.10922985074623
128,16384,4,16,166.30475462686567
128,16384,4,32,167.16070208955225
128,16384,4,64,167.50933970149254
128,16384,4,128,168.7953671641791
128,16384,4,256,169.7044728358209
128,16384,4,512,171.7543737313433
128,16384,4,1024,175.01748537313432
128,16384,4,2048,181.12185313432835
128,16384,4,4096,192.60984358208955
128,16384,4,8192,216.5003462686567
128,16384,4,16384,262.47718208955223
128,16384,8,16,166.79882507462685
128,16384,8,32,166.91878208955222
128,16384,8,64,167.9117373134328
128,16384,8,128,170.05110447761194
128,16384,8,256,172.28074029850745
128,16384,8,512,175.48587940298506
128,16384,8,1024,180.9870519402985
128,16384,8,2048,193.16629970149253
128,16384,8,4096,216.6126805970149
128,16384,8,8192,262.5072716417911
128,16384,8,16384,354.7237253731343
128,16384,16,16,167.23993791044776
128,16384,16,32,168.49146268656716
128,16384,16,64,169.12053492537314
128,16384,16,128,171.45909492537314
128,16384,16,256,174.4654423880597
128,16384,16,512,180.37523104477611
128,16384,16,1024,192.31897791044776
128,16384,16,2048,215.569576119403
128,16384,16,4096,261.5363820895522
128,16384,16,8192,353.1169432835821
128,16384,16,16384,536.548871641791
128,16384,32,16,168.68824835820897
128,16384,32,32,171.11446925373133
128,16384,32,64,172.91001313432835
128,16384,32,128,176.1707176119403
128,16384,32,256,182.1340656716418
128,16384,32,512,194.1867367164179
128,16384,32,1024,217.6577910447761
128,16384,32,2048,264.3467462686567
128,16384,32,4096,357.3736119402985
128,16384,32,8192,542.4845373134328
128,16384,32,16384,915.1576835820896
128,16384,64,16,171.35859582089552
128,16384,64,32,174.93383641791044
128,16384,64,64,178.21841194029852
128,16384,64,128,184.36992
128,16384,64,256,196.53171582089553
128,16384,64,512,220.42201791044775
128,16384,64,1024,267.58839402985075
128,16384,64,2048,361.3173492537313
128,16384,64,4096,551.7300537313433
128,16384,64,8192,926.8203940298508
128,16384,64,16384,1688.5795343283582
128,16384,128,16,175.67424
128,16384,128,32,181.63558208955223
128,16384,128,64,187.77003940298508
128,16384,128,128,200.22089552238805
128,16384,128,256,223.40489552238807
128,16384,128,512,268.9865552238806
128,16384,128,1024,361.8790208955224
128,16384,128,2048,552.0189134328358
128,16384,128,4096,921.8857074626866
128,16384,128,8192,1670.963104477612
128,16384,128,16384,3173.224119402985
256,0,0,0,22.667863880597015
256,0,1,16,24.163515223880594
256,0,1,32,24.48025791044776
256,0,1,64,25.01926208955224
256,0,1,128,26.232272238805965
256,0,1,256,26.288038208955225
256,0,1,512,26.617619104477612
256,0,1,1024,27.051911641791044
256,0,1,2048,29.30060417910448
256,0,1,4096,32.77133373134328
256,0,1,8192,38.471498507462684
256,0,1,16384,49.83973253731343
256,0,2,16,24.131219104477612
256,0,2,32,24.591388656716415
256,0,2,64,25.09849791044776
256,0,2,128,26.36747462686567
256,0,2,256,26.50006925373134
256,0,2,512,27.494829850746267
256,0,2,1024,29.146746268656717
256,0,2,2048,32.77574686567164
256,0,2,4096,38.29156298507463
256,0,2,8192,50.07503283582089
256,0,2,16384,72.01954388059701
256,0,4,16,24.193404179104476
256,0,4,32,24.657786268656714
256,0,4,64,25.224472835820894
256,0,4,128,26.62604417910448
256,0,4,256,27.62120597014925
256,0,4,512,29.68996298507463
256,0,4,1024,32.7137623880597
256,0,4,2048,38.882120597014925
256,0,4,4096,50.92255522388059
256,0,4,8192,74.4267080597015
256,0,4,16384,120.16242626865672
256,0,8,16,24.27264
256,0,8,32,25.079240597014923
256,0,8,64,25.58634985074627
256,0,8,128,27.843668059701493
256,0,8,256,29.711627462686568
256,0,8,512,33.2142519402985
256,0,8,1024,38.83939343283582
256,0,8,2048,51.016434626865674
256,0,8,4096,74.18057552238805
256,0,8,8192,119.98690388059701
256,0,8,16384,212.40415522388057
256,0,16,16,24.895092537313435
256,0,16,32,26.104090746268657
256,0,16,64,26.95141253731343
256,0,16,128,29.13390805970149
256,0,16,256,32.20865910447761
256,0,16,512,38.18263880597015
256,0,16,1024,50.05798208955223
256,0,16,2048,74.10795940298507
256,0,16,4096,119.7022567164179
256,0,16,8192,210.90368955223883
256,0,16,16384,393.18419104477607
256,0,32,16,26.429258507462684
256,0,32,32,28.51988059701493
256,0,32,64,30.332074029850745
256,0,32,128,33.86278208955224
256,0,32,256,39.81529791044776
256,0,32,512,51.675395820895524
256,0,32,1024,74.82669850746268
256,0,32,2048,122.21012059701492
256,0,32,4096,213.8865671641791
256,0,32,8192,401.56513432835817
256,0,32,16384,773.7989731343283
256,0,64,16,29.07413014925373
256,0,64,32,32.61085611940298
256,0,64,64,36.049490149253735
256,0,64,128,41.97833552238806
256,0,64,256,53.9734352238806
256,0,64,512,77.67898746268656
256,0,64,1024,124.95950328358208
256,0,64,2048,220.4942328358209
256,0,64,4096,408.46567164179106
256,0,64,8192,786.7093970149253
256,0,64,16384,1543.008286567164
256,0,128,16,33.44333373134328
256,0,128,32,39.26325492537313
256,0,128,64,45.50884298507462
256,0,128,128,57.43353313432836
256,0,128,256,81.25021611940298
256,0,128,512,127.88460895522387
256,0,128,1024,221.33072238805968
256,0,128,2048,405.61719402985074
256,0,128,4096,787.363343283582
256,0,128,8192,1528.5512597014927
256,0,128,16384,3031.402029850746
256,16,0,0,23.958103880597015
256,16,1,16,25.312334328358208
256,16,1,32,25.85815880597015
256,16,1,64,26.270987462686566
256,16,1,128,27.529131940298505
256,16,1,256,27.70886686567164
256,16,1,512,27.877769552238803
256,16,1,1024,28.350777313432832
256,16,1,2048,30.424148059701494
256,16,1,4096,34.198581492537315
256,16,1,8192,39.7143976119403
256,16,1,16384,51.30529432835821
256,16,2,16,25.468599402985074
256,16,2,32,25.735995223880597
256,16,2,64,26.394956417910446
256,16,2,128,27.74316895522388
256,16,2,256,27.84166208955224
256,16,2,512,28.892188656716417
256,16,2,1024,30.610502686567166
256,16,2,2048,34.16648597014925
256,16,2,4096,39.673877014925374
256,16,2,8192,51.64751283582089
256,16,2,16384,73.77396537313433
256,16,4,16,25.430084776119404
256,16,4,32,25.928568358208956
256,16,4,64,26.435878208955224
256,16,4,128,27.946373731343282
256,16,4,256,29.06109134328358
256,16,4,512,31.04258865671642
256,16,4,1024,34.17089910447761
256,16,4,2048,40.55750686567164
256,16,4,4096,52.3899223880597
256,16,4,8192,75.81945313432836
256,16,4,16384,120.93913791044776
256,16,8,16,25.56067343283582
256,16,8,32,26.213215522388058
256,16,8,64,26.88280835820896
256,16,8,128,29.474120597014924
256,16,8,256,31.181602388059698
256,16,8,512,34.28824835820895
256,16,8,1024,40.2923176119403
256,16,8,2048,52.34318328358209
256,16,8,4096,75.54583880597015
256,16,8,8192,121.68375402985073
256,16,8,16384,213.2446567164179
256,16,16,16,26.22184119402985
256,16,16,32,27.289418507462685
256,16,16,64,28.258703283582086
256,16,16,128,30.441198805970146
256,16,16,256,33.51815641791045
256,16,16,512,39.48571701492537
256,16,16,1024,51.472191044776125
256,16,16,2048,74.6750471641791
256,16,16,4096,120.9457576119403
256,16,16,8192,211.8966447761194
256,16,16,16384,398.4137552238806
256,16,32,16,27.74517492537313
256,16,32,32,29.807914029850746
256,16,32,64,31.727025671641794
256,16,32,128,35.09304358208956
256,16,32,256,40.93202149253731
256,16,32,512,52.997931940298514
256,16,32,1024,76.17069850746269
256,16,32,2048,123.22012656716419
256,16,32,4096,216.12121791044777
256,16,32,8192,402.7005134328358
256,16,32,16384,776.7397253731343
256,16,64,16,30.047627462686567
256,16,64,32,33.88845850746268
256,16,64,64,37.262700895522386
256,16,64,128,43.71370029850746
256,16,64,256,55.40268895522389
256,16,64,512,79.0035295522388
256,16,64,1024,125.95887761194028
256,16,64,2048,221.00776119402985
256,16,64,4096,410.4234985074627
256,16,64,8192,791.3492059701492
256,16,64,16384,1547.6360597014925
256,16,128,16,34.692852537313435
256,16,128,32,40.686089552238805
256,16,128,64,46.66849432835821
256,16,128,128,58.822065671641795
256,16,128,256,82.29853611940298
256,16,128,512,129.11065791044774
256,16,128,1024,223.09397014925375
256,16,128,2048,410.72840597014925
256,16,128,4096,787.4154985074626
256,16,128,8192,1536.476847761194
256,16,128,16384,3032.6858507462684
256,32,0,0,25.01926208955224
256,32,1,16,26.339591641791046
256,32,1,32,26.70347462686567
256,32,1,64,27.300250746268656
256,32,1,128,28.39571104477612
256,32,1,256,28.423594029850744
256,32,1,512,28.66531343283582
256,32,1,1024,29.191679999999998
256,32,1,2048,31.423522388059702
256,32,1,4096,34.91972776119403
256,32,1,8192,40.61126686567164
256,32,1,16384,52.16986746268656
256,32,2,16,26.0996776119403
256,32,2,32,26.773884179104478
256,32,2,64,27.13736597014925
256,32,2,128,28.62459223880597
256,32,2,256,28.81716537313433
256,32,2,512,29.754555223880597
256,32,2,1024,31.41068417910448
256,32,2,2048,34.923739701492536
256,32,2,4096,40.294323582089554
256,32,2,8192,52.31088716417911
256,32,2,16384,74.28548776119403
256,32,4,16,26.328959999999995
256,32,4,32,26.739381492537316
256,32,4,64,27.360229253731344
256,32,4,128,28.87052417910448
256,32,4,256,29.733091343283583
256,32,4,512,31.82331223880597
256,32,4,1024,35.022232835820894
256,32,4,2048,40.87826149253731
256,32,4,4096,53.02120119402985
256,32,4,8192,76.26237134328359
256,32,4,16384,121.73069373134328
256,32,8,16,26.51712
256,32,8,32,27.10105791044776
256,32,8,64,27.77305791044776
256,32,8,128,30.246419104477614
256,32,8,256,31.744477611940297
256,32,8,512,35.03507104477612
256,32,8,1024,41.15047164179104
256,32,8,2048,52.84166686567165
256,32,8,4096,76.02506507462687
256,32,8,8192,121.7371128358209
256,32,8,16384,214.06710447761196
256,32,16,16,27.007178507462683
256,32,16,32,28.147773134328357
256,32,16,64,29.232200597014923
256,32,16,128,31.06826507462686
256,32,16,256,34.47039044776119
256,32,16,512,40.24297074626866
256,32,16,1024,52.651099701492534
256,32,16,2048,75.34443940298507
256,32,16,4096,122.26127283582089
256,32,16,8192,212.5064597014925
256,32,16,16384,395.5612656716418
256,32,32,16,28.51566805970149
256,32,32,32,30.7515223880597
256,32,32,64,32.589592835820895
256,32,32,128,36.05570865671641
256,32,32,256,41.97632955223881
256,32,32,512,53.797912835820895
256,32,32,1024,77.03065791044776
256,32,32,2048,123.97537432835821
256,32,32,4096,216.67687164179105
256,32,32,8192,403.41664477611937
256,32,32,16384,773.9353791044775
256,32,64,16,30.984616119402983
256,32,64,32,34.91732059701493
256,32,64,64,38.21894686567164
256,32,64,128,44.261530746268654
256,32,64,256,56.19444537313433
256,32,64,512,80.08414567164179
256,32,64,1024,126.94962626865671
256,32,64,2048,221.82218507462684
256,32,64,4096,410.91295522388054
256,32,64,8192,787.1507104477612
256,32,64,16384,1540.1979223880596
256,32,128,16,35.48681552238806
256,32,128,32,41.351670447761194
256,32,128,64,47.558743880597014
256,32,128,128,59.68443223880597
256,32,128,256,82.79521432835821
256,32,128,512,129.60492895522387
256,32,128,1024,221.95658507462687
256,32,128,2048,411.5528597014925
256,32,128,4096,781.3394149253731
256,32,128,8192,1530.1480119402986
256,32,128,16384,3031.6628059701493
256,64,0,0,24.82668895522388
256,64,1,16,26.211209552238806
256,64,1,32,26.559847164179104
256,64,1,64,27.034860895522385
256,64,1,128,28.453482985074626
256,64,1,256,28.442851343283582
256,64,1,512,28.804527761194027
256,64,1,1024,29.251658507462686
256,64,1,2048,31.408477611940295
256,64,1,4096,35.05874149253731
256,64,1,8192,40.75449313432836
256,64,1,16384,52.574070447761194
256,64,2,16,26.241098507462684
256,64,2,32,26.59194268656716
256,64,2,64,27.184706865671643
256,64,2,128,28.556188656716415
256,64,2,256,28.851467462686568
256,64,2,512,29.74773492537313
256,64,2,1024,31.472468059701495
256,64,2,2048,35.12935164179104
256,64,2,4096,40.55329432835821
256,64,2,8192,51.96445611940298
256,64,2,16384,74.70293014925373
256,64,4,16,26.298870447761196
256,64,4,32,26.82102447761194
256,64,4,64,27.323720597014923
256,64,4,128,29.02037014925373
256,64,4,256,29.807914029850746
256,64,4,512,31.79803701492537
256,64,4,1024,34.958242388059695
256,64,4,2048,41.2379319402985
256,64,4,4096,53.262920597014926
256,64,4,8192,76.36507701492538
256,64,4,16384,121.62397611940297
256,64,8,16,26.553428059701496
256,64,8,32,27.0563247761194
256,64,8,64,27.668145671641792
256,64,8,128,30.09476776119403
256,64,8,256,31.930631641791045
256,64,8,512,35.12513910447761
256,64,8,1024,41.308742686567165
256,64,8,2048,53.1947176119403
256,64,8,4096,76.04010985074628
256,64,8,8192,122.51623164179105
256,64,8,16384,213.6919880597015
256,64,16,16,27.11830925373134
256,64,16,32,28.19029970149254
256,64,16,64,29.146746268656717
256,64,16,128,31.170770149253727
256,64,16,256,34.189755223880596
256,64,16,512,40.484890746268654
256,64,16,1024,52.137571343283575
256,64,16,2048,75.2656047761194
256,64,16,4096,121.2921886567164
256,64,16,8192,213.05609552238803
256,64,16,16384,396.1530268656716
256,64,32,16,28.54776358208955
256,64,32,32,30.6851247761194
256,64,32,64,32.5231952238806
256,64,32,128,35.752004776119406
256,64,32,256,41.8545671641791
256,64,32,512,53.883367164179106
256,64,32,1024,76.9472095522388
256,64,32,2048,124.07587343283582
256,64,32,4096,216.83734925373133
256,64,32,8192,403.09368358208957
256,64,32,16384,774.9664477611941
256,64,64,16,30.9547271641791
256,64,64,32,34.81702208955224
256,64,64,64,38.20590805970149
256,64,64,128,44.35561074626865
256,64,64,256,56.239379104477614
256,64,64,512,79.67332298507462
256,64,64,1024,126.9773086567164
256,64,64,2048,222.07493731343283
256,64,64,4096,410.40745074626864
256,64,64,8192,789.7805373134329
256,64,64,16384,1552.1434746268656
256,64,128,16,35.62382328358209
256,64,128,32,41.40924179104478
256,64,128,64,47.53086089552239
256,64,128,128,59.421248955223874
256,64,128,256,83.01767641791045
256,64,128,512,129.8209719402985
256,64,128,1024,222.5222686567164
256,64,128,2048,407.54493134328357
256,64,128,4096,781.3955820895522
256,64,128,8192,1539.0264358208954
256,64,128,16384,3031.141253731343
256,128,0,0,25.50089552238806
256,128,1,16,26.835868656716418
256,128,1,32,27.208377313432834
256,128,1,64,27.766638805970146
256,128,1,128,29.065504477611942
256,128,1,256,29.166003582089548
256,128,1,512,29.30922985074627
256,128,1,1024,29.96638567164179
256,128,1,2048,31.93484417910448
256,128,1,4096,35.460938507462686
256,128,1,8192,40.94285373134328
256,128,1,16384,52.87356179104478
256,128,2,16,26.797554626865672
256,128,2,32,27.18691343283582
256,128,2,64,27.824611343283582
256,128,2,128,29.016358208955225
256,128,2,256,29.313442388059702
256,128,2,512,30.439192835820894
256,128,2,1024,31.917592835820894
256,128,2,2048,35.53796776119403
256,128,2,4096,41.03693373134328
256,128,2,8192,52.948785671641794
256,128,2,16384,74.6790591044776
256,128,4,16,26.863751641791048
256,128,4,32,27.413788656716417
256,128,4,64,28.010765373134326
256,128,4,128,29.43540537313433
256,128,4,256,30.368582686567162
256,128,4,512,32.35609791044776
256,128,4,1024,35.722115820895525
256,128,4,2048,41.751660895522384
256,128,4,4096,53.265127164179106
256,128,4,8192,77.24890746268657
256,128,4,16384,122.79004656716418
256,128,8,16,27.01339701492537
256,128,8,32,27.670352238805968
256,128,8,64,28.226808358208956
256,128,8,128,30.790237611940295
256,128,8,256,32.463417313432835
256,128,8,512,35.77126208955224
256,128,8,1024,41.8561719402985
256,128,8,2048,53.65227940298508
256,128,8,4096,76.7012776119403
256,128,8,8192,123.83836656716419
256,128,8,16384,214.85344477611937
256,128,16,16,27.636250746268658
256,128,16,32,28.7102471641791
256,128,16,64,29.765186865671645
256,128,16,128,31.763534328358208
256,128,16,256,34.93898507462687
256,128,16,512,41.15027104477612
256,128,16,1024,52.5891152238806
256,128,16,2048,76.38874746268657
256,128,16,4096,121.9876585074627
256,128,16,8192,213.0761552238806
256,128,16,16384,394.91734925373135
256,128,32,16,29.114650746268655
256,128,32,32,31.397645373134324
256,128,32,64,33.02609194029851
256,128,32,128,36.50304
256,128,32,256,42.39999044776119
256,128,32,512,54.536310447761196
256,128,32,1024,77.66193671641791
256,128,32,2048,124.57014447761193
256,128,32,4096,217.7701253731343
256,128,32,8192,404.42364179104476
256,128,32,16384,777.2893611940299
256,128,64,16,31.58179343283582
256,128,64,32,35.50807880597015
256,128,64,64,38.786235223880595
256,128,64,128,45.10644537313433
256,128,64,256,56.74006925373134
256,128,64,512,80.45625313432836
256,128,64,1024,127.6942423880597
256,128,64,2048,221.8843701492537
256,128,64,4096,410.60202985074625
256,128,64,8192,790.0011940298507
256,128,64,16384,1546.0994865671641
256,128,128,16,36.05590925373134
256,128,128,32,42.11955582089552
256,128,128,64,48.277884179104475
256,128,128,128,60.08662925373134
256,128,128,256,83.48827701492537
256,128,128,512,130.37321552238808
256,128,128,1024,223.388847761194
256,128,128,2048,408.35734925373134
256,128,128,4096,786.8819104477611
256,128,128,8192,1532.2923940298506
256,128,128,16384,3033.0469253731344
256,256,0,0,27.822404776119402
256,256,1,16,29.101611940298504
256,256,1,32,29.469707462686564
256,256,1,64,30.064678208955225
256,256,1,128,31.32302328358209
256,256,1,256,31.3270352238806
256,256,1,512,31.56253611940298
256,256,1,1024,32.27946985074627
256,256,1,2048,34.2284704477612
256,256,1,4096,37.9964847761194
256,256,1,8192,43.30709014925373
256,256,1,16384,55.08594626865672
256,256,2,16,29.129695522388058
256,256,2,32,29.433399402985078
256,256,2,64,30.00490029850746
256,256,2,128,31.470462089552235
256,256,2,256,31.64377791044776
256,256,2,512,32.69651104477612
256,256,2,1024,34.179324179104476
256,256,2,2048,37.90260537313433
256,256,2,4096,43.3456047761194
256,256,2,8192,55.120248358208954
256,256,2,16384,77.0499152238806
256,256,4,16,29.15095880597015
256,256,4,32,29.595882985074624
256,256,4,64,30.26788298507463
256,256,4,128,31.84918925373134
256,256,4,256,32.83572537313433
256,256,4,512,34.7313671641791
256,256,4,1024,37.885354029850745
256,256,4,2048,44.2872071641791
256,256,4,4096,55.6060943283582
256,256,4,8192,79.22398567164178
256,256,4,16384,125.54143522388061
256,256,8,16,29.332699701492537
256,256,8,32,29.92566447761194
256,256,8,64,30.783617910447763
256,256,8,128,33.190782089552236
256,256,8,256,34.75463641791045
256,256,8,512,38.04763701492537
256,256,8,1024,44.14177432835821
256,256,8,2048,55.74290149253731
256,256,8,4096,79.02298746268657
256,256,8,8192,125.3556823880597
256,256,8,16384,216.29573731343282
256,256,16,16,29.86147343283582
256,256,16,32,31.027543880597012
256,256,16,64,32.097127164179106
256,256,16,128,34.035897313432834
256,256,16,256,37.239030447761195
256,256,16,512,43.29665910447761
256,256,16,1024,55.16959522388059
256,256,16,2048,78.29963462686567
256,256,16,4096,124.3113743283582
256,256,16,8192,215.78822686567165
256,256,16,16384,398.62037014925374
256,256,32,16,31.226536119402986
256,256,32,32,33.57833552238806
256,256,32,64,35.36264597014925
256,256,32,128,38.751933134328354
256,256,32,256,44.80514865671642
256,256,32,512,56.515400597014924
256,256,32,1024,79.72888835820896
256,256,32,2048,126.84250746268657
256,256,32,4096,220.22543283582087
256,256,32,8192,406.6984119402985
256,256,32,16384,779.0205134328359
256,256,64,16,33.87762626865671
256,256,64,32,37.63922149253731
256,256,64,64,40.99400597014925
256,256,64,128,47.458044179104476
256,256,64,256,59.16227820895522
256,256,64,512,82.6860895522388
256,256,64,1024,129.55357611940298
256,256,64,2048,225.62349850746267
256,256,64,4096,413.1977552238806
256,256,64,8192,791.5798925373134
256,256,64,16384,1553.515558208955
256,256,128,16,38.40971462686567
256,256,128,32,44.244479999999996
256,256,128,64,50.50270567164179
256,256,128,128,62.562197014925374
256,256,128,256,85.99814686567164
256,256,128,512,132.93865074626865
256,256,128,1024,226.2132537313433
256,256,128,2048,410.6822686567164
256,256,128,4096,788.8778507462687
256,256,128,8192,1533.3515462686566
256,256,128,16384,3034.0298507462685
256,512,0,0,32.553284776119405
256,512,1,16,33.789764776119405
256,512,1,32,34.247727761194035
256,512,1,64,34.72494805970149
256,512,1,128,36.00014328358209
256,512,1,256,35.85691701492537
256,512,1,512,36.485788656716416
256,512,1,1024,36.79831880597015
256,512,1,2048,38.95714388059701
256,512,1,4096,42.62265313432836
256,512,1,8192,48.12984358208955
256,512,1,16384,59.613822089552244
256,512,2,16,33.76408835820896
256,512,2,32,34.34822686567164
256,512,2,64,34.87058149253731
256,512,2,128,36.2057552238806
256,512,2,256,36.53734208955224
256,512,2,512,37.37162507462686
256,512,2,1024,39.11982805970149
256,512,2,2048,42.626665074626864
256,512,2,4096,48.21569910447761
256,512,2,8192,59.836284179104474
256,512,2,16384,81.88771343283582
256,512,4,16,33.70852298507462
256,512,4,32,34.39336119402985
256,512,4,64,35.05011582089553
256,512,4,128,36.43242985074627
256,512,4,256,37.41214567164179
256,512,4,512,39.537270447761195
256,512,4,1024,42.579524776119406
256,512,4,2048,48.87044776119403
256,512,4,4096,60.42463522388059
256,512,4,8192,83.65096119402985
256,512,4,16384,129.56420776119404
256,512,8,16,34.143016119402986
256,512,8,32,34.769881791044774
256,512,8,64,35.28120358208955
256,512,8,128,37.639020895522386
256,512,8,256,39.612093134328354
256,512,8,512,42.76166686567164
256,512,8,1024,48.74206567164179
256,512,8,2048,60.578693731343286
256,512,8,4096,83.88004298507462
256,512,8,8192,128.95439283582087
256,512,8,16384,220.28160000000003
256,512,16,16,34.579314626865674
256,512,16,32,35.81398925373134
256,512,16,64,36.66351761194029
256,512,16,128,38.76015761194029
256,512,16,256,41.81163940298507
256,512,16,512,48.00166208955224
256,512,16,1024,59.7913504477612
256,512,16,2048,83.22930626865671
256,512,16,4096,128.263336119403
256,512,16,8192,221.52730746268654
256,512,16,16384,404.9953432835821
256,512,32,16,36.07075343283582
256,512,32,32,38.31744
256,512,32,64,40.110376119402986
256,512,32,128,43.5447976119403
256,512,32,256,49.189196417910445
256,512,32,512,61.49642507462686
256,512,32,1024,84.56889313432836
256,512,32,2048,131.8837110447761
256,512,32,4096,225.28047761194028
256,512,32,8192,410.16071641791046
256,512,32,16384,783.0525134328358
256,512,64,16,38.68132298507462
256,512,64,32,42.37431402985075
256,512,64,64,45.65206925373134
256,512,64,128,52.09925731343284
256,512,64,256,63.830772537313436
256,512,64,512,87.4145623880597
256,512,64,1024,134.1454423880597
256,512,64,2048,228.98149253731341
256,512,64,4096,419.25979701492537
256,512,64,8192,795.680095522388
256,512,64,16384,1555.593743283582
256,512,128,16,43.15102567164179
256,512,128,32,48.97736597014925
256,512,128,64,55.22536119402985
256,512,128,128,67.22226626865671
256,512,128,256,90.99020417910447
256,512,128,512,138.14875701492537
256,512,128,1024,228.76484776119403
256,512,128,2048,415.29800597014923
256,512,128,4096,792.4424597014926
256,512,128,8192,1537.8890507462686
256,512,128,16384,3039.425910447761
256,1024,0,0,41.94403343283582
256,1024,1,16,43.45693611940298
256,1024,1,32,43.83987582089552
256,1024,1,64,44.477573731343284
256,1024,1,128,45.58807880597015
256,1024,1,256,45.703622686567165
256,1024,1,512,46.097394626865665
256,1024,1,1024,46.33269492537313
256,1024,1,2048,48.62852776119403
256,1024,1,4096,52.12914626865672
256,1024,1,8192,57.70092895522388
256,1024,1,16384,69.57165850746269
256,1024,2,16,43.3329671641791
256,1024,2,32,43.80998686567164
256,1024,2,64,44.41779582089552
256,1024,2,128,45.78265791044776
256,1024,2,256,46.0201647761194
256,1024,2,512,46.854648358208955
256,1024,2,1024,48.56674388059701
256,1024,2,2048,52.24669611940299
256,1024,2,4096,57.713767164179096
256,1024,2,8192,69.26594865671642
256,1024,2,16384,91.24456119402986
256,1024,4,16,43.42704716417911
256,1024,4,32,44.096840597014925
256,1024,4,64,44.74717611940298
256,1024,4,128,45.98606328358209
256,1024,4,256,47.03679044776119
256,1024,4,512,48.87466029850746
256,1024,4,1024,52.18270567164179
256,1024,4,2048,58.42608716417911
256,1024,4,4096,70.33352597014925
256,1024,4,8192,93.64971940298507
256,1024,4,16384,139.06247641791046
256,1024,8,16,43.69002985074627
256,1024,8,32,44.3511976119403
256,1024,8,64,44.90965970149254
256,1024,8,128,47.353332537313435
256,1024,8,256,49.08669134328358
256,1024,8,512,52.33656358208955
256,1024,8,1024,58.50331701492537
256,1024,8,2048,70.2500776119403
256,1024,8,4096,93.34601552238806
256,1024,8,8192,139.0580632835821
256,1024,8,16384,231.8801194029851
256,1024,16,16,44.44547820895522
256,1024,16,32,45.45749014925373
256,1024,16,64,46.49959164179105
256,1024,16,128,48.54929194029851
256,1024,16,256,51.551426865671644
256,1024,16,512,57.60885492537314
256,1024,16,1024,69.67235820895522
256,1024,16,2048,93.02044656716419
256,1024,16,4096,138.52086447761195
256,1024,16,8192,231.50700895522385
256,1024,16,16384,412.40339104477613
256,1024,32,16,45.67794626865672
256,1024,32,32,48.010087164179104
256,1024,32,64,49.681461492537316
256,1024,32,128,53.03624597014925
256,1024,32,256,59.16869731343284
256,1024,32,512,71.27292179104477
256,1024,32,1024,94.54839402985074
256,1024,32,2048,141.07787462686565
256,1024,32,4096,233.80384477611938
256,1024,32,8192,420.3891582089552
256,1024,32,16384,793.1726328358209
256,1024,64,16,48.16855880597015
256,1024,64,32,51.91310328358209
256,1024,64,64,55.22094805970149
256,1024,64,128,61.78147343283582
256,1024,64,256,73.40627104477612
256,1024,64,512,96.92546865671642
256,1024,64,1024,143.98572895522386
256,1024,64,2048,238.59610746268658
256,1024,64,4096,428.29869850746263
256,1024,64,8192,808.1110925373134
256,1024,64,16384,1564.7509970149254
256,1024,128,16,52.651300298507465
256,1024,128,32,58.47964656716418
256,1024,128,64,64.63556776119403
256,1024,128,128,76.77188776119402
256,1024,128,256,100.11576358208956
256,1024,128,512,146.16621850746267
256,1024,128,1024,239.72747462686564
256,1024,128,2048,424.6779223880597
256,1024,128,4096,802.9457194029851
256,1024,128,8192,1555.1825194029852
256,1024,128,16384,3047.850985074627
256,2048,0,0,61.02803104477612
256,2048,1,16,62.27113074626865
256,2048,1,32,62.70562388059702
256,2048,1,64,63.34111522388059
256,2048,1,128,64.56495761194029
256,2048,1,256,64.6827080597015
256,2048,1,512,65.18761074626866
256,2048,1,1024,65.41227940298508
256,2048,1,2048,67.79176119402985
256,2048,1,4096,71.13591402985074
256,2048,1,8192,76.54280597014925
256,2048,1,16384,88.38605373134328
256,2048,2,16,62.35036656716418
256,2048,2,32,62.82317373134328
256,2048,2,64,63.38183641791045
256,2048,2,128,64.91580179104477
256,2048,2,256,65.0528095522388
256,2048,2,512,65.98779223880597
256,2048,2,1024,67.73820179104477
256,2048,2,2048,71.22999402985074
256,2048,2,4096,76.73337313432835
256,2048,2,8192,88.47170865671642
256,2048,2,16384,110.60237373134328
256,2048,4,16,62.59228656716417
256,2048,4,32,63.04162388059701
256,2048,4,64,63.59767880597014
256,2048,4,128,65.06344119402985
256,2048,4,256,65.98578626865671
256,2048,4,512,68.08062089552239
256,2048,4,1024,71.19147940298508
256,2048,4,2048,77.34740059701492
256,2048,4,4096,89.50719044776119
256,2048,4,8192,112.84906029850747
256,2048,4,16384,158.58056597014925
256,2048,8,16,62.632807164179106
256,2048,8,32,63.28113671641791
256,2048,8,64,64.00027701492537
256,2048,8,128,66.39660895522388
256,2048,8,256,68.18733850746268
256,2048,8,512,71.45486328358209
256,2048,8,1024,77.22965014925373
256,2048,8,2048,89.30177910447762
256,2048,8,4096,112.72067820895523
256,2048,8,8192,159.33380776119404
256,2048,8,16384,250.4513910447761
256,2048,16,16,63.054261492537314
256,2048,16,32,64.4622519402985
256,2048,16,64,65.31378626865671
256,2048,16,128,67.55204776119403
256,2048,16,256,70.59450268656717
256,2048,16,512,76.84691104477612
256,2048,16,1024,88.62376119402985
256,2048,16,2048,111.93534089552237
256,2048,16,4096,157.61970626865673
256,2048,16,8192,248.31503283582092
256,2048,16,16384,434.1440955223881
256,2048,32,16,64.61209791044776
256,2048,32,32,66.86520358208955
256,2048,32,64,68.76525850746269
256,2048,32,128,71.97661611940299
256,2048,32,256,78.0129814925373
256,2048,32,512,90.10858029850746
256,2048,32,1024,113.3070232835821
256,2048,32,2048,160.07401074626867
256,2048,32,4096,253.96785671641788
256,2048,32,8192,440.5812537313433
256,2048,32,16384,815.2704
256,2048,64,16,67.36148059701493
256,2048,64,32,71.18726686567165
256,2048,64,64,74.40323820895522
256,2048,64,128,80.78804059701493
256,2048,64,256,92.37031164179103
256,2048,64,512,116.15269253731343
256,2048,64,1024,163.1487617910448
256,2048,64,2048,257.8052776119403
256,2048,64,4096,447.9451701492537
256,2048,64,8192,824.7285492537313
256,2048,64,16384,1588.0122268656717
256,2048,128,16,71.55114985074626
256,2048,128,32,77.22563820895522
256,2048,128,64,83.60382089552238
256,2048,128,128,95.84926567164179
256,2048,128,256,119.24670089552238
256,2048,128,512,165.6756823880597
256,2048,128,1024,258.69592835820896
256,2048,128,2048,443.678471641791
256,2048,128,4096,817.8260059701493
256,2048,128,8192,1566.9254686567165
256,2048,128,16384,3068.1915223880596
256,4096,0,0,98.41470089552239
256,4096,1,16,99.80343402985073
256,4096,1,32,100.35547701492537
256,4096,1,64,100.67221970149254
256,4096,1,128,101.93878925373134
256,4096,1,256,101.91531940298508
256,4096,1,512,102.44389253731343
256,4096,1,1024,102.88661014925374
256,4096,1,2048,104.9236728358209
256,4096,1,4096,108.68085492537314
256,4096,1,8192,114.22054208955224
256,4096,1,16384,125.61645850746268
256,4096,2,16,99.86120597014926
256,4096,2,32,100.39399164179105
256,4096,2,64,100.83269731343283
256,4096,2,128,102.04149492537313
256,4096,2,256,102.35603104477612
256,4096,2,512,103.01499223880597
256,4096,2,1024,105.05225552238805
256,4096,2,2048,108.87162268656718
256,4096,2,4096,114.06227104477612
256,4096,2,8192,125.95687164179104
256,4096,2,16384,148.92823880597012
256,4096,4,16,99.68588417910448
256,4096,4,32,100.41324895522388
256,4096,4,64,101.18554746268657
256,4096,4,128,102.58731940298507
256,4096,4,256,103.36824358208955
256,4096,4,512,105.54431999999998
256,4096,4,1024,108.60623283582089
256,4096,4,2048,115.04860656716417
256,4096,4,4096,126.2734137313433
256,4096,4,8192,150.00042985074626
256,4096,4,16384,196.47414447761193
256,4096,8,16,100.19479880597015
256,4096,8,32,100.4900776119403
256,4096,8,64,101.46377552238806
256,4096,8,128,103.74476417910446
256,4096,8,256,105.50781134328359
256,4096,8,512,108.94403820895523
256,4096,8,1024,114.66346029850746
256,4096,8,2048,126.28404537313433
256,4096,8,4096,149.52982925373132
256,4096,8,8192,196.50002149253731
256,4096,8,16384,287.46154029850743
256,4096,16,16,100.56951402985074
256,4096,16,32,101.76768
256,4096,16,64,102.70707582089551
256,4096,16,128,104.80572179104479
256,4096,16,256,107.71177074626866
256,4096,16,512,114.0430137313433
256,4096,16,1024,125.82628298507463
256,4096,16,2048,149.34146865671642
256,4096,16,4096,195.64206805970147
256,4096,16,8192,285.9289791044776
256,4096,16,16384,470.5604776119403
256,4096,32,16,101.95162746268656
256,4096,32,32,104.29881313432836
256,4096,32,64,106.19686208955224
256,4096,32,128,109.31654686567164
256,4096,32,256,115.50857552238804
256,4096,32,512,127.15925014925372
256,4096,32,1024,150.72157611940298
256,4096,32,2048,197.45446208955224
256,4096,32,4096,290.2117253731343
256,4096,32,8192,478.49208358208955
256,4096,32,16384,849.961647761194
256,4096,64,16,104.75256358208954
256,4096,64,32,108.62107701492538
256,4096,64,64,111.56965253731343
256,4096,64,128,117.95866746268656
256,4096,64,256,129.72267940298508
256,4096,64,512,153.78549492537314
256,4096,64,1024,201.40742686567162
256,4096,64,2048,296.1273313432836
256,4096,64,4096,484.2030805970149
256,4096,64,8192,865.3835462686567
256,4096,64,16384,1627.559928358209
256,4096,128,16,108.96971462686567
256,4096,128,32,114.90758686567163
256,4096,128,64,121.1188728358209
256,4096,128,128,133.17174447761192
256,4096,128,256,156.7192262686567
256,4096,128,512,202.73738507462684
256,4096,128,1024,295.9788895522388
256,4096,128,2048,484.1047880597015
256,4096,128,4096,854.5352597014926
256,4096,128,8192,1603.2315223880596
256,4096,128,16384,3105.763343283582
256,8192,0,0,173.13688835820895
256,8192,1,16,174.4782805970149
256,8192,1,32,175.08187701492537
256,8192,1,64,175.70232358208955
256,8192,1,128,176.87260656716418
256,8192,1,256,176.79798447761195
256,8192,1,512,177.18734328358207
256,8192,1,1024,177.57469611940297
256,8192,1,2048,179.45770029850746
256,8192,1,4096,183.0672429850746
256,8192,1,8192,189.05386029850746
256,8192,1,16384,200.9580895522388
256,8192,2,16,174.81668776119403
256,8192,2,32,175.61446208955223
256,8192,2,64,175.5588967164179
256,8192,2,128,176.9494352238806
256,8192,2,256,177.25574686567163
256,8192,2,512,178.28480955223878
256,8192,2,1024,179.7315152238806
256,8192,2,2048,183.07988059701492
256,8192,2,4096,189.24462805970148
256,8192,2,8192,200.3492776119403
256,8192,2,16384,222.67472238805968
256,8192,4,16,174.68389253731343
256,8192,4,32,175.10314029850744
256,8192,4,64,175.65738985074626
256,8192,4,128,177.2555462686567
256,8192,4,256,177.98090507462686
256,8192,4,512,180.33892298507462
256,8192,4,1024,183.2788728358209
256,8192,4,2048,189.60590328358208
256,8192,4,4096,201.56790447761193
256,8192,4,8192,224.68470447761192
256,8192,4,16384,270.7317492537314
256,8192,8,16,174.81006805970148
256,8192,8,32,175.4670232835821
256,8192,8,64,175.67464119402985
256,8192,8,128,178.76423641791044
256,8192,8,256,180.35818029850745
256,8192,8,512,183.46944
256,8192,8,1024,189.3150376119403
256,8192,8,2048,201.47964179104477
256,8192,8,4096,224.76494328358208
256,8192,8,8192,270.5231283582089
256,8192,8,16384,362.0555462686567
256,8192,16,16,175.47765492537314
256,8192,16,32,176.6118304477612
256,8192,16,64,177.53176835820895
256,8192,16,128,179.57304358208955
256,8192,16,256,182.49173014925373
256,8192,16,512,188.67533373134327
256,8192,16,1024,200.7153671641791
256,8192,16,2048,224.19324179104478
256,8192,16,4096,269.79094925373136
256,8192,16,8192,361.76468059701494
256,8192,16,16384,543.4153074626865
256,8192,32,16,176.64192
256,8192,32,32,179.36963820895522
256,8192,32,64,180.9706029850746
256,8192,32,128,184.40442268656716
256,8192,32,256,190.17098507462686
256,8192,32,512,201.9510447761194
256,8192,32,1024,224.80105074626866
256,8192,32,2048,272.2803582089552
256,8192,32,4096,364.5710328358209
256,8192,32,8192,551.822328358209
256,8192,32,16384,923.881647761194
256,8192,64,16,179.1473767164179
256,8192,64,32,182.97737552238806
256,8192,64,64,186.4372728358209
256,8192,64,128,193.04433671641792
256,8192,64,256,204.64506268656714
256,8192,64,512,228.62643582089552
256,8192,64,1024,274.5471044776119
256,8192,64,2048,369.67422089552235
256,8192,64,4096,560.2153074626865
256,8192,64,8192,941.2874507462687
256,8192,64,16384,1695.3717492537312
256,8192,128,16,183.85659223880597
256,8192,128,32,189.73649194029852
256,8192,128,64,195.9993313432836
256,8192,128,128,208.02111044776117
256,8192,128,256,231.2622805970149
256,8192,128,512,277.65836417910447
256,8192,128,1024,369.852752238806
256,8192,128,2048,555.9907343283581
256,8192,128,4096,933.9275462686567
256,8192,128,8192,1696.7498507462685
256,8192,128,16384,3180.6060895522387
256,16384,0,0,322.90903880597017
256,16384,1,16,324.0424119402985
256,16384,1,32,324.3473194029851
256,16384,1,64,325.1918328358209
256,16384,1,128,326.5258029850746
256,16384,1,256,326.50774925373133
256,16384,1,512,326.5699343283582
256,16384,1,1024,327.43049552238807
256,16384,1,2048,329.7554149253731
256,16384,1,4096,333.00508656716414
256,16384,1,8192,338.3028537313433
256,16384,1,16384,350.2403820895522
256,16384,2,16,323.8478328358209
256,16384,2,32,324.77659701492536
256,16384,2,64,325.16374925373134
256,16384,2,128,326.75448358208956
256,16384,2,256,326.9651104477612
256,16384,2,512,327.9259701492537
256,16384,2,1024,329.37227462686565
256,16384,2,2048,333.3461014925373
256,16384,2,4096,338.8123701492537
256,16384,2,8192,350.0939462686567
256,16384,2,16384,372.9800597014925
256,16384,4,16,324.3974686567164
256,16384,4,32,324.47770746268657
256,16384,4,64,325.20788059701493
256,16384,4,128,326.6622089552239
256,16384,4,256,327.78956417910445
256,16384,4,512,329.73535522388056
256,16384,4,1024,333.10137313432836
256,16384,4,2048,339.201528358209
256,16384,4,4096,350.98860895522387
256,16384,4,8192,374.312023880597
256,16384,4,16384,420.32095522388056
256,16384,8,16,324.22696119402985
256,16384,8,32,324.7545313432836
256,16384,8,64,325.540871641791
256,16384,8,128,328.20279402985074
256,16384,8,256,329.5708656716418
256,16384,8,512,333.13146268656715
256,16384,8,1024,339.12730746268653
256,16384,8,2048,350.7900179104478
256,16384,8,4096,374.1635820895522
256,16384,8,8192,421.1353791044776
256,16384,8,16384,511.1793671641791
256,16384,16,16,325.01931940298505
256,16384,16,32,326.2309253731343
256,16384,16,64,326.86681791044776
256,16384,16,128,329.1275462686567
256,16384,16,256,332.59988059701493
256,16384,16,512,338.63785074626867
256,16384,16,1024,349.859247761194
256,16384,16,2048,373.5317014925373
256,16384,16,4096,419.8916776119403
256,16384,16,8192,512.5815402985074
256,16384,16,16384,693.463880597015
256,16384,32,16,326.27706268656715
256,16384,32,32,328.64811940298506
256,16384,32,64,330.2809791044776
256,16384,32,128,333.62292537313436
256,16384,32,256,339.51245373134327
256,16384,32,512,351.4419582089552
256,16384,32,1024,374.5447164179105
256,16384,32,2048,421.5205253731343
256,16384,32,4096,514.9646328358209
256,16384,32,8192,701.5078208955224
256,16384,32,16384,1075.3785313432836
256,16384,64,16,328.726352238806
256,16384,64,32,333.0231402985075
256,16384,64,64,335.7653014925373
256,16384,64,128,342.577576119403
256,16384,64,256,354.27037611940295
256,16384,64,512,377.78636417910445
256,16384,64,1024,425.5023761194029
256,16384,64,2048,520.2904835820896
256,16384,64,4096,707.6982447761194
256,16384,64,8192,1090.4072597014926
256,16384,64,16384,1852.032
256,16384,128,16,333.6750805970149
256,16384,128,32,339.2958089552239
256,16384,128,64,345.72293731343285
256,16384,128,128,357.73869850746263
256,16384,128,256,380.9537910447761
256,16384,128,512,427.25960597014927
256,16384,128,1024,519.8271044776119
256,16384,128,2048,707.3752835820895
256,16384,128,4096,1082.9931940298509
256,16384,128,8192,1828.851008955224
256,16384,128,16384,3329.128119402985
512,0,0,0,23.750485970149253
512,0,1,16,25.03651343283582
512,0,1,32,25.436503880597016
512,0,1,64,25.997373134328356
512,0,1,128,27.375274029850743
512,0,1,256,27.40937552238806
512,0,1,512,27.477979701492536
512,0,1,1024,28.102638805970148
512,0,1,2048,30.122450149253726
512,0,1,4096,34.07441194029851
512,0,1,8192,39.37879880597015
512,0,1,16384,51.21763343283582
512,0,2,16,25.139018507462687
512,0,2,32,25.49226985074627
512,0,2,64,26.11692895522388
512,0,2,128,27.42662686567164
512,0,2,256,27.563434029850747
512,0,2,512,28.63963701492537
512,0,2,1024,30.220943283582088
512,0,2,2048,34.04893611940298
512,0,2,4096,39.66765850746268
512,0,2,8192,51.04431761194029
512,0,2,16384,73.46805492537314
512,0,4,16,25.124174328358208
512,0,4,32,25.661172537313433
512,0,4,64,26.164069253731345
512,0,4,128,27.732537313432836
512,0,4,256,28.77022567164179
512,0,4,512,30.6851247761194
512,0,4,1024,34.06157373134328
512,0,4,2048,40.431531940298505
512,0,4,4096,51.72494328358209
512,0,4,8192,74.9572871641791
512,0,4,16384,121.32889791044776
512,0,8,16,25.286858507462686
512,0,8,32,26.005798208955223
512,0,8,64,26.585523582089554
512,0,8,128,29.136114626865673
512,0,8,256,30.85202149253731
512,0,8,512,34.2072071641791
512,0,8,1024,40.487097313432834
512,0,8,2048,52.06074268656716
512,0,8,4096,75.60581731343284
512,0,8,8192,120.76802865671641
512,0,8,16384,213.34094328358208
512,0,16,16,26.095465074626865
512,0,16,32,27.103465074626865
512,0,16,64,28.049079402985075
512,0,16,128,30.193260895522386
512,0,16,256,33.30853253731343
512,0,16,512,39.697547462686565
512,0,16,1024,51.24110328358209
512,0,16,2048,74.8441504477612
512,0,16,4096,120.58187462686567
512,0,16,8192,213.08819104477612
512,0,16,16384,395.2463283582089
512,0,32,16,27.518299701492534
512,0,32,32,29.782237611940296
512,0,32,64,31.541072238805967
512,0,32,128,34.971080597014925
512,0,32,256,41.01767641791045
512,0,32,512,53.06212298507463
512,0,32,1024,76.04231641791044
512,0,32,2048,123.48110328358209
512,0,32,4096,216.1011582089552
512,0,32,8192,403.8238567164179
512,0,32,16384,776.5210746268657
512,0,64,16,29.88273671641791
512,0,64,32,33.877826865671636
512,0,64,64,37.127699104477614
512,0,64,128,43.602569552238805
512,0,64,256,55.514220895522385
512,0,64,512,79.12769910447761
512,0,64,1024,126.41463402985075
512,0,64,2048,220.99973731343283
512,0,64,4096,410.8668179104477
512,0,64,8192,790.0292776119403
512,0,64,16384,1548.4585074626866
512,0,128,16,34.322550447761195
512,0,128,32,40.44437014925373
512,0,128,64,46.61092298507462
512,0,128,128,58.751455522388056
512,0,128,256,82.26664119402984
512,0,128,512,128.37045492537314
512,0,128,1024,221.5353313432836
512,0,128,2048,406.4757492537313
512,0,128,4096,780.4808597014925
512,0,128,8192,1528.9283820895523
512,0,128,16384,3030.8202985074627
512,16,0,0,25.184152835820896
512,16,1,16,26.433671641791044
512,16,1,32,26.955625074626866
512,16,1,64,27.396537313432834
512,16,1,128,28.81315343283582
512,16,1,256,28.804327164179103
512,16,1,512,28.87092537313433
512,16,1,1024,29.48495283582089
512,16,1,2048,31.585805373134328
512,16,1,4096,35.36043940298507
512,16,1,8192,41.02630208955223
512,16,1,16384,52.469358805970145
512,16,2,16,26.438084776119403
512,16,2,32,27.092632835820897
512,16,2,64,27.42442029850746
512,16,2,128,28.761399402985074
512,16,2,256,29.033609552238804
512,16,2,512,29.95134089552239
512,16,2,1024,31.716594626865668
512,16,2,2048,35.43967522388059
512,16,2,4096,40.91517134328358
512,16,2,8192,52.373072238805975
512,16,2,16384,75.00242149253731
512,16,4,16,26.50227582089552
512,16,4,32,27.107677611940296
512,16,4,64,27.50345552238806
512,16,4,128,29.099605970149252
512,16,4,256,30.05404656716418
512,16,4,512,32.25339223880597
512,16,4,1024,35.43746865671642
512,16,4,2048,41.8094328358209
512,16,4,4096,53.68698268656717
512,16,4,8192,76.86396179104477
512,16,4,16384,122.23599761194029
512,16,8,16,26.790934925373136
512,16,8,32,27.315094925373135
512,16,8,64,27.85670686567164
512,16,8,128,30.424148059701494
512,16,8,256,32.090908656716415
512,16,8,512,35.392534925373134
512,16,8,1024,41.28085970149254
512,16,8,2048,53.3551952238806
512,16,8,4096,76.89365014925373
512,16,8,8192,122.05606208955224
512,16,8,16384,214.57461492537314
512,16,16,16,27.248697313432835
512,16,16,32,28.352983880597012
512,16,16,64,29.339118805970145
512,16,16,128,31.568955223880597
512,16,16,256,34.66276298507463
512,16,16,512,40.97494925373134
512,16,16,1024,52.944372537313434
512,16,16,2048,76.5171295522388
512,16,16,4096,121.93189253731343
512,16,16,8192,214.0430328358209
512,16,16,16384,397.9483701492537
512,16,32,16,28.870724776119403
512,16,32,32,31.17518328358209
512,16,32,64,32.86340776119403
512,16,32,128,36.21217432835821
512,16,32,256,42.340212537313434
512,16,32,512,54.34594388059701
512,16,32,1024,77.87818029850747
512,16,32,2048,124.36292776119404
512,16,32,4096,217.1863880597015
512,16,32,8192,405.14779701492535
512,16,32,16384,777.2010985074627
512,16,64,16,31.138875223880596
512,16,64,32,34.97970626865671
512,16,64,64,38.33248477611941
512,16,64,128,44.711068656716414
512,16,64,256,56.57116656716418
512,16,64,512,80.23599761194029
512,16,64,1024,127.5915367164179
512,16,64,2048,222.0588895522388
512,16,64,4096,410.8347223880597
512,16,64,8192,793.8827462686567
512,16,64,16384,1548.4504835820894
512,16,128,16,35.8611295522388
512,16,128,32,41.70251462686567
512,16,128,64,48.22211820895522
512,16,128,128,59.77429970149254
512,16,128,256,83.26360835820896
512,16,128,512,129.39731104477613
512,16,128,1024,224.3737791044776
512,16,128,2048,409.55892537313434
512,16,128,4096,790.374304477612
512,16,128,8192,1545.4415283582089
512,16,128,16384,3033.1071044776118
512,32,0,0,25.090072835820894
512,32,1,16,26.378106268656715
512,32,1,32,26.733162985074625
512,32,1,64,27.34739104477612
512,32,1,128,28.549769552238807
512,32,1,256,28.70162149253731
512,32,1,512,28.87914985074627
512,32,1,1024,29.39929791044776
512,32,1,2048,31.434154029850745
512,32,1,4096,35.244895522388056
512,32,1,8192,40.739648955223885
512,32,1,16384,52.51429253731344
512,32,2,16,26.341798208955225
512,32,2,32,26.94058029850746
512,32,2,64,27.407168955223877
512,32,2,128,28.723085373134325
512,32,2,256,28.935116417910447
512,32,2,512,29.801294328358207
512,32,2,1024,31.60746985074627
512,32,2,2048,35.30908656716418
512,32,2,4096,40.77174447761194
512,32,2,8192,52.30687522388059
512,32,2,16384,74.6236943283582
512,32,4,16,26.551422089552236
512,32,4,32,26.92152358208955
512,32,4,64,27.430839402985075
512,32,4,128,28.971424477611937
512,32,4,256,29.938502686567166
512,32,4,512,32.01387940298507
512,32,4,1024,35.24710208955224
512,32,4,2048,41.42208
512,32,4,4096,53.50504119402984
512,32,4,8192,76.22405731343284
512,32,4,16384,123.54529432835821
512,32,8,16,26.56626626865672
512,32,8,32,27.265948656716418
512,32,8,64,27.826617313432834
512,32,8,128,30.334280597014924
512,32,8,256,32.02270567164179
512,32,8,512,35.3883223880597
512,32,8,1024,41.5548752238806
512,32,8,2048,53.46432
512,32,8,4096,76.46377074626865
512,32,8,8192,122.48634268656717
512,32,8,16384,214.85143880597013
512,32,16,16,27.31308895522388
512,32,16,32,28.34235223880597
512,32,16,64,29.572413134328357
512,32,16,128,31.485506865671642
512,32,16,256,34.772088358208954
512,32,16,512,40.855192835820894
512,32,16,1024,52.40737432835821
512,32,16,2048,75.99517611940298
512,32,16,4096,121.3607928358209
512,32,16,8192,213.4753432835821
512,32,16,16384,396.48
512,32,32,16,28.808740298507463
512,32,32,32,31.040582686567166
512,32,32,64,32.750070447761196
512,32,32,128,36.242063283582084
512,32,32,256,42.378727164179104
512,32,32,512,54.32448
512,32,32,1024,77.72833432835822
512,32,32,2048,124.20866865671643
512,32,32,4096,216.779176119403
512,32,32,8192,404.7145074626865
512,32,32,16384,777.4458268656716
512,32,64,16,31.14308776119403
512,32,64,32,34.81260895522388
512,32,64,64,38.31543402985075
512,32,64,128,44.81578029850746
512,32,64,256,56.38280597014925
512,32,64,512,80.09698388059701
512,32,64,1024,128.1820943283582
512,32,64,2048,222.64663880597016
512,32,64,4096,410.03434029850746
512,32,64,8192,793.6299940298508
512,32,64,16384,1552.6630208955223
512,32,128,16,35.612991044776116
512,32,128,32,41.77733731343283
512,32,128,64,47.8582352238806
512,32,128,128,59.82123940298507
512,32,128,256,83.28948537313433
512,32,128,512,129.01657791044775
512,32,128,1024,223.47309850746268
512,32,128,2048,407.98624477611935
512,32,128,4096,781.8830328358209
512,32,128,8192,1530.9684537313433
512,32,128,16384,3032.3448358208957
512,64,0,0,26.193958208955227
512,64,1,16,27.46915343283582
512,64,1,32,27.922903880597016
512,64,1,64,28.5070423880597
512,64,1,128,29.75876776119403
512,64,1,256,29.844222089552236
512,64,1,512,29.910619701492536
512,64,1,1024,30.533272835820892
512,64,1,2048,32.677253731343285
512,64,1,4096,36.43242985074627
512,64,1,8192,41.75808
512,64,1,16384,53.436437014925374
512,64,2,16,27.54838925373134
512,64,2,32,28.029822089552237
512,64,2,64,28.50282985074627
512,64,2,128,29.92345791044776
512,64,2,256,30.10981253731343
512,64,2,512,31.15813253731343
512,64,2,1024,32.77574686567164
512,64,2,2048,36.451687164179106
512,64,2,4096,42.10270567164179
512,64,2,8192,53.607746865671636
512,64,2,16384,75.8198543283582
512,64,4,16,27.563434029850747
512,64,4,32,28.05128597014925
512,64,4,64,28.70824119402985
512,64,4,128,30.141707462686565
512,64,4,256,31.207278805970148
512,64,4,512,33.107534328358206
512,64,4,1024,36.689194029850746
512,64,4,2048,42.70790686567164
512,64,4,4096,54.378039402985074
512,64,4,8192,77.89743761194029
512,64,4,16384,123.66525134328357
512,64,8,16,27.74537552238806
512,64,8,32,28.4919976119403
512,64,8,64,29.011945074626862
512,64,8,128,31.519608358208952
512,64,8,256,33.156479999999995
512,64,8,512,36.868728358208955
512,64,8,1024,42.58835104477612
512,64,8,2048,54.46790686567164
512,64,8,4096,77.57226985074627
512,64,8,8192,123.65020656716416
512,64,8,16384,215.73607164179106
512,64,16,16,28.57344
512,64,16,32,29.506216119402985
512,64,16,64,30.603882985074623
512,64,16,128,32.65177791044776
512,64,16,256,35.64308059701492
512,64,16,512,41.805220298507464
512,64,16,1024,54.02699462686567
512,64,16,2048,77.19976119402985
512,64,16,4096,123.35733492537314
512,64,16,8192,214.4582686567164
512,64,16,16384,398.4077373134328
512,64,32,16,30.05404656716418
512,64,32,32,32.28348179104478
512,64,32,64,33.87541970149253
512,64,32,128,37.561991641791046
512,64,32,256,43.49545074626866
512,64,32,512,55.3878447761194
512,64,32,1024,79.02078089552239
512,64,32,2048,125.77513074626866
512,64,32,4096,218.12117014925371
512,64,32,8192,406.4817671641791
512,64,32,16384,777.7848358208955
512,64,64,16,32.20645253731343
512,64,64,32,36.13293850746269
512,64,64,64,39.53927641791045
512,64,64,128,45.93691701492537
512,64,64,256,57.60022925373134
512,64,64,512,81.3595414925373
512,64,64,1024,128.1734686567164
512,64,64,2048,222.71885373134327
512,64,64,4096,413.2900298507463
512,64,64,8192,793.078352238806
512,64,64,16384,1542.675295522388
512,64,128,16,36.87334208955224
512,64,128,32,42.76367283582089
512,64,128,64,48.88769910447761
512,64,128,128,61.196933731343286
512,64,128,256,84.38073313432837
512,64,128,512,130.63840477611942
512,64,128,1024,224.33566567164178
512,64,128,2048,409.3723701492537
512,64,128,4096,782.6834149253731
512,64,128,8192,1532.4348179104477
512,64,128,16384,3032.184358208955
512,128,0,0,28.57765253731343
512,128,1,16,29.897781492537316
512,128,1,32,30.272296119402984
512,128,1,64,30.884317611940297
512,128,1,128,32.180776119402985
512,128,1,256,32.18719522388059
512,128,1,512,32.32640955223881
512,128,1,1024,32.90412895522388
512,128,1,2048,35.10788776119403
512,128,1,4096,38.62555701492537
512,128,1,8192,44.47115462686567
512,128,1,16384,55.83718208955224
512,128,2,16,29.852847761194027
512,128,2,32,30.248826268656718
512,128,2,64,30.903574925373132
512,128,2,128,32.12741731343284
512,128,2,256,32.371343283582085
512,128,2,512,33.524575522388055
512,128,2,1024,35.135770746268655
512,128,2,2048,38.81171104477612
512,128,2,4096,44.39833791044776
512,128,2,8192,55.933468656716414
512,128,2,16384,78.13474388059701
512,128,4,16,30.017738507462685
512,128,4,32,30.546111044776122
512,128,4,64,31.004074029850745
512,128,4,128,32.561509253731344
512,128,4,256,33.338421492537314
512,128,4,512,35.52533014925373
512,128,4,1024,38.80950447761194
512,128,4,2048,45.209351641791045
512,128,4,4096,56.609681194029854
512,128,4,8192,80.2083152238806
512,128,4,16384,126.76547820895523
512,128,8,16,30.062672238805973
512,128,8,32,30.796456119402986
512,128,8,64,31.198653134328357
512,128,8,128,33.772714029850746
512,128,8,256,35.56364417910447
512,128,8,512,39.13687880597015
512,128,8,1024,45.008152835820894
512,128,8,2048,56.64618985074626
512,128,8,4096,79.61976358208955
512,128,8,8192,126.1494447761194
512,128,8,16384,217.12821492537316
512,128,16,16,30.81792
512,128,16,32,31.892117014925372
512,128,16,64,32.974739104477614
512,128,16,128,34.92173373134328
512,128,16,256,38.23639880597015
512,128,16,512,44.36202985074627
512,128,16,1024,56.29073194029851
512,128,16,2048,79.93429970149253
512,128,16,4096,125.66159283582088
512,128,16,8192,217.11216716417908
512,128,16,16384,398.77683582089554
512,128,32,16,32.23874865671642
512,128,32,32,34.49386029850746
512,128,32,64,36.21217432835821
512,128,32,128,39.75110686567164
512,128,32,256,45.692991044776115
512,128,32,512,57.71156059701492
512,128,32,1024,80.78804059701493
512,128,32,2048,128.2484919402985
512,128,32,4096,219.94259104477612
512,128,32,8192,408.17480597014924
512,128,32,16384,780.912143283582
512,128,64,16,34.600778507462685
512,128,64,32,38.36458029850746
512,128,64,64,41.901506865671635
512,128,64,128,48.18801671641791
512,128,64,256,60.01180656716418
512,128,64,512,83.77713671641791
512,128,64,1024,131.04942805970148
512,128,64,2048,225.73984477611938
512,128,64,4096,414.98708059701494
512,128,64,8192,796.0552119402985
512,128,64,16384,1548.992095522388
512,128,128,16,39.2867247761194
512,128,128,32,45.26291104477612
512,128,128,64,51.57068417910448
512,128,128,128,63.465284776119404
512,128,128,256,86.94396179104477
512,128,128,512,134.19258268656716
512,128,128,1024,224.9514985074627
512,128,128,2048,411.50872835820894
512,128,128,4096,789.4756298507463
512,128,128,8192,1535.7226029850747
512,128,128,16384,3035.1130746268655
512,256,0,0,33.23772179104477
512,256,1,16,34.70789731343283
512,256,1,32,34.93477253731343
512,256,1,64,35.35602626865671
512,256,1,128,36.73412776119403
512,256,1,256,36.80473791044776
512,256,1,512,36.97364059701493
512,256,1,1024,37.41234626865671
512,256,1,2048,39.556527761194026
512,256,1,4096,43.21942925373134
512,256,1,8192,48.951689552238804
512,256,1,16384,60.50828417910448
512,256,2,16,34.58794029850746
512,256,2,32,34.96907462686567
512,256,2,64,35.55301253731343
512,256,2,128,36.72971462686567
512,256,2,256,37.02098149253731
512,256,2,512,37.98785910447761
512,256,2,1024,39.65502089552239
512,256,2,2048,43.392745074626866
512,256,2,4096,49.1785647761194
512,256,2,8192,60.41400358208955
512,256,2,16384,83.05619104477611
512,256,4,16,34.68643343283582
512,256,4,32,35.08883104477612
512,256,4,64,35.67938865671642
512,256,4,128,37.17062686567164
512,256,4,256,38.163582089552236
512,256,4,512,40.21749492537313
512,256,4,1024,43.46796895522388
512,256,4,2048,49.302734328358206
512,256,4,4096,60.98309731343283
512,256,4,8192,84.5155343283582
512,256,4,16384,131.15614567164178
512,256,8,16,34.71010388059701
512,256,8,32,35.39454089552239
512,256,8,64,35.98730507462687
512,256,8,128,38.49717492537314
512,256,8,256,40.1745671641791
512,256,8,512,43.46776835820896
512,256,8,1024,49.46100537313433
512,256,8,2048,61.24206805970149
512,256,8,4096,84.29728477611941
512,256,8,8192,130.28094089552238
512,256,8,16384,221.89640597014926
512,256,16,16,35.409585671641786
512,256,16,32,36.46653134328358
512,256,16,64,37.46169313432836
512,256,16,128,39.43657074626866
512,256,16,256,42.8214447761194
512,256,16,512,48.782586268656715
512,256,16,1024,60.653516417910446
512,256,16,2048,83.94844656716418
512,256,16,4096,130.28334805970147
512,256,16,8192,220.64668656716418
512,256,16,16384,406.09461492537315
512,256,32,16,36.93312
512,256,32,32,39.07489432835821
512,256,32,64,41.04776597014925
512,256,32,128,44.53975880597015
512,256,32,256,50.14564298507462
512,256,32,512,62.545146268656715
512,256,32,1024,85.80577432835821
512,256,32,2048,132.6283271641791
512,256,32,4096,225.2985313432836
512,256,32,8192,413.26796417910447
512,256,32,16384,786.7495164179104
512,256,64,16,39.26325492537313
512,256,64,32,43.17870805970149
512,256,64,64,46.48254089552239
512,256,64,128,53.19251104477612
512,256,64,256,64.81109014925373
512,256,64,512,88.77340656716417
512,256,64,1024,135.82323582089552
512,256,64,2048,230.85306268656714
512,256,64,4096,421.2577432835821
512,256,64,8192,800.5586149253731
512,256,64,16384,1550.4925611940298
512,256,128,16,44.0176047761194
512,256,128,32,49.816262686567164
512,256,128,64,56.06646447761194
512,256,128,128,68.08904597014926
512,256,128,256,91.49931940298507
512,256,128,512,137.63522865671644
512,256,128,1024,230.15899701492535
512,256,128,2048,416.2047044776119
512,256,128,4096,790.3141253731343
512,256,128,8192,1539.505862686567
512,256,128,16384,3040.649552238806
512,512,0,0,42.68885014925373
512,512,1,16,43.713900895522386
512,512,1,32,44.15661850746269
512,512,1,64,44.90564776119403
512,512,1,128,46.12086447761194
512,512,1,256,46.20872597014925
512,512,1,512,46.45706507462686
512,512,1,1024,46.878318805970146
512,512,1,2048,49.00504835820895
512,512,1,4096,52.62141134328358
512,512,1,8192,58.23371462686568
512,512,1,16384,70.08538746268657
512,512,2,16,43.78210388059701
512,512,2,32,44.227429253731344
512,512,2,64,44.71528119402985
512,512,2,128,46.150954029850745
512,512,2,256,46.37542208955224
512,512,2,512,47.274497910447764
512,512,2,1024,49.06703283582089
512,512,2,2048,52.59132179104477
512,512,2,4096,58.23592119402985
512,512,2,8192,69.77947701492536
512,512,2,16384,91.91254925373134
512,512,4,16,43.949201194029854
512,512,4,32,44.34297313432836
512,512,4,64,44.96562626865671
512,512,4,128,46.555357611940295
512,512,4,256,47.53547462686567
512,512,4,512,49.50573850746269
512,512,4,1024,52.74337432835821
512,512,4,2048,58.9376095522388
512,512,4,4096,70.36361552238806
512,512,4,8192,94.47778388059702
512,512,4,16384,139.55674746268656
512,512,8,16,44.12452298507463
512,512,8,32,44.74517014925373
512,512,8,64,45.47052895522388
512,512,8,128,47.785819701492535
512,512,8,256,49.43753552238806
512,512,8,512,52.781888955223884
512,512,8,1024,59.00621373134329
512,512,8,2048,71.01174447761194
512,512,8,4096,93.77388895522388
512,512,8,8192,139.81993074626865
512,512,8,16384,230.88716417910447
512,512,16,16,44.69161074626866
512,512,16,32,45.84945671641791
512,512,16,64,47.011114029850745
512,512,16,128,48.977566567164175
512,512,16,256,52.19975641791044
512,512,16,512,58.131008955223884
512,512,16,1024,70.19451223880597
512,512,16,2048,93.49806805970148
512,512,16,4096,139.16297552238805
512,512,16,8192,230.8510567164179
512,512,16,16384,414.15460298507463
512,512,32,16,46.29217432835821
512,512,32,32,48.42532298507463
512,512,32,64,50.37251820895522
512,512,32,128,53.719078208955224
512,512,32,256,59.917525970149256
512,512,32,512,71.66228059701493
512,512,32,1024,95.22039402985074
512,512,32,2048,142.47964656716417
512,512,32,4096,234.77473432835822
512,512,32,8192,421.47037611940294
512,512,32,16384,795.2167164179104
512,512,64,16,48.508771343283584
512,512,64,32,52.40737432835821
512,512,64,64,55.83958925373135
512,512,64,128,62.11727283582089
512,512,64,256,74.12741731343283
512,512,64,512,97.89916656716417
512,512,64,1024,144.63425910447762
512,512,64,2048,239.34032238805972
512,512,64,4096,425.803271641791
512,512,64,8192,806.5123343283582
512,512,64,16384,1569.1220059701493
512,512,128,16,53.02782089552239
512,512,128,32,59.14302089552238
512,512,128,64,65.23053850746268
512,512,128,128,77.73896597014925
512,512,128,256,100.97612417910447
512,512,128,512,147.88032
512,512,128,1024,238.4035343283582
512,512,128,2048,426.072071641791
512,512,128,4096,799.174495522388
512,512,128,8192,1547.5558208955224
512,512,128,16384,3048.3925970149253
512,1024,0,0,60.93415164179105
512,1024,1,16,62.60733134328358
512,1024,1,32,62.76780895522387
512,1024,1,64,63.366791641791046
512,1024,1,128,64.84539223880597
512,1024,1,256,64.75973731343284
512,1024,1,512,64.99303164179103
512,1024,1,1024,65.52581731343284
512,1024,1,2048,67.58614925373135
512,1024,1,4096,71.40351044776119
512,1024,1,8192,76.61582328358209
512,1024,1,16384,88.49738507462686
512,1024,2,16,62.64363940298507
512,1024,2,32,63.007321791044774
512,1024,2,64,63.54231402985075
512,1024,2,128,65.0463904477612
512,1024,2,256,65.0614352238806
512,1024,2,512,66.0030376119403
512,1024,2,1024,67.77250388059701
512,1024,2,2048,71.32006208955224
512,1024,2,4096,76.87880597014926
512,1024,2,8192,88.44803820895521
512,1024,2,16384,110.70728597014926
512,1024,4,16,62.53451462686567
512,1024,4,32,63.135703880597006
512,1024,4,64,63.531481791044776
512,1024,4,128,65.01650149253732
512,1024,4,256,66.06281552238806
512,1024,4,512,68.09125253731342
512,1024,4,1024,71.40772298507463
512,1024,4,2048,77.37528358208955
512,1024,4,4096,89.26988417910448
512,1024,4,8192,112.4683271641791
512,1024,4,16384,158.48026746268656
512,1024,8,16,62.65627701492537
512,1024,8,32,63.428976716417914
512,1024,8,64,63.79466507462686
512,1024,8,128,66.27885850746269
512,1024,8,256,68.14059940298507
512,1024,8,512,71.36278925373135
512,1024,8,1024,77.36244537313432
512,1024,8,2048,89.1563462686567
512,1024,8,4096,112.55819462686567
512,1024,8,8192,159.1881743283582
512,1024,8,16384,250.31899701492534
512,1024,16,16,63.29196895522387
512,1024,16,32,64.41751880597015
512,1024,16,64,65.38660298507462
512,1024,16,128,67.38936358208956
512,1024,16,256,70.57323940298507
512,1024,16,512,76.56226388059702
512,1024,16,1024,88.21273791044776
512,1024,16,2048,112.16662925373134
512,1024,16,4096,157.46364179104478
512,1024,16,8192,250.11238208955223
512,1024,16,16384,432.72788059701486
512,1024,32,16,64.75331820895522
512,1024,32,32,66.96790925373135
512,1024,32,64,68.76947104477613
512,1024,32,128,72.3063976119403
512,1024,32,256,78.09843582089552
512,1024,32,512,90.10456835820895
512,1024,32,1024,113.54874268656715
512,1024,32,2048,160.51913552238804
512,1024,32,4096,253.51450746268654
512,1024,32,8192,440.81795820895525
512,1024,32,16384,812.464047761194
512,1024,64,16,66.99117850746269
512,1024,64,32,70.98827462686567
512,1024,64,64,74.2535928358209
512,1024,64,128,80.94430567164179
512,1024,64,256,92.44734089552239
512,1024,64,512,116.14005492537312
512,1024,64,1024,162.99269731343284
512,1024,64,2048,258.3910208955224
512,1024,64,4096,449.71042388059703
512,1024,64,8192,829.6070686567164
512,1024,64,16384,1588.333182089552
512,1024,128,16,71.70520835820895
512,1024,128,32,77.65973014925372
512,1024,128,64,83.66600597014924
512,1024,128,128,95.90924417910448
512,1024,128,256,119.18030328358209
512,1024,128,512,165.21170149253732
512,1024,128,1024,259.3338268656716
512,1024,128,2048,443.7827820895522
512,1024,128,4096,817.2462805970149
512,1024,128,8192,1566.7328955223882
512,1024,128,16384,3068.392119402985
512,2048,0,0,98.52202029850746
512,2048,1,16,99.90593910447761
512,2048,1,32,100.25497791044776
512,2048,1,64,100.80702089552238
512,2048,1,128,102.06075223880597
512,2048,1,256,102.28562149253732
512,2048,1,512,102.4673623880597
512,2048,1,1024,102.86093373134328
512,2048,1,2048,104.92166686567164
512,2048,1,4096,108.86941611940297
512,2048,1,8192,114.33849313432835
512,2048,1,16384,125.77713671641791
512,2048,2,16,100.01947701492537
512,2048,2,32,100.48586507462687
512,2048,2,64,100.69769552238806
512,2048,2,128,102.27478925373134
512,2048,2,256,102.44389253731343
512,2048,2,512,103.47716776119402
512,2048,2,1024,104.91725373134328
512,2048,2,2048,108.70673194029851
512,2048,2,4096,114.34270567164178
512,2048,2,8192,126.02326925373134
512,2048,2,16384,147.8757062686567
512,2048,4,16,99.88688238805969
512,2048,4,32,100.51154149253732
512,2048,4,64,101.06378507462686
512,2048,4,128,102.23627462686568
512,2048,4,256,103.32110328358209
512,2048,4,512,105.11002746268656
512,2048,4,1024,108.54003582089553
512,2048,4,2048,114.73848358208956
512,2048,4,4096,126.26920119402985
512,2048,4,8192,150.0220943283582
512,2048,4,16384,196.3054423880597
512,2048,8,16,100.02168358208955
512,2048,8,32,100.62487880597016
512,2048,8,64,101.23690029850746
512,2048,8,128,103.51588298507463
512,2048,8,256,105.2446280597015
512,2048,8,512,108.80963820895522
512,2048,8,1024,114.55854805970148
512,2048,8,2048,126.46398089552238
512,2048,8,4096,149.4100728358209
512,2048,8,8192,196.12370149253732
512,2048,8,16384,287.74037014925375
512,2048,16,16,100.60381611940298
512,2048,16,32,101.69285731343284
512,2048,16,64,102.48882626865671
512,2048,16,128,104.79107820895521
512,2048,16,256,108.02430089552239
512,2048,16,512,113.99166089552237
512,2048,16,1024,125.7193647761194
512,2048,16,2048,148.84519164179105
512,2048,16,4096,195.39834268656716
512,2048,16,8192,287.08842985074625
512,2048,16,16384,470.0830567164179
512,2048,32,16,102.00759402985074
512,2048,32,32,104.11927880597015
512,2048,32,64,106.1499223880597
512,2048,32,128,109.67601671641792
512,2048,32,256,115.57096119402985
512,2048,32,512,127.50166925373134
512,2048,32,1024,151.14523701492536
512,2048,32,2048,197.40090268656715
512,2048,32,4096,289.9950805970149
512,2048,32,8192,477.67164179104475
512,2048,32,16384,850.1381731343283
512,2048,64,16,104.34174089552238
512,2048,64,32,108.09912358208953
512,2048,64,64,111.55059582089551
512,2048,64,128,117.99276895522387
512,2048,64,256,129.7995080597015
512,2048,64,512,153.1052704477612
512,2048,64,1024,200.358103880597
512,2048,64,2048,295.655928358209
512,2048,64,4096,484.81088955223885
512,2048,64,8192,862.1860298507463
512,2048,64,16384,1626.0534447761192
512,2048,128,16,109.01063641791045
512,2048,128,32,114.61451462686566
512,2048,128,64,121.01416119402984
512,2048,128,128,132.99642268656717
512,2048,128,256,156.71280716417908
512,2048,128,512,202.51271641791044
512,2048,128,1024,296.00897910447765
512,2048,128,2048,485.0957373134329
512,2048,128,4096,861.4618746268656
512,2048,128,8192,1604.7400119402985
512,2048,128,16384,3104.078328358209
512,4096,0,0,172.85886089552238
512,4096,1,16,174.7589158208955
512,4096,1,32,174.53625313432835
512,4096,1,64,175.38357492537313
512,4096,1,128,176.47682865671644
512,4096,1,256,176.86859462686567
512,4096,1,512,176.98614447761193
512,4096,1,1024,177.24090268656715
512,4096,1,2048,179.7401408955224
512,4096,1,4096,183.09291940298507
512,4096,1,8192,188.6817528358209
512,4096,1,16384,201.01225074626865
512,4096,2,16,174.17257074626863
512,4096,2,32,175.01547940298505
512,4096,2,64,175.5312143283582
512,4096,2,128,176.57110925373132
512,4096,2,256,176.9668871641791
512,4096,2,512,177.69465313432835
512,4096,2,1024,179.39551522388058
512,4096,2,2048,182.82953552238806
512,4096,2,4096,188.94072358208956
512,4096,2,8192,200.17816835820895
512,4096,2,16384,222.97160597014923
512,4096,4,16,174.3482937313433
512,4096,4,32,174.8124752238806
512,4096,4,64,175.29791999999998
512,4096,4,128,176.6846471641791
512,4096,4,256,177.69244656716418
512,4096,4,512,179.79349970149255
512,4096,4,1024,183.04798567164178
512,4096,4,2048,189.16739820895523
512,4096,4,4096,200.68126567164177
512,4096,4,8192,224.5563223880597
512,4096,4,16384,270.36465671641787
512,4096,8,16,174.51498985074625
512,4096,8,32,175.4070447761194
512,4096,8,64,175.62549492537312
512,4096,8,128,178.10968835820896
512,4096,8,256,179.48979582089552
512,4096,8,512,183.33263283582087
512,4096,8,1024,189.17602388059703
512,4096,8,2048,201.08446567164177
512,4096,8,4096,224.0829134328358
512,4096,8,8192,269.66457313432835
512,4096,8,16384,363.812776119403
512,4096,16,16,175.21447164179105
512,4096,16,32,176.13260417910448
512,4096,16,64,177.03769791044775
512,4096,16,128,179.03383880597013
512,4096,16,256,182.53866985074626
512,4096,16,512,188.61756179104475
512,4096,16,1024,200.35589731343282
512,4096,16,2048,223.76195820895524
512,4096,16,4096,269.43589253731346
512,4096,16,8192,362.12776119402986
512,4096,16,16384,545.2246925373134
512,4096,32,16,176.24152835820897
512,4096,32,32,178.7449791044776
512,4096,32,64,180.45446686567163
512,4096,32,128,184.36610865671642
512,4096,32,256,190.047016119403
512,4096,32,512,201.97511641791044
512,4096,32,1024,225.7258029850746
512,4096,32,2048,272.0737432835821
512,4096,32,4096,365.10261492537313
512,4096,32,8192,552.4963343283582
512,4096,32,16384,922.8525850746267
512,4096,64,16,178.86072358208955
512,4096,64,32,182.76775164179105
512,4096,64,64,185.8041886567164
512,4096,64,128,192.74725253731344
512,4096,64,256,204.2920119402985
512,4096,64,512,228.0246447761194
512,4096,64,1024,275.0144955223881
512,4096,64,2048,369.61002985074623
512,4096,64,4096,559.6135164179104
512,4096,64,8192,936.5593791044776
512,4096,64,16384,1689.6246447761193
512,4096,128,16,183.4630208955224
512,4096,128,32,189.47130268656716
512,4096,128,64,195.52873074626865
512,4096,128,128,207.95892537313432
512,4096,128,256,230.7948895522388
512,4096,128,512,277.05657313432835
512,4096,128,1024,371.16265074626864
512,4096,128,2048,557.5433552238806
512,4096,128,4096,930.1924298507462
512,4096,128,8192,1697.1791283582088
512,4096,128,16384,3179.2219701492536
512,8192,0,0,321.9582089552239
512,8192,1,16,323.7736119402985
512,8192,1,32,323.72747462686567
512,8192,1,64,324.6401910447761
512,8192,1,128,325.7755701492537
512,8192,1,256,326.07044776119403
512,8192,1,512,326.36532537313434
512,8192,1,1024,326.47765970149254
512,8192,1,2048,328.63608358208955
512,8192,1,4096,332.75835223880597
512,8192,1,8192,337.55462686567165
512,8192,1,16384,349.35574925373135
512,8192,2,16,323.48675820895517
512,8192,2,32,324.18684179104474
512,8192,2,64,324.26507462686567
512,8192,2,128,325.95410149253735
512,8192,2,256,325.85380298507465
512,8192,2,512,327.113552238806
512,8192,2,1024,329.05733731343287
512,8192,2,2048,332.4394029850746
512,8192,2,4096,337.80938507462685
512,8192,2,8192,349.8171223880597
512,8192,2,16384,371.9369552238806
512,8192,4,16,323.5208597014925
512,8192,4,32,324.2329791044776
512,8192,4,64,324.87689552238805
512,8192,4,128,325.8858985074627
512,8192,4,256,326.8608
512,8192,4,512,328.9409910447761
512,8192,4,1024,332.30700895522386
512,8192,4,2048,338.10827462686564
512,8192,4,4096,349.4279641791045
512,8192,4,8192,373.7122388059701
512,8192,4,16384,419.5426388059701
512,8192,8,16,323.785647761194
512,8192,8,32,324.29717014925376
512,8192,8,64,324.64620895522387
512,8192,8,128,327.38435820895523
512,8192,8,256,329.3441910447761
512,8192,8,512,332.56979104477614
512,8192,8,1024,338.01800597014926
512,8192,8,2048,350.3065791044776
512,8192,8,4096,373.78445373134326
512,8192,8,8192,419.1594985074627
512,8192,8,16384,512.483247761194
512,8192,16,16,324.4897432835821
512,8192,16,32,325.34027462686566
512,8192,16,64,326.6341253731343
512,8192,16,128,328.27902089552236
512,8192,16,256,331.53671641791044
512,8192,16,512,337.48441791044775
512,8192,16,1024,349.60448955223876
512,8192,16,2048,372.43242985074625
512,8192,16,4096,419.24575522388056
512,8192,16,8192,510.66784477611935
512,8192,16,16384,693.6945671641791
512,8192,32,16,325.7414686567164
512,8192,32,32,327.9259701492537
512,8192,32,64,329.5086805970149
512,8192,32,128,332.82454925373133
512,8192,32,256,339.2155701492537
512,8192,32,512,350.9845970149254
512,8192,32,1024,374.0091223880597
512,8192,32,2048,421.11331343283587
512,8192,32,4096,513.0509373134328
512,8192,32,8192,701.3493492537314
512,8192,32,16384,1074.1849791044774
512,8192,64,16,328.0704
512,8192,64,32,331.76138507462684
512,8192,64,64,335.05117611940295
512,8192,64,128,341.6488119402985
512,8192,64,256,353.6986746268657
512,8192,64,512,377.53160597014926
512,8192,64,1024,423.67092537313437
512,8192,64,2048,519.5944119402984
512,8192,64,4096,706.8156179104477
512,8192,64,8192,1085.486614925373
512,8192,64,16384,1844.1846447761193
512,8192,128,16,332.82454925373133
512,8192,128,32,338.2968358208955
512,8192,128,64,344.46920597014923
512,8192,128,128,356.69960597014926
512,8192,128,256,379.7923343283582
512,8192,128,512,425.6448
512,8192,128,1024,519.0407641791045
512,8192,128,2048,707.8506985074627
512,8192,128,4096,1081.6291343283583
512,8192,128,8192,1827.942304477612
512,8192,128,16384,3329.9706268656714
512,16384,0,0,620.2038447761194
512,16384,1,16,622.4665791044777
512,16384,1,32,621.6300895522388
512,16384,1,64,623.0182208955224
512,16384,1,128,624.5989253731343
512,16384,1,256,624.5788656716418
512,16384,1,512,624.2258149253731
512,16384,1,1024,625.4695164179104
512,16384,1,2048,626.7653731343283
512,16384,1,4096,630.9738985074626
512,16384,1,8192,637.0158805970149
512,16384,1,16384,647.3706985074626
512,16384,2,16,622.1235582089553
512,16384,2,32,622.288047761194
512,16384,2,64,623.3933373134329
512,16384,2,128,624.3622208955223
512,16384,2,256,624.2037492537313
512,16384,2,512,625.9048119402985
512,16384,2,1024,627.1445014925373
512,16384,2,2048,630.8094089552238
512,16384,2,4096,636.1673552238806
512,16384,2,8192,648.014614925373
512,16384,2,16384,669.7472955223881
512,16384,4,16,622.2820298507463
512,16384,4,32,622.5187343283582
512,16384,4,64,622.4043940298508
512,16384,4,128,624.0733611940299
512,16384,4,256,625.5738268656717
512,16384,4,512,627.0562388059701
512,16384,4,1024,630.4443223880597
512,16384,4,2048,636.7671402985075
512,16384,4,4096,648.1670686567164
512,16384,4,8192,671.2517731343283
512,16384,4,16384,716.8454686567164
512,16384,8,16,622.2820298507463
512,16384,8,32,622.7955582089552
512,16384,8,64,622.7313671641791
512,16384,8,128,625.6600835820894
512,16384,8,256,627.3771940298508
512,16384,8,512,630.9498268656716
512,16384,8,1024,637.088095522388
512,16384,8,2048,648.2051820895523
512,16384,8,4096,672.1624835820895
512,16384,8,8192,718.7070089552238
512,16384,8,16384,809.3828776119402
512,16384,16,16,623.1506149253731
512,16384,16,32,623.3672597014925
512,16384,16,64,625.1365253731343
512,16384,16,128,626.7934567164178
512,16384,16,256,629.5195701492537
512,16384,16,512,635.4191283582089
512,16384,16,1024,648.1129074626866
512,16384,16,2048,670.6700417910447
512,16384,16,4096,717.9286925373134
512,16384,16,8192,809.1321313432835
512,16384,16,16384,991.2521552238807
512,16384,32,16,624.0994388059702
512,16384,32,32,626.7613611940299
512,16384,32,64,627.5416835820895
512,16384,32,128,631.2988656716418
512,16384,32,256,637.9606925373134
512,16384,32,512,649.1941253731343
512,16384,32,1024,672.3931701492537
512,16384,32,2048,718.7972776119402
512,16384,32,4096,811.9445014925373
512,16384,32,8192,998.7986149253732
512,16384,32,16384,1370.697456716418
512,16384,64,16,626.2337910447761
512,16384,64,32,630.177528358209
512,16384,64,64,633.4633074626865
512,16384,64,128,639.5855283582089
512,16384,64,256,651.6193432835821
512,16384,64,512,675.3800597014925
512,16384,64,1024,722.4
512,16384,64,2048,816.3676656716418
512,16384,64,4096,1006.6921074626864
512,16384,64,8192,1386.763271641791
512,16384,64,16384,2141.473432835821
512,16384,128,16,630.478423880597
512,16384,128,32,636.4582208955225
512,16384,128,64,642.9174447761194
512,16384,128,128,655.3384119402986
512,16384,128,256,677.8433910447761
512,16384,128,512,724.2755820895522
512,16384,128,1024,817.6916059701492
512,16384,128,2048,1003.8055164179104
512,16384,128,4096,1377.4034149253732
512,16384,128,8192,2133.148656716418
512,16384,128,16384,3625.0889552238805
1024,0,0,0,60.670767761194035
1024,0,1,16,62.31205253731343
1024,0,1,32,62.673528358208955
1024,0,1,64,63.12065910447761
1024,0,1,128,64.4131056716418
1024,0,1,256,64.4622519402985
1024,0,1,512,64.66565731343283
1024,0,1,1024,65.08711164179104
1024,0,1,2048,67.23109253731343
1024,0,1,4096,70.96901731343283
1024,0,1,8192,76.85333014925372
1024,0,1,16384,87.95176119402984
1024,0,2,16,62.11285970149253
1024,0,2,32,62.53010149253732
1024,0,2,64,63.13991641791044
1024,0,2,128,64.64419343283582
1024,0,2,256,64.4281504477612
1024,0,2,512,65.72039641791045
1024,0,2,1024,67.43229134328358
1024,0,2,2048,70.8707247761194
1024,0,2,4096,76.73337313432835
1024,0,2,8192,87.80211582089552
1024,0,2,16384,110.3843247761194
1024,0,4,16,62.36119880597015
1024,0,4,32,62.86830805970149
1024,0,4,64,63.266292537313426
1024,0,4,128,64.80246447761193
1024,0,4,256,65.5191976119403
1024,0,4,512,67.73178268656716
1024,0,4,1024,71.04183402985075
1024,0,4,2048,77.19334208955223
1024,0,4,4096,88.68574567164178
1024,0,4,8192,112.88757492537314
1024,0,4,16384,158.18057552238804
1024,0,8,16,62.4296023880597
1024,0,8,32,62.76339582089552
1024,0,8,64,63.63860059701492
1024,0,8,128,65.96873552238806
1024,0,8,256,67.97550805970148
1024,0,8,512,71.20030567164179
1024,0,8,1024,77.1399832835821
1024,0,8,2048,89.6100967164179
1024,0,8,4096,112.19029970149255
1024,0,8,8192,158.1422614925373
1024,0,8,16384,250.10235223880596
1024,0,16,16,62.72267462686567
1024,0,16,32,64.07289313432835
1024,0,16,64,65.19202388059702
1024,0,16,128,66.99579223880598
1024,0,16,256,70.48136597014926
1024,0,16,512,76.36547820895521
1024,0,16,1024,88.07151761194031
1024,0,16,2048,111.38349850746268
1024,0,16,4096,157.2134973134328
1024,0,16,8192,249.5808
1024,0,16,16384,431.43001791044776
1024,0,32,16,64.21632
1024,0,32,32,66.76891701492538
1024,0,32,64,68.28823880597015
1024,0,32,128,71.74372298507463
1024,0,32,256,77.81398925373134
1024,0,32,512,89.71721552238806
1024,0,32,1024,113.14012656716419
1024,0,32,2048,159.8110280597015
1024,0,32,4096,253.44028656716418
1024,0,32,8192,439.61838805970154
1024,0,32,16384,813.2223044776119
1024,0,64,16,66.72197731343284
1024,0,64,32,70.60954746268656
1024,0,64,64,74.02230447761194
1024,0,64,128,80.41593313432836
1024,0,64,256,92.31895880597014
1024,0,64,512,116.13363582089553
1024,0,64,1024,162.9798591044776
1024,0,64,2048,257.0510328358209
1024,0,64,4096,446.627247761194
1024,0,64,8192,823.8198447761195
1024,0,64,16384,1586.7685253731343
1024,0,128,16,71.05467223880596
1024,0,128,32,77.37528358208955
1024,0,128,64,83.4457504477612
1024,0,128,128,95.58407641791044
1024,0,128,256,119.20818626865672
1024,0,128,512,164.98502686567164
1024,0,128,1024,257.59465074626866
1024,0,128,2048,444.7917850746269
1024,0,128,4096,817.5150805970148
1024,0,128,8192,1566.1070328358207
1024,0,128,16384,3067.128358208955
1024,16,0,0,63.41373134328358
1024,16,1,16,64.84097910447761
1024,16,1,32,65.33765731343284
1024,16,1,64,65.73544119402985
1024,16,1,128,67.1390185074627
1024,16,1,256,67.32296597014926
1024,16,1,512,67.33801074626865
1024,16,1,1024,68.07400119402986
1024,16,1,2048,70.02781611940298
1024,16,1,4096,73.82331223880597
1024,16,1,8192,79.27112597014924
1024,16,1,16384,91.23413014925373
1024,16,2,16,64.77658746268656
1024,16,2,32,65.43374328358209
1024,16,2,64,65.85299104477612
1024,16,2,128,67.06860895522388
1024,16,2,256,67.31253492537313
1024,16,2,512,68.44871641791045
1024,16,2,1024,70.00635223880597
1024,16,2,2048,73.60726925373133
1024,16,2,4096,79.38867582089551
1024,16,2,8192,91.00083582089552
1024,16,2,16384,113.26008358208955
1024,16,4,16,64.98460656716418
1024,16,4,32,65.37817791044776
1024,16,4,64,65.98157373134327
1024,16,4,128,67.40460895522388
1024,16,4,256,68.26456835820896
1024,16,4,512,70.58407164179104
1024,16,4,1024,73.83414447761194
1024,16,4,2048,79.9024047761194
1024,16,4,4096,91.54645970149254
1024,16,4,8192,115.42532776119403
1024,16,4,16384,160.56828179104477
1024,16,8,16,64.92021492537313
1024,16,8,32,65.67125014925374
1024,16,8,64,66.28748417910448
1024,16,8,128,68.89163462686567
1024,16,8,256,70.5924967164179
1024,16,8,512,73.93685014925373
1024,16,8,1024,80.06709492537313
1024,16,8,2048,91.85457671641791
1024,16,8,4096,115.09815402985075
1024,16,8,8192,160.6499247761194
1024,16,8,16384,252.77831641791047
1024,16,16,16,65.78258149253732
1024,16,16,32,67.00201074626865
1024,16,16,64,67.74241432835821
1024,16,16,128,69.79652776119403
1024,16,16,256,72.98461611940299
1024,16,16,512,79.03562507462686
1024,16,16,1024,90.85740895522387
1024,16,16,2048,114.05384597014925
1024,16,16,4096,160.41863641791045
1024,16,16,8192,252.53358805970151
1024,16,16,16384,436.3285970149254
1024,16,32,16,67.21845492537312
1024,16,32,32,69.54618268656716
1024,16,32,64,71.21735641791044
1024,16,32,128,74.73482507462687
1024,16,32,256,80.64902686567164
1024,16,32,512,92.79457432835821
1024,16,32,1024,115.76554029850746
1024,16,32,2048,163.23020417910448
1024,16,32,4096,256.5475343283582
1024,16,32,8192,441.59426865671645
1024,16,32,16384,817.310471641791
1024,16,64,16,69.50546149253731
1024,16,64,32,73.47046208955224
1024,16,64,64,76.78051343283582
1024,16,64,128,83.14846567164179
1024,16,64,256,95.08338626865671
1024,16,64,512,119.12072597014925
1024,16,64,1024,166.38840358208955
1024,16,64,2048,259.9998089552239
1024,16,64,4096,450.248023880597
1024,16,64,8192,830.5378388059701
1024,16,64,16384,1590.2910089552238
1024,16,128,16,74.12942328358208
1024,16,128,32,80.08835820895523
1024,16,128,64,86.17366925373135
1024,16,128,128,98.32503402985074
1024,16,128,256,121.5639976119403
1024,16,128,512,167.9588776119403
1024,16,128,1024,262.5514029850746
1024,16,128,2048,446.00138507462685
1024,16,128,4096,824.291247761194
1024,16,128,8192,1577.6453731343283
1024,16,128,16384,3069.655880597015
1024,32,0,0,63.23419701492538
1024,32,1,16,64.65061253731344
1024,32,1,32,65.32040597014925
1024,32,1,64,65.64116059701492
1024,32,1,128,66.9723223880597
1024,32,1,256,66.94022686567163
1024,32,1,512,67.20762268656716
1024,32,1,1024,67.69948656716419
1024,32,1,2048,69.83925492537313
1024,32,1,4096,73.37618149253731
1024,32,1,8192,79.11907343283582
1024,32,1,16384,91.02651223880598
1024,32,2,16,64.77899462686567
1024,32,2,32,65.07206686567164
1024,32,2,64,65.64978626865671
1024,32,2,128,67.06419582089552
1024,32,2,256,67.09849791044776
1024,32,2,512,68.32454686567164
1024,32,2,1024,69.73213611940298
1024,32,2,2048,73.5176023880597
1024,32,2,4096,79.05087044776118
1024,32,2,8192,90.6030519402985
1024,32,2,16384,113.09318686567164
1024,32,4,16,64.75973731343284
1024,32,4,32,65.15130268656716
1024,32,4,64,65.83614089552239
1024,32,4,128,67.30170268656717
1024,32,4,256,68.25393671641791
1024,32,4,512,70.21818268656716
1024,32,4,1024,73.51960835820896
1024,32,4,2048,79.60050626865672
1024,32,4,4096,91.20203462686567
1024,32,4,8192,114.44541134328358
1024,32,4,16384,160.91712
1024,32,8,16,64.80266507462686
1024,32,8,32,65.50234746268656
1024,32,8,64,66.16552119402985
1024,32,8,128,68.6539271641791
1024,32,8,256,70.51968
1024,32,8,512,73.71418746268657
1024,32,8,1024,79.96659582089552
1024,32,8,2048,91.40323343283582
1024,32,8,4096,114.52885970149255
1024,32,8,8192,160.91491343283582
1024,32,8,16384,252.22266268656713
1024,32,16,16,65.51719164179104
1024,32,16,32,66.57634388059702
1024,32,16,64,67.69768119402985
1024,32,16,128,69.74517492537314
1024,32,16,256,72.69575641791045
1024,32,16,512,79.09781014925373
1024,32,16,1024,90.75490388059701
1024,32,16,2048,113.94251462686567
1024,32,16,4096,159.54583880597013
1024,32,16,8192,251.03914029850748
1024,32,16,16384,434.07789850746263
1024,32,32,16,67.08345313432835
1024,32,32,32,69.31288835820895
1024,32,32,64,71.17442865671642
1024,32,32,128,74.70714268656715
1024,32,32,256,80.65303880597014
1024,32,32,512,92.34684179104478
1024,32,32,1024,115.44899820895523
1024,32,32,2048,162.66532298507462
1024,32,32,4096,255.62278208955223
1024,32,32,8192,441.654447761194
1024,32,32,16384,814.3637014925373
1024,32,64,16,69.2017576119403
1024,32,64,32,73.2907271641791
1024,32,64,64,76.63508059701493
1024,32,64,128,83.23371940298507
1024,32,64,256,94.77928119402985
1024,32,64,512,118.30088597014925
1024,32,64,1024,166.06102925373133
1024,32,64,2048,260.3729194029851
1024,32,64,4096,447.8869970149254
1024,32,64,8192,827.5007999999999
1024,32,64,16384,1591.4945910447761
1024,32,128,16,73.78720477611941
1024,32,128,32,79.74413373134328
1024,32,128,64,86.20596537313433
1024,32,128,128,98.05763820895523
1024,32,128,256,121.45086089552238
1024,32,128,512,167.4284991044776
1024,32,128,1024,261.54039402985075
1024,32,128,2048,450.28413134328355
1024,32,128,4096,819.8700895522388
1024,32,128,8192,1568.9896119402986
1024,32,128,16384,3070.999880597015
1024,64,0,0,65.51498507462686
1024,64,1,16,67.03651343283582
1024,64,1,32,67.2481432835821
1024,64,1,64,68.04190567164179
1024,64,1,128,69.15461731343284
1024,64,1,256,69.41579462686566
1024,64,1,512,69.38971701492537
1024,64,1,1024,69.89502089552239
1024,64,1,2048,72.01533134328358
1024,64,1,4096,75.87341373134328
1024,64,1,8192,81.29956298507463
1024,64,1,16384,93.3843295522388
1024,64,2,16,66.9935856716418
1024,64,2,32,67.47080597014926
1024,64,2,64,67.8387008955224
1024,64,2,128,69.30025074626866
1024,64,2,256,69.48199164179104
1024,64,2,512,70.48959044776119
1024,64,2,1024,72.34491223880597
1024,64,2,2048,75.90972179104477
1024,64,2,4096,81.48772298507463
1024,64,2,8192,93.0356919402985
1024,64,2,16384,115.2756823880597
1024,64,4,16,66.92297552238806
1024,64,4,32,67.54141611940298
1024,64,4,64,68.09566567164178
1024,64,4,128,69.53555104477611
1024,64,4,256,70.43201910447762
1024,64,4,512,72.58663164179104
1024,64,4,1024,75.70210388059702
1024,64,4,2048,81.88791402985075
1024,64,4,4096,93.76967641791045
1024,64,4,8192,117.31495164179103
1024,64,4,16384,163.0825647761194
1024,64,8,16,67.20100298507462
1024,64,8,32,67.79797970149254
1024,64,8,64,68.32013373134328
1024,64,8,128,70.89860776119403
1024,64,8,256,72.50538985074627
1024,64,8,512,75.97190686567164
1024,64,8,1024,81.75752597014926
1024,64,8,2048,93.80397850746269
1024,64,8,4096,117.10713313432835
1024,64,8,8192,163.6153504477612
1024,64,8,16384,254.9608119402985
1024,64,16,16,67.90309253731343
1024,64,16,32,69.06695641791045
1024,64,16,64,70.08318089552239
1024,64,16,128,71.95555343283581
1024,64,16,256,75.29348776119403
1024,64,16,512,81.10678925373134
1024,64,16,1024,92.74903880597014
1024,64,16,2048,116.51878208955223
1024,64,16,4096,162.60755104477613
1024,64,16,8192,254.24468059701493
1024,64,16,16384,435.9936
1024,64,32,16,69.25531701492537
1024,64,32,32,71.30301134328359
1024,64,32,64,73.32041552238806
1024,64,32,128,76.64149970149253
1024,64,32,256,82.70955940298508
1024,64,32,512,94.69182089552238
1024,64,32,1024,117.69989731343284
1024,64,32,2048,164.79425910447762
1024,64,32,4096,257.9396776119403
1024,64,32,8192,445.81482985074626
1024,64,32,16384,815.4970746268656
1024,64,64,16,71.66448716417909
1024,64,64,32,75.65717014925373
1024,64,64,64,78.99309850746269
1024,64,64,128,85.38632597014926
1024,64,64,256,97.05826388059701
1024,64,64,512,120.98407164179105
1024,64,64,1024,168.56447999999997
1024,64,64,2048,262.5814925373134
1024,64,64,4096,452.31818507462685
1024,64,64,8192,832.4455164179104
1024,64,64,16384,1591.3662089552238
1024,64,128,16,75.97812537313432
1024,64,128,32,82.15972298507462
1024,64,128,64,88.48234029850747
1024,64,128,128,100.37052179104477
1024,64,128,256,123.75291223880596
1024,64,128,512,169.55302208955223
1024,64,128,1024,262.6196059701493
1024,64,128,2048,450.33428059701487
1024,64,128,4096,821.5430686567164
1024,64,128,8192,1581.8819820895521
1024,64,128,16384,3072.6046567164176
1024,128,0,0,69.43485134328358
1024,128,1,16,70.77865074626865
1024,128,1,32,71.12949492537314
1024,128,1,64,71.78444417910447
1024,128,1,128,73.11299820895522
1024,128,1,256,73.17077014925373
1024,128,1,512,73.27989492537314
1024,128,1,1024,73.77216
1024,128,1,2048,75.86900059701493
1024,128,1,4096,79.80411223880597
1024,128,1,8192,85.04190089552239
1024,128,1,16384,96.81875104477612
1024,128,2,16,70.80653373134328
1024,128,2,32,71.46108179104478
1024,128,2,64,71.81854567164179
1024,128,2,128,73.05723223880597
1024,128,2,256,73.37196895522388
1024,128,2,512,74.3476728358209
1024,128,2,1024,75.95244895522389
1024,128,2,2048,79.64343402985074
1024,128,2,4096,85.10187940298508
1024,128,2,8192,96.66027940298507
1024,128,2,16384,119.1654591044776
1024,128,4,16,70.88556895522387
1024,128,4,32,71.52326686567164
1024,128,4,64,71.98122985074626
1024,128,4,128,73.30356537313433
1024,128,4,256,74.70914865671642
1024,128,4,512,76.45955820895523
1024,128,4,1024,79.46590567164179
1024,128,4,2048,85.72252656716418
1024,128,4,4096,97.49255641791045
1024,128,4,8192,121.31385313432835
1024,128,4,16384,166.81427104477612
1024,128,8,16,71.02698985074626
1024,128,8,32,71.6153408955224
1024,128,8,64,72.13729432835821
1024,128,8,128,74.62590089552239
1024,128,8,256,76.50248597014925
1024,128,8,512,79.88736
1024,128,8,1024,85.72874507462686
1024,128,8,2048,97.50358925373135
1024,128,8,4096,120.56923701492538
1024,128,8,8192,166.68809552238807
1024,128,8,16384,259.42008358208955
1024,128,16,16,71.65606208955224
1024,128,16,32,72.77278567164178
1024,128,16,64,73.7057623880597
1024,128,16,128,75.87541970149253
1024,128,16,256,79.06350805970149
1024,128,16,512,85.2087976119403
1024,128,16,1024,96.62617791044775
1024,128,16,2048,120.2460752238806
1024,128,16,4096,166.66021253731344
1024,128,16,8192,258.75811343283584
1024,128,16,16384,441.2993910447761
1024,128,32,16,73.13024955223881
1024,128,32,32,75.36189134328357
1024,128,32,64,77.08662447761193
1024,128,32,128,80.70900537313433
1024,128,32,256,86.48619940298508
1024,128,32,512,98.57738507462686
1024,128,32,1024,122.12045373134328
1024,128,32,2048,168.9217432835821
1024,128,32,4096,261.2635701492537
1024,128,32,8192,448.7616
1024,128,32,16384,818.907223880597
1024,128,64,16,75.4900728358209
1024,128,64,32,79.2731319402985
1024,128,64,64,82.85719880597014
1024,128,64,128,89.00870686567164
1024,128,64,256,100.65095641791045
1024,128,64,512,124.97474865671641
1024,128,64,1024,171.89398925373135
1024,128,64,2048,266.2102925373134
1024,128,64,4096,455.96503880597015
1024,128,64,8192,838.2909134328357
1024,128,64,16384,1597.8013611940298
1024,128,128,16,79.81875582089552
1024,128,128,32,86.09022089552239
1024,128,128,64,92.17573253731344
1024,128,128,128,104.06591999999999
1024,128,128,256,127.5125014925373
1024,128,128,512,174.96432716417908
1024,128,128,1024,267.6646208955224
1024,128,128,2048,454.94600597014926
1024,128,128,4096,829.849791044776
1024,128,128,8192,1580.6663641791044
1024,128,128,16384,3076.155223880597
1024,256,0,0,78.59491343283582
1024,256,1,16,80.28113194029851
1024,256,1,32,80.64280835820895
1024,256,1,64,81.16676776119402
1024,256,1,128,82.58338388059701
1024,256,1,256,82.5532943283582
1024,256,1,512,82.68388298507463
1024,256,1,1024,83.21446208955224
1024,256,1,2048,85.3929456716418
1024,256,1,4096,89.10298746268657
1024,256,1,8192,94.62983641791044
1024,256,1,16384,106.47930268656717
1024,256,2,16,80.34732895522387
1024,256,2,32,80.70659820895521
1024,256,2,64,81.2780991044776
1024,256,2,128,82.51698626865672
1024,256,2,256,82.84215402985075
1024,256,2,512,83.70030805970148
1024,256,2,1024,85.43547223880597
1024,256,2,2048,88.90820776119403
1024,256,2,4096,94.8159904477612
1024,256,2,8192,106.50497910447763
1024,256,2,16384,128.59733014925374
1024,256,4,16,80.27671880597015
1024,256,4,32,80.80950447761194
1024,256,4,64,81.36796656716417
1024,256,4,128,82.82951641791045
1024,256,4,256,83.81163940298507
1024,256,4,512,85.89764776119402
1024,256,4,1024,89.00248835820895
1024,256,4,2048,95.21176835820896
1024,256,4,4096,107.33525014925372
1024,256,4,8192,130.58283940298506
1024,256,4,16384,176.29709373134327
1024,256,8,16,80.23399164179104
1024,256,8,32,81.18181253731343
1024,256,8,64,81.70597253731343
1024,256,8,128,84.20099820895523
1024,256,8,256,85.92974328358208
1024,256,8,512,89.40468537313433
1024,256,8,1024,95.01277611940297
1024,256,8,2048,107.17035940298506
1024,256,8,4096,130.36278447761194
1024,256,8,8192,176.56067820895524
1024,256,8,16384,268.08386865671645
1024,256,16,16,81.08552597014925
1024,256,16,32,82.17256119402984
1024,256,16,64,83.25939582089552
1024,256,16,128,85.20217791044776
1024,256,16,256,88.31765014925372
1024,256,16,512,94.61258507462686
1024,256,16,1024,106.3894352238806
1024,256,16,2048,130.00732656716417
1024,256,16,4096,175.57634865671642
1024,256,16,8192,266.792023880597
1024,256,16,16384,451.6903164179104
1024,256,32,16,82.57275223880596
1024,256,32,32,84.69085611940298
1024,256,32,64,86.56744119402984
1024,256,32,128,90.14067582089552
1024,256,32,256,96.15557731343283
1024,256,32,512,108.08407880597015
1024,256,32,1024,131.15434029850746
1024,256,32,2048,178.40075462686568
1024,256,32,4096,271.4940179104478
1024,256,32,8192,458.78543283582087
1024,256,32,16384,830.9149611940298
1024,256,64,16,85.01622447761193
1024,256,64,32,88.73288597014925
1024,256,64,64,92.13721791044776
1024,256,64,128,98.6568214925373
1024,256,64,256,110.25373611940299
1024,256,64,512,134.18395701492537
1024,256,64,1024,181.0004919402985
1024,256,64,2048,275.59422089552237
1024,256,64,4096,465.94273432835826
1024,256,64,8192,845.9276417910448
1024,256,64,16384,1593.5466985074627
1024,256,128,16,89.49896597014926
1024,256,128,32,95.53051701492537
1024,256,128,64,101.61382208955224
1024,256,128,128,113.85485373134328
1024,256,128,256,137.03002746268658
1024,256,128,512,183.85899940298506
1024,256,128,1024,278.35844776119404
1024,256,128,2048,461.62588656716423
1024,256,128,4096,839.6228776119402
1024,256,128,8192,1586.0965253731342
1024,256,128,16384,3088.090746268657
1024,512,0,0,97.1096167164179
1024,512,1,16,98.58821731343284
1024,512,1,32,98.97336358208955
1024,512,1,64,99.58077134328359
1024,512,1,128,100.81323940298506
1024,512,1,256,101.03810865671642
1024,512,1,512,101.32275582089552
1024,512,1,1024,101.59657074626865
1024,512,1,2048,104.01015402985075
1024,512,1,4096,107.38860895522389
1024,512,1,8192,112.94976
1024,512,1,16384,124.72019104477612
1024,512,2,16,98.68650985074626
1024,512,2,32,98.95851940298508
1024,512,2,64,99.24075940298506
1024,512,2,128,101.1408143283582
1024,512,2,256,101.19236776119403
1024,512,2,512,102.18070925373134
1024,512,2,1024,103.80053014925372
1024,512,2,2048,107.42511761194031
1024,512,2,4096,113.02458268656717
1024,512,2,8192,124.85278567164178
1024,512,2,16384,147.43499462686566
1024,512,4,16,98.86203223880597
1024,512,4,32,99.2963247761194
1024,512,4,64,99.5745528358209
1024,512,4,128,101.30129194029851
1024,512,4,256,102.11029970149254
1024,512,4,512,104.22419104477612
1024,512,4,1024,107.56633791044776
1024,512,4,2048,113.80570746268657
1024,512,4,4096,125.41766686567163
1024,512,4,8192,148.99082507462685
1024,512,4,16384,194.83125492537312
1024,512,8,16,98.85541253731343
1024,512,8,32,99.46522746268657
1024,512,8,64,100.1051319402985
1024,512,8,128,102.40738388059701
1024,512,8,256,104.1258985074627
1024,512,8,512,107.58559522388059
1024,512,8,1024,113.82055164179104
1024,512,8,2048,125.96549731343283
1024,512,8,4096,148.4813086567164
1024,512,8,8192,194.65392716417912
1024,512,8,16384,286.60097910447763
1024,512,16,16,99.47846686567163
1024,512,16,32,100.36390208955224
1024,512,16,64,101.43388656716418
1024,512,16,128,103.81116179104477
1024,512,16,256,106.91800835820895
1024,512,16,512,113.00552597014925
1024,512,16,1024,124.9683295522388
1024,512,16,2048,147.91020895522388
1024,512,16,4096,194.31351402985075
1024,512,16,8192,285.6962865671642
1024,512,16,16384,468.87947462686566
1024,512,32,16,100.96328597014926
1024,512,32,32,103.15861970149254
1024,512,32,64,105.03941731343284
1024,512,32,128,108.61907104477612
1024,512,32,256,114.44761791044775
1024,512,32,512,126.61803940298508
1024,512,32,1024,149.98979820895522
1024,512,32,2048,197.21494925373133
1024,512,32,4096,290.0311880597015
1024,512,32,8192,475.18825074626864
1024,512,32,16384,847.8232835820895
1024,512,64,16,103.4729552238806
1024,512,64,32,107.29252298507463
1024,512,64,64,110.59194268656715
1024,512,64,128,117.56509611940298
1024,512,64,256,128.8027414925373
1024,512,64,512,152.37991164179104
1024,512,64,1024,199.89612895522387
1024,512,64,2048,294.46839402985074
1024,512,64,4096,481.1981373134328
1024,512,64,8192,863.9673313432835
1024,512,64,16384,1618.1479164179104
1024,512,128,16,107.9199904477612
1024,512,128,32,113.82717134328358
1024,512,128,64,120.08579820895523
1024,512,128,128,132.34809313432834
1024,512,128,256,155.3521576119403
1024,512,128,512,201.81865074626864
1024,512,128,1024,294.8174328358209
1024,512,128,2048,482.30342686567167
1024,512,128,4096,857.7127164179104
1024,512,128,8192,1602.902543283582
1024,512,128,16384,3103.9178507462684
1024,1024,0,0,133.52940895522386
1024,1024,1,16,134.84071164179105
1024,1024,1,32,135.08503880597013
1024,1024,1,64,135.85493014925373
1024,1024,1,128,137.12832
1024,1024,1,256,137.21618149253732
1024,1024,1,512,137.6097528358209
1024,1024,1,1024,137.9134567164179
1024,1024,1,2048,139.84139462686565
1024,1024,1,4096,143.7740991044776
1024,1024,1,8192,149.39081552238807
1024,1024,1,16384,160.70749611940298
1024,1024,2,16,134.85796298507464
1024,1024,2,32,135.54280119402983
1024,1024,2,64,135.71391044776118
1024,1024,2,128,137.28438447761195
1024,1024,2,256,137.37645850746267
1024,1024,2,512,138.5104334328358
1024,1024,2,1024,140.13446686567164
1024,1024,2,2048,143.67981850746267
1024,1024,2,4096,149.02933970149252
1024,1024,2,8192,160.99434985074626
1024,1024,2,16384,183.3476776119403
1024,1024,4,16,134.77892776119404
1024,1024,4,32,135.32876417910447
1024,1024,4,64,135.90006447761192
1024,1024,4,128,137.52409791044775
1024,1024,4,256,138.41194029850746
1024,1024,4,512,140.27348059701492
1024,1024,4,1024,143.88743641791046
1024,1024,4,2048,150.09912358208953
1024,1024,4,4096,161.36023880597014
1024,1024,4,8192,184.6529623880597
1024,1024,4,16384,231.37260895522388
1024,1024,8,16,135.1361910447761
1024,1024,8,32,136.07338029850746
1024,1024,8,64,136.13757134328358
1024,1024,8,128,138.98765373134327
1024,1024,8,256,140.72502447761192
1024,1024,8,512,143.69265671641793
1024,1024,8,1024,149.88709253731344
1024,1024,8,2048,161.99573014925372
1024,1024,8,4096,185.1043056716418
1024,1024,8,8192,230.89518805970147
1024,1024,8,16384,323.5268776119403
1024,1024,16,16,135.6904405970149
1024,1024,16,32,136.81599044776118
1024,1024,16,64,137.69099462686566
1024,1024,16,128,139.76857791044776
1024,1024,16,256,143.1321886567164
1024,1024,16,512,149.40365373134327
1024,1024,16,1024,160.91531462686567
1024,1024,16,2048,184.48586507462684
1024,1024,16,4096,229.79190447761192
1024,1024,16,8192,322.26712835820894
1024,1024,16,16384,505.620823880597
1024,1024,32,16,137.23523820895522
1024,1024,32,32,139.51602626865673
1024,1024,32,64,141.2172895522388
1024,1024,32,128,144.7835032835821
1024,1024,32,256,150.5976071641791
1024,1024,32,512,162.6761552238806
1024,1024,32,1024,186.42443462686566
1024,1024,32,2048,232.8690626865672
1024,1024,32,4096,325.7414686567164
1024,1024,32,8192,511.8593910447761
1024,1024,32,16384,884.6649313432836
1024,1024,64,16,139.53528358208956
1024,1024,64,32,143.40821014925373
1024,1024,64,64,146.80170985074625
1024,1024,64,128,153.21880835820895
1024,1024,64,256,165.1539295522388
1024,1024,64,512,188.98565731343282
1024,1024,64,1024,236.1107104477612
1024,1024,64,2048,329.8376597014925
1024,1024,64,4096,521.1931701492538
1024,1024,64,8192,901.5150805970148
1024,1024,64,16384,1655.9885373134327
1024,1024,128,16,144.41179701492536
1024,1024,128,32,150.0347319402985
1024,1024,128,64,155.93408955223882
1024,1024,128,128,168.36348179104476
1024,1024,128,256,191.52982925373132
1024,1024,128,512,238.11467462686565
1024,1024,128,1024,331.02519402985075
1024,1024,128,2048,516.1722268656716
1024,1024,128,4096,889.8784477611939
1024,1024,128,8192,1654.2172656716416
1024,1024,128,16384,3141.5097313432834
1024,2048,0,0,206.65303880597017
1024,2048,1,16,208.61287164179106
1024,2048,1,32,208.8796656716418
1024,2048,1,64,209.24074029850743
1024,2048,1,128,211.01802985074627
1024,2048,1,256,210.59677611940296
1024,2048,1,512,210.87560597014925
1024,2048,1,1024,211.43326567164178
1024,2048,1,2048,213.300823880597
1024,2048,1,4096,217.34485970149254
1024,2048,1,8192,223.05786268656718
1024,2048,1,16384,234.5219820895522
1024,2048,2,16,207.9649432835821
1024,2048,2,32,209.01005373134328
1024,2048,2,64,209.49148656716415
1024,2048,2,128,210.76728358208956
1024,2048,2,256,210.9939582089552
1024,2048,2,512,211.97688358208956
1024,2048,2,1024,213.9467462686567
1024,2048,2,2048,216.98779701492538
1024,2048,2,4096,222.04083582089552
1024,2048,2,8192,234.35949850746266
1024,2048,2,16384,255.3238925373134
1024,2048,4,16,208.2638328358209
1024,2048,4,32,208.58478805970148
1024,2048,4,64,209.34906268656718
1024,2048,4,128,210.8936597014925
1024,2048,4,256,212.08119402985074
1024,2048,4,512,213.57363582089553
1024,2048,4,1024,217.00986268656715
1024,2048,4,2048,223.12606567164178
1024,2048,4,4096,234.94524179104477
1024,2048,4,8192,258.8724537313433
1024,2048,4,16384,303.6156179104477
1024,2048,8,16,208.27787462686567
1024,2048,8,32,209.12840597014923
1024,2048,8,64,209.59178507462684
1024,2048,8,128,211.9528119402985
1024,2048,8,256,214.09518805970148
1024,2048,8,512,217.33683582089552
1024,2048,8,1024,223.24441791044777
1024,2048,8,2048,235.54903880597016
1024,2048,8,4096,257.7150089552239
1024,2048,8,8192,303.81822089552236
1024,2048,8,16384,395.8822208955224
1024,2048,16,16,208.8957134328358
1024,2048,16,32,210.5907582089552
1024,2048,16,64,211.59173731343282
1024,2048,16,128,212.73112835820896
1024,2048,16,256,216.18340298507462
1024,2048,16,512,222.09299104477614
1024,2048,16,1024,234.24315223880598
1024,2048,16,2048,257.58662686567163
1024,2048,16,4096,304.05693134328357
1024,2048,16,8192,395.89225074626864
1024,2048,16,16384,577.0654567164179
1024,2048,32,16,210.48243582089552
1024,2048,32,32,212.87555820895523
1024,2048,32,64,214.1894686567164
1024,2048,32,128,218.02889552238807
1024,2048,32,256,223.82013134328358
1024,2048,32,512,236.15283582089552
1024,2048,32,1024,258.6477850746269
1024,2048,32,2048,306.0508656716418
1024,2048,32,4096,399.01554626865675
1024,2048,32,8192,584.9629611940298
1024,2048,32,16384,959.6440835820895
1024,2048,64,16,213.19450746268654
1024,2048,64,32,216.9637253731343
1024,2048,64,64,220.2073791044776
1024,2048,64,128,226.0086447761194
1024,2048,64,256,238.18889552238807
1024,2048,64,512,262.5132895522388
1024,2048,64,1024,309.2804776119403
1024,2048,64,2048,404.21100895522386
1024,2048,64,4096,593.6568358208955
1024,2048,64,8192,973.0259104477611
1024,2048,64,16384,1735.4811223880597
1024,2048,128,16,217.49731343283582
1024,2048,128,32,223.37881791044774
1024,2048,128,64,229.815976119403
1024,2048,128,128,241.2740776119403
1024,2048,128,256,264.7519522388059
1024,2048,128,512,310.81303880597017
1024,2048,128,1024,404.1006805970149
1024,2048,128,2048,589.147414925373
1024,2048,128,4096,968.4823880597015
1024,2048,128,8192,1711.553910447761
1024,2048,128,16384,3214.7878208955226
1024,4096,0,0,353.12897910447765
1024,4096,1,16,354.6515104477612
1024,4096,1,32,355.35560597014927
1024,4096,1,64,355.59832835820896
1024,4096,1,128,357.3094208955224
1024,4096,1,256,356.81595223880595
1024,4096,1,512,357.50600597014926
1024,4096,1,1024,357.9814208955224
1024,4096,1,2048,359.71859104477613
1024,4096,1,4096,363.51589253731345
1024,4096,1,8192,369.0222805970149
1024,4096,1,16384,380.79933134328354
1024,4096,2,16,354.6515104477612
1024,4096,2,32,355.5642268656716
1024,4096,2,64,355.41979701492534
1024,4096,2,128,357.132895522388
1024,4096,2,256,356.97241791044775
1024,4096,2,512,358.6774925373134
1024,4096,2,1024,360.1659223880597
1024,4096,2,2048,363.0926328358209
1024,4096,2,4096,368.5468656716418
1024,4096,2,8192,381.040047761194
1024,4096,2,16384,402.5580895522388
1024,4096,4,16,354.563247761194
1024,4096,4,32,354.81399402985073
1024,4096,4,64,355.7768597014925
1024,4096,4,128,356.79188059701494
1024,4096,4,256,358.69153432835816
1024,4096,4,512,359.4517970149254
1024,4096,4,1024,362.7636537313433
1024,4096,4,2048,369.8306865671642
1024,4096,4,4096,381.1323223880597
1024,4096,4,8192,404.4517253731343
1024,4096,4,16384,450.3744
1024,4096,8,16,355.24728358208955
1024,4096,8,32,355.2192
1024,4096,8,64,355.9513791044776
1024,4096,8,128,358.29435223880597
1024,4096,8,256,360.4287044776119
1024,4096,8,512,363.0424835820895
1024,4096,8,1024,369.3953910447761
1024,4096,8,2048,381.7922865671642
1024,4096,8,4096,405.02944477611936
1024,4096,8,8192,450.3563462686567
1024,4096,8,16384,543.3109970149253
1024,4096,16,16,354.8561194029851
1024,4096,16,32,356.78786865671646
1024,4096,16,64,357.11082985074626
1024,4096,16,128,359.72460895522386
1024,4096,16,256,362.8398805970149
1024,4096,16,512,368.18779701492537
1024,4096,16,1024,381.22660298507463
1024,4096,16,2048,403.7897552238806
1024,4096,16,4096,449.3393194029851
1024,4096,16,8192,540.6651223880597
1024,4096,16,16384,725.2444656716417
1024,4096,32,16,357.21514029850744
1024,4096,32,32,359.16293731343285
1024,4096,32,64,361.12076417910447
1024,4096,32,128,364.46672238805974
1024,4096,32,256,369.60200597014926
1024,4096,32,512,382.0811462686567
1024,4096,32,1024,405.0194149253731
1024,4096,32,2048,452.76952835820896
1024,4096,32,4096,544.7613134328358
1024,4096,32,8192,732.187128358209
1024,4096,32,16384,1103.480167164179
1024,4096,64,16,359.05662089552237
1024,4096,64,32,362.7797014925373
1024,4096,64,64,365.94712835820894
1024,4096,64,128,372.3541970149254
1024,4096,64,256,384.46022686567164
1024,4096,64,512,408.40950447761196
1024,4096,64,1024,455.0222328358209
1024,4096,64,2048,550.9978746268656
1024,4096,64,4096,739.240119402985
1024,4096,64,8192,1119.3754746268658
1024,4096,64,16384,1870.9984477611938
1024,4096,128,16,363.4296358208955
1024,4096,128,32,370.12757014925376
1024,4096,128,64,375.6419820895522
1024,4096,128,128,388.297647761194
1024,4096,128,256,410.93502089552237
1024,4096,128,512,457.37322985074627
1024,4096,128,1024,551.7882268656716
1024,4096,128,2048,735.2281791044776
1024,4096,128,4096,1112.9002029850744
1024,4096,128,8192,1867.2312358208956
1024,4096,128,16384,3359.0571940298505
1024,8192,0,0,650.0366328358209
1024,8192,1,16,651.9764059701492
1024,8192,1,32,651.8921552238806
1024,8192,1,64,652.9894208955224
1024,8192,1,128,654.4377313432835
1024,8192,1,256,654.503928358209
1024,8192,1,512,654.4056358208956
1024,8192,1,1024,654.9251820895522
1024,8192,1,2048,657.0675582089552
1024,8192,1,4096,660.2389970149253
1024,8192,1,8192,665.8938268656716
1024,8192,1,16384,678.0580298507463
1024,8192,2,16,651.4628776119403
1024,8192,2,32,652.7426865671641
1024,8192,2,64,653.2481910447761
1024,8192,2,128,654.503928358209
1024,8192,2,256,654.0565970149254
1024,8192,2,512,655.3544597014925
1024,8192,2,1024,656.6242388059701
1024,8192,2,2048,660.0323820895522
1024,8192,2,4096,665.7895164179105
1024,8192,2,8192,677.660847761194
1024,8192,2,16384,699.3895164179104
1024,8192,4,16,651.4127283582089
1024,8192,4,32,651.5190447761194
1024,8192,4,64,652.0827223880597
1024,8192,4,128,653.2461850746269
1024,8192,4,256,654.1388417910448
1024,8192,4,512,656.8810029850746
1024,8192,4,1024,659.8478328358209
1024,8192,4,2048,665.7614328358209
1024,8192,4,4096,677.9497074626865
1024,8192,4,8192,701.4456358208955
1024,8192,4,16384,746.6040358208954
1024,8192,8,16,651.8680835820895
1024,8192,8,32,651.9102089552239
1024,8192,8,64,652.3836179104477
1024,8192,8,128,654.8449432835821
1024,8192,8,256,656.6643582089553
1024,8192,8,512,659.8558567164179
1024,8192,8,1024,665.7834985074627
1024,8192,8,2048,677.8012656716418
1024,8192,8,4096,700.785671641791
1024,8192,8,8192,746.8266985074627
1024,8192,8,16384,838.8706388059701
1024,8192,16,16,652.4357731343283
1024,8192,16,32,652.6644537313433
1024,8192,16,64,653.5310328358208
1024,8192,16,128,656.1849313432836
1024,8192,16,256,658.8087402985074
1024,8192,16,512,665.5748776119402
1024,8192,16,1024,677.0129194029851
1024,8192,16,2048,700.0695402985074
1024,8192,16,4096,746.6421492537313
1024,8192,16,8192,837.1033791044777
1024,8192,16,16384,1020.9003940298508
1024,8192,32,16,653.4568119402985
1024,8192,32,32,655.5610746268657
1024,8192,32,64,657.6091701492537
1024,8192,32,128,661.1196179104478
1024,8192,32,256,666.5658268656716
1024,8192,32,512,678.8684417910447
1024,8192,32,1024,702.2339820895522
1024,8192,32,2048,750.0663402985075
1024,8192,32,4096,840.7702925373135
1024,8192,32,8192,1029.6504358208956
1024,8192,32,16384,1401.1882029850747
1024,8192,64,16,655.9702925373134
1024,8192,64,32,659.6392119402985
1024,8192,64,64,662.8146626865672
1024,8192,64,128,669.430352238806
1024,8192,64,256,681.5644656716418
1024,8192,64,512,705.0764417910448
1024,8192,64,1024,752.6199402985075
1024,8192,64,2048,846.8764656716418
1024,8192,64,4096,1035.3594268656716
1024,8192,64,8192,1416.820728358209
1024,8192,64,16384,2173.8698507462686
1024,8192,128,16,659.9722029850747
1024,8192,128,32,666.1385552238806
1024,8192,128,64,672.521552238806
1024,8192,128,128,684.2183641791045
1024,8192,128,256,707.5678567164179
1024,8192,128,512,753.9880119402984
1024,8192,128,1024,846.5996417910446
1024,8192,128,2048,1033.3975880597013
1024,8192,128,4096,1408.3755940298506
1024,8192,128,8192,2155.6355820895524
1024,8192,128,16384,3613.634865671642
1024,16384,0,0,1246.172847761194
1024,16384,1,16,1248.4937552238807
1024,16384,1,32,1246.7204776119404
1024,16384,1,64,1250.5278089552237
1024,16384,1,128,1250.7765492537314
1024,16384,1,256,1250.6261014925374
1024,16384,1,512,1250.7966089552237
1024,16384,1,1024,1253.059343283582
1024,16384,1,2048,1253.9981373134328
1024,16384,1,4096,1258.4955223880597
1024,16384,1,8192,1263.1513791044777
1024,16384,1,16384,1275.8812656716418
1024,16384,2,16,1246.9993074626864
1024,16384,2,32,1249.2620417910448
1024,16384,2,64,1249.9962268656716
1024,16384,2,128,1250.7103522388059
1024,16384,2,256,1250.4997253731344
1024,16384,2,512,1251.6090268656717
1024,16384,2,1024,1254.1826865671642
1024,16384,2,2048,1257.9799880597016
1024,16384,2,4096,1264.3128358208955
1024,16384,2,8192,1275.8953074626866
1024,16384,2,16384,1296.6952119402986
1024,16384,4,16,1246.8047283582089
1024,16384,4,32,1246.9371223880596
1024,16384,4,64,1247.8979820895522
1024,16384,4,128,1249.5589253731343
1024,16384,4,256,1250.467629850746
1024,16384,4,512,1252.28503880597
1024,16384,4,1024,1255.0793552238806
1024,16384,4,2048,1261.8394746268657
1024,16384,4,4096,1274.6034626865671
1024,16384,4,8192,1297.2147582089553
1024,16384,4,16384,1344.2246686567164
1024,16384,8,16,1247.895976119403
1024,16384,8,32,1248.3513313432836
1024,16384,8,64,1248.694352238806
1024,16384,8,128,1250.6702328358208
1024,16384,8,256,1253.446495522388
1024,16384,8,512,1255.747343283582
1024,16384,8,1024,1262.1804895522387
1024,16384,8,2048,1274.3105910447762
1024,16384,8,4096,1297.2067343283582
1024,16384,8,8192,1343.9899701492536
1024,16384,8,16384,1435.0890985074627
1024,16384,16,16,1249.0092895522387
1024,16384,16,32,1248.4676776119404
1024,16384,16,64,1249.7856
1024,16384,16,128,1252.0583641791045
1024,16384,16,256,1255.075343283582
1024,16384,16,512,1261.865552238806
1024,16384,16,1024,1273.2694925373132
1024,16384,16,2048,1297.403319402985
1024,16384,16,4096,1342.9428537313431
1024,16384,16,8192,1434.8323343283582
1024,16384,16,16384,1616.4588895522388
1024,16384,32,16,1249.2500059701492
1024,16384,32,32,1251.3703164179103
1024,16384,32,64,1253.5508059701492
1024,16384,32,128,1257.6409791044775
1024,16384,32,256,1262.563629850746
1024,16384,32,512,1274.4008597014924
1024,16384,32,1024,1299.2187223880596
1024,16384,32,2048,1346.0200119402984
1024,16384,32,4096,1437.6567402985074
1024,16384,32,8192,1625.1146507462686
1024,16384,32,16384,1994.7928835820896
1024,16384,64,16,1252.244919402985
1024,16384,64,32,1256.9128119402983
1024,16384,64,64,1259.2658149253732
1024,16384,64,128,1265.5525253731344
1024,16384,64,256,1277.837086567164
1024,16384,64,512,1301.1765492537313
1024,16384,64,1024,1348.3449313432834
1024,16384,64,2048,1441.1270686567163
1024,16384,64,4096,1633.0362268656716
1024,16384,64,8192,2012.9308656716419
1024,16384,64,16384,2769.5226268656716
1024,16384,128,16,1118.4747940298507
1024,16384,128,32,1124.0874985074627
1024,16384,128,64,1268.491271641791
1024,16384,128,128,1281.7386985074627
1024,16384,128,256,1303.7181134328357
1024,16384,128,512,1350.134256716418
1024,16384,128,1024,1444.0277014925373
1024,16384,128,2048,1628.8658149253731
1024,16384,128,4096,2007.2740298507463
1024,16384,128,8192,2752.150925373134
1024,16384,128,16384,4252.315701492537
2048,0,0,0,180.6516537313433
2048,0,1,16,181.82835582089552
2048,0,1,32,182.2606423880597
2048,0,1,64,182.98399522388058
2048,0,1,128,184.1651104477612
2048,0,1,256,184.21846925373134
2048,0,1,512,184.40041074626865
2048,0,1,1024,184.75366208955222
2048,0,1,2048,187.0515008955224
2048,0,1,4096,190.88771820895522
2048,0,1,8192,196.25228417910446
2048,0,1,16384,208.34206567164176
2048,0,2,16,182.09194029850747
2048,0,2,32,182.5368644776119
2048,0,2,64,182.77437134328358
2048,0,2,128,183.83532895522387
2048,0,2,256,184.55667582089552
2048,0,2,512,185.00180059701492
2048,0,2,1024,186.94879522388058
2048,0,2,2048,190.31661850746266
2048,0,2,4096,196.0936119402985
2048,0,2,8192,207.932847761194
2048,0,2,16384,230.55818507462683
2048,0,4,16,181.9846208955224
2048,0,4,32,182.6479952238806
2048,0,4,64,182.75712000000001
2048,0,4,128,184.7598805970149
2048,0,4,256,185.50870925373135
2048,0,4,512,187.61397492537313
2048,0,4,1024,190.63336119402985
2048,0,4,2048,196.9134519402985
2048,0,4,4096,208.65098507462687
2048,0,4,8192,231.84200597014924
2048,0,4,16384,278.5851223880597
2048,0,8,16,181.99525253731343
2048,0,8,32,183.00967164179104
2048,0,8,64,183.29853134328357
2048,0,8,128,185.50469731343284
2048,0,8,256,187.46011701492537
2048,0,8,512,191.05481552238805
2048,0,8,1024,197.09960597014927
2048,0,8,2048,208.97595223880597
2048,0,8,4096,231.83799402985073
2048,0,8,8192,278.3965611940298
2048,0,8,16384,369.4595820895522
2048,0,16,16,182.98820776119402
2048,0,16,32,184.05157253731343
2048,0,16,64,184.76389253731344
2048,0,16,128,186.9724656716418
2048,0,16,256,189.90579582089552
2048,0,16,512,196.31627462686566
2048,0,16,1024,207.8726686567164
2048,0,16,2048,230.76881194029852
2048,0,16,4096,277.01444776119405
2048,0,16,8192,369.8467343283582
2048,0,16,16384,551.2044895522388
2048,0,32,16,184.0858746268657
2048,0,32,32,186.12514388059702
2048,0,32,64,188.33110925373134
2048,0,32,128,191.99180417910446
2048,0,32,256,197.80330029850745
2048,0,32,512,209.53962985074625
2048,0,32,1024,233.21007761194028
2048,0,32,2048,279.7606208955224
2048,0,32,4096,373.4314029850746
2048,0,32,8192,560.4580298507462
2048,0,32,16384,930.8824835820897
2048,0,64,16,186.53997850746268
2048,0,64,32,190.36155223880596
2048,0,64,64,193.60520597014926
2048,0,64,128,200.1912071641791
2048,0,64,256,212.12733134328357
2048,0,64,512,235.6593671641791
2048,0,64,1024,283.17879402985074
2048,0,64,2048,376.5065552238806
2048,0,64,4096,566.7046208955225
2048,0,64,8192,947.2612298507463
2048,0,64,16384,1697.0567641791047
2048,0,128,16,191.1083749253731
2048,0,128,32,197.3712143283582
2048,0,128,64,203.28902686567162
2048,0,128,128,215.45322985074625
2048,0,128,256,239.18586268656713
2048,0,128,512,285.00021492537314
2048,0,128,1024,378.2437253731343
2048,0,128,2048,565.2803820895522
2048,0,128,4096,941.6565492537314
2048,0,128,8192,1693.4179343283581
2048,0,128,16384,3187.306029850746
2048,16,0,0,185.3931653731343
2048,16,1,16,187.21177791044775
2048,16,1,32,187.67636059701493
2048,16,1,64,188.09360238805968
2048,16,1,128,189.28534925373134
2048,16,1,256,189.56979582089554
2048,16,1,512,189.66407641791045
2048,16,1,1024,190.07048597014924
2048,16,1,2048,192.2616071641791
2048,16,1,4096,195.9353408955224
2048,16,1,8192,201.46158805970148
2048,16,1,16384,212.77927164179104
2048,16,2,16,187.1863020895522
2048,16,2,32,187.40455164179104
2048,16,2,64,187.89461014925374
2048,16,2,128,189.33449552238807
2048,16,2,256,189.4779223880597
2048,16,2,512,190.2139128358209
2048,16,2,1024,192.17595223880596
2048,16,2,2048,195.6721576119403
2048,16,2,4096,200.9801552238806
2048,16,2,8192,213.1483701492537
2048,16,2,16384,235.11775522388058
2048,16,4,16,187.01098029850746
2048,16,4,32,187.60554985074626
2048,16,4,64,187.97805850746266
2048,16,4,128,189.6107176119403
2048,16,4,256,190.73606686567163
2048,16,4,512,192.86921552238806
2048,16,4,1024,195.62100537313432
2048,16,4,2048,202.15164179104477
2048,16,4,4096,213.56962388059702
2048,16,4,8192,237.2761791044776
2048,16,4,16384,282.8899343283582
2048,16,8,16,187.19211940298507
2048,16,8,32,187.93934328358208
2048,16,8,64,188.52147582089552
2048,16,8,128,190.7832071641791
2048,16,8,256,192.53542208955224
2048,16,8,512,196.14937791044775
2048,16,8,1024,202.34020298507463
2048,16,8,2048,213.5836656716418
2048,16,8,4096,237.4587223880597
2048,16,8,8192,283.69432835820896
2048,16,8,16384,374.07531940298503
2048,16,16,16,187.95659462686567
2048,16,16,32,189.02637850746268
2048,16,16,64,190.40869253731344
2048,16,16,128,192.16953313432836
2048,16,16,256,195.3022567164179
2048,16,16,512,201.78856119402985
2048,16,16,1024,213.56962388059702
2048,16,16,2048,236.47579701492535
2048,16,16,4096,282.5449074626866
2048,16,16,8192,375.1625552238806
2048,16,16,16384,559.1942686567164
2048,16,32,16,189.45445253731341
2048,16,32,32,191.49352119402985
2048,16,32,64,193.59898746268658
2048,16,32,128,196.90903880597014
2048,16,32,256,202.51271641791044
2048,16,32,512,214.89757611940297
2048,16,32,1024,238.61014925373135
2048,16,32,2048,285.19880597014924
2048,16,32,4096,378.3841432835821
2048,16,32,8192,564.5221253731344
2048,16,32,16384,937.7709850746268
2048,16,64,16,191.9364394029851
2048,16,64,32,195.68940895522388
2048,16,64,64,198.99725373134328
2048,16,64,128,205.15457910447762
2048,16,64,256,217.4250985074627
2048,16,64,512,240.9531223880597
2048,16,64,1024,287.47558208955223
2048,16,64,2048,383.54149253731345
2048,16,64,4096,570.8068298507462
2048,16,64,8192,950.6412895522388
2048,16,64,16384,1714.6330746268657
2048,16,128,16,171.42118208955222
2048,16,128,32,176.873007761194
2048,16,128,64,208.5446686567164
2048,16,128,128,220.69683582089553
2048,16,128,256,243.74743880597012
2048,16,128,512,290.7573492537313
2048,16,128,1024,384.54648358208954
2048,16,128,2048,571.8780179104477
2048,16,128,4096,945.3635820895522
2048,16,128,8192,1691.3959164179103
2048,16,128,16384,3208.3887761194032
2048,32,0,0,185.0593719402985
2048,32,1,16,186.27258268656715
2048,32,1,32,187.26553791044776
2048,32,1,64,187.59271164179106
2048,32,1,128,188.84684417910447
2048,32,1,256,189.18264358208953
2048,32,1,512,189.3752167164179
2048,32,1,1024,189.64883104477613
2048,32,1,2048,192.1075486567164
2048,32,1,4096,195.4049623880597
2048,32,1,8192,200.9019223880597
2048,32,1,16384,212.7251104477612
2048,32,2,16,186.96604656716417
2048,32,2,32,186.8974423880597
2048,32,2,64,187.76201552238805
2048,32,2,128,188.90662208955223
2048,32,2,256,189.0329982089552
2048,32,2,512,189.7262614925373
2048,32,2,1024,191.66683701492536
2048,32,2,2048,195.6039546268657
2048,32,2,4096,201.2349134328358
2048,32,2,8192,212.7291223880597
2048,32,2,16384,234.58216119402985
2048,32,4,16,186.57006805970147
2048,32,4,32,186.93796298507462
2048,32,4,64,188.01877970149255
2048,32,4,128,189.45224597014925
2048,32,4,256,190.0257528358209
2048,32,4,512,192.2275056716418
2048,32,4,1024,195.7237110447761
2048,32,4,2048,201.9390089552239
2048,32,4,4096,213.51746865671643
2048,32,4,8192,237.79171343283582
2048,32,4,16384,282.31622686567164
2048,32,8,16,186.90807402985075
2048,32,8,32,187.73212656716416
2048,32,8,64,188.25187343283582
2048,32,8,128,190.5412871641791
2048,32,8,256,191.97916656716419
2048,32,8,512,195.93333492537312
2048,32,8,1024,201.9590686567164
2048,32,8,2048,213.70201791044775
2048,32,8,4096,236.7867223880597
2048,32,8,8192,282.7816119402985
2048,32,8,16384,373.21475820895523
2048,32,16,16,187.52450865671642
2048,32,16,32,188.73771940298508
2048,32,16,64,189.59767880597016
2048,32,16,128,191.47867701492535
2048,32,16,256,195.02182208955224
2048,32,16,512,201.12057313432837
2048,32,16,1024,212.87154626865672
2048,32,16,2048,236.5399880597015
2048,32,16,4096,281.69237014925375
2048,32,16,8192,373.73229850746264
2048,32,16,16384,556.5183044776119
2048,32,32,16,188.73771940298508
2048,32,32,32,191.0828991044776
2048,32,32,64,193.11334208955222
2048,32,32,128,196.5110543283582
2048,32,32,256,202.82564776119403
2048,32,32,512,214.58665074626865
2048,32,32,1024,237.85389850746267
2048,32,32,2048,284.374352238806
2048,32,32,4096,377.77031641791046
2048,32,32,8192,563.9263522388059
2048,32,32,16384,934.8001432835821
2048,32,64,16,191.21749970149253
2048,32,64,32,195.01540298507462
2048,32,64,64,198.69996895522388
2048,32,64,128,205.0201791044776
2048,32,64,256,216.3238208955224
2048,32,64,512,240.72444179104477
2048,32,64,1024,287.1867223880597
2048,32,64,2048,381.6438447761194
2048,32,64,4096,571.6172417910448
2048,32,64,8192,950.5470089552239
2048,32,64,16384,1706.1859343283584
2048,32,128,16,195.80074029850746
2048,32,128,32,201.60802388059702
2048,32,128,64,207.95892537313432
2048,32,128,128,220.49022089552238
2048,32,128,256,243.23591641791043
2048,32,128,512,289.4454447761194
2048,32,128,1024,382.8694925373134
2048,32,128,2048,572.9492059701493
2048,32,128,4096,942.342591044776
2048,32,128,8192,1691.8873791044775
2048,32,128,16384,3192.5014925373134
2048,64,0,0,189.04804298507463
2048,64,1,16,190.50497910447763
2048,64,1,32,190.81530268656715
2048,64,1,64,191.42090507462686
2048,64,1,128,192.89930507462685
2048,64,1,256,192.88225432835821
2048,64,1,512,192.91434985074628
2048,64,1,1024,193.5518471641791
2048,64,1,2048,195.5140871641791
2048,64,1,4096,199.4062710447761
2048,64,1,8192,205.00212537313433
2048,64,1,16384,216.68890746268656
2048,64,2,16,190.33366925373133
2048,64,2,32,190.9350591044776
2048,64,2,64,191.59622686567164
2048,64,2,128,192.90131104477612
2048,64,2,256,192.94423880597014
2048,64,2,512,194.08463283582088
2048,64,2,1024,195.5694519402985
2048,64,2,2048,199.09173492537312
2048,64,2,4096,204.88377313432835
2048,64,2,8192,216.34989850746268
2048,64,2,16384,238.4556895522388
2048,64,4,16,190.47930268656717
2048,64,4,32,191.08490507462687
2048,64,4,64,191.52561671641791
2048,64,4,128,193.27803223880596
2048,64,4,256,193.99255880597016
2048,64,4,512,196.03182805970147
2048,64,4,1024,199.4638423880597
2048,64,4,2048,205.68214925373132
2048,64,4,4096,217.37294328358212
2048,64,4,8192,240.56797611940297
2048,64,4,16384,286.145623880597
2048,64,8,16,190.91359522388058
2048,64,8,32,191.41849791044777
2048,64,8,64,191.93222686567162
2048,64,8,128,194.6174185074627
2048,64,8,256,196.33151999999998
2048,64,8,512,199.4766805970149
2048,64,8,1024,205.53370746268655
2048,64,8,2048,217.56752238805967
2048,64,8,4096,240.63617910447758
2048,64,8,8192,286.10550447761193
2048,64,8,16384,378.30791641791046
2048,64,16,16,191.2259247761194
2048,64,16,32,192.33642985074627
2048,64,16,64,193.5004943283582
2048,64,16,128,195.67877731343282
2048,64,16,256,198.69134328358209
2048,64,16,512,204.8897910447761
2048,64,16,1024,217.23453134328358
2048,64,16,2048,240.50378507462688
2048,64,16,4096,285.82466865671637
2048,64,16,8192,377.51756417910445
2048,64,16,16384,560.5282388059702
2048,64,32,16,193.1153480597015
2048,64,32,32,195.02182208955224
2048,64,32,64,197.15938388059703
2048,64,32,128,200.40323820895523
2048,64,32,256,206.64501492537315
2048,64,32,512,218.6306865671642
2048,64,32,1024,241.61108059701493
2048,64,32,2048,289.16460895522385
2048,64,32,4096,382.13931940298505
2048,64,32,8192,568.7527164179105
2048,64,32,16384,941.3235582089551
2048,64,64,16,195.2486973134328
2048,64,64,32,199.1342614925373
2048,64,64,64,202.56085970149252
2048,64,64,128,208.9097552238806
2048,64,64,256,220.7309373134328
2048,64,64,512,244.2730029850746
2048,64,64,1024,291.15453134328357
2048,64,64,2048,385.9566805970149
2048,64,64,4096,575.2360119402985
2048,64,64,8192,956.9721313432835
2048,64,64,16384,1715.8206089552239
2048,64,128,16,199.7675462686567
2048,64,128,32,205.6781373134328
2048,64,128,64,212.04508656716416
2048,64,128,128,223.83417313432832
2048,64,128,256,247.3521671641791
2048,64,128,512,293.4894805970149
2048,64,128,1024,386.4902686567164
2048,64,128,2048,574.1768597014925
2048,64,128,4096,953.4917731343285
2048,64,128,8192,1695.9976119402984
2048,64,128,16384,3198.4391641791044
2048,128,0,0,197.35416358208954
2048,128,1,16,198.68291820895521
2048,128,1,32,199.07448358208953
2048,128,1,64,199.61589492537314
2048,128,1,128,200.91395820895522
2048,128,1,256,201.05437611940297
2048,128,1,512,201.1406328358209
2048,128,1,1024,201.76047761194027
2048,128,1,2048,203.74839402985074
2048,128,1,4096,207.43937910447758
2048,128,1,8192,213.20253134328357
2048,128,1,16384,224.92742686567163
2048,128,2,16,198.5713862686567
2048,128,2,32,199.19644656716417
2048,128,2,64,199.92381134328357
2048,128,2,128,200.9239880597015
2048,128,2,256,201.12458507462685
2048,128,2,512,202.28202985074626
2048,128,2,1024,203.75641791044777
2048,128,2,2048,207.6821014925373
2048,128,2,4096,212.98588656716416
2048,128,2,8192,224.5162029850746
2048,128,2,16384,246.95899701492536
2048,128,4,16,198.61451462686566
2048,128,4,32,199.4788871641791
2048,128,4,64,199.97315820895523
2048,128,4,128,201.39739701492536
2048,128,4,256,202.31412537313432
2048,128,4,512,204.5909014925373
2048,128,4,1024,207.82452537313432
2048,128,4,2048,213.67594029850747
2048,128,4,4096,225.47706268656717
2048,128,4,8192,248.84862089552237
2048,128,4,16384,293.427295522388
2048,128,8,16,199.15151283582088
2048,128,8,32,199.88750328358208
2048,128,8,64,200.1143785074627
2048,128,8,128,202.41843582089552
2048,128,8,256,204.2398567164179
2048,128,8,512,207.77638208955221
2048,128,8,1024,213.9948895522388
2048,128,8,2048,225.0678447761194
2048,128,8,4096,249.454423880597
2048,128,8,8192,294.8475223880597
2048,128,8,16384,386.969695522388
2048,128,16,16,199.64999641791044
2048,128,16,32,200.77354029850747
2048,128,16,64,201.61002985074626
2048,128,16,128,203.72231641791046
2048,128,16,256,206.97800597014924
2048,128,16,512,213.02600597014924
2048,128,16,1024,224.74488358208956
2048,128,16,2048,248.31302686567162
2048,128,16,4096,294.77530746268656
2048,128,16,8192,385.59961791044776
2048,128,16,16384,569.1278328358209
2048,128,32,16,201.07644179104477
2048,128,32,32,203.11049552238805
2048,128,32,64,205.34715223880596
2048,128,32,128,208.6951164179104
2048,128,32,256,214.7491343283582
2048,128,32,512,226.58235223880595
2048,128,32,1024,249.57077014925375
2048,128,32,2048,296.7893014925373
2048,128,32,4096,391.4730985074627
2048,128,32,8192,576.1025910447761
2048,128,32,16384,950.3564417910449
2048,128,64,16,203.4294447761194
2048,128,64,32,207.49955820895522
2048,128,64,64,210.81542686567164
2048,128,64,128,216.9777671641791
2048,128,64,256,229.00556417910445
2048,128,64,512,252.5115223880597
2048,128,64,1024,300.0550208955224
2048,128,64,2048,394.43591641791045
2048,128,64,4096,585.4504119402985
2048,128,64,8192,963.7001552238805
2048,128,64,16384,1720.2156895522387
2048,128,128,16,191.8465719402985
2048,128,128,32,214.07312238805972
2048,128,128,64,220.31770746268654
2048,128,128,128,232.35352835820893
2048,128,128,256,255.81936716417908
2048,128,128,512,301.4933014925373
2048,128,128,1024,394.7207641791045
2048,128,128,2048,581.8095761194029
2048,128,128,4096,954.3924537313433
2048,128,128,8192,1703.4678447761194
2048,128,128,16384,3203.4942089552237
2048,256,0,0,215.09416119402985
2048,256,1,16,216.45621492537313
2048,256,1,32,216.82130149253732
2048,256,1,64,217.5976119402985
2048,256,1,128,218.5243701492537
2048,256,1,256,218.96367761194028
2048,256,1,512,218.95364776119402
2048,256,1,1024,219.40499104477612
2048,256,1,2048,221.48518208955227
2048,256,1,4096,225.35269253731343
2048,256,1,8192,230.86710447761195
2048,256,1,16384,242.5779582089552
2048,256,2,16,216.69693134328358
2048,256,2,32,216.91758805970147
2048,256,2,64,217.42710447761195
2048,256,2,128,218.99777910447762
2048,256,2,256,218.66478805970146
2048,256,2,512,220.05893731343284
2048,256,2,1024,221.56140895522387
2048,256,2,2048,225.14407164179102
2048,256,2,4096,231.00150447761192
2048,256,2,8192,242.41146268656718
2048,256,2,16384,264.8101253731343
2048,256,4,16,216.47226268656718
2048,256,4,32,217.3809671641791
2048,256,4,64,217.9225791044776
2048,256,4,128,219.13418507462688
2048,256,4,256,220.60857313432834
2048,256,4,512,222.19730149253732
2048,256,4,1024,225.49311044776118
2048,256,4,2048,231.63739701492537
2048,256,4,4096,243.37031641791046
2048,256,4,8192,266.9525014925373
2048,256,4,16384,312.4017671641791
2048,256,8,16,216.72501492537316
2048,256,8,32,217.32881194029852
2048,256,8,64,217.93060298507464
2048,256,8,128,220.46414328358208
2048,256,8,256,222.11706268656715
2048,256,8,512,225.3065552238806
2048,256,8,1024,231.6273671641791
2048,256,8,2048,243.6712119402985
2048,256,8,4096,266.60747462686567
2048,256,8,8192,312.7909253731343
2048,256,8,16384,404.19897313432836
2048,256,16,16,217.34084776119403
2048,256,16,32,218.68885970149253
2048,256,16,64,219.41903283582087
2048,256,16,128,221.4871880597015
2048,256,16,256,224.87326567164178
2048,256,16,512,230.70261492537313
2048,256,16,1024,242.8567880597015
2048,256,16,2048,266.0718805970149
2048,256,16,4096,312.4920358208955
2048,256,16,8192,403.9462208955224
2048,256,16,16384,588.8043940298508
2048,256,32,16,218.8934686567164
2048,256,32,32,220.8974328358209
2048,256,32,64,222.91343283582088
2048,256,32,128,226.76489552238806
2048,256,32,256,232.04059701492537
2048,256,32,512,244.52776119402984
2048,256,32,1024,267.3155820895522
2048,256,32,2048,314.6043223880597
2048,256,32,4096,407.17583283582087
2048,256,32,8192,594.8423641791045
2048,256,32,16384,965.8264835820896
2048,256,64,16,221.20635223880598
2048,256,64,32,225.15410149253734
2048,256,64,64,228.28341492537314
2048,256,64,128,234.73862686567165
2048,256,64,256,246.34918208955222
2048,256,64,512,270.0938507462687
2048,256,64,1024,317.61327761194025
2048,256,64,2048,412.32114626865666
2048,256,64,4096,599.9435462686567
2048,256,64,8192,982.3255880597015
2048,256,64,16384,1745.6413611940297
2048,256,128,16,225.74786865671643
2048,256,128,32,231.82194626865672
2048,256,128,64,238.06251940298506
2048,256,128,128,250.10636417910447
2048,256,128,256,273.7366925373134
2048,256,128,512,319.73158208955226
2048,256,128,1024,411.48465671641793
2048,256,128,2048,597.9395820895522
2048,256,128,4096,975.6055880597015
2048,256,128,8192,1736.544286567164
2048,256,128,16384,3220.765611940298
2048,512,0,0,248.3611701492537
2048,512,1,16,249.9238208955224
2048,512,1,32,250.57576119402987
2048,512,1,64,250.69411343283582
2048,512,1,128,252.7943641791045
2048,512,1,256,252.44331940298508
2048,512,1,512,252.7181373134328
2048,512,1,1024,253.2096
2048,512,1,2048,255.55257313432836
2048,512,1,4096,259.28167164179104
2048,512,1,8192,264.5132417910448
2048,512,1,16384,276.50292537313436
2048,512,2,16,250.20265074626863
2048,512,2,32,250.51758805970147
2048,512,2,64,251.10333134328357
2048,512,2,128,252.34502686567163
2048,512,2,256,252.57771940298508
2048,512,2,512,253.3801074626866
2048,512,2,1024,255.2115582089552
2048,512,2,2048,258.7621253731343
2048,512,2,4096,264.3347104477612
2048,512,2,8192,276.18798805970147
2048,512,2,16384,298.50841791044775
2048,512,4,16,250.21869850746265
2048,512,4,32,250.58779701492537
2048,512,4,64,251.1414447761194
2048,512,4,128,252.78232835820896
2048,512,4,256,253.78932537313435
2048,512,4,512,255.44826268656718
2048,512,4,1024,259.40202985074626
2048,512,4,2048,265.4520358208955
2048,512,4,4096,276.94423880597014
2048,512,4,8192,300.4381611940299
2048,512,4,16384,345.6366805970149
2048,512,8,16,250.3872
2048,512,8,32,250.78438208955225
2048,512,8,64,251.48245970149256
2048,512,8,128,253.6950447761194
2048,512,8,256,255.80331940298507
2048,512,8,512,259.4481671641791
2048,512,8,1024,265.2333850746269
2048,512,8,2048,277.00241194029854
2048,512,8,4096,300.375976119403
2048,512,8,8192,346.72391641791046
2048,512,8,16384,436.86218507462684
2048,512,16,16,250.6901014925373
2048,512,16,32,251.8836537313433
2048,512,16,64,253.02103880597014
2048,512,16,128,255.41817313432836
2048,512,16,256,258.29272835820893
2048,512,16,512,264.6396179104477
2048,512,16,1024,276.1137671641791
2048,512,16,2048,299.36496716417906
2048,512,16,4096,346.45311044776116
2048,512,16,8192,437.20921791044776
2048,512,16,16384,620.3181850746269
2048,512,32,16,252.38113432835823
2048,512,32,32,254.53955820895524
2048,512,32,64,256.3649910447761
2048,512,32,128,259.92157611940297
2048,512,32,256,265.74490746268657
2048,512,32,512,277.9251582089552
2048,512,32,1024,301.214471641791
2048,512,32,2048,347.87935522388057
2048,512,32,4096,441.38564776119404
2048,512,32,8192,626.4263641791044
2048,512,32,16384,1000.212823880597
2048,512,64,16,254.83242985074625
2048,512,64,32,258.8503880597015
2048,512,64,64,261.80317611940296
2048,512,64,128,268.5853611940299
2048,512,64,256,279.83484179104477
2048,512,64,512,303.8162149253731
2048,512,64,1024,350.8602268656716
2048,512,64,2048,446.50889552238806
2048,512,64,4096,636.6668417910448
2048,512,64,8192,1016.4451343283582
2048,512,64,16384,1774.760023880597
2048,512,128,16,259.3619104477612
2048,512,128,32,265.1290746268657
2048,512,128,64,271.43183283582084
2048,512,128,128,283.4897194029851
2048,512,128,256,307.1942686567164
2048,512,128,512,353.4740059701492
2048,512,128,1024,446.4406925373134
2048,512,128,2048,634.8835343283581
2048,512,128,4096,1005.145504477612
2048,512,128,8192,1735.2163343283582
2048,512,128,16384,3256.090746268657
2048,1024,0,0,317.8259104477612
2048,1024,1,16,319.6553552238806
2048,1024,1,32,319.9141253731343
2048,1024,1,64,320.50989850746265
2048,1024,1,128,321.7836895522388
2048,1024,1,256,321.2942328358209
2048,1024,1,512,321.4226149253731
2048,1024,1,1024,322.25108059701495
2048,1024,1,2048,324.7986626865672
2048,1024,1,4096,327.68525373134327
2048,1024,1,8192,334.3872
2048,1024,1,16384,345.34581492537313
2048,1024,2,16,319.5570626865672
2048,1024,2,32,319.71754029850746
2048,1024,2,64,320.3895402985075
2048,1024,2,128,321.2340537313433
2048,1024,2,256,322.1527880597015
2048,1024,2,512,322.6903880597015
2048,1024,2,1024,324.3072
2048,1024,2,2048,328.46156417910447
2048,1024,2,4096,333.89373134328355
2048,1024,2,8192,345.53437611940296
2048,1024,2,16384,367.7324417910448
2048,1024,4,16,319.769695522388
2048,1024,4,32,320.0625671641791
2048,1024,4,64,320.13478208955223
2048,1024,4,128,322.4597014925373
2048,1024,4,256,322.97322985074624
2048,1024,4,512,325.1136
2048,1024,4,1024,327.3763343283582
2048,1024,4,2048,334.67004179104475
2048,1024,4,4096,345.61060298507465
2048,1024,4,8192,370.0032
2048,1024,4,16384,415.2157611940299
2048,1024,8,16,319.6373014925373
2048,1024,8,32,320.1187343283582
2048,1024,8,64,321.0354626865672
2048,1024,8,128,323.1377194029851
2048,1024,8,256,325.31419701492536
2048,1024,8,512,328.7925492537313
2048,1024,8,1024,334.68809552238804
2048,1024,8,2048,345.82323582089555
2048,1024,8,4096,369.22488358208955
2048,1024,8,8192,415.4825552238806
2048,1024,8,16384,508.12427462686566
2048,1024,16,16,320.14882388059704
2048,1024,16,32,321.3764776119403
2048,1024,16,64,322.11066268656714
2048,1024,16,128,324.2851343283582
2048,1024,16,256,327.3984
2048,1024,16,512,334.05019701492535
2048,1024,16,1024,345.1733014925373
2048,1024,16,2048,369.0102447761194
2048,1024,16,4096,415.2458507462687
2048,1024,16,8192,507.43221492537316
2048,1024,16,16384,690.1740895522388
2048,1024,32,16,321.65530746268655
2048,1024,32,32,324.11863880597014
2048,1024,32,64,325.4425791044776
2048,1024,32,128,329.11751641791045
2048,1024,32,256,335.62087164179104
2048,1024,32,512,347.20334328358206
2048,1024,32,1024,370.38834626865673
2048,1024,32,2048,417.2056835820896
2048,1024,32,4096,510.8523940298507
2048,1024,32,8192,696.8359164179104
2048,1024,32,16384,1069.9704358208955
2048,1024,64,16,323.88995820895525
2048,1024,64,32,328.0322865671642
2048,1024,64,64,331.5266865671642
2048,1024,64,128,337.4242388059701
2048,1024,64,256,349.6024835820895
2048,1024,64,512,372.88577910447765
2048,1024,64,1024,420.1243701492537
2048,1024,64,2048,515.305647761194
2048,1024,64,4096,703.5258268656715
2048,1024,64,8192,1084.9429970149254
2048,1024,64,16384,1842.5437611940297
2048,1024,128,16,328.66216119402986
2048,1024,128,32,334.41929552238804
2048,1024,128,64,341.22956417910444
2048,1024,128,128,352.7097313432836
2048,1024,128,256,376.2116776119403
2048,1024,128,512,422.2827940298508
2048,1024,128,1024,515.1933134328358
2048,1024,128,2048,702.8698746268657
2048,1024,128,4096,1073.831928358209
2048,1024,128,8192,1793.6181492537312
2048,1024,128,16384,3325.376955223881
2048,2048,0,0,455.5798925373134
2048,2048,1,16,457.49158208955225
2048,2048,1,32,457.774423880597
2048,2048,1,64,457.8626865671642
2048,2048,1,128,459.16857313432837
2048,2048,1,256,459.58380895522384
2048,2048,1,512,459.98700895522387
2048,2048,1,1024,460.04919402985075
2048,2048,1,2048,462.7371940298508
2048,2048,1,4096,466.40410746268657
2048,2048,1,8192,472.21540298507466
2048,2048,1,16384,483.8099104477612
2048,2048,2,16,458.29397014925377
2048,2048,2,32,457.62197014925374
2048,2048,2,64,458.32405970149256
2048,2048,2,128,460.11137910447763
2048,2048,2,256,459.54168358208955
2048,2048,2,512,460.96592238805965
2048,2048,2,1024,462.59677611940293
2048,2048,2,2048,466.2436298507463
2048,2048,2,4096,471.50930149253736
2048,2048,2,8192,483.93026865671635
2048,2048,2,16384,506.0039641791044
2048,2048,4,16,457.1726328358209
2048,2048,4,32,458.25986865671643
2048,2048,4,64,458.6710925373135
2048,2048,4,128,459.93685970149255
2048,2048,4,256,461.1264
2048,2048,4,512,462.72315223880594
2048,2048,4,1024,466.0149492537313
2048,2048,4,2048,471.82624477611944
2048,2048,4,4096,484.49795820895525
2048,2048,4,8192,507.7070328358209
2048,2048,4,16384,554.2435343283581
2048,2048,8,16,457.6380179104478
2048,2048,8,32,458.67510447761197
2048,2048,8,64,459.0742925373134
2048,2048,8,128,461.6038208955224
2048,2048,8,256,462.9939582089552
2048,2048,8,512,466.37000597014924
2048,2048,8,1024,472.1251343283582
2048,2048,8,2048,483.5732059701493
2048,2048,8,4096,508.6357970149254
2048,2048,8,8192,554.4080238805969
2048,2048,8,16384,643.816119402985
2048,2048,16,16,458.42435820895525
2048,2048,16,32,459.2969552238806
2048,2048,16,64,460.9498746268656
2048,2048,16,128,462.37611940298507
2048,2048,16,256,465.8604895522388
2048,2048,16,512,472.020823880597
2048,2048,16,1024,484.0345791044776
2048,2048,16,2048,507.64885970149254
2048,2048,16,4096,552.0810985074627
2048,2048,16,8192,644.6726686567164
2048,2048,16,16384,828.0424119402985
2048,2048,32,16,459.68611343283584
2048,2048,32,32,462.327976119403
2048,2048,32,64,464.23364776119405
2048,2048,32,128,467.2586507462687
2048,2048,32,256,473.1722507462687
2048,2048,32,512,485.87806567164176
2048,2048,32,1024,508.26870447761195
2048,2048,32,2048,555.6236417910447
2048,2048,32,4096,648.5782925373134
2048,2048,32,8192,835.0713313432836
2048,2048,32,16384,1207.1627462686567
2048,2048,64,16,452.71937910447764
2048,2048,64,32,456.438447761194
2048,2048,64,64,459.8766805970149
2048,2048,64,128,476.353719402985
2048,2048,64,256,487.374519402985
2048,2048,64,512,511.5865791044776
2048,2048,64,1024,558.0388298507462
2048,2048,64,2048,653.1759761194029
2048,2048,64,4096,841.3339701492537
2048,2048,64,8192,1222.4462328358209
2048,2048,64,16384,1959.63223880597
2048,2048,128,16,466.8313791044776
2048,2048,128,32,472.985695522388
2048,2048,128,64,478.6124417910448
2048,2048,128,128,490.90703283582087
2048,2048,128,256,514.0318567164179
2048,2048,128,512,561.7478686567164
2048,2048,128,1024,652.812895522388
2048,2048,128,2048,840.4052059701493
2048,2048,128,4096,1221.3830686567164
2048,2048,128,8192,1962.4105074626866
2048,2048,128,16384,3330.391880597015
2048,4096,0,0,743.0454447761194
2048,4096,1,16,745.5950328358209
2048,4096,1,32,745.239976119403
2048,4096,1,64,746.1366447761194
2048,4096,1,128,747.5789373134328
2048,4096,1,256,747.7494447761194
2048,4096,1,512,747.272023880597
2048,4096,1,1024,748.4294686567165
2048,4096,1,2048,750.6641194029851
2048,4096,1,4096,754.174567164179
2048,4096,1,8192,759.0691343283582
2048,4096,1,16384,771.2554029850746
2048,4096,2,16,745.5308417910447
2048,4096,2,32,746.2088597014925
2048,4096,2,64,745.4686567164179
2048,4096,2,128,747.6371104477612
2048,4096,2,256,747.4204656716418
2048,4096,2,512,748.7724895522388
2048,4096,2,1024,750.615976119403
2048,4096,2,2048,753.7934328358209
2048,4096,2,4096,758.9447641791045
2048,4096,2,8192,771.5021373134329
2048,4096,2,16384,792.9319164179104
2048,4096,4,16,744.3874388059702
2048,4096,4,32,745.7033552238806
2048,4096,4,64,746.1607164179104
2048,4096,4,128,747.6651940298507
2048,4096,4,256,748.8848238805971
2048,4096,4,512,750.7403462686567
2048,4096,4,1024,753.4724776119403
2048,4096,4,2048,760.0620895522388
2048,4096,4,4096,771.3797731343284
2048,4096,4,8192,794.6710925373135
2048,4096,4,16384,840.8104119402985
2048,4096,8,16,744.5639641791045
2048,4096,8,32,744.5098029850745
2048,4096,8,64,746.078471641791
2048,4096,8,128,748.3191402985075
2048,4096,8,256,750.8767522388059
2048,4096,8,512,754.2808835820895
2048,4096,8,1024,759.9156537313432
2048,4096,8,2048,772.2403343283582
2048,4096,8,4096,795.403271641791
2048,4096,8,8192,840.9809194029851
2048,4096,8,16384,933.2535402985075
2048,4096,16,16,746.4275104477612
2048,4096,16,32,747.6932776119403
2048,4096,16,64,747.8958805970149
2048,4096,16,128,749.7353552238806
2048,4096,16,256,752.6339820895522
2048,4096,16,512,759.1112597014926
2048,4096,16,1024,770.6175044776119
2048,4096,16,2048,793.8506507462687
2048,4096,16,4096,840.7803223880597
2048,4096,16,8192,932.2004059701493
2048,4096,16,16384,1115.1549134328359
2048,4096,32,16,747.035319402985
2048,4096,32,32,749.7674507462687
2048,4096,32,64,750.4575044776119
2048,4096,32,128,754.3230089552238
2048,4096,32,256,760.9768119402985
2048,4096,32,512,771.883271641791
2048,4096,32,1024,794.4765134328358
2048,4096,32,2048,843.2155701492536
2048,4096,32,4096,935.0528955223881
2048,4096,32,8192,1122.097576119403
2048,4096,32,16384,1495.8138268656717
2048,4096,64,16,750.1766686567164
2048,4096,64,32,753.2297552238806
2048,4096,64,64,756.7161313432836
2048,4096,64,128,763.6949014925373
2048,4096,64,256,775.0406686567164
2048,4096,64,512,798.9137194029851
2048,4096,64,1024,845.5244417910448
2048,4096,64,2048,940.3185671641792
2048,4096,64,4096,1130.4805253731342
2048,4096,64,8192,1512.9026865671642
2048,4096,64,16384,2167.350447761194
2048,4096,128,16,668.1044059701492
2048,4096,128,32,674.1203104477612
2048,4096,128,64,766.4430805970148
2048,4096,128,128,777.947319402985
2048,4096,128,256,801.4472597014925
2048,4096,128,512,847.6587940298508
2048,4096,128,1024,924.5857432835821
2048,4096,128,2048,1126.3783164179104
2048,4096,128,4096,1440.972608955224
2048,4096,128,8192,2248.5521194029848
2048,4096,128,16384,3507.2181492537316
2048,8192,0,0,1334.228919402985
2048,8192,1,16,1337.296047761194
2048,8192,1,32,1281.1469373134328
2048,8192,1,64,1283.861014925373
2048,8192,1,128,1284.5209791044776
2048,8192,1,256,1284.8158567164178
2048,8192,1,512,1285.7085134328358
2048,8192,1,1024,1348.894567164179
2048,8192,1,2048,1287.8107701492538
2048,8192,1,4096,1292.705337313433
2048,8192,1,8192,1297.2007164179104
2048,8192,1,16384,1309.2886925373134
2048,8192,2,16,1280.7437373134328
2048,8192,2,32,1358.372776119403
2048,8192,2,64,1284.3845731343283
2048,8192,2,128,1284.6152597014925
2048,8192,2,256,1284.6413373134328
2048,8192,2,512,1306.4502447761195
2048,8192,2,1024,1357.1130268656716
2048,8192,2,2048,1292.1115701492538
2048,8192,2,4096,1297.1485611940298
2048,8192,2,8192,1309.1221970149254
2048,8192,2,16384,1330.1066507462685
2048,8192,4,16,1281.0867582089552
2048,8192,4,32,1331.3383164179104
2048,8192,4,64,1337.691223880597
2048,8192,4,128,1283.4217074626865
2048,8192,4,256,1284.0455641791045
2048,8192,4,512,1287.0123940298506
2048,8192,4,1024,1289.3032119402985
2048,8192,4,2048,1295.0041791044775
2048,8192,4,4096,1353.2013850746268
2048,8192,4,8192,1386.9658746268656
2048,8192,4,16384,1363.6424597014925
2048,8192,8,16,1245.4827940298508
2048,8192,8,32,1245.9241074626866
2048,8192,8,64,1245.9742567164178
2048,8192,8,128,1247.926065671642
2048,8192,8,256,1341.8616358208956
2048,8192,8,512,1345.0150208955224
2048,8192,8,1024,1283.766734328358
2048,8192,8,2048,1293.9049074626867
2048,8192,8,4096,1317.8220895522388
2048,8192,8,8192,1364.4809552238805
2048,8192,8,16384,1454.5831164179106
2048,8192,16,16,1222.5284776119402
2048,8192,16,32,1224.2395701492537
2048,8192,16,64,1223.8664597014924
2048,8192,16,128,1225.5715343283582
2048,8192,16,256,1365.2713074626865
2048,8192,16,512,1283.6684417910446
2048,8192,16,1024,1295.150614925373
2048,8192,16,2048,1317.485086567164
2048,8192,16,4096,1364.1900895522388
2048,8192,16,8192,1430.190519402985
2048,8192,16,16384,1574.5080358208954
2048,8192,32,16,1159.2260776119404
2048,8192,32,32,1161.6853970149255
2048,8192,32,64,1163.579032835821
2048,8192,32,128,1346.7160835820896
2048,8192,32,256,1285.7787223880598
2048,8192,32,512,1297.056286567164
2048,8192,32,1024,1294.1396059701492
2048,8192,32,2048,1340.932871641791
2048,8192,32,4096,1432.6739104477613
2048,8192,32,8192,1566.3256835820894
2048,8192,32,16384,1934.5736597014925
2048,8192,64,16,1203.5479880597015
2048,8192,64,32,1344.2005970149253
2048,8192,64,64,1348.2065194029851
2048,8192,64,128,1275.923391044776
2048,8192,64,256,1286.7636537313433
2048,8192,64,512,1409.595223880597
2048,8192,64,1024,1345.0792119402986
2048,8192,64,2048,1401.3005373134326
2048,8192,64,4096,1586.2810746268656
2048,8192,64,8192,1878.0474268656717
2048,8192,64,16384,2587.9020895522385
2048,8192,128,16,1345.3460059701492
2048,8192,128,32,1191.550280597015
2048,8192,128,64,1196.2282029850746
2048,8192,128,128,1370.1859343283581
2048,8192,128,256,1220.8294208955222
2048,8192,128,512,1246.1808716417909
2048,8192,128,1024,1326.8549731343282
2048,8192,128,2048,1725.0761552238803
2048,8192,128,4096,1843.2859701492537
2048,8192,128,8192,2796.7837611940295
2048,8192,128,16384,4154.584835820895
2048,16384,0,0,2525.7370746268657
2048,16384,1,16,2504.955223880597
2048,16384,1,32,1941.8633552238805
2048,16384,1,64,1909.2422686567163
2048,16384,1,128,1908.502065671642
2048,16384,1,256,1903.3627701492537
2048,16384,1,512,1915.4547582089554
2048,16384,1,1024,1904.1109970149253
2048,16384,1,2048,1905.4931104477612
2048,16384,1,4096,1909.7497791044775
2048,16384,1,8192,1914.9773373134326
2048,16384,1,16384,1945.139104477612
2048,16384,2,16,1898.620656716418
2048,16384,2,32,1910.3254925373135
2048,16384,2,64,1904.7910208955225
2048,16384,2,128,1903.112023880597
2048,16384,2,256,1906.5402268656717
2048,16384,2,512,1911.3645850746266
2048,16384,2,1024,1919.8297791044774
2048,16384,2,2048,1909.0155940298507
2048,16384,2,4096,1927.3942925373135
2048,16384,2,8192,1925.3542208955225
2048,16384,2,16384,1957.7004895522389
2048,16384,4,16,1900.8292298507463
2048,16384,4,32,1908.1590447761193
2048,16384,4,64,1900.6386626865672
2048,16384,4,128,1909.7096597014922
2048,16384,4,256,1916.1628656716416
2048,16384,4,512,1915.3384119402986
2048,16384,4,1024,1908.0326686567164
2048,16384,4,2048,1912.5140059701494
2048,16384,4,4096,1924.4294686567164
2048,16384,4,8192,1951.8430567164178
2048,16384,4,16384,2000.4557373134328
2048,16384,8,16,1899.2344835820895
2048,16384,8,32,1915.1097313432833
2048,16384,8,64,1906.520167164179
2048,16384,8,128,1901.904429850746
2048,16384,8,256,1896.472262686567
2048,16384,8,512,1906.9374089552236
2048,16384,8,1024,1916.1488238805969
2048,16384,8,2048,1918.521886567164
2048,16384,8,4096,1965.997182089552
2048,16384,8,8192,1989.46903880597
2048,16384,8,16384,2092.8487164179105
2048,16384,16,16,1918.9511641791046
2048,16384,16,32,1905.8381373134328
2048,16384,16,64,1900.622614925373
2048,16384,16,128,1913.9542925373134
2048,16384,16,256,1901.8763462686566
2048,16384,16,512,1921.8899104477612
2048,16384,16,1024,1986.24343880597
2048,16384,16,2048,2513.921910447761
2048,16384,16,4096,2638.592955223881
2048,16384,16,8192,2709.644417910448
2048,16384,16,16384,2267.027104477612
2048,16384,32,16,1899.4972656716416
2048,16384,32,32,1911.5270686567164
2048,16384,32,64,1915.3544597014925
2048,16384,32,128,1911.073719402985
2048,16384,32,256,1931.1494686567164
2048,16384,32,512,1956.1498746268655
2048,16384,32,1024,1959.2330507462686
2048,16384,32,2048,2018.6278208955225
2048,16384,32,4096,2088.41552238806
2048,16384,32,8192,2278.5614328358206
2048,16384,32,16384,2599.3160597014926
2048,16384,64,16,1933.3600477611942
2048,16384,64,32,1888.787391044776
2048,16384,64,64,1939.9496597014922
2048,16384,64,128,1934.814376119403
2048,16384,64,256,1966.1095164179105
2048,16384,64,512,1966.6551402985074
2048,16384,64,1024,2029.4600597014926
2048,16384,64,2048,2095.8376119402983
2048,16384,64,4096,2286.525134328358
2048,16384,64,8192,2601.462447761194
2048,16384,64,16384,3311.7564179104475
2048,16384,128,16,1923.9139343283582
2048,16384,128,32,1957.5420179104476
2048,16384,128,64,2547.963223880597
2048,16384,128,128,2560.360119402985
2048,16384,128,256,2579.938388059701
2048,16384,128,512,2627.259223880597
2048,16384,128,1024,2678.9530746268656
2048,16384,128,2048,2907.2124179104476
2048,16384,128,4096,2601.5426865671643
2048,16384,128,8192,3327.3227462686564
2048,16384,128,16384,5425.386985074627
