pc,n_label,skew_rate_label,kv_big_label,kp_label,alpha,n_samples
0,n<=128,sr<=15%,kvB<=16k,kp=0,0.0391,4
0,n<=128,sr<=15%,kvB<=1k,kp=0,0.0384,4
0,n<=128,sr<=15%,kvB<=4k,kp=0,0.0297,4
0,n<=128,sr<=40%,kvB<=16k,kp=0,0.0115,2
0,n<=128,sr<=40%,kvB<=1k,kp=0,0.0313,2
0,n<=128,sr<=40%,kvB<=4k,kp=0,0.011,2
0,n<=128,sr<=5%,kvB<=16k,kp=0,0.0409,8
0,n<=128,sr<=5%,kvB<=1k,kp=0,0.0569,8
0,n<=128,sr<=5%,kvB<=4k,kp=0,0.0411,8
0,n<=128,sr<=70%,kvB<=16k,kp=0,-0.0335,2
0,n<=128,sr<=70%,kvB<=1k,kp=0,-0.0489,2
0,n<=128,sr<=70%,kvB<=4k,kp=0,-0.0431,2
0,n<=128,sr>70%,kvB<=16k,kp=0,-0.0672,4
0,n<=128,sr>70%,kvB<=1k,kp=0,-0.0411,4
0,n<=128,sr>70%,kvB<=4k,kp=0,-0.0824,4
0,n<=16,sr<=15%,kvB<=16k,kp=0,0.1486,4
0,n<=16,sr<=15%,kvB<=1k,kp=0,0.2168,4
0,n<=16,sr<=15%,kvB<=4k,kp=0,0.1463,4
0,n<=16,sr<=40%,kvB<=16k,kp=0,0.5394,4
0,n<=16,sr<=40%,kvB<=1k,kp=0,0.5091,4
0,n<=16,sr<=40%,kvB<=4k,kp=0,0.5222,4
0,n<=16,sr<=70%,kvB<=16k,kp=0,0.3218,2
0,n<=16,sr<=70%,kvB<=1k,kp=0,0.3285,2
0,n<=16,sr<=70%,kvB<=4k,kp=0,0.3086,2
0,n<=16,sr>70%,kvB<=16k,kp=0,0.5106,4
0,n<=16,sr>70%,kvB<=1k,kp=0,0.6093,4
0,n<=16,sr>70%,kvB<=4k,kp=0,0.5108,4
0,n<=2,sr<=70%,kvB<=16k,kp=0,0.0228,2
0,n<=2,sr<=70%,kvB<=1k,kp=0,0.1374,2
0,n<=2,sr<=70%,kvB<=4k,kp=0,0.0407,2
0,n<=256,sr<=15%,kvB<=16k,kp=0,0.0056,4
0,n<=256,sr<=15%,kvB<=1k,kp=0,0.0113,4
0,n<=256,sr<=15%,kvB<=4k,kp=0,0.0028,4
0,n<=256,sr<=40%,kvB<=16k,kp=0,-0.0014,2
0,n<=256,sr<=40%,kvB<=1k,kp=0,-0.0175,2
0,n<=256,sr<=40%,kvB<=4k,kp=0,-0.0041,2
0,n<=256,sr<=5%,kvB<=16k,kp=0,0.0103,8
0,n<=256,sr<=5%,kvB<=1k,kp=0,0.0097,8
0,n<=256,sr<=5%,kvB<=4k,kp=0,0.0116,8
0,n<=256,sr<=70%,kvB<=16k,kp=0,-0.0279,2
0,n<=256,sr<=70%,kvB<=1k,kp=0,-0.042,2
0,n<=256,sr<=70%,kvB<=4k,kp=0,-0.0292,2
0,n<=256,sr>70%,kvB<=16k,kp=0,-0.0227,4
0,n<=256,sr>70%,kvB<=1k,kp=0,-0.0289,4
0,n<=256,sr>70%,kvB<=4k,kp=0,-0.0293,4
0,n<=32,sr<=15%,kvB<=16k,kp=0,0.2865,6
0,n<=32,sr<=15%,kvB<=1k,kp=0,0.2941,6
0,n<=32,sr<=15%,kvB<=4k,kp=0,0.2622,6
0,n<=32,sr<=40%,kvB<=16k,kp=0,0.2538,2
0,n<=32,sr<=40%,kvB<=1k,kp=0,0.2708,2
0,n<=32,sr<=40%,kvB<=4k,kp=0,0.2432,2
0,n<=32,sr<=5%,kvB<=16k,kp=0,0.2861,2
0,n<=32,sr<=5%,kvB<=1k,kp=0,0.3048,2
0,n<=32,sr<=5%,kvB<=4k,kp=0,0.2893,2
0,n<=32,sr<=70%,kvB<=16k,kp=0,0.2717,2
0,n<=32,sr<=70%,kvB<=1k,kp=0,0.2434,2
0,n<=32,sr<=70%,kvB<=4k,kp=0,0.2729,2
0,n<=32,sr>70%,kvB<=16k,kp=0,0.8214,4
0,n<=32,sr>70%,kvB<=1k,kp=0,0.7279,4
0,n<=32,sr>70%,kvB<=4k,kp=0,0.8147,4
0,n<=4,sr<=40%,kvB<=16k,kp=0,0.0013,2
0,n<=4,sr<=40%,kvB<=1k,kp=0,0.042,4
0,n<=4,sr<=40%,kvB<=4k,kp=0,0.0174,3
0,n<=4,sr<=70%,kvB<=16k,kp=0,-0.0264,2
0,n<=4,sr<=70%,kvB<=1k,kp=0,-0.1084,2
0,n<=4,sr<=70%,kvB<=4k,kp=0,-0.0626,2
0,n<=4,sr>70%,kvB<=16k,kp=0,-0.0017,2
0,n<=4,sr>70%,kvB<=1k,kp=0,0.1006,2
0,n<=4,sr>70%,kvB<=4k,kp=0,-0.0612,2
0,n<=64,sr<=15%,kvB<=16k,kp=0,0.1062,4
0,n<=64,sr<=15%,kvB<=1k,kp=0,0.1295,4
0,n<=64,sr<=15%,kvB<=4k,kp=0,0.1034,4
0,n<=64,sr<=40%,kvB<=16k,kp=0,0.0789,2
0,n<=64,sr<=40%,kvB<=1k,kp=0,0.0801,2
0,n<=64,sr<=40%,kvB<=4k,kp=0,0.0679,2
0,n<=64,sr<=5%,kvB<=16k,kp=0,0.1296,6
0,n<=64,sr<=5%,kvB<=1k,kp=0,0.1367,6
0,n<=64,sr<=5%,kvB<=4k,kp=0,0.1264,6
0,n<=64,sr<=70%,kvB<=16k,kp=0,0.1208,2
0,n<=64,sr<=70%,kvB<=1k,kp=0,0.1359,2
0,n<=64,sr<=70%,kvB<=4k,kp=0,0.1306,2
0,n<=64,sr>70%,kvB<=16k,kp=0,0.0398,4
0,n<=64,sr>70%,kvB<=1k,kp=0,0.1012,4
0,n<=64,sr>70%,kvB<=4k,kp=0,0.0601,4
0,n<=8,sr<=15%,kvB<=16k,kp=0,0.1434,2
0,n<=8,sr<=15%,kvB<=1k,kp=0,0.1519,2
0,n<=8,sr<=15%,kvB<=4k,kp=0,0.1375,2
0,n<=8,sr<=40%,kvB<=16k,kp=0,0.0341,4
0,n<=8,sr<=40%,kvB<=1k,kp=0,0.0906,4
0,n<=8,sr<=40%,kvB<=4k,kp=0,0.0125,4
0,n<=8,sr<=70%,kvB<=16k,kp=0,0.0565,2
0,n<=8,sr<=70%,kvB<=1k,kp=0,0.1003,2
0,n<=8,sr<=70%,kvB<=4k,kp=0,0.0178,2
0,n<=8,sr>70%,kvB<=16k,kp=0,0.6093,4
0,n<=8,sr>70%,kvB<=1k,kp=0,0.6066,4
0,n<=8,sr>70%,kvB<=4k,kp=0,0.5513,4
16,n<=128,sr<=15%,kvB<=16k,kp<=1k,0.0384,4
16,n<=128,sr<=15%,kvB<=16k,kp<=2k,0.0405,4
16,n<=128,sr<=15%,kvB<=16k,kp<=4k,0.0392,4
16,n<=128,sr<=15%,kvB<=16k,kp<=512,0.0375,4
16,n<=128,sr<=15%,kvB<=16k,kp<=8k,0.0378,4
16,n<=128,sr<=15%,kvB<=16k,kp=0,0.0365,4
16,n<=128,sr<=15%,kvB<=1k,kp<=1k,0.041,4
16,n<=128,sr<=15%,kvB<=1k,kp<=2k,0.0371,4
16,n<=128,sr<=15%,kvB<=1k,kp<=4k,0.0397,4
16,n<=128,sr<=15%,kvB<=1k,kp<=512,0.0392,4
16,n<=128,sr<=15%,kvB<=1k,kp<=8k,0.0411,4
16,n<=128,sr<=15%,kvB<=1k,kp=0,0.0446,4
16,n<=128,sr<=15%,kvB<=4k,kp<=1k,0.0318,4
16,n<=128,sr<=15%,kvB<=4k,kp<=2k,0.0335,4
16,n<=128,sr<=15%,kvB<=4k,kp<=4k,0.0332,4
16,n<=128,sr<=15%,kvB<=4k,kp<=512,0.0302,4
16,n<=128,sr<=15%,kvB<=4k,kp<=8k,0.0332,4
16,n<=128,sr<=15%,kvB<=4k,kp=0,0.0325,4
16,n<=128,sr<=40%,kvB<=16k,kp<=1k,0.0111,2
16,n<=128,sr<=40%,kvB<=16k,kp<=2k,0.0157,2
16,n<=128,sr<=40%,kvB<=16k,kp<=4k,0.0175,2
16,n<=128,sr<=40%,kvB<=16k,kp<=512,0.0146,2
16,n<=128,sr<=40%,kvB<=16k,kp<=8k,0.017,2
16,n<=128,sr<=40%,kvB<=16k,kp=0,0.0131,2
16,n<=128,sr<=40%,kvB<=1k,kp<=1k,0.0044,2
16,n<=128,sr<=40%,kvB<=1k,kp<=2k,0.0084,2
16,n<=128,sr<=40%,kvB<=1k,kp<=4k,0.0077,2
16,n<=128,sr<=40%,kvB<=1k,kp<=512,0.0114,2
16,n<=128,sr<=40%,kvB<=1k,kp<=8k,0.0067,2
16,n<=128,sr<=40%,kvB<=1k,kp=0,0.0054,2
16,n<=128,sr<=40%,kvB<=4k,kp<=1k,0.0094,2
16,n<=128,sr<=40%,kvB<=4k,kp<=2k,0.0148,2
16,n<=128,sr<=40%,kvB<=4k,kp<=4k,0.0023,2
16,n<=128,sr<=40%,kvB<=4k,kp<=512,0.0118,2
16,n<=128,sr<=40%,kvB<=4k,kp<=8k,0.0041,2
16,n<=128,sr<=40%,kvB<=4k,kp=0,0.0113,2
16,n<=128,sr<=5%,kvB<=16k,kp<=1k,0.0406,8
16,n<=128,sr<=5%,kvB<=16k,kp<=2k,0.0389,8
16,n<=128,sr<=5%,kvB<=16k,kp<=4k,0.0397,8
16,n<=128,sr<=5%,kvB<=16k,kp<=512,0.0407,8
16,n<=128,sr<=5%,kvB<=16k,kp<=8k,0.0402,8
16,n<=128,sr<=5%,kvB<=16k,kp=0,0.0397,8
16,n<=128,sr<=5%,kvB<=1k,kp<=1k,0.0498,8
16,n<=128,sr<=5%,kvB<=1k,kp<=2k,0.0515,8
16,n<=128,sr<=5%,kvB<=1k,kp<=4k,0.0503,8
16,n<=128,sr<=5%,kvB<=1k,kp<=512,0.0501,8
16,n<=128,sr<=5%,kvB<=1k,kp<=8k,0.0507,8
16,n<=128,sr<=5%,kvB<=1k,kp=0,0.0497,8
16,n<=128,sr<=5%,kvB<=4k,kp<=1k,0.0419,8
16,n<=128,sr<=5%,kvB<=4k,kp<=2k,0.0429,8
16,n<=128,sr<=5%,kvB<=4k,kp<=4k,0.0421,8
16,n<=128,sr<=5%,kvB<=4k,kp<=512,0.042,8
16,n<=128,sr<=5%,kvB<=4k,kp<=8k,0.0415,8
16,n<=128,sr<=5%,kvB<=4k,kp=0,0.0415,8
16,n<=128,sr<=70%,kvB<=16k,kp<=1k,-0.0288,2
16,n<=128,sr<=70%,kvB<=16k,kp<=2k,-0.0349,2
16,n<=128,sr<=70%,kvB<=16k,kp<=4k,-0.0409,2
16,n<=128,sr<=70%,kvB<=16k,kp<=512,-0.0388,2
16,n<=128,sr<=70%,kvB<=16k,kp<=8k,-0.0343,2
16,n<=128,sr<=70%,kvB<=16k,kp=0,-0.0288,2
16,n<=128,sr<=70%,kvB<=1k,kp<=1k,-0.0604,2
16,n<=128,sr<=70%,kvB<=1k,kp<=2k,-0.0487,2
16,n<=128,sr<=70%,kvB<=1k,kp<=4k,-0.0549,2
16,n<=128,sr<=70%,kvB<=1k,kp<=512,-0.0633,2
16,n<=128,sr<=70%,kvB<=1k,kp<=8k,-0.0502,2
16,n<=128,sr<=70%,kvB<=1k,kp=0,-0.0549,2
16,n<=128,sr<=70%,kvB<=4k,kp<=1k,-0.0322,2
16,n<=128,sr<=70%,kvB<=4k,kp<=2k,-0.0414,2
16,n<=128,sr<=70%,kvB<=4k,kp<=4k,-0.0259,2
16,n<=128,sr<=70%,kvB<=4k,kp<=512,-0.0263,2
16,n<=128,sr<=70%,kvB<=4k,kp<=8k,-0.0307,2
16,n<=128,sr<=70%,kvB<=4k,kp=0,-0.0329,2
16,n<=128,sr>70%,kvB<=16k,kp<=1k,-0.0933,4
16,n<=128,sr>70%,kvB<=16k,kp<=2k,-0.0785,4
16,n<=128,sr>70%,kvB<=16k,kp<=4k,-0.0731,4
16,n<=128,sr>70%,kvB<=16k,kp<=512,-0.0732,4
16,n<=128,sr>70%,kvB<=16k,kp<=8k,-0.1004,4
16,n<=128,sr>70%,kvB<=16k,kp=0,-0.081,4
16,n<=128,sr>70%,kvB<=1k,kp<=1k,-0.1044,4
16,n<=128,sr>70%,kvB<=1k,kp<=2k,-0.1156,4
16,n<=128,sr>70%,kvB<=1k,kp<=4k,-0.1157,4
16,n<=128,sr>70%,kvB<=1k,kp<=512,-0.1084,4
16,n<=128,sr>70%,kvB<=1k,kp<=8k,-0.1441,4
16,n<=128,sr>70%,kvB<=1k,kp=0,-0.1209,4
16,n<=128,sr>70%,kvB<=4k,kp<=1k,-0.1025,4
16,n<=128,sr>70%,kvB<=4k,kp<=2k,-0.1382,4
16,n<=128,sr>70%,kvB<=4k,kp<=4k,-0.0866,4
16,n<=128,sr>70%,kvB<=4k,kp<=512,-0.1034,4
16,n<=128,sr>70%,kvB<=4k,kp<=8k,-0.1156,4
16,n<=128,sr>70%,kvB<=4k,kp=0,-0.0717,4
16,n<=16,sr<=15%,kvB<=16k,kp<=1k,0.1495,4
16,n<=16,sr<=15%,kvB<=16k,kp<=2k,0.1471,4
16,n<=16,sr<=15%,kvB<=16k,kp<=4k,0.1484,4
16,n<=16,sr<=15%,kvB<=16k,kp<=512,0.1524,4
16,n<=16,sr<=15%,kvB<=16k,kp<=8k,0.1495,4
16,n<=16,sr<=15%,kvB<=16k,kp=0,0.1518,4
16,n<=16,sr<=15%,kvB<=1k,kp<=1k,0.2042,4
16,n<=16,sr<=15%,kvB<=1k,kp<=2k,0.1989,4
16,n<=16,sr<=15%,kvB<=1k,kp<=4k,0.2023,4
16,n<=16,sr<=15%,kvB<=1k,kp<=512,0.1996,4
16,n<=16,sr<=15%,kvB<=1k,kp<=8k,0.2167,4
16,n<=16,sr<=15%,kvB<=1k,kp=0,0.1972,4
16,n<=16,sr<=15%,kvB<=4k,kp<=1k,0.1514,4
16,n<=16,sr<=15%,kvB<=4k,kp<=2k,0.1587,4
16,n<=16,sr<=15%,kvB<=4k,kp<=4k,0.1534,4
16,n<=16,sr<=15%,kvB<=4k,kp<=512,0.1492,4
16,n<=16,sr<=15%,kvB<=4k,kp<=8k,0.1537,4
16,n<=16,sr<=15%,kvB<=4k,kp=0,0.1498,4
16,n<=16,sr<=40%,kvB<=16k,kp<=1k,0.54,4
16,n<=16,sr<=40%,kvB<=16k,kp<=2k,0.5408,4
16,n<=16,sr<=40%,kvB<=16k,kp<=4k,0.5412,4
16,n<=16,sr<=40%,kvB<=16k,kp<=512,0.5372,4
16,n<=16,sr<=40%,kvB<=16k,kp<=8k,0.5381,4
16,n<=16,sr<=40%,kvB<=16k,kp=0,0.5385,4
16,n<=16,sr<=40%,kvB<=1k,kp<=1k,0.5021,4
16,n<=16,sr<=40%,kvB<=1k,kp<=2k,0.5086,4
16,n<=16,sr<=40%,kvB<=1k,kp<=4k,0.4957,4
16,n<=16,sr<=40%,kvB<=1k,kp<=512,0.509,4
16,n<=16,sr<=40%,kvB<=1k,kp<=8k,0.4955,4
16,n<=16,sr<=40%,kvB<=1k,kp=0,0.5054,4
16,n<=16,sr<=40%,kvB<=4k,kp<=1k,0.5368,4
16,n<=16,sr<=40%,kvB<=4k,kp<=2k,0.5286,4
16,n<=16,sr<=40%,kvB<=4k,kp<=4k,0.521,4
16,n<=16,sr<=40%,kvB<=4k,kp<=512,0.522,4
16,n<=16,sr<=40%,kvB<=4k,kp<=8k,0.5242,4
16,n<=16,sr<=40%,kvB<=4k,kp=0,0.5224,4
16,n<=16,sr<=70%,kvB<=16k,kp<=1k,0.3287,2
16,n<=16,sr<=70%,kvB<=16k,kp<=2k,0.3262,2
16,n<=16,sr<=70%,kvB<=16k,kp<=4k,0.3234,2
16,n<=16,sr<=70%,kvB<=16k,kp<=512,0.3226,2
16,n<=16,sr<=70%,kvB<=16k,kp<=8k,0.321,2
16,n<=16,sr<=70%,kvB<=16k,kp=0,0.3259,2
16,n<=16,sr<=70%,kvB<=1k,kp<=1k,0.2965,2
16,n<=16,sr<=70%,kvB<=1k,kp<=2k,0.2747,2
16,n<=16,sr<=70%,kvB<=1k,kp<=4k,0.2516,2
16,n<=16,sr<=70%,kvB<=1k,kp<=512,0.2731,2
16,n<=16,sr<=70%,kvB<=1k,kp<=8k,0.2708,2
16,n<=16,sr<=70%,kvB<=1k,kp=0,0.267,2
16,n<=16,sr<=70%,kvB<=4k,kp<=1k,0.3077,2
16,n<=16,sr<=70%,kvB<=4k,kp<=2k,0.3062,2
16,n<=16,sr<=70%,kvB<=4k,kp<=4k,0.2995,2
16,n<=16,sr<=70%,kvB<=4k,kp<=512,0.3165,2
16,n<=16,sr<=70%,kvB<=4k,kp<=8k,0.3078,2
16,n<=16,sr<=70%,kvB<=4k,kp=0,0.3085,2
16,n<=16,sr>70%,kvB<=16k,kp<=1k,0.5269,4
16,n<=16,sr>70%,kvB<=16k,kp<=2k,0.5216,4
16,n<=16,sr>70%,kvB<=16k,kp<=4k,0.4934,4
16,n<=16,sr>70%,kvB<=16k,kp<=512,0.5147,4
16,n<=16,sr>70%,kvB<=16k,kp<=8k,0.4889,4
16,n<=16,sr>70%,kvB<=16k,kp=0,0.5257,4
16,n<=16,sr>70%,kvB<=1k,kp<=1k,0.5708,4
16,n<=16,sr>70%,kvB<=1k,kp<=2k,0.5959,4
16,n<=16,sr>70%,kvB<=1k,kp<=4k,0.5285,4
16,n<=16,sr>70%,kvB<=1k,kp<=512,0.5373,4
16,n<=16,sr>70%,kvB<=1k,kp<=8k,0.5172,4
16,n<=16,sr>70%,kvB<=1k,kp=0,0.56,4
16,n<=16,sr>70%,kvB<=4k,kp<=1k,0.5328,4
16,n<=16,sr>70%,kvB<=4k,kp<=2k,0.5313,4
16,n<=16,sr>70%,kvB<=4k,kp<=4k,0.536,4
16,n<=16,sr>70%,kvB<=4k,kp<=512,0.507,4
16,n<=16,sr>70%,kvB<=4k,kp<=8k,0.495,4
16,n<=16,sr>70%,kvB<=4k,kp=0,0.536,4
16,n<=2,sr<=70%,kvB<=16k,kp<=1k,0.022,2
16,n<=2,sr<=70%,kvB<=16k,kp<=2k,-0.0056,2
16,n<=2,sr<=70%,kvB<=16k,kp<=4k,0.0171,2
16,n<=2,sr<=70%,kvB<=16k,kp<=512,0.0139,2
16,n<=2,sr<=70%,kvB<=16k,kp<=8k,-0.0223,2
16,n<=2,sr<=70%,kvB<=16k,kp=0,-0.0112,2
16,n<=2,sr<=70%,kvB<=1k,kp<=1k,-0.0067,2
16,n<=2,sr<=70%,kvB<=1k,kp<=2k,-0.0348,2
16,n<=2,sr<=70%,kvB<=1k,kp<=4k,-0.0485,2
16,n<=2,sr<=70%,kvB<=1k,kp<=512,-0.0297,2
16,n<=2,sr<=70%,kvB<=1k,kp<=8k,0.0741,2
16,n<=2,sr<=70%,kvB<=1k,kp=0,-0.0195,2
16,n<=2,sr<=70%,kvB<=4k,kp<=1k,0.0288,2
16,n<=2,sr<=70%,kvB<=4k,kp<=2k,0.0851,2
16,n<=2,sr<=70%,kvB<=4k,kp<=4k,0.0291,2
16,n<=2,sr<=70%,kvB<=4k,kp<=512,0.0004,2
16,n<=2,sr<=70%,kvB<=4k,kp<=8k,0.0426,2
16,n<=2,sr<=70%,kvB<=4k,kp=0,0.0511,2
16,n<=32,sr<=15%,kvB<=16k,kp<=1k,0.2882,6
16,n<=32,sr<=15%,kvB<=16k,kp<=2k,0.2954,6
16,n<=32,sr<=15%,kvB<=16k,kp<=4k,0.2775,6
16,n<=32,sr<=15%,kvB<=16k,kp<=512,0.2914,6
16,n<=32,sr<=15%,kvB<=16k,kp<=8k,0.3108,6
16,n<=32,sr<=15%,kvB<=16k,kp=0,0.3063,6
16,n<=32,sr<=15%,kvB<=1k,kp<=1k,0.2924,6
16,n<=32,sr<=15%,kvB<=1k,kp<=2k,0.308,6
16,n<=32,sr<=15%,kvB<=1k,kp<=4k,0.3112,6
16,n<=32,sr<=15%,kvB<=1k,kp<=512,0.2975,6
16,n<=32,sr<=15%,kvB<=1k,kp<=8k,0.2962,6
16,n<=32,sr<=15%,kvB<=1k,kp=0,0.3087,6
16,n<=32,sr<=15%,kvB<=4k,kp<=1k,0.2864,6
16,n<=32,sr<=15%,kvB<=4k,kp<=2k,0.2653,6
16,n<=32,sr<=15%,kvB<=4k,kp<=4k,0.2631,6
16,n<=32,sr<=15%,kvB<=4k,kp<=512,0.271,6
16,n<=32,sr<=15%,kvB<=4k,kp<=8k,0.2875,6
16,n<=32,sr<=15%,kvB<=4k,kp=0,0.2914,6
16,n<=32,sr<=40%,kvB<=16k,kp<=1k,0.2546,2
16,n<=32,sr<=40%,kvB<=16k,kp<=2k,0.2442,2
16,n<=32,sr<=40%,kvB<=16k,kp<=4k,0.2473,2
16,n<=32,sr<=40%,kvB<=16k,kp<=512,0.2389,2
16,n<=32,sr<=40%,kvB<=16k,kp<=8k,0.2283,2
16,n<=32,sr<=40%,kvB<=16k,kp=0,0.2405,2
16,n<=32,sr<=40%,kvB<=1k,kp<=1k,0.2496,2
16,n<=32,sr<=40%,kvB<=1k,kp<=2k,0.2238,2
16,n<=32,sr<=40%,kvB<=1k,kp<=4k,0.2402,2
16,n<=32,sr<=40%,kvB<=1k,kp<=512,0.2311,2
16,n<=32,sr<=40%,kvB<=1k,kp<=8k,0.2534,2
16,n<=32,sr<=40%,kvB<=1k,kp=0,0.26,2
16,n<=32,sr<=40%,kvB<=4k,kp<=1k,0.2398,2
16,n<=32,sr<=40%,kvB<=4k,kp<=2k,0.2463,2
16,n<=32,sr<=40%,kvB<=4k,kp<=4k,0.2453,2
16,n<=32,sr<=40%,kvB<=4k,kp<=512,0.2377,2
16,n<=32,sr<=40%,kvB<=4k,kp<=8k,0.2237,2
16,n<=32,sr<=40%,kvB<=4k,kp=0,0.2448,2
16,n<=32,sr<=5%,kvB<=16k,kp<=1k,0.2875,2
16,n<=32,sr<=5%,kvB<=16k,kp<=2k,0.2955,2
16,n<=32,sr<=5%,kvB<=16k,kp<=4k,0.2863,2
16,n<=32,sr<=5%,kvB<=16k,kp<=512,0.2939,2
16,n<=32,sr<=5%,kvB<=16k,kp<=8k,0.2857,2
16,n<=32,sr<=5%,kvB<=16k,kp=0,0.3164,2
16,n<=32,sr<=5%,kvB<=1k,kp<=1k,0.3155,2
16,n<=32,sr<=5%,kvB<=1k,kp<=2k,0.2835,2
16,n<=32,sr<=5%,kvB<=1k,kp<=4k,0.2984,2
16,n<=32,sr<=5%,kvB<=1k,kp<=512,0.2777,2
16,n<=32,sr<=5%,kvB<=1k,kp<=8k,0.2957,2
16,n<=32,sr<=5%,kvB<=1k,kp=0,0.2865,2
16,n<=32,sr<=5%,kvB<=4k,kp<=1k,0.2821,2
16,n<=32,sr<=5%,kvB<=4k,kp<=2k,0.2868,2
16,n<=32,sr<=5%,kvB<=4k,kp<=4k,0.2868,2
16,n<=32,sr<=5%,kvB<=4k,kp<=512,0.2853,2
16,n<=32,sr<=5%,kvB<=4k,kp<=8k,0.2836,2
16,n<=32,sr<=5%,kvB<=4k,kp=0,0.3119,2
16,n<=32,sr<=70%,kvB<=16k,kp<=1k,0.308,2
16,n<=32,sr<=70%,kvB<=16k,kp<=2k,0.2844,2
16,n<=32,sr<=70%,kvB<=16k,kp<=4k,0.3023,2
16,n<=32,sr<=70%,kvB<=16k,kp<=512,0.2865,2
16,n<=32,sr<=70%,kvB<=16k,kp<=8k,0.2902,2
16,n<=32,sr<=70%,kvB<=16k,kp=0,0.2736,2
16,n<=32,sr<=70%,kvB<=1k,kp<=1k,0.2871,2
16,n<=32,sr<=70%,kvB<=1k,kp<=2k,0.2971,2
16,n<=32,sr<=70%,kvB<=1k,kp<=4k,0.2984,2
16,n<=32,sr<=70%,kvB<=1k,kp<=512,0.2924,2
16,n<=32,sr<=70%,kvB<=1k,kp<=8k,0.3048,2
16,n<=32,sr<=70%,kvB<=1k,kp=0,0.3094,2
16,n<=32,sr<=70%,kvB<=4k,kp<=1k,0.2922,2
16,n<=32,sr<=70%,kvB<=4k,kp<=2k,0.2702,2
16,n<=32,sr<=70%,kvB<=4k,kp<=4k,0.2758,2
16,n<=32,sr<=70%,kvB<=4k,kp<=512,0.2784,2
16,n<=32,sr<=70%,kvB<=4k,kp<=8k,0.2884,2
16,n<=32,sr<=70%,kvB<=4k,kp=0,0.2757,2
16,n<=32,sr>70%,kvB<=16k,kp<=1k,0.8089,4
16,n<=32,sr>70%,kvB<=16k,kp<=2k,0.858,4
16,n<=32,sr>70%,kvB<=16k,kp<=4k,0.8515,4
16,n<=32,sr>70%,kvB<=16k,kp<=512,0.8178,4
16,n<=32,sr>70%,kvB<=16k,kp<=8k,0.8519,4
16,n<=32,sr>70%,kvB<=16k,kp=0,0.837,4
16,n<=32,sr>70%,kvB<=1k,kp<=1k,0.8035,4
16,n<=32,sr>70%,kvB<=1k,kp<=2k,0.7833,4
16,n<=32,sr>70%,kvB<=1k,kp<=4k,0.7775,4
16,n<=32,sr>70%,kvB<=1k,kp<=512,0.733,4
16,n<=32,sr>70%,kvB<=1k,kp<=8k,0.709,4
16,n<=32,sr>70%,kvB<=1k,kp=0,0.7169,4
16,n<=32,sr>70%,kvB<=4k,kp<=1k,0.8388,4
16,n<=32,sr>70%,kvB<=4k,kp<=2k,0.7983,4
16,n<=32,sr>70%,kvB<=4k,kp<=4k,0.817,4
16,n<=32,sr>70%,kvB<=4k,kp<=512,0.7927,4
16,n<=32,sr>70%,kvB<=4k,kp<=8k,0.8177,4
16,n<=32,sr>70%,kvB<=4k,kp=0,0.8357,4
16,n<=4,sr<=40%,kvB<=16k,kp<=1k,0.0201,2
16,n<=4,sr<=40%,kvB<=16k,kp<=2k,0.0102,2
16,n<=4,sr<=40%,kvB<=16k,kp<=4k,0.003,2
16,n<=4,sr<=40%,kvB<=16k,kp<=512,-0.0012,2
16,n<=4,sr<=40%,kvB<=16k,kp<=8k,0.0024,2
16,n<=4,sr<=40%,kvB<=16k,kp=0,-0.0017,2
16,n<=4,sr<=40%,kvB<=1k,kp<=1k,0.0616,2
16,n<=4,sr<=40%,kvB<=1k,kp<=2k,0.0526,2
16,n<=4,sr<=40%,kvB<=1k,kp<=4k,-0.001,2
16,n<=4,sr<=40%,kvB<=1k,kp<=512,0.0679,2
16,n<=4,sr<=40%,kvB<=1k,kp<=8k,0.0605,2
16,n<=4,sr<=40%,kvB<=1k,kp=0,0.044,5
16,n<=4,sr<=40%,kvB<=4k,kp<=1k,0.0003,2
16,n<=4,sr<=40%,kvB<=4k,kp<=2k,0.0042,2
16,n<=4,sr<=40%,kvB<=4k,kp<=4k,0.0105,2
16,n<=4,sr<=40%,kvB<=4k,kp<=512,0.0015,2
16,n<=4,sr<=40%,kvB<=4k,kp<=8k,0.0057,2
16,n<=4,sr<=40%,kvB<=4k,kp=0,0.0235,3
16,n<=4,sr<=70%,kvB<=16k,kp<=1k,-0.0469,2
16,n<=4,sr<=70%,kvB<=16k,kp<=2k,-0.0546,2
16,n<=4,sr<=70%,kvB<=16k,kp<=4k,-0.057,2
16,n<=4,sr<=70%,kvB<=16k,kp<=512,-0.0372,2
16,n<=4,sr<=70%,kvB<=16k,kp<=8k,-0.0602,2
16,n<=4,sr<=70%,kvB<=16k,kp=0,-0.0402,2
16,n<=4,sr<=70%,kvB<=1k,kp<=1k,-0.1235,2
16,n<=4,sr<=70%,kvB<=1k,kp<=2k,-0.1019,2
16,n<=4,sr<=70%,kvB<=1k,kp<=4k,-0.0642,2
16,n<=4,sr<=70%,kvB<=1k,kp<=512,-0.1184,2
16,n<=4,sr<=70%,kvB<=1k,kp<=8k,-0.0003,2
16,n<=4,sr<=70%,kvB<=1k,kp=0,-0.0787,4
16,n<=4,sr<=70%,kvB<=4k,kp<=1k,-0.0349,2
16,n<=4,sr<=70%,kvB<=4k,kp<=2k,-0.0357,2
16,n<=4,sr<=70%,kvB<=4k,kp<=4k,-0.061,2
16,n<=4,sr<=70%,kvB<=4k,kp<=512,-0.0572,2
16,n<=4,sr<=70%,kvB<=4k,kp<=8k,-0.0801,2
16,n<=4,sr<=70%,kvB<=4k,kp=0,-0.0719,2
16,n<=4,sr>70%,kvB<=16k,kp<=1k,-0.0072,2
16,n<=4,sr>70%,kvB<=16k,kp<=2k,-0.0008,2
16,n<=4,sr>70%,kvB<=16k,kp<=4k,0.0042,2
16,n<=4,sr>70%,kvB<=16k,kp<=512,0.0213,2
16,n<=4,sr>70%,kvB<=16k,kp<=8k,-0.0134,2
16,n<=4,sr>70%,kvB<=16k,kp=0,-0.0498,2
16,n<=4,sr>70%,kvB<=1k,kp<=1k,0.0035,2
16,n<=4,sr>70%,kvB<=1k,kp<=2k,-0.0056,2
16,n<=4,sr>70%,kvB<=1k,kp<=4k,0.0006,2
16,n<=4,sr>70%,kvB<=1k,kp<=512,-0.0151,2
16,n<=4,sr>70%,kvB<=1k,kp<=8k,0.0938,2
16,n<=4,sr>70%,kvB<=1k,kp=0,0.0467,2
16,n<=4,sr>70%,kvB<=4k,kp<=1k,-0.0714,2
16,n<=4,sr>70%,kvB<=4k,kp<=2k,-0.0672,2
16,n<=4,sr>70%,kvB<=4k,kp<=4k,-0.1257,2
16,n<=4,sr>70%,kvB<=4k,kp<=512,-0.0604,2
16,n<=4,sr>70%,kvB<=4k,kp<=8k,-0.1433,2
16,n<=4,sr>70%,kvB<=4k,kp=0,-0.1066,2
16,n<=64,sr<=15%,kvB<=16k,kp<=1k,0.1192,4
16,n<=64,sr<=15%,kvB<=16k,kp<=2k,0.1107,4
16,n<=64,sr<=15%,kvB<=16k,kp<=4k,0.1146,4
16,n<=64,sr<=15%,kvB<=16k,kp<=512,0.1085,4
16,n<=64,sr<=15%,kvB<=16k,kp<=8k,0.108,4
16,n<=64,sr<=15%,kvB<=16k,kp=0,0.1086,4
16,n<=64,sr<=15%,kvB<=1k,kp<=1k,0.1199,4
16,n<=64,sr<=15%,kvB<=1k,kp<=2k,0.1256,4
16,n<=64,sr<=15%,kvB<=1k,kp<=4k,0.1191,4
16,n<=64,sr<=15%,kvB<=1k,kp<=512,0.1171,4
16,n<=64,sr<=15%,kvB<=1k,kp<=8k,0.12,4
16,n<=64,sr<=15%,kvB<=1k,kp=0,0.1348,4
16,n<=64,sr<=15%,kvB<=4k,kp<=1k,0.1116,4
16,n<=64,sr<=15%,kvB<=4k,kp<=2k,0.1118,4
16,n<=64,sr<=15%,kvB<=4k,kp<=4k,0.1124,4
16,n<=64,sr<=15%,kvB<=4k,kp<=512,0.1138,4
16,n<=64,sr<=15%,kvB<=4k,kp<=8k,0.1038,4
16,n<=64,sr<=15%,kvB<=4k,kp=0,0.1034,4
16,n<=64,sr<=40%,kvB<=16k,kp<=1k,0.082,2
16,n<=64,sr<=40%,kvB<=16k,kp<=2k,0.0792,2
16,n<=64,sr<=40%,kvB<=16k,kp<=4k,0.076,2
16,n<=64,sr<=40%,kvB<=16k,kp<=512,0.0794,2
16,n<=64,sr<=40%,kvB<=16k,kp<=8k,0.0723,2
16,n<=64,sr<=40%,kvB<=16k,kp=0,0.0759,2
16,n<=64,sr<=40%,kvB<=1k,kp<=1k,0.0762,2
16,n<=64,sr<=40%,kvB<=1k,kp<=2k,0.0828,2
16,n<=64,sr<=40%,kvB<=1k,kp<=4k,0.0736,2
16,n<=64,sr<=40%,kvB<=1k,kp<=512,0.0797,2
16,n<=64,sr<=40%,kvB<=1k,kp<=8k,0.0744,2
16,n<=64,sr<=40%,kvB<=1k,kp=0,0.0905,2
16,n<=64,sr<=40%,kvB<=4k,kp<=1k,0.0721,2
16,n<=64,sr<=40%,kvB<=4k,kp<=2k,0.0736,2
16,n<=64,sr<=40%,kvB<=4k,kp<=4k,0.0765,2
16,n<=64,sr<=40%,kvB<=4k,kp<=512,0.0695,2
16,n<=64,sr<=40%,kvB<=4k,kp<=8k,0.0735,2
16,n<=64,sr<=40%,kvB<=4k,kp=0,0.0676,2
16,n<=64,sr<=5%,kvB<=16k,kp<=1k,0.1244,6
16,n<=64,sr<=5%,kvB<=16k,kp<=2k,0.1272,6
16,n<=64,sr<=5%,kvB<=16k,kp<=4k,0.1247,6
16,n<=64,sr<=5%,kvB<=16k,kp<=512,0.1285,6
16,n<=64,sr<=5%,kvB<=16k,kp<=8k,0.1321,6
16,n<=64,sr<=5%,kvB<=16k,kp=0,0.1273,6
16,n<=64,sr<=5%,kvB<=1k,kp<=1k,0.1344,6
16,n<=64,sr<=5%,kvB<=1k,kp<=2k,0.1335,6
16,n<=64,sr<=5%,kvB<=1k,kp<=4k,0.1364,6
16,n<=64,sr<=5%,kvB<=1k,kp<=512,0.1335,6
16,n<=64,sr<=5%,kvB<=1k,kp<=8k,0.1376,6
16,n<=64,sr<=5%,kvB<=1k,kp=0,0.13,6
16,n<=64,sr<=5%,kvB<=4k,kp<=1k,0.1284,6
16,n<=64,sr<=5%,kvB<=4k,kp<=2k,0.1302,6
16,n<=64,sr<=5%,kvB<=4k,kp<=4k,0.1311,6
16,n<=64,sr<=5%,kvB<=4k,kp<=512,0.1282,6
16,n<=64,sr<=5%,kvB<=4k,kp<=8k,0.1313,6
16,n<=64,sr<=5%,kvB<=4k,kp=0,0.1276,6
16,n<=64,sr<=70%,kvB<=16k,kp<=1k,0.1327,2
16,n<=64,sr<=70%,kvB<=16k,kp<=2k,0.1127,2
16,n<=64,sr<=70%,kvB<=16k,kp<=4k,0.126,2
16,n<=64,sr<=70%,kvB<=16k,kp<=512,0.106,2
16,n<=64,sr<=70%,kvB<=16k,kp<=8k,0.1236,2
16,n<=64,sr<=70%,kvB<=16k,kp=0,0.1185,2
16,n<=64,sr<=70%,kvB<=1k,kp<=1k,0.08,2
16,n<=64,sr<=70%,kvB<=1k,kp<=2k,0.1245,2
16,n<=64,sr<=70%,kvB<=1k,kp<=4k,0.1049,2
16,n<=64,sr<=70%,kvB<=1k,kp<=512,0.1033,2
16,n<=64,sr<=70%,kvB<=1k,kp<=8k,0.0967,2
16,n<=64,sr<=70%,kvB<=1k,kp=0,0.0954,2
16,n<=64,sr<=70%,kvB<=4k,kp<=1k,0.1077,2
16,n<=64,sr<=70%,kvB<=4k,kp<=2k,0.1121,2
16,n<=64,sr<=70%,kvB<=4k,kp<=4k,0.1291,2
16,n<=64,sr<=70%,kvB<=4k,kp<=512,0.1166,2
16,n<=64,sr<=70%,kvB<=4k,kp<=8k,0.1135,2
16,n<=64,sr<=70%,kvB<=4k,kp=0,0.1164,2
16,n<=64,sr>70%,kvB<=16k,kp<=1k,0.0792,4
16,n<=64,sr>70%,kvB<=16k,kp<=2k,0.0365,4
16,n<=64,sr>70%,kvB<=16k,kp<=4k,0.0712,4
16,n<=64,sr>70%,kvB<=16k,kp<=512,0.0699,4
16,n<=64,sr>70%,kvB<=16k,kp<=8k,0.0428,4
16,n<=64,sr>70%,kvB<=16k,kp=0,0.0508,4
16,n<=64,sr>70%,kvB<=1k,kp<=1k,0.0845,4
16,n<=64,sr>70%,kvB<=1k,kp<=2k,0.0902,4
16,n<=64,sr>70%,kvB<=1k,kp<=4k,0.1089,4
16,n<=64,sr>70%,kvB<=1k,kp<=512,0.0892,4
16,n<=64,sr>70%,kvB<=1k,kp<=8k,0.0779,4
16,n<=64,sr>70%,kvB<=1k,kp=0,0.0795,4
16,n<=64,sr>70%,kvB<=4k,kp<=1k,0.059,4
16,n<=64,sr>70%,kvB<=4k,kp<=2k,0.0552,4
16,n<=64,sr>70%,kvB<=4k,kp<=4k,0.0868,4
16,n<=64,sr>70%,kvB<=4k,kp<=512,0.0835,4
16,n<=64,sr>70%,kvB<=4k,kp<=8k,0.0577,4
16,n<=64,sr>70%,kvB<=4k,kp=0,0.055,4
16,n<=8,sr<=15%,kvB<=16k,kp<=1k,0.1298,2
16,n<=8,sr<=15%,kvB<=16k,kp<=2k,0.1295,2
16,n<=8,sr<=15%,kvB<=16k,kp<=4k,0.1304,2
16,n<=8,sr<=15%,kvB<=16k,kp<=512,0.1391,2
16,n<=8,sr<=15%,kvB<=16k,kp<=8k,0.1344,2
16,n<=8,sr<=15%,kvB<=16k,kp=0,0.1342,2
16,n<=8,sr<=15%,kvB<=1k,kp<=1k,0.0933,2
16,n<=8,sr<=15%,kvB<=1k,kp<=2k,0.0731,2
16,n<=8,sr<=15%,kvB<=1k,kp<=4k,0.06,2
16,n<=8,sr<=15%,kvB<=1k,kp<=512,0.0691,2
16,n<=8,sr<=15%,kvB<=1k,kp<=8k,0.0507,2
16,n<=8,sr<=15%,kvB<=1k,kp=0,0.0681,5
16,n<=8,sr<=15%,kvB<=4k,kp<=1k,0.1133,2
16,n<=8,sr<=15%,kvB<=4k,kp<=2k,0.1192,2
16,n<=8,sr<=15%,kvB<=4k,kp<=4k,0.0966,2
16,n<=8,sr<=15%,kvB<=4k,kp<=512,0.1195,2
16,n<=8,sr<=15%,kvB<=4k,kp<=8k,0.1193,2
16,n<=8,sr<=15%,kvB<=4k,kp=0,0.0999,3
16,n<=8,sr<=40%,kvB<=16k,kp<=1k,0.0295,4
16,n<=8,sr<=40%,kvB<=16k,kp<=2k,0.0298,4
16,n<=8,sr<=40%,kvB<=16k,kp<=4k,0.0316,4
16,n<=8,sr<=40%,kvB<=16k,kp<=512,0.0405,4
16,n<=8,sr<=40%,kvB<=16k,kp<=8k,0.0279,4
16,n<=8,sr<=40%,kvB<=16k,kp=0,0.0333,4
16,n<=8,sr<=40%,kvB<=1k,kp<=1k,-0.0152,4
16,n<=8,sr<=40%,kvB<=1k,kp<=2k,0.0153,4
16,n<=8,sr<=40%,kvB<=1k,kp<=4k,0.006,4
16,n<=8,sr<=40%,kvB<=1k,kp<=512,-0.0014,4
16,n<=8,sr<=40%,kvB<=1k,kp<=8k,0.028,4
16,n<=8,sr<=40%,kvB<=1k,kp=0,0.0088,4
16,n<=8,sr<=40%,kvB<=4k,kp<=1k,0.021,4
16,n<=8,sr<=40%,kvB<=4k,kp<=2k,0.0239,4
16,n<=8,sr<=40%,kvB<=4k,kp<=4k,0.0098,4
16,n<=8,sr<=40%,kvB<=4k,kp<=512,0.0186,4
16,n<=8,sr<=40%,kvB<=4k,kp<=8k,0.019,4
16,n<=8,sr<=40%,kvB<=4k,kp=0,0.0109,4
16,n<=8,sr<=70%,kvB<=16k,kp<=1k,0.0646,2
16,n<=8,sr<=70%,kvB<=16k,kp<=2k,0.0504,2
16,n<=8,sr<=70%,kvB<=16k,kp<=4k,0.0525,2
16,n<=8,sr<=70%,kvB<=16k,kp<=512,0.0599,2
16,n<=8,sr<=70%,kvB<=16k,kp<=8k,0.0653,2
16,n<=8,sr<=70%,kvB<=16k,kp=0,0.0528,2
16,n<=8,sr<=70%,kvB<=1k,kp<=1k,-0.072,2
16,n<=8,sr<=70%,kvB<=1k,kp<=2k,-0.1055,2
16,n<=8,sr<=70%,kvB<=1k,kp<=4k,-0.0721,2
16,n<=8,sr<=70%,kvB<=1k,kp<=512,-0.0161,2
16,n<=8,sr<=70%,kvB<=1k,kp<=8k,-0.0107,2
16,n<=8,sr<=70%,kvB<=1k,kp=0,-0.053,2
16,n<=8,sr<=70%,kvB<=4k,kp<=1k,0.0417,2
16,n<=8,sr<=70%,kvB<=4k,kp<=2k,0.0244,2
16,n<=8,sr<=70%,kvB<=4k,kp<=4k,0.0398,2
16,n<=8,sr<=70%,kvB<=4k,kp<=512,0.0224,2
16,n<=8,sr<=70%,kvB<=4k,kp<=8k,0.0342,2
16,n<=8,sr<=70%,kvB<=4k,kp=0,0.0367,2
16,n<=8,sr>70%,kvB<=16k,kp<=1k,0.5829,4
16,n<=8,sr>70%,kvB<=16k,kp<=2k,0.6244,4
16,n<=8,sr>70%,kvB<=16k,kp<=4k,0.5683,4
16,n<=8,sr>70%,kvB<=16k,kp<=512,0.5533,4
16,n<=8,sr>70%,kvB<=16k,kp<=8k,0.6159,4
16,n<=8,sr>70%,kvB<=16k,kp=0,0.6528,4
16,n<=8,sr>70%,kvB<=1k,kp<=1k,0.4439,4
16,n<=8,sr>70%,kvB<=1k,kp<=2k,0.4163,4
16,n<=8,sr>70%,kvB<=1k,kp<=4k,0.4654,4
16,n<=8,sr>70%,kvB<=1k,kp<=512,0.4829,4
16,n<=8,sr>70%,kvB<=1k,kp<=8k,0.4002,4
16,n<=8,sr>70%,kvB<=1k,kp=0,0.5595,4
16,n<=8,sr>70%,kvB<=4k,kp<=1k,0.5371,4
16,n<=8,sr>70%,kvB<=4k,kp<=2k,0.556,4
16,n<=8,sr>70%,kvB<=4k,kp<=4k,0.6045,4
16,n<=8,sr>70%,kvB<=4k,kp<=512,0.5197,4
16,n<=8,sr>70%,kvB<=4k,kp<=8k,0.5215,4
16,n<=8,sr>70%,kvB<=4k,kp=0,0.5624,4
32,n<=128,sr<=15%,kvB<=16k,kp<=1k,0.0387,4
32,n<=128,sr<=15%,kvB<=16k,kp<=2k,0.0384,4
32,n<=128,sr<=15%,kvB<=16k,kp<=4k,0.041,4
32,n<=128,sr<=15%,kvB<=16k,kp<=512,0.0394,4
32,n<=128,sr<=15%,kvB<=16k,kp<=8k,0.0387,4
32,n<=128,sr<=15%,kvB<=16k,kp=0,0.0371,4
32,n<=128,sr<=15%,kvB<=1k,kp<=1k,0.0381,4
32,n<=128,sr<=15%,kvB<=1k,kp<=2k,0.0399,4
32,n<=128,sr<=15%,kvB<=1k,kp<=4k,0.0401,4
32,n<=128,sr<=15%,kvB<=1k,kp<=512,0.0358,4
32,n<=128,sr<=15%,kvB<=1k,kp<=8k,0.0394,4
32,n<=128,sr<=15%,kvB<=1k,kp=0,0.0381,4
32,n<=128,sr<=15%,kvB<=4k,kp<=1k,0.0354,4
32,n<=128,sr<=15%,kvB<=4k,kp<=2k,0.0348,4
32,n<=128,sr<=15%,kvB<=4k,kp<=4k,0.0328,4
32,n<=128,sr<=15%,kvB<=4k,kp<=512,0.0329,4
32,n<=128,sr<=15%,kvB<=4k,kp<=8k,0.0304,4
32,n<=128,sr<=15%,kvB<=4k,kp=0,0.0368,4
32,n<=128,sr<=40%,kvB<=16k,kp<=1k,0.0172,2
32,n<=128,sr<=40%,kvB<=16k,kp<=2k,0.0138,2
32,n<=128,sr<=40%,kvB<=16k,kp<=4k,0.0154,2
32,n<=128,sr<=40%,kvB<=16k,kp<=512,0.0133,2
32,n<=128,sr<=40%,kvB<=16k,kp<=8k,0.0162,2
32,n<=128,sr<=40%,kvB<=16k,kp=0,0.0153,2
32,n<=128,sr<=40%,kvB<=1k,kp<=1k,0.0137,2
32,n<=128,sr<=40%,kvB<=1k,kp<=2k,0.0159,2
32,n<=128,sr<=40%,kvB<=1k,kp<=4k,0.0123,2
32,n<=128,sr<=40%,kvB<=1k,kp<=512,0.008,2
32,n<=128,sr<=40%,kvB<=1k,kp<=8k,0.0066,2
32,n<=128,sr<=40%,kvB<=1k,kp=0,0.0109,2
32,n<=128,sr<=40%,kvB<=4k,kp<=1k,0.0157,2
32,n<=128,sr<=40%,kvB<=4k,kp<=2k,0.0068,2
32,n<=128,sr<=40%,kvB<=4k,kp<=4k,0.0123,2
32,n<=128,sr<=40%,kvB<=4k,kp<=512,0.006,2
32,n<=128,sr<=40%,kvB<=4k,kp<=8k,0.0175,2
32,n<=128,sr<=40%,kvB<=4k,kp=0,0.0146,2
32,n<=128,sr<=5%,kvB<=16k,kp<=1k,0.0406,8
32,n<=128,sr<=5%,kvB<=16k,kp<=2k,0.0411,8
32,n<=128,sr<=5%,kvB<=16k,kp<=4k,0.0412,8
32,n<=128,sr<=5%,kvB<=16k,kp<=512,0.0409,8
32,n<=128,sr<=5%,kvB<=16k,kp<=8k,0.0411,8
32,n<=128,sr<=5%,kvB<=16k,kp=0,0.0412,8
32,n<=128,sr<=5%,kvB<=1k,kp<=1k,0.0508,8
32,n<=128,sr<=5%,kvB<=1k,kp<=2k,0.0504,8
32,n<=128,sr<=5%,kvB<=1k,kp<=4k,0.0517,8
32,n<=128,sr<=5%,kvB<=1k,kp<=512,0.049,8
32,n<=128,sr<=5%,kvB<=1k,kp<=8k,0.051,8
32,n<=128,sr<=5%,kvB<=1k,kp=0,0.0498,8
32,n<=128,sr<=5%,kvB<=4k,kp<=1k,0.0417,8
32,n<=128,sr<=5%,kvB<=4k,kp<=2k,0.0426,8
32,n<=128,sr<=5%,kvB<=4k,kp<=4k,0.0432,8
32,n<=128,sr<=5%,kvB<=4k,kp<=512,0.0418,8
32,n<=128,sr<=5%,kvB<=4k,kp<=8k,0.0425,8
32,n<=128,sr<=5%,kvB<=4k,kp=0,0.0421,8
32,n<=128,sr<=70%,kvB<=16k,kp<=1k,-0.0272,2
32,n<=128,sr<=70%,kvB<=16k,kp<=2k,-0.0312,2
32,n<=128,sr<=70%,kvB<=16k,kp<=4k,-0.029,2
32,n<=128,sr<=70%,kvB<=16k,kp<=512,-0.032,2
32,n<=128,sr<=70%,kvB<=16k,kp<=8k,-0.0301,2
32,n<=128,sr<=70%,kvB<=16k,kp=0,-0.0272,2
32,n<=128,sr<=70%,kvB<=1k,kp<=1k,-0.0588,2
32,n<=128,sr<=70%,kvB<=1k,kp<=2k,-0.0529,2
32,n<=128,sr<=70%,kvB<=1k,kp<=4k,-0.0679,2
32,n<=128,sr<=70%,kvB<=1k,kp<=512,-0.0604,2
32,n<=128,sr<=70%,kvB<=1k,kp<=8k,-0.0443,2
32,n<=128,sr<=70%,kvB<=1k,kp=0,-0.0654,2
32,n<=128,sr<=70%,kvB<=4k,kp<=1k,-0.0373,2
32,n<=128,sr<=70%,kvB<=4k,kp<=2k,-0.0383,2
32,n<=128,sr<=70%,kvB<=4k,kp<=4k,-0.0311,2
32,n<=128,sr<=70%,kvB<=4k,kp<=512,-0.032,2
32,n<=128,sr<=70%,kvB<=4k,kp<=8k,-0.0347,2
32,n<=128,sr<=70%,kvB<=4k,kp=0,-0.0272,2
32,n<=128,sr>70%,kvB<=16k,kp<=1k,-0.0827,4
32,n<=128,sr>70%,kvB<=16k,kp<=2k,-0.0912,4
32,n<=128,sr>70%,kvB<=16k,kp<=4k,-0.0731,4
32,n<=128,sr>70%,kvB<=16k,kp<=512,-0.073,4
32,n<=128,sr>70%,kvB<=16k,kp<=8k,-0.0717,4
32,n<=128,sr>70%,kvB<=16k,kp=0,-0.0854,4
32,n<=128,sr>70%,kvB<=1k,kp<=1k,-0.128,4
32,n<=128,sr>70%,kvB<=1k,kp<=2k,-0.1158,4
32,n<=128,sr>70%,kvB<=1k,kp<=4k,-0.1109,4
32,n<=128,sr>70%,kvB<=1k,kp<=512,-0.094,4
32,n<=128,sr>70%,kvB<=1k,kp<=8k,-0.1403,4
32,n<=128,sr>70%,kvB<=1k,kp=0,-0.1173,4
32,n<=128,sr>70%,kvB<=4k,kp<=1k,-0.0782,4
32,n<=128,sr>70%,kvB<=4k,kp<=2k,-0.0916,4
32,n<=128,sr>70%,kvB<=4k,kp<=4k,-0.0762,4
32,n<=128,sr>70%,kvB<=4k,kp<=512,-0.0933,4
32,n<=128,sr>70%,kvB<=4k,kp<=8k,-0.0819,4
32,n<=128,sr>70%,kvB<=4k,kp=0,-0.0777,4
32,n<=16,sr<=15%,kvB<=16k,kp<=1k,0.1486,4
32,n<=16,sr<=15%,kvB<=16k,kp<=2k,0.1492,4
32,n<=16,sr<=15%,kvB<=16k,kp<=4k,0.1531,4
32,n<=16,sr<=15%,kvB<=16k,kp<=512,0.1523,4
32,n<=16,sr<=15%,kvB<=16k,kp<=8k,0.1483,4
32,n<=16,sr<=15%,kvB<=16k,kp=0,0.1535,4
32,n<=16,sr<=15%,kvB<=1k,kp<=1k,0.2003,4
32,n<=16,sr<=15%,kvB<=1k,kp<=2k,0.1904,4
32,n<=16,sr<=15%,kvB<=1k,kp<=4k,0.1933,4
32,n<=16,sr<=15%,kvB<=1k,kp<=512,0.1979,4
32,n<=16,sr<=15%,kvB<=1k,kp<=8k,0.2143,4
32,n<=16,sr<=15%,kvB<=1k,kp=0,0.2052,4
32,n<=16,sr<=15%,kvB<=4k,kp<=1k,0.1554,4
32,n<=16,sr<=15%,kvB<=4k,kp<=2k,0.151,4
32,n<=16,sr<=15%,kvB<=4k,kp<=4k,0.1564,4
32,n<=16,sr<=15%,kvB<=4k,kp<=512,0.1539,4
32,n<=16,sr<=15%,kvB<=4k,kp<=8k,0.151,4
32,n<=16,sr<=15%,kvB<=4k,kp=0,0.1496,4
32,n<=16,sr<=40%,kvB<=16k,kp<=1k,0.5431,4
32,n<=16,sr<=40%,kvB<=16k,kp<=2k,0.5442,4
32,n<=16,sr<=40%,kvB<=16k,kp<=4k,0.5439,4
32,n<=16,sr<=40%,kvB<=16k,kp<=512,0.5412,4
32,n<=16,sr<=40%,kvB<=16k,kp<=8k,0.543,4
32,n<=16,sr<=40%,kvB<=16k,kp=0,0.5415,4
32,n<=16,sr<=40%,kvB<=1k,kp<=1k,0.4966,4
32,n<=16,sr<=40%,kvB<=1k,kp<=2k,0.5093,4
32,n<=16,sr<=40%,kvB<=1k,kp<=4k,0.494,4
32,n<=16,sr<=40%,kvB<=1k,kp<=512,0.5092,4
32,n<=16,sr<=40%,kvB<=1k,kp<=8k,0.5108,4
32,n<=16,sr<=40%,kvB<=1k,kp=0,0.5172,4
32,n<=16,sr<=40%,kvB<=4k,kp<=1k,0.5323,4
32,n<=16,sr<=40%,kvB<=4k,kp<=2k,0.5293,4
32,n<=16,sr<=40%,kvB<=4k,kp<=4k,0.5272,4
32,n<=16,sr<=40%,kvB<=4k,kp<=512,0.5288,4
32,n<=16,sr<=40%,kvB<=4k,kp<=8k,0.5327,4
32,n<=16,sr<=40%,kvB<=4k,kp=0,0.5232,4
32,n<=16,sr<=70%,kvB<=16k,kp<=1k,0.3355,2
32,n<=16,sr<=70%,kvB<=16k,kp<=2k,0.3303,2
32,n<=16,sr<=70%,kvB<=16k,kp<=4k,0.3366,2
32,n<=16,sr<=70%,kvB<=16k,kp<=512,0.3343,2
32,n<=16,sr<=70%,kvB<=16k,kp<=8k,0.3359,2
32,n<=16,sr<=70%,kvB<=16k,kp=0,0.34,2
32,n<=16,sr<=70%,kvB<=1k,kp<=1k,0.2771,2
32,n<=16,sr<=70%,kvB<=1k,kp<=2k,0.269,2
32,n<=16,sr<=70%,kvB<=1k,kp<=4k,0.2665,2
32,n<=16,sr<=70%,kvB<=1k,kp<=512,0.282,2
32,n<=16,sr<=70%,kvB<=1k,kp<=8k,0.2847,2
32,n<=16,sr<=70%,kvB<=1k,kp=0,0.2743,2
32,n<=16,sr<=70%,kvB<=4k,kp<=1k,0.3101,2
32,n<=16,sr<=70%,kvB<=4k,kp<=2k,0.3205,2
32,n<=16,sr<=70%,kvB<=4k,kp<=4k,0.2997,2
32,n<=16,sr<=70%,kvB<=4k,kp<=512,0.2997,2
32,n<=16,sr<=70%,kvB<=4k,kp<=8k,0.3174,2
32,n<=16,sr<=70%,kvB<=4k,kp=0,0.3094,2
32,n<=16,sr>70%,kvB<=16k,kp<=1k,0.5091,4
32,n<=16,sr>70%,kvB<=16k,kp<=2k,0.509,4
32,n<=16,sr>70%,kvB<=16k,kp<=4k,0.5184,4
32,n<=16,sr>70%,kvB<=16k,kp<=512,0.5121,4
32,n<=16,sr>70%,kvB<=16k,kp<=8k,0.522,4
32,n<=16,sr>70%,kvB<=16k,kp=0,0.5286,4
32,n<=16,sr>70%,kvB<=1k,kp<=1k,0.5426,4
32,n<=16,sr>70%,kvB<=1k,kp<=2k,0.5618,4
32,n<=16,sr>70%,kvB<=1k,kp<=4k,0.5664,4
32,n<=16,sr>70%,kvB<=1k,kp<=512,0.5536,4
32,n<=16,sr>70%,kvB<=1k,kp<=8k,0.6326,4
32,n<=16,sr>70%,kvB<=1k,kp=0,0.562,4
32,n<=16,sr>70%,kvB<=4k,kp<=1k,0.5031,4
32,n<=16,sr>70%,kvB<=4k,kp<=2k,0.4828,4
32,n<=16,sr>70%,kvB<=4k,kp<=4k,0.5121,4
32,n<=16,sr>70%,kvB<=4k,kp<=512,0.5337,4
32,n<=16,sr>70%,kvB<=4k,kp<=8k,0.5253,4
32,n<=16,sr>70%,kvB<=4k,kp=0,0.4615,4
32,n<=2,sr<=70%,kvB<=16k,kp<=1k,0.0179,2
32,n<=2,sr<=70%,kvB<=16k,kp<=2k,-0.044,2
32,n<=2,sr<=70%,kvB<=16k,kp<=4k,0.0137,2
32,n<=2,sr<=70%,kvB<=16k,kp<=512,0.0052,2
32,n<=2,sr<=70%,kvB<=16k,kp<=8k,0.0295,2
32,n<=2,sr<=70%,kvB<=16k,kp=0,-0.0001,2
32,n<=2,sr<=70%,kvB<=1k,kp<=1k,-0.0366,2
32,n<=2,sr<=70%,kvB<=1k,kp<=2k,0.0178,2
32,n<=2,sr<=70%,kvB<=1k,kp<=4k,0.0891,2
32,n<=2,sr<=70%,kvB<=1k,kp<=512,0.0013,2
32,n<=2,sr<=70%,kvB<=1k,kp<=8k,0.0372,2
32,n<=2,sr<=70%,kvB<=1k,kp=0,0.0015,2
32,n<=2,sr<=70%,kvB<=4k,kp<=1k,0.0251,2
32,n<=2,sr<=70%,kvB<=4k,kp<=2k,0.0558,2
32,n<=2,sr<=70%,kvB<=4k,kp<=4k,0.0639,2
32,n<=2,sr<=70%,kvB<=4k,kp<=512,0.0292,2
32,n<=2,sr<=70%,kvB<=4k,kp<=8k,0.0032,2
32,n<=2,sr<=70%,kvB<=4k,kp=0,0.0222,2
32,n<=32,sr<=15%,kvB<=16k,kp<=1k,0.2663,6
32,n<=32,sr<=15%,kvB<=16k,kp<=2k,0.2929,6
32,n<=32,sr<=15%,kvB<=16k,kp<=4k,0.2934,6
32,n<=32,sr<=15%,kvB<=16k,kp<=512,0.2932,6
32,n<=32,sr<=15%,kvB<=16k,kp<=8k,0.2936,6
32,n<=32,sr<=15%,kvB<=16k,kp=0,0.2874,6
32,n<=32,sr<=15%,kvB<=1k,kp<=1k,0.3024,6
32,n<=32,sr<=15%,kvB<=1k,kp<=2k,0.2994,6
32,n<=32,sr<=15%,kvB<=1k,kp<=4k,0.2978,6
32,n<=32,sr<=15%,kvB<=1k,kp<=512,0.2932,6
32,n<=32,sr<=15%,kvB<=1k,kp<=8k,0.3088,6
32,n<=32,sr<=15%,kvB<=1k,kp=0,0.2986,6
32,n<=32,sr<=15%,kvB<=4k,kp<=1k,0.2823,6
32,n<=32,sr<=15%,kvB<=4k,kp<=2k,0.2786,6
32,n<=32,sr<=15%,kvB<=4k,kp<=4k,0.283,6
32,n<=32,sr<=15%,kvB<=4k,kp<=512,0.2851,6
32,n<=32,sr<=15%,kvB<=4k,kp<=8k,0.284,6
32,n<=32,sr<=15%,kvB<=4k,kp=0,0.2746,6
32,n<=32,sr<=40%,kvB<=16k,kp<=1k,0.2358,2
32,n<=32,sr<=40%,kvB<=16k,kp<=2k,0.2535,2
32,n<=32,sr<=40%,kvB<=16k,kp<=4k,0.2455,2
32,n<=32,sr<=40%,kvB<=16k,kp<=512,0.245,2
32,n<=32,sr<=40%,kvB<=16k,kp<=8k,0.2527,2
32,n<=32,sr<=40%,kvB<=16k,kp=0,0.271,2
32,n<=32,sr<=40%,kvB<=1k,kp<=1k,0.2105,2
32,n<=32,sr<=40%,kvB<=1k,kp<=2k,0.2419,2
32,n<=32,sr<=40%,kvB<=1k,kp<=4k,0.2552,2
32,n<=32,sr<=40%,kvB<=1k,kp<=512,0.2473,2
32,n<=32,sr<=40%,kvB<=1k,kp<=8k,0.2314,2
32,n<=32,sr<=40%,kvB<=1k,kp=0,0.2416,2
32,n<=32,sr<=40%,kvB<=4k,kp<=1k,0.249,2
32,n<=32,sr<=40%,kvB<=4k,kp<=2k,0.222,2
32,n<=32,sr<=40%,kvB<=4k,kp<=4k,0.2335,2
32,n<=32,sr<=40%,kvB<=4k,kp<=512,0.2635,2
32,n<=32,sr<=40%,kvB<=4k,kp<=8k,0.2676,2
32,n<=32,sr<=40%,kvB<=4k,kp=0,0.2458,2
32,n<=32,sr<=5%,kvB<=16k,kp<=1k,0.2968,2
32,n<=32,sr<=5%,kvB<=16k,kp<=2k,0.284,2
32,n<=32,sr<=5%,kvB<=16k,kp<=4k,0.2914,2
32,n<=32,sr<=5%,kvB<=16k,kp<=512,0.2837,2
32,n<=32,sr<=5%,kvB<=16k,kp<=8k,0.2829,2
32,n<=32,sr<=5%,kvB<=16k,kp=0,0.2857,2
32,n<=32,sr<=5%,kvB<=1k,kp<=1k,0.2946,2
32,n<=32,sr<=5%,kvB<=1k,kp<=2k,0.2898,2
32,n<=32,sr<=5%,kvB<=1k,kp<=4k,0.3064,2
32,n<=32,sr<=5%,kvB<=1k,kp<=512,0.291,2
32,n<=32,sr<=5%,kvB<=1k,kp<=8k,0.3163,2
32,n<=32,sr<=5%,kvB<=1k,kp=0,0.2725,2
32,n<=32,sr<=5%,kvB<=4k,kp<=1k,0.3007,2
32,n<=32,sr<=5%,kvB<=4k,kp<=2k,0.2877,2
32,n<=32,sr<=5%,kvB<=4k,kp<=4k,0.2959,2
32,n<=32,sr<=5%,kvB<=4k,kp<=512,0.2946,2
32,n<=32,sr<=5%,kvB<=4k,kp<=8k,0.317,2
32,n<=32,sr<=5%,kvB<=4k,kp=0,0.2987,2
32,n<=32,sr<=70%,kvB<=16k,kp<=1k,0.2721,2
32,n<=32,sr<=70%,kvB<=16k,kp<=2k,0.2878,2
32,n<=32,sr<=70%,kvB<=16k,kp<=4k,0.2605,2
32,n<=32,sr<=70%,kvB<=16k,kp<=512,0.2867,2
32,n<=32,sr<=70%,kvB<=16k,kp<=8k,0.261,2
32,n<=32,sr<=70%,kvB<=16k,kp=0,0.2656,2
32,n<=32,sr<=70%,kvB<=1k,kp<=1k,0.2576,2
32,n<=32,sr<=70%,kvB<=1k,kp<=2k,0.3089,2
32,n<=32,sr<=70%,kvB<=1k,kp<=4k,0.2921,2
32,n<=32,sr<=70%,kvB<=1k,kp<=512,0.2584,2
32,n<=32,sr<=70%,kvB<=1k,kp<=8k,0.2904,2
32,n<=32,sr<=70%,kvB<=1k,kp=0,0.2763,2
32,n<=32,sr<=70%,kvB<=4k,kp<=1k,0.2435,2
32,n<=32,sr<=70%,kvB<=4k,kp<=2k,0.2713,2
32,n<=32,sr<=70%,kvB<=4k,kp<=4k,0.2691,2
32,n<=32,sr<=70%,kvB<=4k,kp<=512,0.282,2
32,n<=32,sr<=70%,kvB<=4k,kp<=8k,0.2877,2
32,n<=32,sr<=70%,kvB<=4k,kp=0,0.2705,2
32,n<=32,sr>70%,kvB<=16k,kp<=1k,0.8199,4
32,n<=32,sr>70%,kvB<=16k,kp<=2k,0.8483,4
32,n<=32,sr>70%,kvB<=16k,kp<=4k,0.8,4
32,n<=32,sr>70%,kvB<=16k,kp<=512,0.7897,4
32,n<=32,sr>70%,kvB<=16k,kp<=8k,0.7771,4
32,n<=32,sr>70%,kvB<=16k,kp=0,0.8367,4
32,n<=32,sr>70%,kvB<=1k,kp<=1k,0.7048,4
32,n<=32,sr>70%,kvB<=1k,kp<=2k,0.7553,4
32,n<=32,sr>70%,kvB<=1k,kp<=4k,0.7748,4
32,n<=32,sr>70%,kvB<=1k,kp<=512,0.7433,4
32,n<=32,sr>70%,kvB<=1k,kp<=8k,0.6514,4
32,n<=32,sr>70%,kvB<=1k,kp=0,0.7409,4
32,n<=32,sr>70%,kvB<=4k,kp<=1k,0.7953,4
32,n<=32,sr>70%,kvB<=4k,kp<=2k,0.7978,4
32,n<=32,sr>70%,kvB<=4k,kp<=4k,0.7798,4
32,n<=32,sr>70%,kvB<=4k,kp<=512,0.7987,4
32,n<=32,sr>70%,kvB<=4k,kp<=8k,0.7696,4
32,n<=32,sr>70%,kvB<=4k,kp=0,0.8059,4
32,n<=4,sr<=40%,kvB<=16k,kp<=1k,-0.004,2
32,n<=4,sr<=40%,kvB<=16k,kp<=2k,0.0036,2
32,n<=4,sr<=40%,kvB<=16k,kp<=4k,-0.005,2
32,n<=4,sr<=40%,kvB<=16k,kp<=512,0.0007,2
32,n<=4,sr<=40%,kvB<=16k,kp<=8k,0.0039,2
32,n<=4,sr<=40%,kvB<=16k,kp=0,0.0074,2
32,n<=4,sr<=40%,kvB<=1k,kp<=1k,0.0566,2
32,n<=4,sr<=40%,kvB<=1k,kp<=2k,0.0804,2
32,n<=4,sr<=40%,kvB<=1k,kp<=4k,0.0602,2
32,n<=4,sr<=40%,kvB<=1k,kp<=512,0.0696,2
32,n<=4,sr<=40%,kvB<=1k,kp<=8k,0.0549,2
32,n<=4,sr<=40%,kvB<=1k,kp=0,0.0849,2
32,n<=4,sr<=40%,kvB<=4k,kp<=1k,0.008,2
32,n<=4,sr<=40%,kvB<=4k,kp<=2k,0.01,2
32,n<=4,sr<=40%,kvB<=4k,kp<=4k,0.0303,2
32,n<=4,sr<=40%,kvB<=4k,kp<=512,-0.0271,2
32,n<=4,sr<=40%,kvB<=4k,kp<=8k,-0.0406,2
32,n<=4,sr<=40%,kvB<=4k,kp=0,0.0224,2
32,n<=4,sr<=70%,kvB<=16k,kp<=1k,-0.0558,2
32,n<=4,sr<=70%,kvB<=16k,kp<=2k,-0.0664,2
32,n<=4,sr<=70%,kvB<=16k,kp<=4k,-0.0601,2
32,n<=4,sr<=70%,kvB<=16k,kp<=512,-0.0331,2
32,n<=4,sr<=70%,kvB<=16k,kp<=8k,-0.0425,2
32,n<=4,sr<=70%,kvB<=16k,kp=0,-0.031,2
32,n<=4,sr<=70%,kvB<=1k,kp<=1k,-0.0545,2
32,n<=4,sr<=70%,kvB<=1k,kp<=2k,-0.075,2
32,n<=4,sr<=70%,kvB<=1k,kp<=4k,-0.0813,2
32,n<=4,sr<=70%,kvB<=1k,kp<=512,-0.0619,2
32,n<=4,sr<=70%,kvB<=1k,kp<=8k,0.0196,2
32,n<=4,sr<=70%,kvB<=1k,kp=0,-0.0957,2
32,n<=4,sr<=70%,kvB<=4k,kp<=1k,-0.074,2
32,n<=4,sr<=70%,kvB<=4k,kp<=2k,-0.05,2
32,n<=4,sr<=70%,kvB<=4k,kp<=4k,-0.0531,2
32,n<=4,sr<=70%,kvB<=4k,kp<=512,-0.0707,2
32,n<=4,sr<=70%,kvB<=4k,kp<=8k,-0.0643,2
32,n<=4,sr<=70%,kvB<=4k,kp=0,-0.0612,2
32,n<=4,sr>70%,kvB<=16k,kp<=1k,-0.0096,2
32,n<=4,sr>70%,kvB<=16k,kp<=2k,0.0197,2
32,n<=4,sr>70%,kvB<=16k,kp<=4k,0.008,2
32,n<=4,sr>70%,kvB<=16k,kp<=512,-0.0412,2
32,n<=4,sr>70%,kvB<=16k,kp<=8k,-0.0242,2
32,n<=4,sr>70%,kvB<=16k,kp=0,0.0042,2
32,n<=4,sr>70%,kvB<=1k,kp<=1k,0.0406,2
32,n<=4,sr>70%,kvB<=1k,kp<=2k,0.2132,2
32,n<=4,sr>70%,kvB<=1k,kp<=4k,0.0223,2
32,n<=4,sr>70%,kvB<=1k,kp<=512,0.0883,2
32,n<=4,sr>70%,kvB<=1k,kp<=8k,0.003,2
32,n<=4,sr>70%,kvB<=1k,kp=0,0.0816,2
32,n<=4,sr>70%,kvB<=4k,kp<=1k,-0.0388,2
32,n<=4,sr>70%,kvB<=4k,kp<=2k,-0.0415,2
32,n<=4,sr>70%,kvB<=4k,kp<=4k,-0.0659,2
32,n<=4,sr>70%,kvB<=4k,kp<=512,-0.0911,2
32,n<=4,sr>70%,kvB<=4k,kp<=8k,-0.2469,2
32,n<=4,sr>70%,kvB<=4k,kp=0,-0.1103,2
32,n<=64,sr<=15%,kvB<=16k,kp<=1k,0.1119,4
32,n<=64,sr<=15%,kvB<=16k,kp<=2k,0.106,4
32,n<=64,sr<=15%,kvB<=16k,kp<=4k,0.1034,4
32,n<=64,sr<=15%,kvB<=16k,kp<=512,0.1105,4
32,n<=64,sr<=15%,kvB<=16k,kp<=8k,0.1098,4
32,n<=64,sr<=15%,kvB<=16k,kp=0,0.113,4
32,n<=64,sr<=15%,kvB<=1k,kp<=1k,0.1237,4
32,n<=64,sr<=15%,kvB<=1k,kp<=2k,0.1182,4
32,n<=64,sr<=15%,kvB<=1k,kp<=4k,0.1168,4
32,n<=64,sr<=15%,kvB<=1k,kp<=512,0.121,4
32,n<=64,sr<=15%,kvB<=1k,kp<=8k,0.1156,4
32,n<=64,sr<=15%,kvB<=1k,kp=0,0.1271,4
32,n<=64,sr<=15%,kvB<=4k,kp<=1k,0.1059,4
32,n<=64,sr<=15%,kvB<=4k,kp<=2k,0.1095,4
32,n<=64,sr<=15%,kvB<=4k,kp<=4k,0.1079,4
32,n<=64,sr<=15%,kvB<=4k,kp<=512,0.1053,4
32,n<=64,sr<=15%,kvB<=4k,kp<=8k,0.1073,4
32,n<=64,sr<=15%,kvB<=4k,kp=0,0.1082,4
32,n<=64,sr<=40%,kvB<=16k,kp<=1k,0.0762,2
32,n<=64,sr<=40%,kvB<=16k,kp<=2k,0.0729,2
32,n<=64,sr<=40%,kvB<=16k,kp<=4k,0.0777,2
32,n<=64,sr<=40%,kvB<=16k,kp<=512,0.0779,2
32,n<=64,sr<=40%,kvB<=16k,kp<=8k,0.0716,2
32,n<=64,sr<=40%,kvB<=16k,kp=0,0.0782,2
32,n<=64,sr<=40%,kvB<=1k,kp<=1k,0.0754,2
32,n<=64,sr<=40%,kvB<=1k,kp<=2k,0.0926,2
32,n<=64,sr<=40%,kvB<=1k,kp<=4k,0.0735,2
32,n<=64,sr<=40%,kvB<=1k,kp<=512,0.0909,2
32,n<=64,sr<=40%,kvB<=1k,kp<=8k,0.0787,2
32,n<=64,sr<=40%,kvB<=1k,kp=0,0.0932,2
32,n<=64,sr<=40%,kvB<=4k,kp<=1k,0.0698,2
32,n<=64,sr<=40%,kvB<=4k,kp<=2k,0.0716,2
32,n<=64,sr<=40%,kvB<=4k,kp<=4k,0.0697,2
32,n<=64,sr<=40%,kvB<=4k,kp<=512,0.0678,2
32,n<=64,sr<=40%,kvB<=4k,kp<=8k,0.0697,2
32,n<=64,sr<=40%,kvB<=4k,kp=0,0.0664,2
32,n<=64,sr<=5%,kvB<=16k,kp<=1k,0.1306,6
32,n<=64,sr<=5%,kvB<=16k,kp<=2k,0.1249,6
32,n<=64,sr<=5%,kvB<=16k,kp<=4k,0.1248,6
32,n<=64,sr<=5%,kvB<=16k,kp<=512,0.125,6
32,n<=64,sr<=5%,kvB<=16k,kp<=8k,0.1283,6
32,n<=64,sr<=5%,kvB<=16k,kp=0,0.1284,6
32,n<=64,sr<=5%,kvB<=1k,kp<=1k,0.1307,6
32,n<=64,sr<=5%,kvB<=1k,kp<=2k,0.1346,6
32,n<=64,sr<=5%,kvB<=1k,kp<=4k,0.1368,6
32,n<=64,sr<=5%,kvB<=1k,kp<=512,0.1394,6
32,n<=64,sr<=5%,kvB<=1k,kp<=8k,0.1345,6
32,n<=64,sr<=5%,kvB<=1k,kp=0,0.1425,6
32,n<=64,sr<=5%,kvB<=4k,kp<=1k,0.1271,6
32,n<=64,sr<=5%,kvB<=4k,kp<=2k,0.129,6
32,n<=64,sr<=5%,kvB<=4k,kp<=4k,0.128,6
32,n<=64,sr<=5%,kvB<=4k,kp<=512,0.1332,6
32,n<=64,sr<=5%,kvB<=4k,kp<=8k,0.1307,6
32,n<=64,sr<=5%,kvB<=4k,kp=0,0.1279,6
32,n<=64,sr<=70%,kvB<=16k,kp<=1k,0.1309,2
32,n<=64,sr<=70%,kvB<=16k,kp<=2k,0.1161,2
32,n<=64,sr<=70%,kvB<=16k,kp<=4k,0.1314,2
32,n<=64,sr<=70%,kvB<=16k,kp<=512,0.1249,2
32,n<=64,sr<=70%,kvB<=16k,kp<=8k,0.1192,2
32,n<=64,sr<=70%,kvB<=16k,kp=0,0.1064,2
32,n<=64,sr<=70%,kvB<=1k,kp<=1k,0.1161,2
32,n<=64,sr<=70%,kvB<=1k,kp<=2k,0.1184,2
32,n<=64,sr<=70%,kvB<=1k,kp<=4k,0.0988,2
32,n<=64,sr<=70%,kvB<=1k,kp<=512,0.0866,2
32,n<=64,sr<=70%,kvB<=1k,kp<=8k,0.1146,2
32,n<=64,sr<=70%,kvB<=1k,kp=0,0.112,2
32,n<=64,sr<=70%,kvB<=4k,kp<=1k,0.1139,2
32,n<=64,sr<=70%,kvB<=4k,kp<=2k,0.1233,2
32,n<=64,sr<=70%,kvB<=4k,kp<=4k,0.1126,2
32,n<=64,sr<=70%,kvB<=4k,kp<=512,0.1071,2
32,n<=64,sr<=70%,kvB<=4k,kp<=8k,0.1161,2
32,n<=64,sr<=70%,kvB<=4k,kp=0,0.1209,2
32,n<=64,sr>70%,kvB<=16k,kp<=1k,0.0537,4
32,n<=64,sr>70%,kvB<=16k,kp<=2k,0.0698,4
32,n<=64,sr>70%,kvB<=16k,kp<=4k,0.0724,4
32,n<=64,sr>70%,kvB<=16k,kp<=512,0.0385,4
32,n<=64,sr>70%,kvB<=16k,kp<=8k,0.0467,4
32,n<=64,sr>70%,kvB<=16k,kp=0,0.0355,4
32,n<=64,sr>70%,kvB<=1k,kp<=1k,0.082,4
32,n<=64,sr>70%,kvB<=1k,kp<=2k,0.0784,4
32,n<=64,sr>70%,kvB<=1k,kp<=4k,0.0819,4
32,n<=64,sr>70%,kvB<=1k,kp<=512,0.0928,4
32,n<=64,sr>70%,kvB<=1k,kp<=8k,0.0965,4
32,n<=64,sr>70%,kvB<=1k,kp=0,0.0729,4
32,n<=64,sr>70%,kvB<=4k,kp<=1k,0.0693,4
32,n<=64,sr>70%,kvB<=4k,kp<=2k,0.0561,4
32,n<=64,sr>70%,kvB<=4k,kp<=4k,0.0503,4
32,n<=64,sr>70%,kvB<=4k,kp<=512,0.0523,4
32,n<=64,sr>70%,kvB<=4k,kp<=8k,0.0803,4
32,n<=64,sr>70%,kvB<=4k,kp=0,0.0829,4
32,n<=8,sr<=15%,kvB<=16k,kp<=1k,0.1368,2
32,n<=8,sr<=15%,kvB<=16k,kp<=2k,0.1316,2
32,n<=8,sr<=15%,kvB<=16k,kp<=4k,0.1364,2
32,n<=8,sr<=15%,kvB<=16k,kp<=512,0.1347,2
32,n<=8,sr<=15%,kvB<=16k,kp<=8k,0.1292,2
32,n<=8,sr<=15%,kvB<=16k,kp=0,0.1419,2
32,n<=8,sr<=15%,kvB<=1k,kp<=1k,0.0599,2
32,n<=8,sr<=15%,kvB<=1k,kp<=2k,0.0551,2
32,n<=8,sr<=15%,kvB<=1k,kp<=4k,0.0616,2
32,n<=8,sr<=15%,kvB<=1k,kp<=512,0.0514,2
32,n<=8,sr<=15%,kvB<=1k,kp<=8k,0.0684,2
32,n<=8,sr<=15%,kvB<=1k,kp=0,0.0983,2
32,n<=8,sr<=15%,kvB<=4k,kp<=1k,0.1127,2
32,n<=8,sr<=15%,kvB<=4k,kp<=2k,0.1257,2
32,n<=8,sr<=15%,kvB<=4k,kp<=4k,0.1154,2
32,n<=8,sr<=15%,kvB<=4k,kp<=512,0.1257,2
32,n<=8,sr<=15%,kvB<=4k,kp<=8k,0.1133,2
32,n<=8,sr<=15%,kvB<=4k,kp=0,0.1285,2
32,n<=8,sr<=40%,kvB<=16k,kp<=1k,0.0278,4
32,n<=8,sr<=40%,kvB<=16k,kp<=2k,0.0288,4
32,n<=8,sr<=40%,kvB<=16k,kp<=4k,0.0241,4
32,n<=8,sr<=40%,kvB<=16k,kp<=512,0.0306,4
32,n<=8,sr<=40%,kvB<=16k,kp<=8k,0.0191,4
32,n<=8,sr<=40%,kvB<=16k,kp=0,0.0277,4
32,n<=8,sr<=40%,kvB<=1k,kp<=1k,0.0011,4
32,n<=8,sr<=40%,kvB<=1k,kp<=2k,0.0255,4
32,n<=8,sr<=40%,kvB<=1k,kp<=4k,0.0054,4
32,n<=8,sr<=40%,kvB<=1k,kp<=512,-0.0042,4
32,n<=8,sr<=40%,kvB<=1k,kp<=8k,0.0083,4
32,n<=8,sr<=40%,kvB<=1k,kp=0,0.0068,4
32,n<=8,sr<=40%,kvB<=4k,kp<=1k,0.0157,4
32,n<=8,sr<=40%,kvB<=4k,kp<=2k,0.0219,4
32,n<=8,sr<=40%,kvB<=4k,kp<=4k,0.0226,4
32,n<=8,sr<=40%,kvB<=4k,kp<=512,0.009,4
32,n<=8,sr<=40%,kvB<=4k,kp<=8k,0.0256,4
32,n<=8,sr<=40%,kvB<=4k,kp=0,0.0196,4
32,n<=8,sr<=70%,kvB<=16k,kp<=1k,0.064,2
32,n<=8,sr<=70%,kvB<=16k,kp<=2k,0.0637,2
32,n<=8,sr<=70%,kvB<=16k,kp<=4k,0.0707,2
32,n<=8,sr<=70%,kvB<=16k,kp<=512,0.0594,2
32,n<=8,sr<=70%,kvB<=16k,kp<=8k,0.0522,2
32,n<=8,sr<=70%,kvB<=16k,kp=0,0.0558,2
32,n<=8,sr<=70%,kvB<=1k,kp<=1k,-0.0326,2
32,n<=8,sr<=70%,kvB<=1k,kp<=2k,-0.0073,2
32,n<=8,sr<=70%,kvB<=1k,kp<=4k,-0.0405,2
32,n<=8,sr<=70%,kvB<=1k,kp<=512,-0.0295,2
32,n<=8,sr<=70%,kvB<=1k,kp<=8k,-0.0118,2
32,n<=8,sr<=70%,kvB<=1k,kp=0,-0.054,2
32,n<=8,sr<=70%,kvB<=4k,kp<=1k,0.0245,2
32,n<=8,sr<=70%,kvB<=4k,kp<=2k,0.0263,2
32,n<=8,sr<=70%,kvB<=4k,kp<=4k,0.0497,2
32,n<=8,sr<=70%,kvB<=4k,kp<=512,0.0306,2
32,n<=8,sr<=70%,kvB<=4k,kp<=8k,0.0366,2
32,n<=8,sr<=70%,kvB<=4k,kp=0,0.0396,2
32,n<=8,sr>70%,kvB<=16k,kp<=1k,0.6311,4
32,n<=8,sr>70%,kvB<=16k,kp<=2k,0.64,4
32,n<=8,sr>70%,kvB<=16k,kp<=4k,0.6123,4
32,n<=8,sr>70%,kvB<=16k,kp<=512,0.5634,4
32,n<=8,sr>70%,kvB<=16k,kp<=8k,0.5669,4
32,n<=8,sr>70%,kvB<=16k,kp=0,0.6024,4
32,n<=8,sr>70%,kvB<=1k,kp<=1k,0.4065,4
32,n<=8,sr>70%,kvB<=1k,kp<=2k,0.3649,4
32,n<=8,sr>70%,kvB<=1k,kp<=4k,0.4865,4
32,n<=8,sr>70%,kvB<=1k,kp<=512,0.3814,4
32,n<=8,sr>70%,kvB<=1k,kp<=8k,0.3277,4
32,n<=8,sr>70%,kvB<=1k,kp=0,0.4662,4
32,n<=8,sr>70%,kvB<=4k,kp<=1k,0.5951,4
32,n<=8,sr>70%,kvB<=4k,kp<=2k,0.5571,4
32,n<=8,sr>70%,kvB<=4k,kp<=4k,0.5774,4
32,n<=8,sr>70%,kvB<=4k,kp<=512,0.4948,4
32,n<=8,sr>70%,kvB<=4k,kp<=8k,0.515,4
32,n<=8,sr>70%,kvB<=4k,kp=0,0.5193,4
64,n<=128,sr<=15%,kvB<=16k,kp<=1k,0.0385,4
64,n<=128,sr<=15%,kvB<=16k,kp<=2k,0.0389,4
64,n<=128,sr<=15%,kvB<=16k,kp<=4k,0.0384,4
64,n<=128,sr<=15%,kvB<=16k,kp<=512,0.0379,4
64,n<=128,sr<=15%,kvB<=16k,kp<=8k,0.0367,4
64,n<=128,sr<=15%,kvB<=16k,kp=0,0.0372,4
64,n<=128,sr<=15%,kvB<=1k,kp<=1k,0.0419,4
64,n<=128,sr<=15%,kvB<=1k,kp<=2k,0.0417,4
64,n<=128,sr<=15%,kvB<=1k,kp<=4k,0.039,4
64,n<=128,sr<=15%,kvB<=1k,kp<=512,0.0395,4
64,n<=128,sr<=15%,kvB<=1k,kp<=8k,0.0387,4
64,n<=128,sr<=15%,kvB<=1k,kp=0,0.0369,4
64,n<=128,sr<=15%,kvB<=4k,kp<=1k,0.0325,4
64,n<=128,sr<=15%,kvB<=4k,kp<=2k,0.035,4
64,n<=128,sr<=15%,kvB<=4k,kp<=4k,0.0337,4
64,n<=128,sr<=15%,kvB<=4k,kp<=512,0.0375,4
64,n<=128,sr<=15%,kvB<=4k,kp<=8k,0.0315,4
64,n<=128,sr<=15%,kvB<=4k,kp=0,0.0332,4
64,n<=128,sr<=40%,kvB<=16k,kp<=1k,0.0154,2
64,n<=128,sr<=40%,kvB<=16k,kp<=2k,0.0137,2
64,n<=128,sr<=40%,kvB<=16k,kp<=4k,0.018,2
64,n<=128,sr<=40%,kvB<=16k,kp<=512,0.0122,2
64,n<=128,sr<=40%,kvB<=16k,kp<=8k,0.0163,2
64,n<=128,sr<=40%,kvB<=16k,kp=0,0.0179,2
64,n<=128,sr<=40%,kvB<=1k,kp<=1k,0.0098,2
64,n<=128,sr<=40%,kvB<=1k,kp<=2k,0.0078,2
64,n<=128,sr<=40%,kvB<=1k,kp<=4k,0.0043,2
64,n<=128,sr<=40%,kvB<=1k,kp<=512,0.015,2
64,n<=128,sr<=40%,kvB<=1k,kp<=8k,0.0089,2
64,n<=128,sr<=40%,kvB<=1k,kp=0,0.0075,2
64,n<=128,sr<=40%,kvB<=4k,kp<=1k,0.0153,2
64,n<=128,sr<=40%,kvB<=4k,kp<=2k,0.0155,2
64,n<=128,sr<=40%,kvB<=4k,kp<=4k,0.0123,2
64,n<=128,sr<=40%,kvB<=4k,kp<=512,0.0111,2
64,n<=128,sr<=40%,kvB<=4k,kp<=8k,0.0133,2
64,n<=128,sr<=40%,kvB<=4k,kp=0,0.0174,2
64,n<=128,sr<=5%,kvB<=16k,kp<=1k,0.0405,8
64,n<=128,sr<=5%,kvB<=16k,kp<=2k,0.0415,8
64,n<=128,sr<=5%,kvB<=16k,kp<=4k,0.0393,8
64,n<=128,sr<=5%,kvB<=16k,kp<=512,0.0418,8
64,n<=128,sr<=5%,kvB<=16k,kp<=8k,0.0398,8
64,n<=128,sr<=5%,kvB<=16k,kp=0,0.041,8
64,n<=128,sr<=5%,kvB<=1k,kp<=1k,0.0491,8
64,n<=128,sr<=5%,kvB<=1k,kp<=2k,0.0511,8
64,n<=128,sr<=5%,kvB<=1k,kp<=4k,0.0509,8
64,n<=128,sr<=5%,kvB<=1k,kp<=512,0.0513,8
64,n<=128,sr<=5%,kvB<=1k,kp<=8k,0.0525,8
64,n<=128,sr<=5%,kvB<=1k,kp=0,0.0508,8
64,n<=128,sr<=5%,kvB<=4k,kp<=1k,0.0405,8
64,n<=128,sr<=5%,kvB<=4k,kp<=2k,0.0438,8
64,n<=128,sr<=5%,kvB<=4k,kp<=4k,0.0427,8
64,n<=128,sr<=5%,kvB<=4k,kp<=512,0.0425,8
64,n<=128,sr<=5%,kvB<=4k,kp<=8k,0.0412,8
64,n<=128,sr<=5%,kvB<=4k,kp=0,0.0424,8
64,n<=128,sr<=70%,kvB<=16k,kp<=1k,-0.0292,2
64,n<=128,sr<=70%,kvB<=16k,kp<=2k,-0.0289,2
64,n<=128,sr<=70%,kvB<=16k,kp<=4k,-0.0283,2
64,n<=128,sr<=70%,kvB<=16k,kp<=512,-0.0294,2
64,n<=128,sr<=70%,kvB<=16k,kp<=8k,-0.0274,2
64,n<=128,sr<=70%,kvB<=16k,kp=0,-0.026,2
64,n<=128,sr<=70%,kvB<=1k,kp<=1k,-0.0523,2
64,n<=128,sr<=70%,kvB<=1k,kp<=2k,-0.0538,2
64,n<=128,sr<=70%,kvB<=1k,kp<=4k,-0.0616,2
64,n<=128,sr<=70%,kvB<=1k,kp<=512,-0.0567,2
64,n<=128,sr<=70%,kvB<=1k,kp<=8k,-0.0555,2
64,n<=128,sr<=70%,kvB<=1k,kp=0,-0.0428,2
64,n<=128,sr<=70%,kvB<=4k,kp<=1k,-0.0406,2
64,n<=128,sr<=70%,kvB<=4k,kp<=2k,-0.0318,2
64,n<=128,sr<=70%,kvB<=4k,kp<=4k,-0.0319,2
64,n<=128,sr<=70%,kvB<=4k,kp<=512,-0.0422,2
64,n<=128,sr<=70%,kvB<=4k,kp<=8k,-0.0261,2
64,n<=128,sr<=70%,kvB<=4k,kp=0,-0.0358,2
64,n<=128,sr>70%,kvB<=16k,kp<=1k,-0.077,4
64,n<=128,sr>70%,kvB<=16k,kp<=2k,-0.0693,4
64,n<=128,sr>70%,kvB<=16k,kp<=4k,-0.0742,4
64,n<=128,sr>70%,kvB<=16k,kp<=512,-0.0775,4
64,n<=128,sr>70%,kvB<=16k,kp<=8k,-0.0843,4
64,n<=128,sr>70%,kvB<=16k,kp=0,-0.0827,4
64,n<=128,sr>70%,kvB<=1k,kp<=1k,-0.1295,4
64,n<=128,sr>70%,kvB<=1k,kp<=2k,-0.1302,4
64,n<=128,sr>70%,kvB<=1k,kp<=4k,-0.1331,4
64,n<=128,sr>70%,kvB<=1k,kp<=512,-0.1191,4
64,n<=128,sr>70%,kvB<=1k,kp<=8k,-0.108,4
64,n<=128,sr>70%,kvB<=1k,kp=0,-0.0966,4
64,n<=128,sr>70%,kvB<=4k,kp<=1k,-0.0836,4
64,n<=128,sr>70%,kvB<=4k,kp<=2k,-0.0759,4
64,n<=128,sr>70%,kvB<=4k,kp<=4k,-0.0706,4
64,n<=128,sr>70%,kvB<=4k,kp<=512,-0.0694,4
64,n<=128,sr>70%,kvB<=4k,kp<=8k,-0.0837,4
64,n<=128,sr>70%,kvB<=4k,kp=0,-0.1019,4
64,n<=16,sr<=15%,kvB<=16k,kp<=1k,0.151,4
64,n<=16,sr<=15%,kvB<=16k,kp<=2k,0.152,4
64,n<=16,sr<=15%,kvB<=16k,kp<=4k,0.1542,4
64,n<=16,sr<=15%,kvB<=16k,kp<=512,0.1504,4
64,n<=16,sr<=15%,kvB<=16k,kp<=8k,0.153,4
64,n<=16,sr<=15%,kvB<=16k,kp=0,0.1514,4
64,n<=16,sr<=15%,kvB<=1k,kp<=1k,0.2136,4
64,n<=16,sr<=15%,kvB<=1k,kp<=2k,0.2168,4
64,n<=16,sr<=15%,kvB<=1k,kp<=4k,0.1994,4
64,n<=16,sr<=15%,kvB<=1k,kp<=512,0.1973,4
64,n<=16,sr<=15%,kvB<=1k,kp<=8k,0.2029,4
64,n<=16,sr<=15%,kvB<=1k,kp=0,0.1972,4
64,n<=16,sr<=15%,kvB<=4k,kp<=1k,0.1553,4
64,n<=16,sr<=15%,kvB<=4k,kp<=2k,0.1572,4
64,n<=16,sr<=15%,kvB<=4k,kp<=4k,0.1557,4
64,n<=16,sr<=15%,kvB<=4k,kp<=512,0.1546,4
64,n<=16,sr<=15%,kvB<=4k,kp<=8k,0.1611,4
64,n<=16,sr<=15%,kvB<=4k,kp=0,0.1497,4
64,n<=16,sr<=40%,kvB<=16k,kp<=1k,0.5439,4
64,n<=16,sr<=40%,kvB<=16k,kp<=2k,0.5445,4
64,n<=16,sr<=40%,kvB<=16k,kp<=4k,0.5407,4
64,n<=16,sr<=40%,kvB<=16k,kp<=512,0.5405,4
64,n<=16,sr<=40%,kvB<=16k,kp<=8k,0.5429,4
64,n<=16,sr<=40%,kvB<=16k,kp=0,0.5404,4
64,n<=16,sr<=40%,kvB<=1k,kp<=1k,0.5049,4
64,n<=16,sr<=40%,kvB<=1k,kp<=2k,0.5057,4
64,n<=16,sr<=40%,kvB<=1k,kp<=4k,0.5173,4
64,n<=16,sr<=40%,kvB<=1k,kp<=512,0.5101,4
64,n<=16,sr<=40%,kvB<=1k,kp<=8k,0.4962,4
64,n<=16,sr<=40%,kvB<=1k,kp=0,0.504,4
64,n<=16,sr<=40%,kvB<=4k,kp<=1k,0.5253,4
64,n<=16,sr<=40%,kvB<=4k,kp<=2k,0.528,4
64,n<=16,sr<=40%,kvB<=4k,kp<=4k,0.5278,4
64,n<=16,sr<=40%,kvB<=4k,kp<=512,0.532,4
64,n<=16,sr<=40%,kvB<=4k,kp<=8k,0.531,4
64,n<=16,sr<=40%,kvB<=4k,kp=0,0.5289,4
64,n<=16,sr<=70%,kvB<=16k,kp<=1k,0.3324,2
64,n<=16,sr<=70%,kvB<=16k,kp<=2k,0.3353,2
64,n<=16,sr<=70%,kvB<=16k,kp<=4k,0.3289,2
64,n<=16,sr<=70%,kvB<=16k,kp<=512,0.3343,2
64,n<=16,sr<=70%,kvB<=16k,kp<=8k,0.3335,2
64,n<=16,sr<=70%,kvB<=16k,kp=0,0.3373,2
64,n<=16,sr<=70%,kvB<=1k,kp<=1k,0.2737,2
64,n<=16,sr<=70%,kvB<=1k,kp<=2k,0.2493,2
64,n<=16,sr<=70%,kvB<=1k,kp<=4k,0.2493,2
64,n<=16,sr<=70%,kvB<=1k,kp<=512,0.269,2
64,n<=16,sr<=70%,kvB<=1k,kp<=8k,0.241,2
64,n<=16,sr<=70%,kvB<=1k,kp=0,0.2658,2
64,n<=16,sr<=70%,kvB<=4k,kp<=1k,0.3044,2
64,n<=16,sr<=70%,kvB<=4k,kp<=2k,0.3092,2
64,n<=16,sr<=70%,kvB<=4k,kp<=4k,0.3161,2
64,n<=16,sr<=70%,kvB<=4k,kp<=512,0.3076,2
64,n<=16,sr<=70%,kvB<=4k,kp<=8k,0.3135,2
64,n<=16,sr<=70%,kvB<=4k,kp=0,0.3112,2
64,n<=16,sr>70%,kvB<=16k,kp<=1k,0.5184,4
64,n<=16,sr>70%,kvB<=16k,kp<=2k,0.5236,4
64,n<=16,sr>70%,kvB<=16k,kp<=4k,0.5209,4
64,n<=16,sr>70%,kvB<=16k,kp<=512,0.5031,4
64,n<=16,sr>70%,kvB<=16k,kp<=8k,0.5133,4
64,n<=16,sr>70%,kvB<=16k,kp=0,0.5104,4
64,n<=16,sr>70%,kvB<=1k,kp<=1k,0.5463,4
64,n<=16,sr>70%,kvB<=1k,kp<=2k,0.5222,4
64,n<=16,sr>70%,kvB<=1k,kp<=4k,0.4366,4
64,n<=16,sr>70%,kvB<=1k,kp<=512,0.534,4
64,n<=16,sr>70%,kvB<=1k,kp<=8k,0.4822,4
64,n<=16,sr>70%,kvB<=1k,kp=0,0.5058,4
64,n<=16,sr>70%,kvB<=4k,kp<=1k,0.5221,4
64,n<=16,sr>70%,kvB<=4k,kp<=2k,0.5286,4
64,n<=16,sr>70%,kvB<=4k,kp<=4k,0.5031,4
64,n<=16,sr>70%,kvB<=4k,kp<=512,0.5415,4
64,n<=16,sr>70%,kvB<=4k,kp<=8k,0.5295,4
64,n<=16,sr>70%,kvB<=4k,kp=0,0.5686,4
64,n<=2,sr<=70%,kvB<=16k,kp<=1k,0.0197,2
64,n<=2,sr<=70%,kvB<=16k,kp<=2k,0.0282,2
64,n<=2,sr<=70%,kvB<=16k,kp<=4k,-0.0003,2
64,n<=2,sr<=70%,kvB<=16k,kp<=512,0.0151,2
64,n<=2,sr<=70%,kvB<=16k,kp<=8k,0.0227,2
64,n<=2,sr<=70%,kvB<=16k,kp=0,0.0142,2
64,n<=2,sr<=70%,kvB<=1k,kp<=1k,-0.0168,2
64,n<=2,sr<=70%,kvB<=1k,kp<=2k,-0.2466,2
64,n<=2,sr<=70%,kvB<=1k,kp<=4k,0.0225,2
64,n<=2,sr<=70%,kvB<=1k,kp<=512,-0.0282,2
64,n<=2,sr<=70%,kvB<=1k,kp<=8k,0.078,2
64,n<=2,sr<=70%,kvB<=1k,kp=0,-0.0242,2
64,n<=2,sr<=70%,kvB<=4k,kp<=1k,0.0209,2
64,n<=2,sr<=70%,kvB<=4k,kp<=2k,0.0208,2
64,n<=2,sr<=70%,kvB<=4k,kp<=4k,-0.0301,2
64,n<=2,sr<=70%,kvB<=4k,kp<=512,0.0142,2
64,n<=2,sr<=70%,kvB<=4k,kp<=8k,-0.0045,2
64,n<=2,sr<=70%,kvB<=4k,kp=0,0.0281,2
64,n<=32,sr<=15%,kvB<=16k,kp<=1k,0.284,6
64,n<=32,sr<=15%,kvB<=16k,kp<=2k,0.2917,6
64,n<=32,sr<=15%,kvB<=16k,kp<=4k,0.3029,6
64,n<=32,sr<=15%,kvB<=16k,kp<=512,0.3024,6
64,n<=32,sr<=15%,kvB<=16k,kp<=8k,0.3005,6
64,n<=32,sr<=15%,kvB<=16k,kp=0,0.2866,6
64,n<=32,sr<=15%,kvB<=1k,kp<=1k,0.3264,6
64,n<=32,sr<=15%,kvB<=1k,kp<=2k,0.298,6
64,n<=32,sr<=15%,kvB<=1k,kp<=4k,0.3027,6
64,n<=32,sr<=15%,kvB<=1k,kp<=512,0.2877,6
64,n<=32,sr<=15%,kvB<=1k,kp<=8k,0.2951,6
64,n<=32,sr<=15%,kvB<=1k,kp=0,0.3113,6
64,n<=32,sr<=15%,kvB<=4k,kp<=1k,0.2764,6
64,n<=32,sr<=15%,kvB<=4k,kp<=2k,0.2945,6
64,n<=32,sr<=15%,kvB<=4k,kp<=4k,0.2719,6
64,n<=32,sr<=15%,kvB<=4k,kp<=512,0.2811,6
64,n<=32,sr<=15%,kvB<=4k,kp<=8k,0.2924,6
64,n<=32,sr<=15%,kvB<=4k,kp=0,0.2781,6
64,n<=32,sr<=40%,kvB<=16k,kp<=1k,0.2643,2
64,n<=32,sr<=40%,kvB<=16k,kp<=2k,0.2466,2
64,n<=32,sr<=40%,kvB<=16k,kp<=4k,0.2587,2
64,n<=32,sr<=40%,kvB<=16k,kp<=512,0.2629,2
64,n<=32,sr<=40%,kvB<=16k,kp<=8k,0.2633,2
64,n<=32,sr<=40%,kvB<=16k,kp=0,0.243,2
64,n<=32,sr<=40%,kvB<=1k,kp<=1k,0.2513,2
64,n<=32,sr<=40%,kvB<=1k,kp<=2k,0.2299,2
64,n<=32,sr<=40%,kvB<=1k,kp<=4k,0.2311,2
64,n<=32,sr<=40%,kvB<=1k,kp<=512,0.2096,2
64,n<=32,sr<=40%,kvB<=1k,kp<=8k,0.2347,2
64,n<=32,sr<=40%,kvB<=1k,kp=0,0.2443,2
64,n<=32,sr<=40%,kvB<=4k,kp<=1k,0.2521,2
64,n<=32,sr<=40%,kvB<=4k,kp<=2k,0.2376,2
64,n<=32,sr<=40%,kvB<=4k,kp<=4k,0.2129,2
64,n<=32,sr<=40%,kvB<=4k,kp<=512,0.2464,2
64,n<=32,sr<=40%,kvB<=4k,kp<=8k,0.2436,2
64,n<=32,sr<=40%,kvB<=4k,kp=0,0.2528,2
64,n<=32,sr<=5%,kvB<=16k,kp<=1k,0.2895,2
64,n<=32,sr<=5%,kvB<=16k,kp<=2k,0.2974,2
64,n<=32,sr<=5%,kvB<=16k,kp<=4k,0.286,2
64,n<=32,sr<=5%,kvB<=16k,kp<=512,0.2866,2
64,n<=32,sr<=5%,kvB<=16k,kp<=8k,0.2884,2
64,n<=32,sr<=5%,kvB<=16k,kp=0,0.2879,2
64,n<=32,sr<=5%,kvB<=1k,kp<=1k,0.3005,2
64,n<=32,sr<=5%,kvB<=1k,kp<=2k,0.2942,2
64,n<=32,sr<=5%,kvB<=1k,kp<=4k,0.2912,2
64,n<=32,sr<=5%,kvB<=1k,kp<=512,0.286,2
64,n<=32,sr<=5%,kvB<=1k,kp<=8k,0.3386,2
64,n<=32,sr<=5%,kvB<=1k,kp=0,0.3022,2
64,n<=32,sr<=5%,kvB<=4k,kp<=1k,0.2833,2
64,n<=32,sr<=5%,kvB<=4k,kp<=2k,0.284,2
64,n<=32,sr<=5%,kvB<=4k,kp<=4k,0.2946,2
64,n<=32,sr<=5%,kvB<=4k,kp<=512,0.2839,2
64,n<=32,sr<=5%,kvB<=4k,kp<=8k,0.2764,2
64,n<=32,sr<=5%,kvB<=4k,kp=0,0.2913,2
64,n<=32,sr<=70%,kvB<=16k,kp<=1k,0.2745,2
64,n<=32,sr<=70%,kvB<=16k,kp<=2k,0.2733,2
64,n<=32,sr<=70%,kvB<=16k,kp<=4k,0.279,2
64,n<=32,sr<=70%,kvB<=16k,kp<=512,0.2629,2
64,n<=32,sr<=70%,kvB<=16k,kp<=8k,0.2708,2
64,n<=32,sr<=70%,kvB<=16k,kp=0,0.2944,2
64,n<=32,sr<=70%,kvB<=1k,kp<=1k,0.3156,2
64,n<=32,sr<=70%,kvB<=1k,kp<=2k,0.2668,2
64,n<=32,sr<=70%,kvB<=1k,kp<=4k,0.2868,2
64,n<=32,sr<=70%,kvB<=1k,kp<=512,0.2937,2
64,n<=32,sr<=70%,kvB<=1k,kp<=8k,0.2826,2
64,n<=32,sr<=70%,kvB<=1k,kp=0,0.2742,2
64,n<=32,sr<=70%,kvB<=4k,kp<=1k,0.2867,2
64,n<=32,sr<=70%,kvB<=4k,kp<=2k,0.2919,2
64,n<=32,sr<=70%,kvB<=4k,kp<=4k,0.2868,2
64,n<=32,sr<=70%,kvB<=4k,kp<=512,0.2953,2
64,n<=32,sr<=70%,kvB<=4k,kp<=8k,0.3052,2
64,n<=32,sr<=70%,kvB<=4k,kp=0,0.3045,2
64,n<=32,sr>70%,kvB<=16k,kp<=1k,0.7787,4
64,n<=32,sr>70%,kvB<=16k,kp<=2k,0.7916,4
64,n<=32,sr>70%,kvB<=16k,kp<=4k,0.7802,4
64,n<=32,sr>70%,kvB<=16k,kp<=512,0.8259,4
64,n<=32,sr>70%,kvB<=16k,kp<=8k,0.8209,4
64,n<=32,sr>70%,kvB<=16k,kp=0,0.8311,4
64,n<=32,sr>70%,kvB<=1k,kp<=1k,0.7598,4
64,n<=32,sr>70%,kvB<=1k,kp<=2k,0.7226,4
64,n<=32,sr>70%,kvB<=1k,kp<=4k,0.7109,4
64,n<=32,sr>70%,kvB<=1k,kp<=512,0.7352,4
64,n<=32,sr>70%,kvB<=1k,kp<=8k,0.7231,4
64,n<=32,sr>70%,kvB<=1k,kp=0,0.7848,4
64,n<=32,sr>70%,kvB<=4k,kp<=1k,0.8486,4
64,n<=32,sr>70%,kvB<=4k,kp<=2k,0.793,4
64,n<=32,sr>70%,kvB<=4k,kp<=4k,0.7798,4
64,n<=32,sr>70%,kvB<=4k,kp<=512,0.8135,4
64,n<=32,sr>70%,kvB<=4k,kp<=8k,0.8225,4
64,n<=32,sr>70%,kvB<=4k,kp=0,0.8632,4
64,n<=4,sr<=40%,kvB<=16k,kp<=1k,-0.0074,2
64,n<=4,sr<=40%,kvB<=16k,kp<=2k,0.0027,2
64,n<=4,sr<=40%,kvB<=16k,kp<=4k,-0.0096,2
64,n<=4,sr<=40%,kvB<=16k,kp<=512,0.0013,2
64,n<=4,sr<=40%,kvB<=16k,kp<=8k,0.001,2
64,n<=4,sr<=40%,kvB<=16k,kp=0,0.0008,2
64,n<=4,sr<=40%,kvB<=1k,kp<=1k,0.0631,2
64,n<=4,sr<=40%,kvB<=1k,kp<=2k,0.0528,2
64,n<=4,sr<=40%,kvB<=1k,kp<=4k,0.0319,2
64,n<=4,sr<=40%,kvB<=1k,kp<=512,0.0708,2
64,n<=4,sr<=40%,kvB<=1k,kp<=8k,0.0247,2
64,n<=4,sr<=40%,kvB<=1k,kp=0,0.0593,2
64,n<=4,sr<=40%,kvB<=4k,kp<=1k,-0.0187,2
64,n<=4,sr<=40%,kvB<=4k,kp<=2k,0.0142,2
64,n<=4,sr<=40%,kvB<=4k,kp<=4k,-0.012,2
64,n<=4,sr<=40%,kvB<=4k,kp<=512,0.0027,2
64,n<=4,sr<=40%,kvB<=4k,kp<=8k,-0.0122,2
64,n<=4,sr<=40%,kvB<=4k,kp=0,-0.0021,2
64,n<=4,sr<=70%,kvB<=16k,kp<=1k,-0.0412,2
64,n<=4,sr<=70%,kvB<=16k,kp<=2k,-0.0643,2
64,n<=4,sr<=70%,kvB<=16k,kp<=4k,-0.0313,2
64,n<=4,sr<=70%,kvB<=16k,kp<=512,-0.0543,2
64,n<=4,sr<=70%,kvB<=16k,kp<=8k,-0.0465,2
64,n<=4,sr<=70%,kvB<=16k,kp=0,-0.0365,2
64,n<=4,sr<=70%,kvB<=1k,kp<=1k,-0.1356,2
64,n<=4,sr<=70%,kvB<=1k,kp<=2k,-0.0549,2
64,n<=4,sr<=70%,kvB<=1k,kp<=4k,-0.0973,2
64,n<=4,sr<=70%,kvB<=1k,kp<=512,-0.1183,2
64,n<=4,sr<=70%,kvB<=1k,kp<=8k,-0.2204,2
64,n<=4,sr<=70%,kvB<=1k,kp=0,-0.1365,2
64,n<=4,sr<=70%,kvB<=4k,kp<=1k,-0.0779,2
64,n<=4,sr<=70%,kvB<=4k,kp<=2k,-0.076,2
64,n<=4,sr<=70%,kvB<=4k,kp<=4k,-0.0461,2
64,n<=4,sr<=70%,kvB<=4k,kp<=512,-0.0549,2
64,n<=4,sr<=70%,kvB<=4k,kp<=8k,-0.0763,2
64,n<=4,sr<=70%,kvB<=4k,kp=0,-0.1026,2
64,n<=4,sr>70%,kvB<=16k,kp<=1k,-0.0582,2
64,n<=4,sr>70%,kvB<=16k,kp<=2k,-0.0639,2
64,n<=4,sr>70%,kvB<=16k,kp<=4k,0.0262,2
64,n<=4,sr>70%,kvB<=16k,kp<=512,0.0142,2
64,n<=4,sr>70%,kvB<=16k,kp<=8k,-0.0527,2
64,n<=4,sr>70%,kvB<=16k,kp=0,-0.0489,2
64,n<=4,sr>70%,kvB<=1k,kp<=1k,-0.0006,2
64,n<=4,sr>70%,kvB<=1k,kp<=2k,0.0285,2
64,n<=4,sr>70%,kvB<=1k,kp<=4k,0.1614,2
64,n<=4,sr>70%,kvB<=1k,kp<=512,0.0723,2
64,n<=4,sr>70%,kvB<=1k,kp<=8k,0.094,2
64,n<=4,sr>70%,kvB<=1k,kp=0,0.0392,2
64,n<=4,sr>70%,kvB<=4k,kp<=1k,-0.0288,2
64,n<=4,sr>70%,kvB<=4k,kp<=2k,-0.2388,2
64,n<=4,sr>70%,kvB<=4k,kp<=4k,-0.0809,2
64,n<=4,sr>70%,kvB<=4k,kp<=512,-0.0762,2
64,n<=4,sr>70%,kvB<=4k,kp<=8k,-0.1608,2
64,n<=4,sr>70%,kvB<=4k,kp=0,-0.1354,2
64,n<=64,sr<=15%,kvB<=16k,kp<=1k,0.1065,4
64,n<=64,sr<=15%,kvB<=16k,kp<=2k,0.108,4
64,n<=64,sr<=15%,kvB<=16k,kp<=4k,0.1108,4
64,n<=64,sr<=15%,kvB<=16k,kp<=512,0.1057,4
64,n<=64,sr<=15%,kvB<=16k,kp<=8k,0.1128,4
64,n<=64,sr<=15%,kvB<=16k,kp=0,0.1144,4
64,n<=64,sr<=15%,kvB<=1k,kp<=1k,0.1245,4
64,n<=64,sr<=15%,kvB<=1k,kp<=2k,0.1194,4
64,n<=64,sr<=15%,kvB<=1k,kp<=4k,0.1286,4
64,n<=64,sr<=15%,kvB<=1k,kp<=512,0.1221,4
64,n<=64,sr<=15%,kvB<=1k,kp<=8k,0.1231,4
64,n<=64,sr<=15%,kvB<=1k,kp=0,0.1184,4
64,n<=64,sr<=15%,kvB<=4k,kp<=1k,0.1077,4
64,n<=64,sr<=15%,kvB<=4k,kp<=2k,0.1181,4
64,n<=64,sr<=15%,kvB<=4k,kp<=4k,0.1077,4
64,n<=64,sr<=15%,kvB<=4k,kp<=512,0.1055,4
64,n<=64,sr<=15%,kvB<=4k,kp<=8k,0.105,4
64,n<=64,sr<=15%,kvB<=4k,kp=0,0.1048,4
64,n<=64,sr<=40%,kvB<=16k,kp<=1k,0.077,2
64,n<=64,sr<=40%,kvB<=16k,kp<=2k,0.0718,2
64,n<=64,sr<=40%,kvB<=16k,kp<=4k,0.0788,2
64,n<=64,sr<=40%,kvB<=16k,kp<=512,0.0737,2
64,n<=64,sr<=40%,kvB<=16k,kp<=8k,0.0764,2
64,n<=64,sr<=40%,kvB<=16k,kp=0,0.0732,2
64,n<=64,sr<=40%,kvB<=1k,kp<=1k,0.0795,2
64,n<=64,sr<=40%,kvB<=1k,kp<=2k,0.0901,2
64,n<=64,sr<=40%,kvB<=1k,kp<=4k,0.0865,2
64,n<=64,sr<=40%,kvB<=1k,kp<=512,0.0751,2
64,n<=64,sr<=40%,kvB<=1k,kp<=8k,0.0867,2
64,n<=64,sr<=40%,kvB<=1k,kp=0,0.091,2
64,n<=64,sr<=40%,kvB<=4k,kp<=1k,0.0686,2
64,n<=64,sr<=40%,kvB<=4k,kp<=2k,0.0706,2
64,n<=64,sr<=40%,kvB<=4k,kp<=4k,0.0646,2
64,n<=64,sr<=40%,kvB<=4k,kp<=512,0.0662,2
64,n<=64,sr<=40%,kvB<=4k,kp<=8k,0.0635,2
64,n<=64,sr<=40%,kvB<=4k,kp=0,0.0759,2
64,n<=64,sr<=5%,kvB<=16k,kp<=1k,0.1286,6
64,n<=64,sr<=5%,kvB<=16k,kp<=2k,0.1289,6
64,n<=64,sr<=5%,kvB<=16k,kp<=4k,0.1284,6
64,n<=64,sr<=5%,kvB<=16k,kp<=512,0.1255,6
64,n<=64,sr<=5%,kvB<=16k,kp<=8k,0.1264,6
64,n<=64,sr<=5%,kvB<=16k,kp=0,0.1293,6
64,n<=64,sr<=5%,kvB<=1k,kp<=1k,0.1364,6
64,n<=64,sr<=5%,kvB<=1k,kp<=2k,0.1328,6
64,n<=64,sr<=5%,kvB<=1k,kp<=4k,0.1332,6
64,n<=64,sr<=5%,kvB<=1k,kp<=512,0.1377,6
64,n<=64,sr<=5%,kvB<=1k,kp<=8k,0.1367,6
64,n<=64,sr<=5%,kvB<=1k,kp=0,0.1417,6
64,n<=64,sr<=5%,kvB<=4k,kp<=1k,0.1267,6
64,n<=64,sr<=5%,kvB<=4k,kp<=2k,0.126,6
64,n<=64,sr<=5%,kvB<=4k,kp<=4k,0.1311,6
64,n<=64,sr<=5%,kvB<=4k,kp<=512,0.1268,6
64,n<=64,sr<=5%,kvB<=4k,kp<=8k,0.1305,6
64,n<=64,sr<=5%,kvB<=4k,kp=0,0.1294,6
64,n<=64,sr<=70%,kvB<=16k,kp<=1k,0.1213,2
64,n<=64,sr<=70%,kvB<=16k,kp<=2k,0.1188,2
64,n<=64,sr<=70%,kvB<=16k,kp<=4k,0.1282,2
64,n<=64,sr<=70%,kvB<=16k,kp<=512,0.1197,2
64,n<=64,sr<=70%,kvB<=16k,kp<=8k,0.1031,2
64,n<=64,sr<=70%,kvB<=16k,kp=0,0.1146,2
64,n<=64,sr<=70%,kvB<=1k,kp<=1k,0.1275,2
64,n<=64,sr<=70%,kvB<=1k,kp<=2k,0.1091,2
64,n<=64,sr<=70%,kvB<=1k,kp<=4k,0.0992,2
64,n<=64,sr<=70%,kvB<=1k,kp<=512,0.1104,2
64,n<=64,sr<=70%,kvB<=1k,kp<=8k,0.1134,2
64,n<=64,sr<=70%,kvB<=1k,kp=0,0.103,2
64,n<=64,sr<=70%,kvB<=4k,kp<=1k,0.1091,2
64,n<=64,sr<=70%,kvB<=4k,kp<=2k,0.1078,2
64,n<=64,sr<=70%,kvB<=4k,kp<=4k,0.1126,2
64,n<=64,sr<=70%,kvB<=4k,kp<=512,0.1207,2
64,n<=64,sr<=70%,kvB<=4k,kp<=8k,0.107,2
64,n<=64,sr<=70%,kvB<=4k,kp=0,0.1108,2
64,n<=64,sr>70%,kvB<=16k,kp<=1k,0.0619,4
64,n<=64,sr>70%,kvB<=16k,kp<=2k,0.0746,4
64,n<=64,sr>70%,kvB<=16k,kp<=4k,0.0282,4
64,n<=64,sr>70%,kvB<=16k,kp<=512,0.0638,4
64,n<=64,sr>70%,kvB<=16k,kp<=8k,0.0753,4
64,n<=64,sr>70%,kvB<=16k,kp=0,0.0461,4
64,n<=64,sr>70%,kvB<=1k,kp<=1k,0.054,4
64,n<=64,sr>70%,kvB<=1k,kp<=2k,0.0636,4
64,n<=64,sr>70%,kvB<=1k,kp<=4k,0.0877,4
64,n<=64,sr>70%,kvB<=1k,kp<=512,0.0742,4
64,n<=64,sr>70%,kvB<=1k,kp<=8k,0.0675,4
64,n<=64,sr>70%,kvB<=1k,kp=0,0.1059,4
64,n<=64,sr>70%,kvB<=4k,kp<=1k,0.0585,4
64,n<=64,sr>70%,kvB<=4k,kp<=2k,0.0465,4
64,n<=64,sr>70%,kvB<=4k,kp<=4k,0.0436,4
64,n<=64,sr>70%,kvB<=4k,kp<=512,0.0695,4
64,n<=64,sr>70%,kvB<=4k,kp<=8k,0.083,4
64,n<=64,sr>70%,kvB<=4k,kp=0,0.0503,4
64,n<=8,sr<=15%,kvB<=16k,kp<=1k,0.1363,2
64,n<=8,sr<=15%,kvB<=16k,kp<=2k,0.1248,2
64,n<=8,sr<=15%,kvB<=16k,kp<=4k,0.1377,2
64,n<=8,sr<=15%,kvB<=16k,kp<=512,0.1312,2
64,n<=8,sr<=15%,kvB<=16k,kp<=8k,0.1268,2
64,n<=8,sr<=15%,kvB<=16k,kp=0,0.1352,2
64,n<=8,sr<=15%,kvB<=1k,kp<=1k,0.0667,2
64,n<=8,sr<=15%,kvB<=1k,kp<=2k,0.0674,2
64,n<=8,sr<=15%,kvB<=1k,kp<=4k,0.0799,2
64,n<=8,sr<=15%,kvB<=1k,kp<=512,0.07,2
64,n<=8,sr<=15%,kvB<=1k,kp<=8k,0.0706,2
64,n<=8,sr<=15%,kvB<=1k,kp=0,0.0783,2
64,n<=8,sr<=15%,kvB<=4k,kp<=1k,0.1244,2
64,n<=8,sr<=15%,kvB<=4k,kp<=2k,0.1118,2
64,n<=8,sr<=15%,kvB<=4k,kp<=4k,0.1095,2
64,n<=8,sr<=15%,kvB<=4k,kp<=512,0.1146,2
64,n<=8,sr<=15%,kvB<=4k,kp<=8k,0.1235,2
64,n<=8,sr<=15%,kvB<=4k,kp=0,0.1253,2
64,n<=8,sr<=40%,kvB<=16k,kp<=1k,0.0234,4
64,n<=8,sr<=40%,kvB<=16k,kp<=2k,0.0273,4
64,n<=8,sr<=40%,kvB<=16k,kp<=4k,0.0256,4
64,n<=8,sr<=40%,kvB<=16k,kp<=512,0.0308,4
64,n<=8,sr<=40%,kvB<=16k,kp<=8k,0.0206,4
64,n<=8,sr<=40%,kvB<=16k,kp=0,0.0279,4
64,n<=8,sr<=40%,kvB<=1k,kp<=1k,0.0001,4
64,n<=8,sr<=40%,kvB<=1k,kp<=2k,-0.0085,4
64,n<=8,sr<=40%,kvB<=1k,kp<=4k,-0.0416,4
64,n<=8,sr<=40%,kvB<=1k,kp<=512,-0.0066,4
64,n<=8,sr<=40%,kvB<=1k,kp<=8k,0.005,4
64,n<=8,sr<=40%,kvB<=1k,kp=0,-0.0048,4
64,n<=8,sr<=40%,kvB<=4k,kp<=1k,0.0173,4
64,n<=8,sr<=40%,kvB<=4k,kp<=2k,0.0171,4
64,n<=8,sr<=40%,kvB<=4k,kp<=4k,0.0167,4
64,n<=8,sr<=40%,kvB<=4k,kp<=512,0.0127,4
64,n<=8,sr<=40%,kvB<=4k,kp<=8k,0.021,4
64,n<=8,sr<=40%,kvB<=4k,kp=0,0.0151,4
64,n<=8,sr<=70%,kvB<=16k,kp<=1k,0.0605,2
64,n<=8,sr<=70%,kvB<=16k,kp<=2k,0.0624,2
64,n<=8,sr<=70%,kvB<=16k,kp<=4k,0.0658,2
64,n<=8,sr<=70%,kvB<=16k,kp<=512,0.067,2
64,n<=8,sr<=70%,kvB<=16k,kp<=8k,0.0713,2
64,n<=8,sr<=70%,kvB<=16k,kp=0,0.067,2
64,n<=8,sr<=70%,kvB<=1k,kp<=1k,-0.0525,2
64,n<=8,sr<=70%,kvB<=1k,kp<=2k,0.0111,2
64,n<=8,sr<=70%,kvB<=1k,kp<=4k,-0.0768,2
64,n<=8,sr<=70%,kvB<=1k,kp<=512,0.0042,2
64,n<=8,sr<=70%,kvB<=1k,kp<=8k,-0.0682,2
64,n<=8,sr<=70%,kvB<=1k,kp=0,-0.0531,2
64,n<=8,sr<=70%,kvB<=4k,kp<=1k,0.0466,2
64,n<=8,sr<=70%,kvB<=4k,kp<=2k,0.045,2
64,n<=8,sr<=70%,kvB<=4k,kp<=4k,0.0621,2
64,n<=8,sr<=70%,kvB<=4k,kp<=512,0.0659,2
64,n<=8,sr<=70%,kvB<=4k,kp<=8k,0.0316,2
64,n<=8,sr<=70%,kvB<=4k,kp=0,0.0407,2
64,n<=8,sr>70%,kvB<=16k,kp<=1k,0.5779,4
64,n<=8,sr>70%,kvB<=16k,kp<=2k,0.5935,4
64,n<=8,sr>70%,kvB<=16k,kp<=4k,0.6017,4
64,n<=8,sr>70%,kvB<=16k,kp<=512,0.6178,4
64,n<=8,sr>70%,kvB<=16k,kp<=8k,0.6058,4
64,n<=8,sr>70%,kvB<=16k,kp=0,0.5795,4
64,n<=8,sr>70%,kvB<=1k,kp<=1k,0.4893,4
64,n<=8,sr>70%,kvB<=1k,kp<=2k,0.387,4
64,n<=8,sr>70%,kvB<=1k,kp<=4k,0.4319,4
64,n<=8,sr>70%,kvB<=1k,kp<=512,0.3948,4
64,n<=8,sr>70%,kvB<=1k,kp<=8k,0.3906,4
64,n<=8,sr>70%,kvB<=1k,kp=0,0.4527,4
64,n<=8,sr>70%,kvB<=4k,kp<=1k,0.4993,4
64,n<=8,sr>70%,kvB<=4k,kp<=2k,0.4632,4
64,n<=8,sr>70%,kvB<=4k,kp<=4k,0.5427,4
64,n<=8,sr>70%,kvB<=4k,kp<=512,0.5666,4
64,n<=8,sr>70%,kvB<=4k,kp<=8k,0.547,4
64,n<=8,sr>70%,kvB<=4k,kp=0,0.491,4
128,n<=128,sr<=15%,kvB<=16k,kp<=1k,0.0391,4
128,n<=128,sr<=15%,kvB<=16k,kp<=2k,0.0376,4
128,n<=128,sr<=15%,kvB<=16k,kp<=4k,0.0392,4
128,n<=128,sr<=15%,kvB<=16k,kp<=512,0.0379,4
128,n<=128,sr<=15%,kvB<=16k,kp<=8k,0.038,4
128,n<=128,sr<=15%,kvB<=16k,kp=0,0.0382,4
128,n<=128,sr<=15%,kvB<=1k,kp<=1k,0.0363,4
128,n<=128,sr<=15%,kvB<=1k,kp<=2k,0.0408,4
128,n<=128,sr<=15%,kvB<=1k,kp<=4k,0.0424,4
128,n<=128,sr<=15%,kvB<=1k,kp<=512,0.0382,4
128,n<=128,sr<=15%,kvB<=1k,kp<=8k,0.0413,4
128,n<=128,sr<=15%,kvB<=1k,kp=0,0.0401,4
128,n<=128,sr<=15%,kvB<=4k,kp<=1k,0.0337,4
128,n<=128,sr<=15%,kvB<=4k,kp<=2k,0.0361,4
128,n<=128,sr<=15%,kvB<=4k,kp<=4k,0.0322,4
128,n<=128,sr<=15%,kvB<=4k,kp<=512,0.0355,4
128,n<=128,sr<=15%,kvB<=4k,kp<=8k,0.0357,4
128,n<=128,sr<=15%,kvB<=4k,kp=0,0.0369,4
128,n<=128,sr<=40%,kvB<=16k,kp<=1k,0.0182,2
128,n<=128,sr<=40%,kvB<=16k,kp<=2k,0.0153,2
128,n<=128,sr<=40%,kvB<=16k,kp<=4k,0.0117,2
128,n<=128,sr<=40%,kvB<=16k,kp<=512,0.0166,2
128,n<=128,sr<=40%,kvB<=16k,kp<=8k,0.0104,2
128,n<=128,sr<=40%,kvB<=16k,kp=0,0.0148,2
128,n<=128,sr<=40%,kvB<=1k,kp<=1k,0.0154,2
128,n<=128,sr<=40%,kvB<=1k,kp<=2k,0.0129,2
128,n<=128,sr<=40%,kvB<=1k,kp<=4k,0.0101,2
128,n<=128,sr<=40%,kvB<=1k,kp<=512,0.0157,2
128,n<=128,sr<=40%,kvB<=1k,kp<=8k,0.0086,2
128,n<=128,sr<=40%,kvB<=1k,kp=0,0.0121,2
128,n<=128,sr<=40%,kvB<=4k,kp<=1k,0.0125,2
128,n<=128,sr<=40%,kvB<=4k,kp<=2k,0.0087,2
128,n<=128,sr<=40%,kvB<=4k,kp<=4k,0.0138,2
128,n<=128,sr<=40%,kvB<=4k,kp<=512,0.0096,2
128,n<=128,sr<=40%,kvB<=4k,kp<=8k,0.0202,2
128,n<=128,sr<=40%,kvB<=4k,kp=0,0.0079,2
128,n<=128,sr<=5%,kvB<=16k,kp<=1k,0.0419,8
128,n<=128,sr<=5%,kvB<=16k,kp<=2k,0.0404,8
128,n<=128,sr<=5%,kvB<=16k,kp<=4k,0.0422,8
128,n<=128,sr<=5%,kvB<=16k,kp<=512,0.0401,8
128,n<=128,sr<=5%,kvB<=16k,kp<=8k,0.041,8
128,n<=128,sr<=5%,kvB<=16k,kp=0,0.0411,8
128,n<=128,sr<=5%,kvB<=1k,kp<=1k,0.0499,8
128,n<=128,sr<=5%,kvB<=1k,kp<=2k,0.0508,8
128,n<=128,sr<=5%,kvB<=1k,kp<=4k,0.0527,8
128,n<=128,sr<=5%,kvB<=1k,kp<=512,0.0508,8
128,n<=128,sr<=5%,kvB<=1k,kp<=8k,0.0498,8
128,n<=128,sr<=5%,kvB<=1k,kp=0,0.051,8
128,n<=128,sr<=5%,kvB<=4k,kp<=1k,0.0421,8
128,n<=128,sr<=5%,kvB<=4k,kp<=2k,0.0411,8
128,n<=128,sr<=5%,kvB<=4k,kp<=4k,0.042,8
128,n<=128,sr<=5%,kvB<=4k,kp<=512,0.0415,8
128,n<=128,sr<=5%,kvB<=4k,kp<=8k,0.0406,8
128,n<=128,sr<=5%,kvB<=4k,kp=0,0.0417,8
128,n<=128,sr<=70%,kvB<=16k,kp<=1k,-0.0293,2
128,n<=128,sr<=70%,kvB<=16k,kp<=2k,-0.0325,2
128,n<=128,sr<=70%,kvB<=16k,kp<=4k,-0.025,2
128,n<=128,sr<=70%,kvB<=16k,kp<=512,-0.0315,2
128,n<=128,sr<=70%,kvB<=16k,kp<=8k,-0.0247,2
128,n<=128,sr<=70%,kvB<=16k,kp=0,-0.0331,2
128,n<=128,sr<=70%,kvB<=1k,kp<=1k,-0.0563,2
128,n<=128,sr<=70%,kvB<=1k,kp<=2k,-0.0573,2
128,n<=128,sr<=70%,kvB<=1k,kp<=4k,-0.0729,2
128,n<=128,sr<=70%,kvB<=1k,kp<=512,-0.0491,2
128,n<=128,sr<=70%,kvB<=1k,kp<=8k,-0.072,2
128,n<=128,sr<=70%,kvB<=1k,kp=0,-0.0592,2
128,n<=128,sr<=70%,kvB<=4k,kp<=1k,-0.0365,2
128,n<=128,sr<=70%,kvB<=4k,kp<=2k,-0.0376,2
128,n<=128,sr<=70%,kvB<=4k,kp<=4k,-0.0221,2
128,n<=128,sr<=70%,kvB<=4k,kp<=512,-0.0264,2
128,n<=128,sr<=70%,kvB<=4k,kp<=8k,-0.0404,2
128,n<=128,sr<=70%,kvB<=4k,kp=0,-0.0276,2
128,n<=128,sr>70%,kvB<=16k,kp<=1k,-0.0855,4
128,n<=128,sr>70%,kvB<=16k,kp<=2k,-0.0739,4
128,n<=128,sr>70%,kvB<=16k,kp<=4k,-0.0716,4
128,n<=128,sr>70%,kvB<=16k,kp<=512,-0.0713,4
128,n<=128,sr>70%,kvB<=16k,kp<=8k,-0.0719,4
128,n<=128,sr>70%,kvB<=16k,kp=0,-0.0742,4
128,n<=128,sr>70%,kvB<=1k,kp<=1k,-0.0923,4
128,n<=128,sr>70%,kvB<=1k,kp<=2k,-0.1242,4
128,n<=128,sr>70%,kvB<=1k,kp<=4k,-0.0858,4
128,n<=128,sr>70%,kvB<=1k,kp<=512,-0.1157,4
128,n<=128,sr>70%,kvB<=1k,kp<=8k,-0.1362,4
128,n<=128,sr>70%,kvB<=1k,kp=0,-0.1033,4
128,n<=128,sr>70%,kvB<=4k,kp<=1k,-0.0927,4
128,n<=128,sr>70%,kvB<=4k,kp<=2k,-0.0748,4
128,n<=128,sr>70%,kvB<=4k,kp<=4k,-0.0714,4
128,n<=128,sr>70%,kvB<=4k,kp<=512,-0.0815,4
128,n<=128,sr>70%,kvB<=4k,kp<=8k,-0.0737,4
128,n<=128,sr>70%,kvB<=4k,kp=0,-0.126,4
128,n<=16,sr<=15%,kvB<=16k,kp<=1k,0.1561,4
128,n<=16,sr<=15%,kvB<=16k,kp<=2k,0.1497,4
128,n<=16,sr<=15%,kvB<=16k,kp<=4k,0.1462,4
128,n<=16,sr<=15%,kvB<=16k,kp<=512,0.151,4
128,n<=16,sr<=15%,kvB<=16k,kp<=8k,0.1486,4
128,n<=16,sr<=15%,kvB<=16k,kp=0,0.1504,4
128,n<=16,sr<=15%,kvB<=1k,kp<=1k,0.2165,4
128,n<=16,sr<=15%,kvB<=1k,kp<=2k,0.208,4
128,n<=16,sr<=15%,kvB<=1k,kp<=4k,0.1998,4
128,n<=16,sr<=15%,kvB<=1k,kp<=512,0.1955,4
128,n<=16,sr<=15%,kvB<=1k,kp<=8k,0.2008,4
128,n<=16,sr<=15%,kvB<=1k,kp=0,0.1952,4
128,n<=16,sr<=15%,kvB<=4k,kp<=1k,0.1597,4
128,n<=16,sr<=15%,kvB<=4k,kp<=2k,0.147,4
128,n<=16,sr<=15%,kvB<=4k,kp<=4k,0.1644,4
128,n<=16,sr<=15%,kvB<=4k,kp<=512,0.1543,4
128,n<=16,sr<=15%,kvB<=4k,kp<=8k,0.1465,4
128,n<=16,sr<=15%,kvB<=4k,kp=0,0.1499,4
128,n<=16,sr<=40%,kvB<=16k,kp<=1k,0.5444,4
128,n<=16,sr<=40%,kvB<=16k,kp<=2k,0.5436,4
128,n<=16,sr<=40%,kvB<=16k,kp<=4k,0.5431,4
128,n<=16,sr<=40%,kvB<=16k,kp<=512,0.5427,4
128,n<=16,sr<=40%,kvB<=16k,kp<=8k,0.5414,4
128,n<=16,sr<=40%,kvB<=16k,kp=0,0.5463,4
128,n<=16,sr<=40%,kvB<=1k,kp<=1k,0.5069,4
128,n<=16,sr<=40%,kvB<=1k,kp<=2k,0.5103,4
128,n<=16,sr<=40%,kvB<=1k,kp<=4k,0.5014,4
128,n<=16,sr<=40%,kvB<=1k,kp<=512,0.5127,4
128,n<=16,sr<=40%,kvB<=1k,kp<=8k,0.5122,4
128,n<=16,sr<=40%,kvB<=1k,kp=0,0.514,4
128,n<=16,sr<=40%,kvB<=4k,kp<=1k,0.5302,4
128,n<=16,sr<=40%,kvB<=4k,kp<=2k,0.5271,4
128,n<=16,sr<=40%,kvB<=4k,kp<=4k,0.527,4
128,n<=16,sr<=40%,kvB<=4k,kp<=512,0.5269,4
128,n<=16,sr<=40%,kvB<=4k,kp<=8k,0.5253,4
128,n<=16,sr<=40%,kvB<=4k,kp=0,0.5267,4
128,n<=16,sr<=70%,kvB<=16k,kp<=1k,0.3271,2
128,n<=16,sr<=70%,kvB<=16k,kp<=2k,0.3353,2
128,n<=16,sr<=70%,kvB<=16k,kp<=4k,0.3353,2
128,n<=16,sr<=70%,kvB<=16k,kp<=512,0.334,2
128,n<=16,sr<=70%,kvB<=16k,kp<=8k,0.3315,2
128,n<=16,sr<=70%,kvB<=16k,kp=0,0.3292,2
128,n<=16,sr<=70%,kvB<=1k,kp<=1k,0.2782,2
128,n<=16,sr<=70%,kvB<=1k,kp<=2k,0.2756,2
128,n<=16,sr<=70%,kvB<=1k,kp<=4k,0.2613,2
128,n<=16,sr<=70%,kvB<=1k,kp<=512,0.2616,2
128,n<=16,sr<=70%,kvB<=1k,kp<=8k,0.2457,2
128,n<=16,sr<=70%,kvB<=1k,kp=0,0.2733,2
128,n<=16,sr<=70%,kvB<=4k,kp<=1k,0.307,2
128,n<=16,sr<=70%,kvB<=4k,kp<=2k,0.3217,2
128,n<=16,sr<=70%,kvB<=4k,kp<=4k,0.3085,2
128,n<=16,sr<=70%,kvB<=4k,kp<=512,0.3196,2
128,n<=16,sr<=70%,kvB<=4k,kp<=8k,0.306,2
128,n<=16,sr<=70%,kvB<=4k,kp=0,0.3109,2
128,n<=16,sr>70%,kvB<=16k,kp<=1k,0.5128,4
128,n<=16,sr>70%,kvB<=16k,kp<=2k,0.5219,4
128,n<=16,sr>70%,kvB<=16k,kp<=4k,0.5313,4
128,n<=16,sr>70%,kvB<=16k,kp<=512,0.5173,4
128,n<=16,sr>70%,kvB<=16k,kp<=8k,0.4968,4
128,n<=16,sr>70%,kvB<=16k,kp=0,0.5117,4
128,n<=16,sr>70%,kvB<=1k,kp<=1k,0.5192,4
128,n<=16,sr>70%,kvB<=1k,kp<=2k,0.5104,4
128,n<=16,sr>70%,kvB<=1k,kp<=4k,0.569,4
128,n<=16,sr>70%,kvB<=1k,kp<=512,0.5697,4
128,n<=16,sr>70%,kvB<=1k,kp<=8k,0.5772,4
128,n<=16,sr>70%,kvB<=1k,kp=0,0.5485,4
128,n<=16,sr>70%,kvB<=4k,kp<=1k,0.4832,4
128,n<=16,sr>70%,kvB<=4k,kp<=2k,0.5206,4
128,n<=16,sr>70%,kvB<=4k,kp<=4k,0.5171,4
128,n<=16,sr>70%,kvB<=4k,kp<=512,0.5495,4
128,n<=16,sr>70%,kvB<=4k,kp<=8k,0.5043,4
128,n<=16,sr>70%,kvB<=4k,kp=0,0.5105,4
128,n<=2,sr<=70%,kvB<=16k,kp<=1k,0.0159,2
128,n<=2,sr<=70%,kvB<=16k,kp<=2k,-0.0065,2
128,n<=2,sr<=70%,kvB<=16k,kp<=4k,-0.0061,2
128,n<=2,sr<=70%,kvB<=16k,kp<=512,0.0023,2
128,n<=2,sr<=70%,kvB<=16k,kp<=8k,0.0136,2
128,n<=2,sr<=70%,kvB<=16k,kp=0,-0.0041,2
128,n<=2,sr<=70%,kvB<=1k,kp<=1k,-0.0162,2
128,n<=2,sr<=70%,kvB<=1k,kp<=2k,-0.1235,2
128,n<=2,sr<=70%,kvB<=1k,kp<=4k,0.0765,2
128,n<=2,sr<=70%,kvB<=1k,kp<=512,-0.0634,2
128,n<=2,sr<=70%,kvB<=1k,kp<=8k,-0.0346,2
128,n<=2,sr<=70%,kvB<=1k,kp=0,-0.0051,2
128,n<=2,sr<=70%,kvB<=4k,kp<=1k,0.0392,2
128,n<=2,sr<=70%,kvB<=4k,kp<=2k,0.0566,2
128,n<=2,sr<=70%,kvB<=4k,kp<=4k,0.0475,2
128,n<=2,sr<=70%,kvB<=4k,kp<=512,0.0222,2
128,n<=2,sr<=70%,kvB<=4k,kp<=8k,0.0225,2
128,n<=2,sr<=70%,kvB<=4k,kp=0,0.0207,2
128,n<=32,sr<=15%,kvB<=16k,kp<=1k,0.2946,6
128,n<=32,sr<=15%,kvB<=16k,kp<=2k,0.2923,6
128,n<=32,sr<=15%,kvB<=16k,kp<=4k,0.303,6
128,n<=32,sr<=15%,kvB<=16k,kp<=512,0.2979,6
128,n<=32,sr<=15%,kvB<=16k,kp<=8k,0.2917,6
128,n<=32,sr<=15%,kvB<=16k,kp=0,0.2982,6
128,n<=32,sr<=15%,kvB<=1k,kp<=1k,0.2982,6
128,n<=32,sr<=15%,kvB<=1k,kp<=2k,0.3105,6
128,n<=32,sr<=15%,kvB<=1k,kp<=4k,0.2943,6
128,n<=32,sr<=15%,kvB<=1k,kp<=512,0.3232,6
128,n<=32,sr<=15%,kvB<=1k,kp<=8k,0.3087,6
128,n<=32,sr<=15%,kvB<=1k,kp=0,0.2942,6
128,n<=32,sr<=15%,kvB<=4k,kp<=1k,0.2839,6
128,n<=32,sr<=15%,kvB<=4k,kp<=2k,0.2797,6
128,n<=32,sr<=15%,kvB<=4k,kp<=4k,0.2943,6
128,n<=32,sr<=15%,kvB<=4k,kp<=512,0.2811,6
128,n<=32,sr<=15%,kvB<=4k,kp<=8k,0.2862,6
128,n<=32,sr<=15%,kvB<=4k,kp=0,0.2777,6
128,n<=32,sr<=40%,kvB<=16k,kp<=1k,0.252,2
128,n<=32,sr<=40%,kvB<=16k,kp<=2k,0.2553,2
128,n<=32,sr<=40%,kvB<=16k,kp<=4k,0.2342,2
128,n<=32,sr<=40%,kvB<=16k,kp<=512,0.2695,2
128,n<=32,sr<=40%,kvB<=16k,kp<=8k,0.2605,2
128,n<=32,sr<=40%,kvB<=16k,kp=0,0.237,2
128,n<=32,sr<=40%,kvB<=1k,kp<=1k,0.2433,2
128,n<=32,sr<=40%,kvB<=1k,kp<=2k,0.2485,2
128,n<=32,sr<=40%,kvB<=1k,kp<=4k,0.2485,2
128,n<=32,sr<=40%,kvB<=1k,kp<=512,0.2607,2
128,n<=32,sr<=40%,kvB<=1k,kp<=8k,0.2531,2
128,n<=32,sr<=40%,kvB<=1k,kp=0,0.2116,2
128,n<=32,sr<=40%,kvB<=4k,kp<=1k,0.2421,2
128,n<=32,sr<=40%,kvB<=4k,kp<=2k,0.2164,2
128,n<=32,sr<=40%,kvB<=4k,kp<=4k,0.2486,2
128,n<=32,sr<=40%,kvB<=4k,kp<=512,0.2236,2
128,n<=32,sr<=40%,kvB<=4k,kp<=8k,0.2079,2
128,n<=32,sr<=40%,kvB<=4k,kp=0,0.2402,2
128,n<=32,sr<=5%,kvB<=16k,kp<=1k,0.2889,2
128,n<=32,sr<=5%,kvB<=16k,kp<=2k,0.3125,2
128,n<=32,sr<=5%,kvB<=16k,kp<=4k,0.287,2
128,n<=32,sr<=5%,kvB<=16k,kp<=512,0.2843,2
128,n<=32,sr<=5%,kvB<=16k,kp<=8k,0.3016,2
128,n<=32,sr<=5%,kvB<=16k,kp=0,0.2853,2
128,n<=32,sr<=5%,kvB<=1k,kp<=1k,0.2977,2
128,n<=32,sr<=5%,kvB<=1k,kp<=2k,0.2917,2
128,n<=32,sr<=5%,kvB<=1k,kp<=4k,0.315,2
128,n<=32,sr<=5%,kvB<=1k,kp<=512,0.2903,2
128,n<=32,sr<=5%,kvB<=1k,kp<=8k,0.2884,2
128,n<=32,sr<=5%,kvB<=1k,kp=0,0.3051,2
128,n<=32,sr<=5%,kvB<=4k,kp<=1k,0.2825,2
128,n<=32,sr<=5%,kvB<=4k,kp<=2k,0.2978,2
128,n<=32,sr<=5%,kvB<=4k,kp<=4k,0.2971,2
128,n<=32,sr<=5%,kvB<=4k,kp<=512,0.2953,2
128,n<=32,sr<=5%,kvB<=4k,kp<=8k,0.2845,2
128,n<=32,sr<=5%,kvB<=4k,kp=0,0.2843,2
128,n<=32,sr<=70%,kvB<=16k,kp<=1k,0.2759,2
128,n<=32,sr<=70%,kvB<=16k,kp<=2k,0.2828,2
128,n<=32,sr<=70%,kvB<=16k,kp<=4k,0.275,2
128,n<=32,sr<=70%,kvB<=16k,kp<=512,0.2822,2
128,n<=32,sr<=70%,kvB<=16k,kp<=8k,0.2868,2
128,n<=32,sr<=70%,kvB<=16k,kp=0,0.3191,2
128,n<=32,sr<=70%,kvB<=1k,kp<=1k,0.2641,2
128,n<=32,sr<=70%,kvB<=1k,kp<=2k,0.2975,2
128,n<=32,sr<=70%,kvB<=1k,kp<=4k,0.2668,2
128,n<=32,sr<=70%,kvB<=1k,kp<=512,0.2715,2
128,n<=32,sr<=70%,kvB<=1k,kp<=8k,0.2649,2
128,n<=32,sr<=70%,kvB<=1k,kp=0,0.2832,2
128,n<=32,sr<=70%,kvB<=4k,kp<=1k,0.2893,2
128,n<=32,sr<=70%,kvB<=4k,kp<=2k,0.2851,2
128,n<=32,sr<=70%,kvB<=4k,kp<=4k,0.295,2
128,n<=32,sr<=70%,kvB<=4k,kp<=512,0.2715,2
128,n<=32,sr<=70%,kvB<=4k,kp<=8k,0.2739,2
128,n<=32,sr<=70%,kvB<=4k,kp=0,0.319,2
128,n<=32,sr>70%,kvB<=16k,kp<=1k,0.8085,4
128,n<=32,sr>70%,kvB<=16k,kp<=2k,0.7977,4
128,n<=32,sr>70%,kvB<=16k,kp<=4k,0.8051,4
128,n<=32,sr>70%,kvB<=16k,kp<=512,0.7858,4
128,n<=32,sr>70%,kvB<=16k,kp<=8k,0.7773,4
128,n<=32,sr>70%,kvB<=16k,kp=0,0.7927,4
128,n<=32,sr>70%,kvB<=1k,kp<=1k,0.7052,4
128,n<=32,sr>70%,kvB<=1k,kp<=2k,0.7806,4
128,n<=32,sr>70%,kvB<=1k,kp<=4k,0.6889,4
128,n<=32,sr>70%,kvB<=1k,kp<=512,0.7413,4
128,n<=32,sr>70%,kvB<=1k,kp<=8k,0.7927,4
128,n<=32,sr>70%,kvB<=1k,kp=0,0.7738,4
128,n<=32,sr>70%,kvB<=4k,kp<=1k,0.7397,4
128,n<=32,sr>70%,kvB<=4k,kp<=2k,0.7316,4
128,n<=32,sr>70%,kvB<=4k,kp<=4k,0.778,4
128,n<=32,sr>70%,kvB<=4k,kp<=512,0.7669,4
128,n<=32,sr>70%,kvB<=4k,kp<=8k,0.8226,4
128,n<=32,sr>70%,kvB<=4k,kp=0,0.8156,4
128,n<=4,sr<=40%,kvB<=16k,kp<=1k,0.0045,2
128,n<=4,sr<=40%,kvB<=16k,kp<=2k,-0.0003,2
128,n<=4,sr<=40%,kvB<=16k,kp<=4k,0.0037,2
128,n<=4,sr<=40%,kvB<=16k,kp<=512,0.0051,2
128,n<=4,sr<=40%,kvB<=16k,kp<=8k,0.0088,2
128,n<=4,sr<=40%,kvB<=16k,kp=0,0.0042,2
128,n<=4,sr<=40%,kvB<=1k,kp<=1k,0.0427,2
128,n<=4,sr<=40%,kvB<=1k,kp<=2k,0.0488,2
128,n<=4,sr<=40%,kvB<=1k,kp<=4k,0.0468,2
128,n<=4,sr<=40%,kvB<=1k,kp<=512,0.0831,2
128,n<=4,sr<=40%,kvB<=1k,kp<=8k,0.0633,2
128,n<=4,sr<=40%,kvB<=1k,kp=0,0.043,2
128,n<=4,sr<=40%,kvB<=4k,kp<=1k,0.0052,2
128,n<=4,sr<=40%,kvB<=4k,kp<=2k,0.0067,2
128,n<=4,sr<=40%,kvB<=4k,kp<=4k,-0.0053,2
128,n<=4,sr<=40%,kvB<=4k,kp<=512,0.0038,2
128,n<=4,sr<=40%,kvB<=4k,kp<=8k,0.0102,2
128,n<=4,sr<=40%,kvB<=4k,kp=0,0.0002,2
128,n<=4,sr<=70%,kvB<=16k,kp<=1k,-0.0371,2
128,n<=4,sr<=70%,kvB<=16k,kp<=2k,-0.0535,2
128,n<=4,sr<=70%,kvB<=16k,kp<=4k,-0.0651,2
128,n<=4,sr<=70%,kvB<=16k,kp<=512,-0.0435,2
128,n<=4,sr<=70%,kvB<=16k,kp<=8k,-0.0534,2
128,n<=4,sr<=70%,kvB<=16k,kp=0,-0.0531,2
128,n<=4,sr<=70%,kvB<=1k,kp<=1k,-0.0219,2
128,n<=4,sr<=70%,kvB<=1k,kp<=2k,-0.0262,2
128,n<=4,sr<=70%,kvB<=1k,kp<=4k,-0.167,2
128,n<=4,sr<=70%,kvB<=1k,kp<=512,-0.0842,2
128,n<=4,sr<=70%,kvB<=1k,kp<=8k,-0.0551,2
128,n<=4,sr<=70%,kvB<=1k,kp=0,-0.1083,2
128,n<=4,sr<=70%,kvB<=4k,kp<=1k,-0.0801,2
128,n<=4,sr<=70%,kvB<=4k,kp<=2k,-0.0672,2
128,n<=4,sr<=70%,kvB<=4k,kp<=4k,-0.0652,2
128,n<=4,sr<=70%,kvB<=4k,kp<=512,-0.0646,2
128,n<=4,sr<=70%,kvB<=4k,kp<=8k,-0.0698,2
128,n<=4,sr<=70%,kvB<=4k,kp=0,-0.0952,2
128,n<=4,sr>70%,kvB<=16k,kp<=1k,0.0203,2
128,n<=4,sr>70%,kvB<=16k,kp<=2k,-0.025,2
128,n<=4,sr>70%,kvB<=16k,kp<=4k,-0.0412,2
128,n<=4,sr>70%,kvB<=16k,kp<=512,-0.0379,2
128,n<=4,sr>70%,kvB<=16k,kp<=8k,-0.005,2
128,n<=4,sr>70%,kvB<=16k,kp=0,-0.0129,2
128,n<=4,sr>70%,kvB<=1k,kp<=1k,0.0483,2
128,n<=4,sr>70%,kvB<=1k,kp<=2k,-0.0326,2
128,n<=4,sr>70%,kvB<=1k,kp<=4k,0.0006,2
128,n<=4,sr>70%,kvB<=1k,kp<=512,0.1011,2
128,n<=4,sr>70%,kvB<=1k,kp<=8k,-0.0451,2
128,n<=4,sr>70%,kvB<=1k,kp=0,0.0586,2
128,n<=4,sr>70%,kvB<=4k,kp<=1k,-0.0809,2
128,n<=4,sr>70%,kvB<=4k,kp<=2k,-0.0657,2
128,n<=4,sr>70%,kvB<=4k,kp<=4k,-0.0468,2
128,n<=4,sr>70%,kvB<=4k,kp<=512,-0.0833,2
128,n<=4,sr>70%,kvB<=4k,kp<=8k,-0.1091,2
128,n<=4,sr>70%,kvB<=4k,kp=0,-0.0581,2
128,n<=64,sr<=15%,kvB<=16k,kp<=1k,0.1079,4
128,n<=64,sr<=15%,kvB<=16k,kp<=2k,0.1097,4
128,n<=64,sr<=15%,kvB<=16k,kp<=4k,0.1095,4
128,n<=64,sr<=15%,kvB<=16k,kp<=512,0.1109,4
128,n<=64,sr<=15%,kvB<=16k,kp<=8k,0.1098,4
128,n<=64,sr<=15%,kvB<=16k,kp=0,0.1148,4
128,n<=64,sr<=15%,kvB<=1k,kp<=1k,0.1187,4
128,n<=64,sr<=15%,kvB<=1k,kp<=2k,0.1298,4
128,n<=64,sr<=15%,kvB<=1k,kp<=4k,0.1207,4
128,n<=64,sr<=15%,kvB<=1k,kp<=512,0.1194,4
128,n<=64,sr<=15%,kvB<=1k,kp<=8k,0.1261,4
128,n<=64,sr<=15%,kvB<=1k,kp=0,0.1288,4
128,n<=64,sr<=15%,kvB<=4k,kp<=1k,0.1101,4
128,n<=64,sr<=15%,kvB<=4k,kp<=2k,0.105,4
128,n<=64,sr<=15%,kvB<=4k,kp<=4k,0.1021,4
128,n<=64,sr<=15%,kvB<=4k,kp<=512,0.1094,4
128,n<=64,sr<=15%,kvB<=4k,kp<=8k,0.1072,4
128,n<=64,sr<=15%,kvB<=4k,kp=0,0.1001,4
128,n<=64,sr<=40%,kvB<=16k,kp<=1k,0.0727,2
128,n<=64,sr<=40%,kvB<=16k,kp<=2k,0.0719,2
128,n<=64,sr<=40%,kvB<=16k,kp<=4k,0.0762,2
128,n<=64,sr<=40%,kvB<=16k,kp<=512,0.0728,2
128,n<=64,sr<=40%,kvB<=16k,kp<=8k,0.0736,2
128,n<=64,sr<=40%,kvB<=16k,kp=0,0.0772,2
128,n<=64,sr<=40%,kvB<=1k,kp<=1k,0.0863,2
128,n<=64,sr<=40%,kvB<=1k,kp<=2k,0.0751,2
128,n<=64,sr<=40%,kvB<=1k,kp<=4k,0.0782,2
128,n<=64,sr<=40%,kvB<=1k,kp<=512,0.0906,2
128,n<=64,sr<=40%,kvB<=1k,kp<=8k,0.0784,2
128,n<=64,sr<=40%,kvB<=1k,kp=0,0.0867,2
128,n<=64,sr<=40%,kvB<=4k,kp<=1k,0.07,2
128,n<=64,sr<=40%,kvB<=4k,kp<=2k,0.0724,2
128,n<=64,sr<=40%,kvB<=4k,kp<=4k,0.0731,2
128,n<=64,sr<=40%,kvB<=4k,kp<=512,0.0658,2
128,n<=64,sr<=40%,kvB<=4k,kp<=8k,0.0661,2
128,n<=64,sr<=40%,kvB<=4k,kp=0,0.0716,2
128,n<=64,sr<=5%,kvB<=16k,kp<=1k,0.1253,6
128,n<=64,sr<=5%,kvB<=16k,kp<=2k,0.1225,6
128,n<=64,sr<=5%,kvB<=16k,kp<=4k,0.1258,6
128,n<=64,sr<=5%,kvB<=16k,kp<=512,0.1276,6
128,n<=64,sr<=5%,kvB<=16k,kp<=8k,0.1283,6
128,n<=64,sr<=5%,kvB<=16k,kp=0,0.1268,6
128,n<=64,sr<=5%,kvB<=1k,kp<=1k,0.1343,6
128,n<=64,sr<=5%,kvB<=1k,kp<=2k,0.1354,6
128,n<=64,sr<=5%,kvB<=1k,kp<=4k,0.1366,6
128,n<=64,sr<=5%,kvB<=1k,kp<=512,0.1328,6
128,n<=64,sr<=5%,kvB<=1k,kp<=8k,0.1402,6
128,n<=64,sr<=5%,kvB<=1k,kp=0,0.1344,6
128,n<=64,sr<=5%,kvB<=4k,kp<=1k,0.128,6
128,n<=64,sr<=5%,kvB<=4k,kp<=2k,0.1256,6
128,n<=64,sr<=5%,kvB<=4k,kp<=4k,0.1309,6
128,n<=64,sr<=5%,kvB<=4k,kp<=512,0.1305,6
128,n<=64,sr<=5%,kvB<=4k,kp<=8k,0.1285,6
128,n<=64,sr<=5%,kvB<=4k,kp=0,0.1265,6
128,n<=64,sr<=70%,kvB<=16k,kp<=1k,0.1217,2
128,n<=64,sr<=70%,kvB<=16k,kp<=2k,0.1284,2
128,n<=64,sr<=70%,kvB<=16k,kp<=4k,0.1213,2
128,n<=64,sr<=70%,kvB<=16k,kp<=512,0.1247,2
128,n<=64,sr<=70%,kvB<=16k,kp<=8k,0.1227,2
128,n<=64,sr<=70%,kvB<=16k,kp=0,0.1137,2
128,n<=64,sr<=70%,kvB<=1k,kp<=1k,0.0969,2
128,n<=64,sr<=70%,kvB<=1k,kp<=2k,0.095,2
128,n<=64,sr<=70%,kvB<=1k,kp<=4k,0.103,2
128,n<=64,sr<=70%,kvB<=1k,kp<=512,0.0892,2
128,n<=64,sr<=70%,kvB<=1k,kp<=8k,0.1151,2
128,n<=64,sr<=70%,kvB<=1k,kp=0,0.1251,2
128,n<=64,sr<=70%,kvB<=4k,kp<=1k,0.1074,2
128,n<=64,sr<=70%,kvB<=4k,kp<=2k,0.1146,2
128,n<=64,sr<=70%,kvB<=4k,kp<=4k,0.1279,2
128,n<=64,sr<=70%,kvB<=4k,kp<=512,0.1264,2
128,n<=64,sr<=70%,kvB<=4k,kp<=8k,0.1098,2
128,n<=64,sr<=70%,kvB<=4k,kp=0,0.1013,2
128,n<=64,sr>70%,kvB<=16k,kp<=1k,0.0575,4
128,n<=64,sr>70%,kvB<=16k,kp<=2k,0.0661,4
128,n<=64,sr>70%,kvB<=16k,kp<=4k,0.0531,4
128,n<=64,sr>70%,kvB<=16k,kp<=512,0.0408,4
128,n<=64,sr>70%,kvB<=16k,kp<=8k,0.0757,4
128,n<=64,sr>70%,kvB<=16k,kp=0,0.0628,4
128,n<=64,sr>70%,kvB<=1k,kp<=1k,0.0947,4
128,n<=64,sr>70%,kvB<=1k,kp<=2k,0.075,4
128,n<=64,sr>70%,kvB<=1k,kp<=4k,0.0834,4
128,n<=64,sr>70%,kvB<=1k,kp<=512,0.0799,4
128,n<=64,sr>70%,kvB<=1k,kp<=8k,0.0884,4
128,n<=64,sr>70%,kvB<=1k,kp=0,0.0745,4
128,n<=64,sr>70%,kvB<=4k,kp<=1k,0.0686,4
128,n<=64,sr>70%,kvB<=4k,kp<=2k,0.045,4
128,n<=64,sr>70%,kvB<=4k,kp<=4k,0.0531,4
128,n<=64,sr>70%,kvB<=4k,kp<=512,0.0561,4
128,n<=64,sr>70%,kvB<=4k,kp<=8k,0.065,4
128,n<=64,sr>70%,kvB<=4k,kp=0,0.067,4
128,n<=8,sr<=15%,kvB<=16k,kp<=1k,0.1288,2
128,n<=8,sr<=15%,kvB<=16k,kp<=2k,0.1268,2
128,n<=8,sr<=15%,kvB<=16k,kp<=4k,0.1295,2
128,n<=8,sr<=15%,kvB<=16k,kp<=512,0.136,2
128,n<=8,sr<=15%,kvB<=16k,kp<=8k,0.1335,2
128,n<=8,sr<=15%,kvB<=16k,kp=0,0.1342,2
128,n<=8,sr<=15%,kvB<=1k,kp<=1k,0.0738,2
128,n<=8,sr<=15%,kvB<=1k,kp<=2k,0.0806,2
128,n<=8,sr<=15%,kvB<=1k,kp<=4k,0.1,2
128,n<=8,sr<=15%,kvB<=1k,kp<=512,0.0578,2
128,n<=8,sr<=15%,kvB<=1k,kp<=8k,0.0541,2
128,n<=8,sr<=15%,kvB<=1k,kp=0,0.0817,2
128,n<=8,sr<=15%,kvB<=4k,kp<=1k,0.119,2
128,n<=8,sr<=15%,kvB<=4k,kp<=2k,0.1205,2
128,n<=8,sr<=15%,kvB<=4k,kp<=4k,0.109,2
128,n<=8,sr<=15%,kvB<=4k,kp<=512,0.122,2
128,n<=8,sr<=15%,kvB<=4k,kp<=8k,0.1125,2
128,n<=8,sr<=15%,kvB<=4k,kp=0,0.1193,2
128,n<=8,sr<=40%,kvB<=16k,kp<=1k,0.0245,4
128,n<=8,sr<=40%,kvB<=16k,kp<=2k,0.0216,4
128,n<=8,sr<=40%,kvB<=16k,kp<=4k,0.0323,4
128,n<=8,sr<=40%,kvB<=16k,kp<=512,0.0214,4
128,n<=8,sr<=40%,kvB<=16k,kp<=8k,0.0248,4
128,n<=8,sr<=40%,kvB<=16k,kp=0,0.0263,4
128,n<=8,sr<=40%,kvB<=1k,kp<=1k,0.0016,4
128,n<=8,sr<=40%,kvB<=1k,kp<=2k,-0.0037,4
128,n<=8,sr<=40%,kvB<=1k,kp<=4k,-0.0011,4
128,n<=8,sr<=40%,kvB<=1k,kp<=512,-0.0192,4
128,n<=8,sr<=40%,kvB<=1k,kp<=8k,0.0054,4
128,n<=8,sr<=40%,kvB<=1k,kp=0,-0.0165,4
128,n<=8,sr<=40%,kvB<=4k,kp<=1k,0.0112,4
128,n<=8,sr<=40%,kvB<=4k,kp<=2k,0.0197,4
128,n<=8,sr<=40%,kvB<=4k,kp<=4k,0.0057,4
128,n<=8,sr<=40%,kvB<=4k,kp<=512,0.0275,4
128,n<=8,sr<=40%,kvB<=4k,kp<=8k,0.0158,4
128,n<=8,sr<=40%,kvB<=4k,kp=0,0.0276,4
128,n<=8,sr<=70%,kvB<=16k,kp<=1k,0.0595,2
128,n<=8,sr<=70%,kvB<=16k,kp<=2k,0.0588,2
128,n<=8,sr<=70%,kvB<=16k,kp<=4k,0.0453,2
128,n<=8,sr<=70%,kvB<=16k,kp<=512,0.0752,2
128,n<=8,sr<=70%,kvB<=16k,kp<=8k,0.0493,2
128,n<=8,sr<=70%,kvB<=16k,kp=0,0.0737,2
128,n<=8,sr<=70%,kvB<=1k,kp<=1k,-0.0243,2
128,n<=8,sr<=70%,kvB<=1k,kp<=2k,-0.051,2
128,n<=8,sr<=70%,kvB<=1k,kp<=4k,-0.0609,2
128,n<=8,sr<=70%,kvB<=1k,kp<=512,-0.0143,2
128,n<=8,sr<=70%,kvB<=1k,kp<=8k,-0.0015,2
128,n<=8,sr<=70%,kvB<=1k,kp=0,-0.0206,2
128,n<=8,sr<=70%,kvB<=4k,kp<=1k,0.043,2
128,n<=8,sr<=70%,kvB<=4k,kp<=2k,0.0481,2
128,n<=8,sr<=70%,kvB<=4k,kp<=4k,0.0083,2
128,n<=8,sr<=70%,kvB<=4k,kp<=512,0.0367,2
128,n<=8,sr<=70%,kvB<=4k,kp<=8k,0.0154,2
128,n<=8,sr<=70%,kvB<=4k,kp=0,0.0531,2
128,n<=8,sr>70%,kvB<=16k,kp<=1k,0.6018,4
128,n<=8,sr>70%,kvB<=16k,kp<=2k,0.6057,4
128,n<=8,sr>70%,kvB<=16k,kp<=4k,0.5909,4
128,n<=8,sr>70%,kvB<=16k,kp<=512,0.6173,4
128,n<=8,sr>70%,kvB<=16k,kp<=8k,0.5905,4
128,n<=8,sr>70%,kvB<=16k,kp=0,0.5965,4
128,n<=8,sr>70%,kvB<=1k,kp<=1k,0.3543,4
128,n<=8,sr>70%,kvB<=1k,kp<=2k,0.3858,4
128,n<=8,sr>70%,kvB<=1k,kp<=4k,0.3512,4
128,n<=8,sr>70%,kvB<=1k,kp<=512,0.3816,4
128,n<=8,sr>70%,kvB<=1k,kp<=8k,0.3067,4
128,n<=8,sr>70%,kvB<=1k,kp=0,0.3759,4
128,n<=8,sr>70%,kvB<=4k,kp<=1k,0.479,4
128,n<=8,sr>70%,kvB<=4k,kp<=2k,0.6234,4
128,n<=8,sr>70%,kvB<=4k,kp<=4k,0.5349,4
128,n<=8,sr>70%,kvB<=4k,kp<=512,0.4587,4
128,n<=8,sr>70%,kvB<=4k,kp<=8k,0.4311,4
128,n<=8,sr>70%,kvB<=4k,kp=0,0.5835,4
256,n<=128,sr<=15%,kvB<=16k,kp<=1k,0.0371,4
256,n<=128,sr<=15%,kvB<=16k,kp<=2k,0.0394,4
256,n<=128,sr<=15%,kvB<=16k,kp<=4k,0.0366,4
256,n<=128,sr<=15%,kvB<=16k,kp<=512,0.0382,4
256,n<=128,sr<=15%,kvB<=16k,kp<=8k,0.0386,4
256,n<=128,sr<=15%,kvB<=16k,kp=0,0.035,4
256,n<=128,sr<=15%,kvB<=1k,kp<=1k,0.0406,4
256,n<=128,sr<=15%,kvB<=1k,kp<=2k,0.0383,4
256,n<=128,sr<=15%,kvB<=1k,kp<=4k,0.0392,4
256,n<=128,sr<=15%,kvB<=1k,kp<=512,0.0438,4
256,n<=128,sr<=15%,kvB<=1k,kp<=8k,0.0396,4
256,n<=128,sr<=15%,kvB<=1k,kp=0,0.0412,4
256,n<=128,sr<=15%,kvB<=4k,kp<=1k,0.0388,4
256,n<=128,sr<=15%,kvB<=4k,kp<=2k,0.0349,4
256,n<=128,sr<=15%,kvB<=4k,kp<=4k,0.034,4
256,n<=128,sr<=15%,kvB<=4k,kp<=512,0.0385,4
256,n<=128,sr<=15%,kvB<=4k,kp<=8k,0.0368,4
256,n<=128,sr<=15%,kvB<=4k,kp=0,0.0362,4
256,n<=128,sr<=40%,kvB<=16k,kp<=1k,0.0126,2
256,n<=128,sr<=40%,kvB<=16k,kp<=2k,0.0169,2
256,n<=128,sr<=40%,kvB<=16k,kp<=4k,0.016,2
256,n<=128,sr<=40%,kvB<=16k,kp<=512,0.0151,2
256,n<=128,sr<=40%,kvB<=16k,kp<=8k,0.0151,2
256,n<=128,sr<=40%,kvB<=16k,kp=0,0.0152,2
256,n<=128,sr<=40%,kvB<=1k,kp<=1k,0.0113,2
256,n<=128,sr<=40%,kvB<=1k,kp<=2k,0.0114,2
256,n<=128,sr<=40%,kvB<=1k,kp<=4k,0.0108,2
256,n<=128,sr<=40%,kvB<=1k,kp<=512,0.0144,2
256,n<=128,sr<=40%,kvB<=1k,kp<=8k,0.0165,2
256,n<=128,sr<=40%,kvB<=1k,kp=0,0.0067,2
256,n<=128,sr<=40%,kvB<=4k,kp<=1k,0.0126,2
256,n<=128,sr<=40%,kvB<=4k,kp<=2k,0.0168,2
256,n<=128,sr<=40%,kvB<=4k,kp<=4k,0.0172,2
256,n<=128,sr<=40%,kvB<=4k,kp<=512,0.0088,2
256,n<=128,sr<=40%,kvB<=4k,kp<=8k,0.0151,2
256,n<=128,sr<=40%,kvB<=4k,kp=0,0.0102,2
256,n<=128,sr<=5%,kvB<=16k,kp<=1k,0.0416,8
256,n<=128,sr<=5%,kvB<=16k,kp<=2k,0.0416,8
256,n<=128,sr<=5%,kvB<=16k,kp<=4k,0.0412,8
256,n<=128,sr<=5%,kvB<=16k,kp<=512,0.0415,8
256,n<=128,sr<=5%,kvB<=16k,kp<=8k,0.0403,8
256,n<=128,sr<=5%,kvB<=16k,kp=0,0.0407,8
256,n<=128,sr<=5%,kvB<=1k,kp<=1k,0.0498,8
256,n<=128,sr<=5%,kvB<=1k,kp<=2k,0.0518,8
256,n<=128,sr<=5%,kvB<=1k,kp<=4k,0.0513,8
256,n<=128,sr<=5%,kvB<=1k,kp<=512,0.0513,8
256,n<=128,sr<=5%,kvB<=1k,kp<=8k,0.051,8
256,n<=128,sr<=5%,kvB<=1k,kp=0,0.0518,8
256,n<=128,sr<=5%,kvB<=4k,kp<=1k,0.0422,8
256,n<=128,sr<=5%,kvB<=4k,kp<=2k,0.0426,8
256,n<=128,sr<=5%,kvB<=4k,kp<=4k,0.0435,8
256,n<=128,sr<=5%,kvB<=4k,kp<=512,0.0422,8
256,n<=128,sr<=5%,kvB<=4k,kp<=8k,0.0408,8
256,n<=128,sr<=5%,kvB<=4k,kp=0,0.0418,8
256,n<=128,sr<=70%,kvB<=16k,kp<=1k,-0.0266,2
256,n<=128,sr<=70%,kvB<=16k,kp<=2k,-0.0288,2
256,n<=128,sr<=70%,kvB<=16k,kp<=4k,-0.0378,2
256,n<=128,sr<=70%,kvB<=16k,kp<=512,-0.0274,2
256,n<=128,sr<=70%,kvB<=16k,kp<=8k,-0.0288,2
256,n<=128,sr<=70%,kvB<=16k,kp=0,-0.03,2
256,n<=128,sr<=70%,kvB<=1k,kp<=1k,-0.0552,2
256,n<=128,sr<=70%,kvB<=1k,kp<=2k,-0.0546,2
256,n<=128,sr<=70%,kvB<=1k,kp<=4k,-0.0649,2
256,n<=128,sr<=70%,kvB<=1k,kp<=512,-0.0647,2
256,n<=128,sr<=70%,kvB<=1k,kp<=8k,-0.0567,2
256,n<=128,sr<=70%,kvB<=1k,kp=0,-0.0607,2
256,n<=128,sr<=70%,kvB<=4k,kp<=1k,-0.0325,2
256,n<=128,sr<=70%,kvB<=4k,kp<=2k,-0.0347,2
256,n<=128,sr<=70%,kvB<=4k,kp<=4k,-0.0374,2
256,n<=128,sr<=70%,kvB<=4k,kp<=512,-0.0266,2
256,n<=128,sr<=70%,kvB<=4k,kp<=8k,-0.0256,2
256,n<=128,sr<=70%,kvB<=4k,kp=0,-0.0306,2
256,n<=128,sr>70%,kvB<=16k,kp<=1k,-0.0693,4
256,n<=128,sr>70%,kvB<=16k,kp<=2k,-0.0936,4
256,n<=128,sr>70%,kvB<=16k,kp<=4k,-0.0767,4
256,n<=128,sr>70%,kvB<=16k,kp<=512,-0.0792,4
256,n<=128,sr>70%,kvB<=16k,kp<=8k,-0.0729,4
256,n<=128,sr>70%,kvB<=16k,kp=0,-0.0806,4
256,n<=128,sr>70%,kvB<=1k,kp<=1k,-0.098,4
256,n<=128,sr>70%,kvB<=1k,kp<=2k,-0.1122,4
256,n<=128,sr>70%,kvB<=1k,kp<=4k,-0.122,4
256,n<=128,sr>70%,kvB<=1k,kp<=512,-0.1353,4
256,n<=128,sr>70%,kvB<=1k,kp<=8k,-0.1337,4
256,n<=128,sr>70%,kvB<=1k,kp=0,-0.098,4
256,n<=128,sr>70%,kvB<=4k,kp<=1k,-0.0733,4
256,n<=128,sr>70%,kvB<=4k,kp<=2k,-0.089,4
256,n<=128,sr>70%,kvB<=4k,kp<=4k,-0.0785,4
256,n<=128,sr>70%,kvB<=4k,kp<=512,-0.0956,4
256,n<=128,sr>70%,kvB<=4k,kp<=8k,-0.0792,4
256,n<=128,sr>70%,kvB<=4k,kp=0,-0.1019,4
256,n<=16,sr<=15%,kvB<=16k,kp<=1k,0.1514,4
256,n<=16,sr<=15%,kvB<=16k,kp<=2k,0.1516,4
256,n<=16,sr<=15%,kvB<=16k,kp<=4k,0.1507,4
256,n<=16,sr<=15%,kvB<=16k,kp<=512,0.1503,4
256,n<=16,sr<=15%,kvB<=16k,kp<=8k,0.1495,4
256,n<=16,sr<=15%,kvB<=16k,kp=0,0.1504,4
256,n<=16,sr<=15%,kvB<=1k,kp<=1k,0.1931,4
256,n<=16,sr<=15%,kvB<=1k,kp<=2k,0.2201,4
256,n<=16,sr<=15%,kvB<=1k,kp<=4k,0.1979,4
256,n<=16,sr<=15%,kvB<=1k,kp<=512,0.2051,4
256,n<=16,sr<=15%,kvB<=1k,kp<=8k,0.206,4
256,n<=16,sr<=15%,kvB<=1k,kp=0,0.201,4
256,n<=16,sr<=15%,kvB<=4k,kp<=1k,0.1474,4
256,n<=16,sr<=15%,kvB<=4k,kp<=2k,0.1518,4
256,n<=16,sr<=15%,kvB<=4k,kp<=4k,0.1567,4
256,n<=16,sr<=15%,kvB<=4k,kp<=512,0.1599,4
256,n<=16,sr<=15%,kvB<=4k,kp<=8k,0.1575,4
256,n<=16,sr<=15%,kvB<=4k,kp=0,0.1556,4
256,n<=16,sr<=40%,kvB<=16k,kp<=1k,0.544,4
256,n<=16,sr<=40%,kvB<=16k,kp<=2k,0.5405,4
256,n<=16,sr<=40%,kvB<=16k,kp<=4k,0.5452,4
256,n<=16,sr<=40%,kvB<=16k,kp<=512,0.5443,4
256,n<=16,sr<=40%,kvB<=16k,kp<=8k,0.5422,4
256,n<=16,sr<=40%,kvB<=16k,kp=0,0.5439,4
256,n<=16,sr<=40%,kvB<=1k,kp<=1k,0.4925,4
256,n<=16,sr<=40%,kvB<=1k,kp<=2k,0.51,4
256,n<=16,sr<=40%,kvB<=1k,kp<=4k,0.5012,4
256,n<=16,sr<=40%,kvB<=1k,kp<=512,0.5187,4
256,n<=16,sr<=40%,kvB<=1k,kp<=8k,0.4916,4
256,n<=16,sr<=40%,kvB<=1k,kp=0,0.5067,4
256,n<=16,sr<=40%,kvB<=4k,kp<=1k,0.5337,4
256,n<=16,sr<=40%,kvB<=4k,kp<=2k,0.5267,4
256,n<=16,sr<=40%,kvB<=4k,kp<=4k,0.5286,4
256,n<=16,sr<=40%,kvB<=4k,kp<=512,0.5261,4
256,n<=16,sr<=40%,kvB<=4k,kp<=8k,0.5269,4
256,n<=16,sr<=40%,kvB<=4k,kp=0,0.5289,4
256,n<=16,sr<=70%,kvB<=16k,kp<=1k,0.3306,2
256,n<=16,sr<=70%,kvB<=16k,kp<=2k,0.3341,2
256,n<=16,sr<=70%,kvB<=16k,kp<=4k,0.3331,2
256,n<=16,sr<=70%,kvB<=16k,kp<=512,0.326,2
256,n<=16,sr<=70%,kvB<=16k,kp<=8k,0.3289,2
256,n<=16,sr<=70%,kvB<=16k,kp=0,0.3342,2
256,n<=16,sr<=70%,kvB<=1k,kp<=1k,0.2989,2
256,n<=16,sr<=70%,kvB<=1k,kp<=2k,0.2806,2
256,n<=16,sr<=70%,kvB<=1k,kp<=4k,0.2279,2
256,n<=16,sr<=70%,kvB<=1k,kp<=512,0.271,2
256,n<=16,sr<=70%,kvB<=1k,kp<=8k,0.2662,2
256,n<=16,sr<=70%,kvB<=1k,kp=0,0.2665,2
256,n<=16,sr<=70%,kvB<=4k,kp<=1k,0.3134,2
256,n<=16,sr<=70%,kvB<=4k,kp<=2k,0.3,2
256,n<=16,sr<=70%,kvB<=4k,kp<=4k,0.3116,2
256,n<=16,sr<=70%,kvB<=4k,kp<=512,0.3048,2
256,n<=16,sr<=70%,kvB<=4k,kp<=8k,0.3294,2
256,n<=16,sr<=70%,kvB<=4k,kp=0,0.3215,2
256,n<=16,sr>70%,kvB<=16k,kp<=1k,0.5313,4
256,n<=16,sr>70%,kvB<=16k,kp<=2k,0.5042,4
256,n<=16,sr>70%,kvB<=16k,kp<=4k,0.5345,4
256,n<=16,sr>70%,kvB<=16k,kp<=512,0.5127,4
256,n<=16,sr>70%,kvB<=16k,kp<=8k,0.532,4
256,n<=16,sr>70%,kvB<=16k,kp=0,0.5013,4
256,n<=16,sr>70%,kvB<=1k,kp<=1k,0.5696,4
256,n<=16,sr>70%,kvB<=1k,kp<=2k,0.5305,4
256,n<=16,sr>70%,kvB<=1k,kp<=4k,0.5923,4
256,n<=16,sr>70%,kvB<=1k,kp<=512,0.5715,4
256,n<=16,sr>70%,kvB<=1k,kp<=8k,0.5022,4
256,n<=16,sr>70%,kvB<=1k,kp=0,0.5202,4
256,n<=16,sr>70%,kvB<=4k,kp<=1k,0.5191,4
256,n<=16,sr>70%,kvB<=4k,kp<=2k,0.4968,4
256,n<=16,sr>70%,kvB<=4k,kp<=4k,0.5117,4
256,n<=16,sr>70%,kvB<=4k,kp<=512,0.5436,4
256,n<=16,sr>70%,kvB<=4k,kp<=8k,0.5485,4
256,n<=16,sr>70%,kvB<=4k,kp=0,0.5414,4
256,n<=2,sr<=70%,kvB<=16k,kp<=1k,0.0178,2
256,n<=2,sr<=70%,kvB<=16k,kp<=2k,-0.0272,2
256,n<=2,sr<=70%,kvB<=16k,kp<=4k,0.0069,2
256,n<=2,sr<=70%,kvB<=16k,kp<=512,0.023,2
256,n<=2,sr<=70%,kvB<=16k,kp<=8k,0.0019,2
256,n<=2,sr<=70%,kvB<=16k,kp=0,0.0239,2
256,n<=2,sr<=70%,kvB<=1k,kp<=1k,0.008,2
256,n<=2,sr<=70%,kvB<=1k,kp<=2k,0.0408,2
256,n<=2,sr<=70%,kvB<=1k,kp<=4k,0.0021,2
256,n<=2,sr<=70%,kvB<=1k,kp<=512,-0.0635,2
256,n<=2,sr<=70%,kvB<=1k,kp<=8k,0.0948,2
256,n<=2,sr<=70%,kvB<=1k,kp=0,-0.1217,2
256,n<=2,sr<=70%,kvB<=4k,kp<=1k,-0.0081,2
256,n<=2,sr<=70%,kvB<=4k,kp<=2k,0.0495,2
256,n<=2,sr<=70%,kvB<=4k,kp<=4k,0.0655,2
256,n<=2,sr<=70%,kvB<=4k,kp<=512,0.0197,2
256,n<=2,sr<=70%,kvB<=4k,kp<=8k,0.0121,2
256,n<=2,sr<=70%,kvB<=4k,kp=0,0.0213,2
256,n<=32,sr<=15%,kvB<=16k,kp<=1k,0.2884,6
256,n<=32,sr<=15%,kvB<=16k,kp<=2k,0.2963,6
256,n<=32,sr<=15%,kvB<=16k,kp<=4k,0.2962,6
256,n<=32,sr<=15%,kvB<=16k,kp<=512,0.2979,6
256,n<=32,sr<=15%,kvB<=16k,kp<=8k,0.2947,6
256,n<=32,sr<=15%,kvB<=16k,kp=0,0.3,6
256,n<=32,sr<=15%,kvB<=1k,kp<=1k,0.3116,6
256,n<=32,sr<=15%,kvB<=1k,kp<=2k,0.286,6
256,n<=32,sr<=15%,kvB<=1k,kp<=4k,0.299,6
256,n<=32,sr<=15%,kvB<=1k,kp<=512,0.3002,6
256,n<=32,sr<=15%,kvB<=1k,kp<=8k,0.3102,6
256,n<=32,sr<=15%,kvB<=1k,kp=0,0.298,6
256,n<=32,sr<=15%,kvB<=4k,kp<=1k,0.2827,6
256,n<=32,sr<=15%,kvB<=4k,kp<=2k,0.2781,6
256,n<=32,sr<=15%,kvB<=4k,kp<=4k,0.2789,6
256,n<=32,sr<=15%,kvB<=4k,kp<=512,0.2818,6
256,n<=32,sr<=15%,kvB<=4k,kp<=8k,0.2781,6
256,n<=32,sr<=15%,kvB<=4k,kp=0,0.278,6
256,n<=32,sr<=40%,kvB<=16k,kp<=1k,0.2578,2
256,n<=32,sr<=40%,kvB<=16k,kp<=2k,0.2559,2
256,n<=32,sr<=40%,kvB<=16k,kp<=4k,0.2486,2
256,n<=32,sr<=40%,kvB<=16k,kp<=512,0.2436,2
256,n<=32,sr<=40%,kvB<=16k,kp<=8k,0.2468,2
256,n<=32,sr<=40%,kvB<=16k,kp=0,0.2201,2
256,n<=32,sr<=40%,kvB<=1k,kp<=1k,0.2354,2
256,n<=32,sr<=40%,kvB<=1k,kp<=2k,0.2312,2
256,n<=32,sr<=40%,kvB<=1k,kp<=4k,0.2517,2
256,n<=32,sr<=40%,kvB<=1k,kp<=512,0.242,2
256,n<=32,sr<=40%,kvB<=1k,kp<=8k,0.247,2
256,n<=32,sr<=40%,kvB<=1k,kp=0,0.246,2
256,n<=32,sr<=40%,kvB<=4k,kp<=1k,0.2148,2
256,n<=32,sr<=40%,kvB<=4k,kp<=2k,0.2424,2
256,n<=32,sr<=40%,kvB<=4k,kp<=4k,0.2358,2
256,n<=32,sr<=40%,kvB<=4k,kp<=512,0.2462,2
256,n<=32,sr<=40%,kvB<=4k,kp<=8k,0.2317,2
256,n<=32,sr<=40%,kvB<=4k,kp=0,0.241,2
256,n<=32,sr<=5%,kvB<=16k,kp<=1k,0.2878,2
256,n<=32,sr<=5%,kvB<=16k,kp<=2k,0.2836,2
256,n<=32,sr<=5%,kvB<=16k,kp<=4k,0.2856,2
256,n<=32,sr<=5%,kvB<=16k,kp<=512,0.2947,2
256,n<=32,sr<=5%,kvB<=16k,kp<=8k,0.2882,2
256,n<=32,sr<=5%,kvB<=16k,kp=0,0.2875,2
256,n<=32,sr<=5%,kvB<=1k,kp<=1k,0.2867,2
256,n<=32,sr<=5%,kvB<=1k,kp<=2k,0.3025,2
256,n<=32,sr<=5%,kvB<=1k,kp<=4k,0.2923,2
256,n<=32,sr<=5%,kvB<=1k,kp<=512,0.3003,2
256,n<=32,sr<=5%,kvB<=1k,kp<=8k,0.3096,2
256,n<=32,sr<=5%,kvB<=1k,kp=0,0.2884,2
256,n<=32,sr<=5%,kvB<=4k,kp<=1k,0.2904,2
256,n<=32,sr<=5%,kvB<=4k,kp<=2k,0.2967,2
256,n<=32,sr<=5%,kvB<=4k,kp<=4k,0.2848,2
256,n<=32,sr<=5%,kvB<=4k,kp<=512,0.2908,2
256,n<=32,sr<=5%,kvB<=4k,kp<=8k,0.2837,2
256,n<=32,sr<=5%,kvB<=4k,kp=0,0.2957,2
256,n<=32,sr<=70%,kvB<=16k,kp<=1k,0.2658,2
256,n<=32,sr<=70%,kvB<=16k,kp<=2k,0.262,2
256,n<=32,sr<=70%,kvB<=16k,kp<=4k,0.265,2
256,n<=32,sr<=70%,kvB<=16k,kp<=512,0.2594,2
256,n<=32,sr<=70%,kvB<=16k,kp<=8k,0.2716,2
256,n<=32,sr<=70%,kvB<=16k,kp=0,0.2961,2
256,n<=32,sr<=70%,kvB<=1k,kp<=1k,0.2674,2
256,n<=32,sr<=70%,kvB<=1k,kp<=2k,0.3013,2
256,n<=32,sr<=70%,kvB<=1k,kp<=4k,0.2871,2
256,n<=32,sr<=70%,kvB<=1k,kp<=512,0.2555,2
256,n<=32,sr<=70%,kvB<=1k,kp<=8k,0.3266,2
256,n<=32,sr<=70%,kvB<=1k,kp=0,0.2748,2
256,n<=32,sr<=70%,kvB<=4k,kp<=1k,0.2825,2
256,n<=32,sr<=70%,kvB<=4k,kp<=2k,0.2687,2
256,n<=32,sr<=70%,kvB<=4k,kp<=4k,0.2901,2
256,n<=32,sr<=70%,kvB<=4k,kp<=512,0.293,2
256,n<=32,sr<=70%,kvB<=4k,kp<=8k,0.2706,2
256,n<=32,sr<=70%,kvB<=4k,kp=0,0.2916,2
256,n<=32,sr>70%,kvB<=16k,kp<=1k,0.8076,4
256,n<=32,sr>70%,kvB<=16k,kp<=2k,0.8281,4
256,n<=32,sr>70%,kvB<=16k,kp<=4k,0.7925,4
256,n<=32,sr>70%,kvB<=16k,kp<=512,0.7693,4
256,n<=32,sr>70%,kvB<=16k,kp<=8k,0.799,4
256,n<=32,sr>70%,kvB<=16k,kp=0,0.847,4
256,n<=32,sr>70%,kvB<=1k,kp<=1k,0.7386,4
256,n<=32,sr>70%,kvB<=1k,kp<=2k,0.7004,4
256,n<=32,sr>70%,kvB<=1k,kp<=4k,0.7319,4
256,n<=32,sr>70%,kvB<=1k,kp<=512,0.7521,4
256,n<=32,sr>70%,kvB<=1k,kp<=8k,0.6973,4
256,n<=32,sr>70%,kvB<=1k,kp=0,0.7366,4
256,n<=32,sr>70%,kvB<=4k,kp<=1k,0.7592,4
256,n<=32,sr>70%,kvB<=4k,kp<=2k,0.7688,4
256,n<=32,sr>70%,kvB<=4k,kp<=4k,0.7683,4
256,n<=32,sr>70%,kvB<=4k,kp<=512,0.7914,4
256,n<=32,sr>70%,kvB<=4k,kp<=8k,0.7908,4
256,n<=32,sr>70%,kvB<=4k,kp=0,0.7934,4
256,n<=4,sr<=40%,kvB<=16k,kp<=1k,0.0098,2
256,n<=4,sr<=40%,kvB<=16k,kp<=2k,0.0017,2
256,n<=4,sr<=40%,kvB<=16k,kp<=4k,0.0045,2
256,n<=4,sr<=40%,kvB<=16k,kp<=512,0.009,2
256,n<=4,sr<=40%,kvB<=16k,kp<=8k,0.0037,2
256,n<=4,sr<=40%,kvB<=16k,kp=0,-0.0061,2
256,n<=4,sr<=40%,kvB<=1k,kp<=1k,0.0331,2
256,n<=4,sr<=40%,kvB<=1k,kp<=2k,0.0141,2
256,n<=4,sr<=40%,kvB<=1k,kp<=4k,0.0846,2
256,n<=4,sr<=40%,kvB<=1k,kp<=512,0.0153,2
256,n<=4,sr<=40%,kvB<=1k,kp<=8k,0.1114,2
256,n<=4,sr<=40%,kvB<=1k,kp=0,0.0324,2
256,n<=4,sr<=40%,kvB<=4k,kp<=1k,-0.0033,2
256,n<=4,sr<=40%,kvB<=4k,kp<=2k,-0.0161,2
256,n<=4,sr<=40%,kvB<=4k,kp<=4k,-0.0025,2
256,n<=4,sr<=40%,kvB<=4k,kp<=512,0.0155,2
256,n<=4,sr<=40%,kvB<=4k,kp<=8k,-0.0123,2
256,n<=4,sr<=40%,kvB<=4k,kp=0,0.0048,2
256,n<=4,sr<=70%,kvB<=16k,kp<=1k,-0.0297,2
256,n<=4,sr<=70%,kvB<=16k,kp<=2k,-0.0333,2
256,n<=4,sr<=70%,kvB<=16k,kp<=4k,-0.0678,2
256,n<=4,sr<=70%,kvB<=16k,kp<=512,-0.0564,2
256,n<=4,sr<=70%,kvB<=16k,kp<=8k,-0.0324,2
256,n<=4,sr<=70%,kvB<=16k,kp=0,-0.058,2
256,n<=4,sr<=70%,kvB<=1k,kp<=1k,-0.0361,2
256,n<=4,sr<=70%,kvB<=1k,kp<=2k,0.0494,2
256,n<=4,sr<=70%,kvB<=1k,kp<=4k,-0.0991,2
256,n<=4,sr<=70%,kvB<=1k,kp<=512,-0.0486,2
256,n<=4,sr<=70%,kvB<=1k,kp<=8k,-0.071,2
256,n<=4,sr<=70%,kvB<=1k,kp=0,-0.1286,2
256,n<=4,sr<=70%,kvB<=4k,kp<=1k,-0.0427,2
256,n<=4,sr<=70%,kvB<=4k,kp<=2k,-0.0282,2
256,n<=4,sr<=70%,kvB<=4k,kp<=4k,-0.0156,2
256,n<=4,sr<=70%,kvB<=4k,kp<=512,-0.0603,2
256,n<=4,sr<=70%,kvB<=4k,kp<=8k,-0.0796,2
256,n<=4,sr<=70%,kvB<=4k,kp=0,-0.083,2
256,n<=4,sr>70%,kvB<=16k,kp<=1k,-0.0555,2
256,n<=4,sr>70%,kvB<=16k,kp<=2k,0.0098,2
256,n<=4,sr>70%,kvB<=16k,kp<=4k,-0.0157,2
256,n<=4,sr>70%,kvB<=16k,kp<=512,0.024,2
256,n<=4,sr>70%,kvB<=16k,kp<=8k,0.0066,2
256,n<=4,sr>70%,kvB<=16k,kp=0,-0.0074,2
256,n<=4,sr>70%,kvB<=1k,kp<=1k,0.1019,2
256,n<=4,sr>70%,kvB<=1k,kp<=2k,0.035,2
256,n<=4,sr>70%,kvB<=1k,kp<=4k,0.6564,2
256,n<=4,sr>70%,kvB<=1k,kp<=512,0.0023,2
256,n<=4,sr>70%,kvB<=1k,kp<=8k,0.023,2
256,n<=4,sr>70%,kvB<=1k,kp=0,0.069,2
256,n<=4,sr>70%,kvB<=4k,kp<=1k,-0.0627,2
256,n<=4,sr>70%,kvB<=4k,kp<=2k,-0.0203,2
256,n<=4,sr>70%,kvB<=4k,kp<=4k,-0.104,2
256,n<=4,sr>70%,kvB<=4k,kp<=512,-0.0729,2
256,n<=4,sr>70%,kvB<=4k,kp<=8k,-0.0234,2
256,n<=4,sr>70%,kvB<=4k,kp=0,-0.1318,2
256,n<=64,sr<=15%,kvB<=16k,kp<=1k,0.1153,4
256,n<=64,sr<=15%,kvB<=16k,kp<=2k,0.1136,4
256,n<=64,sr<=15%,kvB<=16k,kp<=4k,0.1012,4
256,n<=64,sr<=15%,kvB<=16k,kp<=512,0.1126,4
256,n<=64,sr<=15%,kvB<=16k,kp<=8k,0.1085,4
256,n<=64,sr<=15%,kvB<=16k,kp=0,0.1039,4
256,n<=64,sr<=15%,kvB<=1k,kp<=1k,0.1178,4
256,n<=64,sr<=15%,kvB<=1k,kp<=2k,0.1223,4
256,n<=64,sr<=15%,kvB<=1k,kp<=4k,0.1216,4
256,n<=64,sr<=15%,kvB<=1k,kp<=512,0.1284,4
256,n<=64,sr<=15%,kvB<=1k,kp<=8k,0.1169,4
256,n<=64,sr<=15%,kvB<=1k,kp=0,0.1229,4
256,n<=64,sr<=15%,kvB<=4k,kp<=1k,0.0998,4
256,n<=64,sr<=15%,kvB<=4k,kp<=2k,0.1046,4
256,n<=64,sr<=15%,kvB<=4k,kp<=4k,0.1105,4
256,n<=64,sr<=15%,kvB<=4k,kp<=512,0.1116,4
256,n<=64,sr<=15%,kvB<=4k,kp<=8k,0.1134,4
256,n<=64,sr<=15%,kvB<=4k,kp=0,0.1062,4
256,n<=64,sr<=40%,kvB<=16k,kp<=1k,0.0761,2
256,n<=64,sr<=40%,kvB<=16k,kp<=2k,0.0794,2
256,n<=64,sr<=40%,kvB<=16k,kp<=4k,0.0776,2
256,n<=64,sr<=40%,kvB<=16k,kp<=512,0.0661,2
256,n<=64,sr<=40%,kvB<=16k,kp<=8k,0.0757,2
256,n<=64,sr<=40%,kvB<=16k,kp=0,0.0804,2
256,n<=64,sr<=40%,kvB<=1k,kp<=1k,0.08,2
256,n<=64,sr<=40%,kvB<=1k,kp<=2k,0.0874,2
256,n<=64,sr<=40%,kvB<=1k,kp<=4k,0.0886,2
256,n<=64,sr<=40%,kvB<=1k,kp<=512,0.0831,2
256,n<=64,sr<=40%,kvB<=1k,kp<=8k,0.0853,2
256,n<=64,sr<=40%,kvB<=1k,kp=0,0.0844,2
256,n<=64,sr<=40%,kvB<=4k,kp<=1k,0.0685,2
256,n<=64,sr<=40%,kvB<=4k,kp<=2k,0.0706,2
256,n<=64,sr<=40%,kvB<=4k,kp<=4k,0.062,2
256,n<=64,sr<=40%,kvB<=4k,kp<=512,0.0698,2
256,n<=64,sr<=40%,kvB<=4k,kp<=8k,0.0717,2
256,n<=64,sr<=40%,kvB<=4k,kp=0,0.0732,2
256,n<=64,sr<=5%,kvB<=16k,kp<=1k,0.1263,6
256,n<=64,sr<=5%,kvB<=16k,kp<=2k,0.1295,6
256,n<=64,sr<=5%,kvB<=16k,kp<=4k,0.1294,6
256,n<=64,sr<=5%,kvB<=16k,kp<=512,0.1254,6
256,n<=64,sr<=5%,kvB<=16k,kp<=8k,0.1282,6
256,n<=64,sr<=5%,kvB<=16k,kp=0,0.1268,6
256,n<=64,sr<=5%,kvB<=1k,kp<=1k,0.1303,6
256,n<=64,sr<=5%,kvB<=1k,kp<=2k,0.1355,6
256,n<=64,sr<=5%,kvB<=1k,kp<=4k,0.1377,6
256,n<=64,sr<=5%,kvB<=1k,kp<=512,0.1338,6
256,n<=64,sr<=5%,kvB<=1k,kp<=8k,0.1336,6
256,n<=64,sr<=5%,kvB<=1k,kp=0,0.1357,6
256,n<=64,sr<=5%,kvB<=4k,kp<=1k,0.1303,6
256,n<=64,sr<=5%,kvB<=4k,kp<=2k,0.1323,6
256,n<=64,sr<=5%,kvB<=4k,kp<=4k,0.128,6
256,n<=64,sr<=5%,kvB<=4k,kp<=512,0.1282,6
256,n<=64,sr<=5%,kvB<=4k,kp<=8k,0.1287,6
256,n<=64,sr<=5%,kvB<=4k,kp=0,0.1298,6
256,n<=64,sr<=70%,kvB<=16k,kp<=1k,0.1173,2
256,n<=64,sr<=70%,kvB<=16k,kp<=2k,0.1116,2
256,n<=64,sr<=70%,kvB<=16k,kp<=4k,0.1135,2
256,n<=64,sr<=70%,kvB<=16k,kp<=512,0.1216,2
256,n<=64,sr<=70%,kvB<=16k,kp<=8k,0.1192,2
256,n<=64,sr<=70%,kvB<=16k,kp=0,0.1279,2
256,n<=64,sr<=70%,kvB<=1k,kp<=1k,0.1034,2
256,n<=64,sr<=70%,kvB<=1k,kp<=2k,0.0989,2
256,n<=64,sr<=70%,kvB<=1k,kp<=4k,0.1114,2
256,n<=64,sr<=70%,kvB<=1k,kp<=512,0.079,2
256,n<=64,sr<=70%,kvB<=1k,kp<=8k,0.1085,2
256,n<=64,sr<=70%,kvB<=1k,kp=0,0.0956,2
256,n<=64,sr<=70%,kvB<=4k,kp<=1k,0.1111,2
256,n<=64,sr<=70%,kvB<=4k,kp<=2k,0.1298,2
256,n<=64,sr<=70%,kvB<=4k,kp<=4k,0.1045,2
256,n<=64,sr<=70%,kvB<=4k,kp<=512,0.1157,2
256,n<=64,sr<=70%,kvB<=4k,kp<=8k,0.1132,2
256,n<=64,sr<=70%,kvB<=4k,kp=0,0.1238,2
256,n<=64,sr>70%,kvB<=16k,kp<=1k,0.0721,4
256,n<=64,sr>70%,kvB<=16k,kp<=2k,0.0418,4
256,n<=64,sr>70%,kvB<=16k,kp<=4k,0.0472,4
256,n<=64,sr>70%,kvB<=16k,kp<=512,0.0576,4
256,n<=64,sr>70%,kvB<=16k,kp<=8k,0.0361,4
256,n<=64,sr>70%,kvB<=16k,kp=0,0.0642,4
256,n<=64,sr>70%,kvB<=1k,kp<=1k,0.0929,4
256,n<=64,sr>70%,kvB<=1k,kp<=2k,0.1015,4
256,n<=64,sr>70%,kvB<=1k,kp<=4k,0.0804,4
256,n<=64,sr>70%,kvB<=1k,kp<=512,0.1002,4
256,n<=64,sr>70%,kvB<=1k,kp<=8k,0.0949,4
256,n<=64,sr>70%,kvB<=1k,kp=0,0.0594,4
256,n<=64,sr>70%,kvB<=4k,kp<=1k,0.0717,4
256,n<=64,sr>70%,kvB<=4k,kp<=2k,0.0724,4
256,n<=64,sr>70%,kvB<=4k,kp<=4k,0.1113,4
256,n<=64,sr>70%,kvB<=4k,kp<=512,0.0587,4
256,n<=64,sr>70%,kvB<=4k,kp<=8k,0.074,4
256,n<=64,sr>70%,kvB<=4k,kp=0,0.079,4
256,n<=8,sr<=15%,kvB<=16k,kp<=1k,0.1321,2
256,n<=8,sr<=15%,kvB<=16k,kp<=2k,0.1296,2
256,n<=8,sr<=15%,kvB<=16k,kp<=4k,0.1344,2
256,n<=8,sr<=15%,kvB<=16k,kp<=512,0.1297,2
256,n<=8,sr<=15%,kvB<=16k,kp<=8k,0.1241,2
256,n<=8,sr<=15%,kvB<=16k,kp=0,0.1272,2
256,n<=8,sr<=15%,kvB<=1k,kp<=1k,0.0562,2
256,n<=8,sr<=15%,kvB<=1k,kp<=2k,0.073,2
256,n<=8,sr<=15%,kvB<=1k,kp<=4k,0.0815,2
256,n<=8,sr<=15%,kvB<=1k,kp<=512,0.0698,2
256,n<=8,sr<=15%,kvB<=1k,kp<=8k,0.0672,2
256,n<=8,sr<=15%,kvB<=1k,kp=0,0.073,2
256,n<=8,sr<=15%,kvB<=4k,kp<=1k,0.1199,2
256,n<=8,sr<=15%,kvB<=4k,kp<=2k,0.1122,2
256,n<=8,sr<=15%,kvB<=4k,kp<=4k,0.113,2
256,n<=8,sr<=15%,kvB<=4k,kp<=512,0.1238,2
256,n<=8,sr<=15%,kvB<=4k,kp<=8k,0.1268,2
256,n<=8,sr<=15%,kvB<=4k,kp=0,0.1077,2
256,n<=8,sr<=40%,kvB<=16k,kp<=1k,0.0296,4
256,n<=8,sr<=40%,kvB<=16k,kp<=2k,0.0317,4
256,n<=8,sr<=40%,kvB<=16k,kp<=4k,0.0201,4
256,n<=8,sr<=40%,kvB<=16k,kp<=512,0.0226,4
256,n<=8,sr<=40%,kvB<=16k,kp<=8k,0.0242,4
256,n<=8,sr<=40%,kvB<=16k,kp=0,0.0319,4
256,n<=8,sr<=40%,kvB<=1k,kp<=1k,-0.0013,4
256,n<=8,sr<=40%,kvB<=1k,kp<=2k,-0.0308,4
256,n<=8,sr<=40%,kvB<=1k,kp<=4k,0.0215,4
256,n<=8,sr<=40%,kvB<=1k,kp<=512,0.0302,4
256,n<=8,sr<=40%,kvB<=1k,kp<=8k,0.029,4
256,n<=8,sr<=40%,kvB<=1k,kp=0,-0.0017,4
256,n<=8,sr<=40%,kvB<=4k,kp<=1k,0.0103,4
256,n<=8,sr<=40%,kvB<=4k,kp<=2k,0.0257,4
256,n<=8,sr<=40%,kvB<=4k,kp<=4k,0.0178,4
256,n<=8,sr<=40%,kvB<=4k,kp<=512,0.0158,4
256,n<=8,sr<=40%,kvB<=4k,kp<=8k,0.0137,4
256,n<=8,sr<=40%,kvB<=4k,kp=0,0.0146,4
256,n<=8,sr<=70%,kvB<=16k,kp<=1k,0.0335,2
256,n<=8,sr<=70%,kvB<=16k,kp<=2k,0.0672,2
256,n<=8,sr<=70%,kvB<=16k,kp<=4k,0.063,2
256,n<=8,sr<=70%,kvB<=16k,kp<=512,0.0549,2
256,n<=8,sr<=70%,kvB<=16k,kp<=8k,0.0769,2
256,n<=8,sr<=70%,kvB<=16k,kp=0,0.0675,2
256,n<=8,sr<=70%,kvB<=1k,kp<=1k,-0.0502,2
256,n<=8,sr<=70%,kvB<=1k,kp<=2k,0.0069,2
256,n<=8,sr<=70%,kvB<=1k,kp<=4k,-0.0759,2
256,n<=8,sr<=70%,kvB<=1k,kp<=512,-0.0725,2
256,n<=8,sr<=70%,kvB<=1k,kp<=8k,-0.0423,2
256,n<=8,sr<=70%,kvB<=1k,kp=0,-0.0408,2
256,n<=8,sr<=70%,kvB<=4k,kp<=1k,0.0781,2
256,n<=8,sr<=70%,kvB<=4k,kp<=2k,0.0416,2
256,n<=8,sr<=70%,kvB<=4k,kp<=4k,0.008,2
256,n<=8,sr<=70%,kvB<=4k,kp<=512,0.0495,2
256,n<=8,sr<=70%,kvB<=4k,kp<=8k,0.0351,2
256,n<=8,sr<=70%,kvB<=4k,kp=0,0.0308,2
256,n<=8,sr>70%,kvB<=16k,kp<=1k,0.6473,4
256,n<=8,sr>70%,kvB<=16k,kp<=2k,0.5405,4
256,n<=8,sr>70%,kvB<=16k,kp<=4k,0.6009,4
256,n<=8,sr>70%,kvB<=16k,kp<=512,0.6112,4
256,n<=8,sr>70%,kvB<=16k,kp<=8k,0.5865,4
256,n<=8,sr>70%,kvB<=16k,kp=0,0.6055,4
256,n<=8,sr>70%,kvB<=1k,kp<=1k,0.3741,4
256,n<=8,sr>70%,kvB<=1k,kp<=2k,0.3166,4
256,n<=8,sr>70%,kvB<=1k,kp<=4k,0.2767,4
256,n<=8,sr>70%,kvB<=1k,kp<=512,0.4812,4
256,n<=8,sr>70%,kvB<=1k,kp<=8k,0.3438,4
256,n<=8,sr>70%,kvB<=1k,kp=0,0.4293,4
256,n<=8,sr>70%,kvB<=4k,kp<=1k,0.6041,4
256,n<=8,sr>70%,kvB<=4k,kp<=2k,0.5346,4
256,n<=8,sr>70%,kvB<=4k,kp<=4k,0.5382,4
256,n<=8,sr>70%,kvB<=4k,kp<=512,0.5346,4
256,n<=8,sr>70%,kvB<=4k,kp<=8k,0.53,4
256,n<=8,sr>70%,kvB<=4k,kp=0,0.5033,4
512,n<=128,sr<=15%,kvB<=16k,kp<=1k,0.0401,4
512,n<=128,sr<=15%,kvB<=16k,kp<=2k,0.0374,4
512,n<=128,sr<=15%,kvB<=16k,kp<=4k,0.0384,4
512,n<=128,sr<=15%,kvB<=16k,kp<=512,0.0408,4
512,n<=128,sr<=15%,kvB<=16k,kp<=8k,0.037,4
512,n<=128,sr<=15%,kvB<=16k,kp=0,0.039,4
512,n<=128,sr<=15%,kvB<=1k,kp<=1k,0.0403,4
512,n<=128,sr<=15%,kvB<=1k,kp<=2k,0.0384,4
512,n<=128,sr<=15%,kvB<=1k,kp<=4k,0.0403,4
512,n<=128,sr<=15%,kvB<=1k,kp<=512,0.0398,4
512,n<=128,sr<=15%,kvB<=1k,kp<=8k,0.0388,4
512,n<=128,sr<=15%,kvB<=1k,kp=0,0.0382,4
512,n<=128,sr<=15%,kvB<=4k,kp<=1k,0.0321,4
512,n<=128,sr<=15%,kvB<=4k,kp<=2k,0.0332,4
512,n<=128,sr<=15%,kvB<=4k,kp<=4k,0.0354,4
512,n<=128,sr<=15%,kvB<=4k,kp<=512,0.0337,4
512,n<=128,sr<=15%,kvB<=4k,kp<=8k,0.034,4
512,n<=128,sr<=15%,kvB<=4k,kp=0,0.0374,4
512,n<=128,sr<=40%,kvB<=16k,kp<=1k,0.0155,2
512,n<=128,sr<=40%,kvB<=16k,kp<=2k,0.0122,2
512,n<=128,sr<=40%,kvB<=16k,kp<=4k,0.0185,2
512,n<=128,sr<=40%,kvB<=16k,kp<=512,0.015,2
512,n<=128,sr<=40%,kvB<=16k,kp<=8k,0.0156,2
512,n<=128,sr<=40%,kvB<=16k,kp=0,0.0177,2
512,n<=128,sr<=40%,kvB<=1k,kp<=1k,0.0115,2
512,n<=128,sr<=40%,kvB<=1k,kp<=2k,0.0146,2
512,n<=128,sr<=40%,kvB<=1k,kp<=4k,0.0153,2
512,n<=128,sr<=40%,kvB<=1k,kp<=512,0.0116,2
512,n<=128,sr<=40%,kvB<=1k,kp<=8k,0.0102,2
512,n<=128,sr<=40%,kvB<=1k,kp=0,0.0069,2
512,n<=128,sr<=40%,kvB<=4k,kp<=1k,0.0173,2
512,n<=128,sr<=40%,kvB<=4k,kp<=2k,0.0184,2
512,n<=128,sr<=40%,kvB<=4k,kp<=4k,0.0128,2
512,n<=128,sr<=40%,kvB<=4k,kp<=512,0.0044,2
512,n<=128,sr<=40%,kvB<=4k,kp<=8k,0.0094,2
512,n<=128,sr<=40%,kvB<=4k,kp=0,0.0087,2
512,n<=128,sr<=5%,kvB<=16k,kp<=1k,0.0404,8
512,n<=128,sr<=5%,kvB<=16k,kp<=2k,0.0408,8
512,n<=128,sr<=5%,kvB<=16k,kp<=4k,0.0415,8
512,n<=128,sr<=5%,kvB<=16k,kp<=512,0.042,8
512,n<=128,sr<=5%,kvB<=16k,kp<=8k,0.0406,8
512,n<=128,sr<=5%,kvB<=16k,kp=0,0.0402,8
512,n<=128,sr<=5%,kvB<=1k,kp<=1k,0.051,8
512,n<=128,sr<=5%,kvB<=1k,kp<=2k,0.0525,8
512,n<=128,sr<=5%,kvB<=1k,kp<=4k,0.0503,8
512,n<=128,sr<=5%,kvB<=1k,kp<=512,0.0497,8
512,n<=128,sr<=5%,kvB<=1k,kp<=8k,0.0516,8
512,n<=128,sr<=5%,kvB<=1k,kp=0,0.0507,8
512,n<=128,sr<=5%,kvB<=4k,kp<=1k,0.0446,8
512,n<=128,sr<=5%,kvB<=4k,kp<=2k,0.0421,8
512,n<=128,sr<=5%,kvB<=4k,kp<=4k,0.041,8
512,n<=128,sr<=5%,kvB<=4k,kp<=512,0.0426,8
512,n<=128,sr<=5%,kvB<=4k,kp<=8k,0.0407,8
512,n<=128,sr<=5%,kvB<=4k,kp=0,0.0413,8
512,n<=128,sr<=70%,kvB<=16k,kp<=1k,-0.0248,2
512,n<=128,sr<=70%,kvB<=16k,kp<=2k,-0.0329,2
512,n<=128,sr<=70%,kvB<=16k,kp<=4k,-0.0296,2
512,n<=128,sr<=70%,kvB<=16k,kp<=512,-0.0283,2
512,n<=128,sr<=70%,kvB<=16k,kp<=8k,-0.0285,2
512,n<=128,sr<=70%,kvB<=16k,kp=0,-0.0281,2
512,n<=128,sr<=70%,kvB<=1k,kp<=1k,-0.0573,2
512,n<=128,sr<=70%,kvB<=1k,kp<=2k,-0.0556,2
512,n<=128,sr<=70%,kvB<=1k,kp<=4k,-0.0741,2
512,n<=128,sr<=70%,kvB<=1k,kp<=512,-0.0565,2
512,n<=128,sr<=70%,kvB<=1k,kp<=8k,-0.0615,2
512,n<=128,sr<=70%,kvB<=1k,kp=0,-0.0564,2
512,n<=128,sr<=70%,kvB<=4k,kp<=1k,-0.0342,2
512,n<=128,sr<=70%,kvB<=4k,kp<=2k,-0.0369,2
512,n<=128,sr<=70%,kvB<=4k,kp<=4k,-0.0265,2
512,n<=128,sr<=70%,kvB<=4k,kp<=512,-0.0288,2
512,n<=128,sr<=70%,kvB<=4k,kp<=8k,-0.0268,2
512,n<=128,sr<=70%,kvB<=4k,kp=0,-0.0394,2
512,n<=128,sr>70%,kvB<=16k,kp<=1k,-0.0727,4
512,n<=128,sr>70%,kvB<=16k,kp<=2k,-0.0753,4
512,n<=128,sr>70%,kvB<=16k,kp<=4k,-0.0816,4
512,n<=128,sr>70%,kvB<=16k,kp<=512,-0.0873,4
512,n<=128,sr>70%,kvB<=16k,kp<=8k,-0.079,4
512,n<=128,sr>70%,kvB<=16k,kp=0,-0.0766,4
512,n<=128,sr>70%,kvB<=1k,kp<=1k,-0.0962,4
512,n<=128,sr>70%,kvB<=1k,kp<=2k,-0.1268,4
512,n<=128,sr>70%,kvB<=1k,kp<=4k,-0.1519,4
512,n<=128,sr>70%,kvB<=1k,kp<=512,-0.0889,4
512,n<=128,sr>70%,kvB<=1k,kp<=8k,-0.1302,4
512,n<=128,sr>70%,kvB<=1k,kp=0,-0.1198,4
512,n<=128,sr>70%,kvB<=4k,kp<=1k,-0.0825,4
512,n<=128,sr>70%,kvB<=4k,kp<=2k,-0.0775,4
512,n<=128,sr>70%,kvB<=4k,kp<=4k,-0.0661,4
512,n<=128,sr>70%,kvB<=4k,kp<=512,-0.0869,4
512,n<=128,sr>70%,kvB<=4k,kp<=8k,-0.0801,4
512,n<=128,sr>70%,kvB<=4k,kp=0,-0.0644,4
512,n<=16,sr<=15%,kvB<=16k,kp<=1k,0.1516,4
512,n<=16,sr<=15%,kvB<=16k,kp<=2k,0.1493,4
512,n<=16,sr<=15%,kvB<=16k,kp<=4k,0.1512,4
512,n<=16,sr<=15%,kvB<=16k,kp<=512,0.1491,4
512,n<=16,sr<=15%,kvB<=16k,kp<=8k,0.1533,4
512,n<=16,sr<=15%,kvB<=16k,kp=0,0.1503,4
512,n<=16,sr<=15%,kvB<=1k,kp<=1k,0.2011,4
512,n<=16,sr<=15%,kvB<=1k,kp<=2k,0.1924,4
512,n<=16,sr<=15%,kvB<=1k,kp<=4k,0.197,4
512,n<=16,sr<=15%,kvB<=1k,kp<=512,0.1933,4
512,n<=16,sr<=15%,kvB<=1k,kp<=8k,0.2023,4
512,n<=16,sr<=15%,kvB<=1k,kp=0,0.1881,4
512,n<=16,sr<=15%,kvB<=4k,kp<=1k,0.1504,4
512,n<=16,sr<=15%,kvB<=4k,kp<=2k,0.1547,4
512,n<=16,sr<=15%,kvB<=4k,kp<=4k,0.1533,4
512,n<=16,sr<=15%,kvB<=4k,kp<=512,0.1594,4
512,n<=16,sr<=15%,kvB<=4k,kp<=8k,0.157,4
512,n<=16,sr<=15%,kvB<=4k,kp=0,0.1525,4
512,n<=16,sr<=40%,kvB<=16k,kp<=1k,0.5437,4
512,n<=16,sr<=40%,kvB<=16k,kp<=2k,0.5448,4
512,n<=16,sr<=40%,kvB<=16k,kp<=4k,0.5433,4
512,n<=16,sr<=40%,kvB<=16k,kp<=512,0.5429,4
512,n<=16,sr<=40%,kvB<=16k,kp<=8k,0.5391,4
512,n<=16,sr<=40%,kvB<=16k,kp=0,0.5454,4
512,n<=16,sr<=40%,kvB<=1k,kp<=1k,0.4995,4
512,n<=16,sr<=40%,kvB<=1k,kp<=2k,0.4942,4
512,n<=16,sr<=40%,kvB<=1k,kp<=4k,0.4892,4
512,n<=16,sr<=40%,kvB<=1k,kp<=512,0.5088,4
512,n<=16,sr<=40%,kvB<=1k,kp<=8k,0.5254,4
512,n<=16,sr<=40%,kvB<=1k,kp=0,0.502,4
512,n<=16,sr<=40%,kvB<=4k,kp<=1k,0.5295,4
512,n<=16,sr<=40%,kvB<=4k,kp<=2k,0.529,4
512,n<=16,sr<=40%,kvB<=4k,kp<=4k,0.5185,4
512,n<=16,sr<=40%,kvB<=4k,kp<=512,0.5301,4
512,n<=16,sr<=40%,kvB<=4k,kp<=8k,0.5301,4
512,n<=16,sr<=40%,kvB<=4k,kp=0,0.5297,4
512,n<=16,sr<=70%,kvB<=16k,kp<=1k,0.3291,2
512,n<=16,sr<=70%,kvB<=16k,kp<=2k,0.3302,2
512,n<=16,sr<=70%,kvB<=16k,kp<=4k,0.3156,2
512,n<=16,sr<=70%,kvB<=16k,kp<=512,0.3381,2
512,n<=16,sr<=70%,kvB<=16k,kp<=8k,0.3315,2
512,n<=16,sr<=70%,kvB<=16k,kp=0,0.3349,2
512,n<=16,sr<=70%,kvB<=1k,kp<=1k,0.2515,2
512,n<=16,sr<=70%,kvB<=1k,kp<=2k,0.2493,2
512,n<=16,sr<=70%,kvB<=1k,kp<=4k,0.272,2
512,n<=16,sr<=70%,kvB<=1k,kp<=512,0.2761,2
512,n<=16,sr<=70%,kvB<=1k,kp<=8k,0.2674,2
512,n<=16,sr<=70%,kvB<=1k,kp=0,0.2517,2
512,n<=16,sr<=70%,kvB<=4k,kp<=1k,0.2963,2
512,n<=16,sr<=70%,kvB<=4k,kp<=2k,0.3052,2
512,n<=16,sr<=70%,kvB<=4k,kp<=4k,0.3164,2
512,n<=16,sr<=70%,kvB<=4k,kp<=512,0.3031,2
512,n<=16,sr<=70%,kvB<=4k,kp<=8k,0.3121,2
512,n<=16,sr<=70%,kvB<=4k,kp=0,0.303,2
512,n<=16,sr>70%,kvB<=16k,kp<=1k,0.5421,4
512,n<=16,sr>70%,kvB<=16k,kp<=2k,0.5255,4
512,n<=16,sr>70%,kvB<=16k,kp<=4k,0.51,4
512,n<=16,sr>70%,kvB<=16k,kp<=512,0.5074,4
512,n<=16,sr>70%,kvB<=16k,kp<=8k,0.5047,4
512,n<=16,sr>70%,kvB<=16k,kp=0,0.5093,4
512,n<=16,sr>70%,kvB<=1k,kp<=1k,0.5658,4
512,n<=16,sr>70%,kvB<=1k,kp<=2k,0.5218,4
512,n<=16,sr>70%,kvB<=1k,kp<=4k,0.5612,4
512,n<=16,sr>70%,kvB<=1k,kp<=512,0.5219,4
512,n<=16,sr>70%,kvB<=1k,kp<=8k,0.5465,4
512,n<=16,sr>70%,kvB<=1k,kp=0,0.5887,4
512,n<=16,sr>70%,kvB<=4k,kp<=1k,0.5301,4
512,n<=16,sr>70%,kvB<=4k,kp<=2k,0.5117,4
512,n<=16,sr>70%,kvB<=4k,kp<=4k,0.5227,4
512,n<=16,sr>70%,kvB<=4k,kp<=512,0.5413,4
512,n<=16,sr>70%,kvB<=4k,kp<=8k,0.5333,4
512,n<=16,sr>70%,kvB<=4k,kp=0,0.4981,4
512,n<=2,sr<=70%,kvB<=16k,kp<=1k,-0.004,2
512,n<=2,sr<=70%,kvB<=16k,kp<=2k,0.0155,2
512,n<=2,sr<=70%,kvB<=16k,kp<=4k,0.0197,2
512,n<=2,sr<=70%,kvB<=16k,kp<=512,-0.005,2
512,n<=2,sr<=70%,kvB<=16k,kp<=8k,0.0197,2
512,n<=2,sr<=70%,kvB<=16k,kp=0,0.0073,2
512,n<=2,sr<=70%,kvB<=1k,kp<=1k,-0.0486,2
512,n<=2,sr<=70%,kvB<=1k,kp<=2k,0.0165,2
512,n<=2,sr<=70%,kvB<=1k,kp<=4k,0.178,2
512,n<=2,sr<=70%,kvB<=1k,kp<=512,-0.0643,2
512,n<=2,sr<=70%,kvB<=1k,kp<=8k,0.0864,2
512,n<=2,sr<=70%,kvB<=1k,kp=0,-0.0481,2
512,n<=2,sr<=70%,kvB<=4k,kp<=1k,0.0678,2
512,n<=2,sr<=70%,kvB<=4k,kp<=2k,-0.0064,2
512,n<=2,sr<=70%,kvB<=4k,kp<=4k,0.0569,2
512,n<=2,sr<=70%,kvB<=4k,kp<=512,0.0234,2
512,n<=2,sr<=70%,kvB<=4k,kp<=8k,0.0645,2
512,n<=2,sr<=70%,kvB<=4k,kp=0,0.0135,2
512,n<=32,sr<=15%,kvB<=16k,kp<=1k,0.3028,6
512,n<=32,sr<=15%,kvB<=16k,kp<=2k,0.3013,6
512,n<=32,sr<=15%,kvB<=16k,kp<=4k,0.2858,6
512,n<=32,sr<=15%,kvB<=16k,kp<=512,0.2787,6
512,n<=32,sr<=15%,kvB<=16k,kp<=8k,0.2941,6
512,n<=32,sr<=15%,kvB<=16k,kp=0,0.3019,6
512,n<=32,sr<=15%,kvB<=1k,kp<=1k,0.3081,6
512,n<=32,sr<=15%,kvB<=1k,kp<=2k,0.3143,6
512,n<=32,sr<=15%,kvB<=1k,kp<=4k,0.3007,6
512,n<=32,sr<=15%,kvB<=1k,kp<=512,0.304,6
512,n<=32,sr<=15%,kvB<=1k,kp<=8k,0.2993,6
512,n<=32,sr<=15%,kvB<=1k,kp=0,0.3035,6
512,n<=32,sr<=15%,kvB<=4k,kp<=1k,0.2862,6
512,n<=32,sr<=15%,kvB<=4k,kp<=2k,0.2733,6
512,n<=32,sr<=15%,kvB<=4k,kp<=4k,0.2777,6
512,n<=32,sr<=15%,kvB<=4k,kp<=512,0.2876,6
512,n<=32,sr<=15%,kvB<=4k,kp<=8k,0.2951,6
512,n<=32,sr<=15%,kvB<=4k,kp=0,0.2753,6
512,n<=32,sr<=40%,kvB<=16k,kp<=1k,0.2487,2
512,n<=32,sr<=40%,kvB<=16k,kp<=2k,0.2704,2
512,n<=32,sr<=40%,kvB<=16k,kp<=4k,0.2554,2
512,n<=32,sr<=40%,kvB<=16k,kp<=512,0.2588,2
512,n<=32,sr<=40%,kvB<=16k,kp<=8k,0.2542,2
512,n<=32,sr<=40%,kvB<=16k,kp=0,0.245,2
512,n<=32,sr<=40%,kvB<=1k,kp<=1k,0.2435,2
512,n<=32,sr<=40%,kvB<=1k,kp<=2k,0.2391,2
512,n<=32,sr<=40%,kvB<=1k,kp<=4k,0.2408,2
512,n<=32,sr<=40%,kvB<=1k,kp<=512,0.2258,2
512,n<=32,sr<=40%,kvB<=1k,kp<=8k,0.2289,2
512,n<=32,sr<=40%,kvB<=1k,kp=0,0.2636,2
512,n<=32,sr<=40%,kvB<=4k,kp<=1k,0.2597,2
512,n<=32,sr<=40%,kvB<=4k,kp<=2k,0.2175,2
512,n<=32,sr<=40%,kvB<=4k,kp<=4k,0.2327,2
512,n<=32,sr<=40%,kvB<=4k,kp<=512,0.2369,2
512,n<=32,sr<=40%,kvB<=4k,kp<=8k,0.2371,2
512,n<=32,sr<=40%,kvB<=4k,kp=0,0.2307,2
512,n<=32,sr<=5%,kvB<=16k,kp<=1k,0.2881,2
512,n<=32,sr<=5%,kvB<=16k,kp<=2k,0.312,2
512,n<=32,sr<=5%,kvB<=16k,kp<=4k,0.3107,2
512,n<=32,sr<=5%,kvB<=16k,kp<=512,0.2939,2
512,n<=32,sr<=5%,kvB<=16k,kp<=8k,0.2958,2
512,n<=32,sr<=5%,kvB<=16k,kp=0,0.2891,2
512,n<=32,sr<=5%,kvB<=1k,kp<=1k,0.3067,2
512,n<=32,sr<=5%,kvB<=1k,kp<=2k,0.3103,2
512,n<=32,sr<=5%,kvB<=1k,kp<=4k,0.2961,2
512,n<=32,sr<=5%,kvB<=1k,kp<=512,0.307,2
512,n<=32,sr<=5%,kvB<=1k,kp<=8k,0.302,2
512,n<=32,sr<=5%,kvB<=1k,kp=0,0.2831,2
512,n<=32,sr<=5%,kvB<=4k,kp<=1k,0.2872,2
512,n<=32,sr<=5%,kvB<=4k,kp<=2k,0.2803,2
512,n<=32,sr<=5%,kvB<=4k,kp<=4k,0.2862,2
512,n<=32,sr<=5%,kvB<=4k,kp<=512,0.2931,2
512,n<=32,sr<=5%,kvB<=4k,kp<=8k,0.2935,2
512,n<=32,sr<=5%,kvB<=4k,kp=0,0.2849,2
512,n<=32,sr<=70%,kvB<=16k,kp<=1k,0.2616,2
512,n<=32,sr<=70%,kvB<=16k,kp<=2k,0.2679,2
512,n<=32,sr<=70%,kvB<=16k,kp<=4k,0.2684,2
512,n<=32,sr<=70%,kvB<=16k,kp<=512,0.266,2
512,n<=32,sr<=70%,kvB<=16k,kp<=8k,0.2734,2
512,n<=32,sr<=70%,kvB<=16k,kp=0,0.3015,2
512,n<=32,sr<=70%,kvB<=1k,kp<=1k,0.2824,2
512,n<=32,sr<=70%,kvB<=1k,kp<=2k,0.2966,2
512,n<=32,sr<=70%,kvB<=1k,kp<=4k,0.3108,2
512,n<=32,sr<=70%,kvB<=1k,kp<=512,0.2999,2
512,n<=32,sr<=70%,kvB<=1k,kp<=8k,0.3047,2
512,n<=32,sr<=70%,kvB<=1k,kp=0,0.2835,2
512,n<=32,sr<=70%,kvB<=4k,kp<=1k,0.2634,2
512,n<=32,sr<=70%,kvB<=4k,kp<=2k,0.2916,2
512,n<=32,sr<=70%,kvB<=4k,kp<=4k,0.281,2
512,n<=32,sr<=70%,kvB<=4k,kp<=512,0.2674,2
512,n<=32,sr<=70%,kvB<=4k,kp<=8k,0.2894,2
512,n<=32,sr<=70%,kvB<=4k,kp=0,0.3202,2
512,n<=32,sr>70%,kvB<=16k,kp<=1k,0.8189,4
512,n<=32,sr>70%,kvB<=16k,kp<=2k,0.8081,4
512,n<=32,sr>70%,kvB<=16k,kp<=4k,0.8359,4
512,n<=32,sr>70%,kvB<=16k,kp<=512,0.8027,4
512,n<=32,sr>70%,kvB<=16k,kp<=8k,0.8156,4
512,n<=32,sr>70%,kvB<=16k,kp=0,0.8435,4
512,n<=32,sr>70%,kvB<=1k,kp<=1k,0.7623,4
512,n<=32,sr>70%,kvB<=1k,kp<=2k,0.7569,4
512,n<=32,sr>70%,kvB<=1k,kp<=4k,0.7963,4
512,n<=32,sr>70%,kvB<=1k,kp<=512,0.7574,4
512,n<=32,sr>70%,kvB<=1k,kp<=8k,0.7374,4
512,n<=32,sr>70%,kvB<=1k,kp=0,0.7636,4
512,n<=32,sr>70%,kvB<=4k,kp<=1k,0.8006,4
512,n<=32,sr>70%,kvB<=4k,kp<=2k,0.8218,4
512,n<=32,sr>70%,kvB<=4k,kp<=4k,0.7332,4
512,n<=32,sr>70%,kvB<=4k,kp<=512,0.7957,4
512,n<=32,sr>70%,kvB<=4k,kp<=8k,0.77,4
512,n<=32,sr>70%,kvB<=4k,kp=0,0.8167,4
512,n<=4,sr<=40%,kvB<=16k,kp<=1k,0.0086,2
512,n<=4,sr<=40%,kvB<=16k,kp<=2k,0.0003,2
512,n<=4,sr<=40%,kvB<=16k,kp<=4k,0.0023,2
512,n<=4,sr<=40%,kvB<=16k,kp<=512,0.0123,2
512,n<=4,sr<=40%,kvB<=16k,kp<=8k,0.0035,2
512,n<=4,sr<=40%,kvB<=16k,kp=0,0.0028,2
512,n<=4,sr<=40%,kvB<=1k,kp<=1k,0.115,2
512,n<=4,sr<=40%,kvB<=1k,kp<=2k,0.0331,2
512,n<=4,sr<=40%,kvB<=1k,kp<=4k,0.1156,2
512,n<=4,sr<=40%,kvB<=1k,kp<=512,0.0542,2
512,n<=4,sr<=40%,kvB<=1k,kp<=8k,0.1175,2
512,n<=4,sr<=40%,kvB<=1k,kp=0,0.061,2
512,n<=4,sr<=40%,kvB<=4k,kp<=1k,0.0087,2
512,n<=4,sr<=40%,kvB<=4k,kp<=2k,-0.0115,2
512,n<=4,sr<=40%,kvB<=4k,kp<=4k,0.013,2
512,n<=4,sr<=40%,kvB<=4k,kp<=512,0.0002,2
512,n<=4,sr<=40%,kvB<=4k,kp<=8k,0.0046,2
512,n<=4,sr<=40%,kvB<=4k,kp=0,-0.0096,2
512,n<=4,sr<=70%,kvB<=16k,kp<=1k,-0.0487,2
512,n<=4,sr<=70%,kvB<=16k,kp<=2k,-0.0441,2
512,n<=4,sr<=70%,kvB<=16k,kp<=4k,-0.0316,2
512,n<=4,sr<=70%,kvB<=16k,kp<=512,-0.0243,2
512,n<=4,sr<=70%,kvB<=16k,kp<=8k,-0.0302,2
512,n<=4,sr<=70%,kvB<=16k,kp=0,-0.0616,2
512,n<=4,sr<=70%,kvB<=1k,kp<=1k,0.0009,2
512,n<=4,sr<=70%,kvB<=1k,kp<=2k,-0.135,2
512,n<=4,sr<=70%,kvB<=1k,kp<=4k,-0.1134,2
512,n<=4,sr<=70%,kvB<=1k,kp<=512,-0.0317,2
512,n<=4,sr<=70%,kvB<=1k,kp<=8k,-0.0916,2
512,n<=4,sr<=70%,kvB<=1k,kp=0,-0.0842,2
512,n<=4,sr<=70%,kvB<=4k,kp<=1k,-0.0814,2
512,n<=4,sr<=70%,kvB<=4k,kp<=2k,-0.0267,2
512,n<=4,sr<=70%,kvB<=4k,kp<=4k,-0.0507,2
512,n<=4,sr<=70%,kvB<=4k,kp<=512,-0.0748,2
512,n<=4,sr<=70%,kvB<=4k,kp<=8k,-0.1086,2
512,n<=4,sr<=70%,kvB<=4k,kp=0,-0.064,2
512,n<=4,sr>70%,kvB<=16k,kp<=1k,-0.03,2
512,n<=4,sr>70%,kvB<=16k,kp<=2k,0.008,2
512,n<=4,sr>70%,kvB<=16k,kp<=4k,-0.0546,2
512,n<=4,sr>70%,kvB<=16k,kp<=512,0.0011,2
512,n<=4,sr>70%,kvB<=16k,kp<=8k,0.0054,2
512,n<=4,sr>70%,kvB<=16k,kp=0,-0.0134,2
512,n<=4,sr>70%,kvB<=1k,kp<=1k,0.0586,2
512,n<=4,sr>70%,kvB<=1k,kp<=2k,0.0192,2
512,n<=4,sr>70%,kvB<=1k,kp<=4k,0.125,2
512,n<=4,sr>70%,kvB<=1k,kp<=512,0.1728,2
512,n<=4,sr>70%,kvB<=1k,kp<=8k,0.1523,2
512,n<=4,sr>70%,kvB<=1k,kp=0,0.2044,2
512,n<=4,sr>70%,kvB<=4k,kp<=1k,-0.0432,2
512,n<=4,sr>70%,kvB<=4k,kp<=2k,-0.0925,2
512,n<=4,sr>70%,kvB<=4k,kp<=4k,-0.0179,2
512,n<=4,sr>70%,kvB<=4k,kp<=512,-0.0902,2
512,n<=4,sr>70%,kvB<=4k,kp<=8k,-0.0403,2
512,n<=4,sr>70%,kvB<=4k,kp=0,-0.0957,2
512,n<=64,sr<=15%,kvB<=16k,kp<=1k,0.1173,4
512,n<=64,sr<=15%,kvB<=16k,kp<=2k,0.1125,4
512,n<=64,sr<=15%,kvB<=16k,kp<=4k,0.1064,4
512,n<=64,sr<=15%,kvB<=16k,kp<=512,0.1089,4
512,n<=64,sr<=15%,kvB<=16k,kp<=8k,0.1144,4
512,n<=64,sr<=15%,kvB<=16k,kp=0,0.1073,4
512,n<=64,sr<=15%,kvB<=1k,kp<=1k,0.1266,4
512,n<=64,sr<=15%,kvB<=1k,kp<=2k,0.1258,4
512,n<=64,sr<=15%,kvB<=1k,kp<=4k,0.1213,4
512,n<=64,sr<=15%,kvB<=1k,kp<=512,0.1244,4
512,n<=64,sr<=15%,kvB<=1k,kp<=8k,0.1115,4
512,n<=64,sr<=15%,kvB<=1k,kp=0,0.117,4
512,n<=64,sr<=15%,kvB<=4k,kp<=1k,0.1042,4
512,n<=64,sr<=15%,kvB<=4k,kp<=2k,0.103,4
512,n<=64,sr<=15%,kvB<=4k,kp<=4k,0.1128,4
512,n<=64,sr<=15%,kvB<=4k,kp<=512,0.1077,4
512,n<=64,sr<=15%,kvB<=4k,kp<=8k,0.1061,4
512,n<=64,sr<=15%,kvB<=4k,kp=0,0.105,4
512,n<=64,sr<=40%,kvB<=16k,kp<=1k,0.0739,2
512,n<=64,sr<=40%,kvB<=16k,kp<=2k,0.082,2
512,n<=64,sr<=40%,kvB<=16k,kp<=4k,0.0669,2
512,n<=64,sr<=40%,kvB<=16k,kp<=512,0.0778,2
512,n<=64,sr<=40%,kvB<=16k,kp<=8k,0.0675,2
512,n<=64,sr<=40%,kvB<=16k,kp=0,0.0722,2
512,n<=64,sr<=40%,kvB<=1k,kp<=1k,0.087,2
512,n<=64,sr<=40%,kvB<=1k,kp<=2k,0.0786,2
512,n<=64,sr<=40%,kvB<=1k,kp<=4k,0.0825,2
512,n<=64,sr<=40%,kvB<=1k,kp<=512,0.0631,2
512,n<=64,sr<=40%,kvB<=1k,kp<=8k,0.0882,2
512,n<=64,sr<=40%,kvB<=1k,kp=0,0.0811,2
512,n<=64,sr<=40%,kvB<=4k,kp<=1k,0.0693,2
512,n<=64,sr<=40%,kvB<=4k,kp<=2k,0.0729,2
512,n<=64,sr<=40%,kvB<=4k,kp<=4k,0.0706,2
512,n<=64,sr<=40%,kvB<=4k,kp<=512,0.0651,2
512,n<=64,sr<=40%,kvB<=4k,kp<=8k,0.0689,2
512,n<=64,sr<=40%,kvB<=4k,kp=0,0.0695,2
512,n<=64,sr<=5%,kvB<=16k,kp<=1k,0.1292,6
512,n<=64,sr<=5%,kvB<=16k,kp<=2k,0.1305,6
512,n<=64,sr<=5%,kvB<=16k,kp<=4k,0.13,6
512,n<=64,sr<=5%,kvB<=16k,kp<=512,0.1258,6
512,n<=64,sr<=5%,kvB<=16k,kp<=8k,0.1291,6
512,n<=64,sr<=5%,kvB<=16k,kp=0,0.1269,6
512,n<=64,sr<=5%,kvB<=1k,kp<=1k,0.1348,6
512,n<=64,sr<=5%,kvB<=1k,kp<=2k,0.1401,6
512,n<=64,sr<=5%,kvB<=1k,kp<=4k,0.1376,6
512,n<=64,sr<=5%,kvB<=1k,kp<=512,0.1353,6
512,n<=64,sr<=5%,kvB<=1k,kp<=8k,0.138,6
512,n<=64,sr<=5%,kvB<=1k,kp=0,0.1326,6
512,n<=64,sr<=5%,kvB<=4k,kp<=1k,0.1297,6
512,n<=64,sr<=5%,kvB<=4k,kp<=2k,0.1308,6
512,n<=64,sr<=5%,kvB<=4k,kp<=4k,0.1284,6
512,n<=64,sr<=5%,kvB<=4k,kp<=512,0.1298,6
512,n<=64,sr<=5%,kvB<=4k,kp<=8k,0.1299,6
512,n<=64,sr<=5%,kvB<=4k,kp=0,0.1287,6
512,n<=64,sr<=70%,kvB<=16k,kp<=1k,0.113,2
512,n<=64,sr<=70%,kvB<=16k,kp<=2k,0.1316,2
512,n<=64,sr<=70%,kvB<=16k,kp<=4k,0.1268,2
512,n<=64,sr<=70%,kvB<=16k,kp<=512,0.12,2
512,n<=64,sr<=70%,kvB<=16k,kp<=8k,0.1136,2
512,n<=64,sr<=70%,kvB<=16k,kp=0,0.1108,2
512,n<=64,sr<=70%,kvB<=1k,kp<=1k,0.1111,2
512,n<=64,sr<=70%,kvB<=1k,kp<=2k,0.0816,2
512,n<=64,sr<=70%,kvB<=1k,kp<=4k,0.1158,2
512,n<=64,sr<=70%,kvB<=1k,kp<=512,0.0972,2
512,n<=64,sr<=70%,kvB<=1k,kp<=8k,0.1108,2
512,n<=64,sr<=70%,kvB<=1k,kp=0,0.093,2
512,n<=64,sr<=70%,kvB<=4k,kp<=1k,0.1142,2
512,n<=64,sr<=70%,kvB<=4k,kp<=2k,0.1014,2
512,n<=64,sr<=70%,kvB<=4k,kp<=4k,0.1066,2
512,n<=64,sr<=70%,kvB<=4k,kp<=512,0.1183,2
512,n<=64,sr<=70%,kvB<=4k,kp<=8k,0.1219,2
512,n<=64,sr<=70%,kvB<=4k,kp=0,0.1196,2
512,n<=64,sr>70%,kvB<=16k,kp<=1k,0.0479,4
512,n<=64,sr>70%,kvB<=16k,kp<=2k,0.0386,4
512,n<=64,sr>70%,kvB<=16k,kp<=4k,0.0534,4
512,n<=64,sr>70%,kvB<=16k,kp<=512,0.0521,4
512,n<=64,sr>70%,kvB<=16k,kp<=8k,0.0547,4
512,n<=64,sr>70%,kvB<=16k,kp=0,0.0499,4
512,n<=64,sr>70%,kvB<=1k,kp<=1k,0.1174,4
512,n<=64,sr>70%,kvB<=1k,kp<=2k,0.0913,4
512,n<=64,sr>70%,kvB<=1k,kp<=4k,0.0713,4
512,n<=64,sr>70%,kvB<=1k,kp<=512,0.074,4
512,n<=64,sr>70%,kvB<=1k,kp<=8k,0.0951,4
512,n<=64,sr>70%,kvB<=1k,kp=0,0.0865,4
512,n<=64,sr>70%,kvB<=4k,kp<=1k,0.0549,4
512,n<=64,sr>70%,kvB<=4k,kp<=2k,0.0602,4
512,n<=64,sr>70%,kvB<=4k,kp<=4k,0.069,4
512,n<=64,sr>70%,kvB<=4k,kp<=512,0.0919,4
512,n<=64,sr>70%,kvB<=4k,kp<=8k,0.0405,4
512,n<=64,sr>70%,kvB<=4k,kp=0,0.0548,4
512,n<=8,sr<=15%,kvB<=16k,kp<=1k,0.1364,2
512,n<=8,sr<=15%,kvB<=16k,kp<=2k,0.1311,2
512,n<=8,sr<=15%,kvB<=16k,kp<=4k,0.1265,2
512,n<=8,sr<=15%,kvB<=16k,kp<=512,0.131,2
512,n<=8,sr<=15%,kvB<=16k,kp<=8k,0.1231,2
512,n<=8,sr<=15%,kvB<=16k,kp=0,0.132,2
512,n<=8,sr<=15%,kvB<=1k,kp<=1k,0.0782,2
512,n<=8,sr<=15%,kvB<=1k,kp<=2k,0.0495,2
512,n<=8,sr<=15%,kvB<=1k,kp<=4k,0.0925,2
512,n<=8,sr<=15%,kvB<=1k,kp<=512,0.0766,2
512,n<=8,sr<=15%,kvB<=1k,kp<=8k,0.0601,2
512,n<=8,sr<=15%,kvB<=1k,kp=0,0.077,2
512,n<=8,sr<=15%,kvB<=4k,kp<=1k,0.0999,2
512,n<=8,sr<=15%,kvB<=4k,kp<=2k,0.114,2
512,n<=8,sr<=15%,kvB<=4k,kp<=4k,0.1112,2
512,n<=8,sr<=15%,kvB<=4k,kp<=512,0.1176,2
512,n<=8,sr<=15%,kvB<=4k,kp<=8k,0.1143,2
512,n<=8,sr<=15%,kvB<=4k,kp=0,0.1073,2
512,n<=8,sr<=40%,kvB<=16k,kp<=1k,0.0273,4
512,n<=8,sr<=40%,kvB<=16k,kp<=2k,0.0256,4
512,n<=8,sr<=40%,kvB<=16k,kp<=4k,0.0293,4
512,n<=8,sr<=40%,kvB<=16k,kp<=512,0.0287,4
512,n<=8,sr<=40%,kvB<=16k,kp<=8k,0.0309,4
512,n<=8,sr<=40%,kvB<=16k,kp=0,0.029,4
512,n<=8,sr<=40%,kvB<=1k,kp<=1k,-0.0048,4
512,n<=8,sr<=40%,kvB<=1k,kp<=2k,0.0112,4
512,n<=8,sr<=40%,kvB<=1k,kp<=4k,0.0122,4
512,n<=8,sr<=40%,kvB<=1k,kp<=512,-0.0176,4
512,n<=8,sr<=40%,kvB<=1k,kp<=8k,0.0202,4
512,n<=8,sr<=40%,kvB<=1k,kp=0,0.0035,4
512,n<=8,sr<=40%,kvB<=4k,kp<=1k,0.0269,4
512,n<=8,sr<=40%,kvB<=4k,kp<=2k,0.0155,4
512,n<=8,sr<=40%,kvB<=4k,kp<=4k,0.0138,4
512,n<=8,sr<=40%,kvB<=4k,kp<=512,0.0115,4
512,n<=8,sr<=40%,kvB<=4k,kp<=8k,0.007,4
512,n<=8,sr<=40%,kvB<=4k,kp=0,0.0175,4
512,n<=8,sr<=70%,kvB<=16k,kp<=1k,0.0633,2
512,n<=8,sr<=70%,kvB<=16k,kp<=2k,0.0577,2
512,n<=8,sr<=70%,kvB<=16k,kp<=4k,0.0553,2
512,n<=8,sr<=70%,kvB<=16k,kp<=512,0.0675,2
512,n<=8,sr<=70%,kvB<=16k,kp<=8k,0.0779,2
512,n<=8,sr<=70%,kvB<=16k,kp=0,0.0656,2
512,n<=8,sr<=70%,kvB<=1k,kp<=1k,-0.0007,2
512,n<=8,sr<=70%,kvB<=1k,kp<=2k,-0.0385,2
512,n<=8,sr<=70%,kvB<=1k,kp<=4k,-0.051,2
512,n<=8,sr<=70%,kvB<=1k,kp<=512,-0.0504,2
512,n<=8,sr<=70%,kvB<=1k,kp<=8k,-0.0141,2
512,n<=8,sr<=70%,kvB<=1k,kp=0,-0.0723,2
512,n<=8,sr<=70%,kvB<=4k,kp<=1k,0.0472,2
512,n<=8,sr<=70%,kvB<=4k,kp<=2k,0.0454,2
512,n<=8,sr<=70%,kvB<=4k,kp<=4k,0.0449,2
512,n<=8,sr<=70%,kvB<=4k,kp<=512,0.0506,2
512,n<=8,sr<=70%,kvB<=4k,kp<=8k,0.0603,2
512,n<=8,sr<=70%,kvB<=4k,kp=0,0.0313,2
512,n<=8,sr>70%,kvB<=16k,kp<=1k,0.5938,4
512,n<=8,sr>70%,kvB<=16k,kp<=2k,0.5641,4
512,n<=8,sr>70%,kvB<=16k,kp<=4k,0.6316,4
512,n<=8,sr>70%,kvB<=16k,kp<=512,0.6267,4
512,n<=8,sr>70%,kvB<=16k,kp<=8k,0.6269,4
512,n<=8,sr>70%,kvB<=16k,kp=0,0.6137,4
512,n<=8,sr>70%,kvB<=1k,kp<=1k,0.4059,4
512,n<=8,sr>70%,kvB<=1k,kp<=2k,0.3926,4
512,n<=8,sr>70%,kvB<=1k,kp<=4k,0.5008,4
512,n<=8,sr>70%,kvB<=1k,kp<=512,0.4375,4
512,n<=8,sr>70%,kvB<=1k,kp<=8k,0.4724,4
512,n<=8,sr>70%,kvB<=1k,kp=0,0.451,4
512,n<=8,sr>70%,kvB<=4k,kp<=1k,0.4864,4
512,n<=8,sr>70%,kvB<=4k,kp<=2k,0.4928,4
512,n<=8,sr>70%,kvB<=4k,kp<=4k,0.5189,4
512,n<=8,sr>70%,kvB<=4k,kp<=512,0.4798,4
512,n<=8,sr>70%,kvB<=4k,kp<=8k,0.5144,4
512,n<=8,sr>70%,kvB<=4k,kp=0,0.5031,4
1024,n<=128,sr<=15%,kvB<=16k,kp<=1k,0.0396,4
1024,n<=128,sr<=15%,kvB<=16k,kp<=2k,0.0381,4
1024,n<=128,sr<=15%,kvB<=16k,kp<=4k,0.0377,4
1024,n<=128,sr<=15%,kvB<=16k,kp<=512,0.0383,4
1024,n<=128,sr<=15%,kvB<=16k,kp<=8k,0.0396,4
1024,n<=128,sr<=15%,kvB<=16k,kp=0,0.0403,4
1024,n<=128,sr<=15%,kvB<=1k,kp<=1k,0.0404,4
1024,n<=128,sr<=15%,kvB<=1k,kp<=2k,0.0399,4
1024,n<=128,sr<=15%,kvB<=1k,kp<=4k,0.0417,4
1024,n<=128,sr<=15%,kvB<=1k,kp<=512,0.041,4
1024,n<=128,sr<=15%,kvB<=1k,kp<=8k,0.0389,4
1024,n<=128,sr<=15%,kvB<=1k,kp=0,0.0418,4
1024,n<=128,sr<=15%,kvB<=4k,kp<=1k,0.0361,4
1024,n<=128,sr<=15%,kvB<=4k,kp<=2k,0.0353,4
1024,n<=128,sr<=15%,kvB<=4k,kp<=4k,0.0352,4
1024,n<=128,sr<=15%,kvB<=4k,kp<=512,0.0357,4
1024,n<=128,sr<=15%,kvB<=4k,kp<=8k,0.0325,4
1024,n<=128,sr<=15%,kvB<=4k,kp=0,0.038,4
1024,n<=128,sr<=40%,kvB<=16k,kp<=1k,0.0113,2
1024,n<=128,sr<=40%,kvB<=16k,kp<=2k,0.0144,2
1024,n<=128,sr<=40%,kvB<=16k,kp<=4k,0.0172,2
1024,n<=128,sr<=40%,kvB<=16k,kp<=512,0.0133,2
1024,n<=128,sr<=40%,kvB<=16k,kp<=8k,0.0171,2
1024,n<=128,sr<=40%,kvB<=16k,kp=0,0.0166,2
1024,n<=128,sr<=40%,kvB<=1k,kp<=1k,0.0093,2
1024,n<=128,sr<=40%,kvB<=1k,kp<=2k,0.0082,2
1024,n<=128,sr<=40%,kvB<=1k,kp<=4k,0.0109,2
1024,n<=128,sr<=40%,kvB<=1k,kp<=512,0.0153,2
1024,n<=128,sr<=40%,kvB<=1k,kp<=8k,0.0157,2
1024,n<=128,sr<=40%,kvB<=1k,kp=0,0.0143,2
1024,n<=128,sr<=40%,kvB<=4k,kp<=1k,0.0134,2
1024,n<=128,sr<=40%,kvB<=4k,kp<=2k,0.0102,2
1024,n<=128,sr<=40%,kvB<=4k,kp<=4k,0.014,2
1024,n<=128,sr<=40%,kvB<=4k,kp<=512,0.0138,2
1024,n<=128,sr<=40%,kvB<=4k,kp<=8k,0.0141,2
1024,n<=128,sr<=40%,kvB<=4k,kp=0,0.0119,2
1024,n<=128,sr<=5%,kvB<=16k,kp<=1k,0.0416,8
1024,n<=128,sr<=5%,kvB<=16k,kp<=2k,0.0404,8
1024,n<=128,sr<=5%,kvB<=16k,kp<=4k,0.0404,8
1024,n<=128,sr<=5%,kvB<=16k,kp<=512,0.0409,8
1024,n<=128,sr<=5%,kvB<=16k,kp<=8k,0.0416,8
1024,n<=128,sr<=5%,kvB<=16k,kp=0,0.0408,8
1024,n<=128,sr<=5%,kvB<=1k,kp<=1k,0.052,8
1024,n<=128,sr<=5%,kvB<=1k,kp<=2k,0.0494,8
1024,n<=128,sr<=5%,kvB<=1k,kp<=4k,0.054,8
1024,n<=128,sr<=5%,kvB<=1k,kp<=512,0.0495,8
1024,n<=128,sr<=5%,kvB<=1k,kp<=8k,0.0512,8
1024,n<=128,sr<=5%,kvB<=1k,kp=0,0.0508,8
1024,n<=128,sr<=5%,kvB<=4k,kp<=1k,0.0405,8
1024,n<=128,sr<=5%,kvB<=4k,kp<=2k,0.0404,8
1024,n<=128,sr<=5%,kvB<=4k,kp<=4k,0.0425,8
1024,n<=128,sr<=5%,kvB<=4k,kp<=512,0.0413,8
1024,n<=128,sr<=5%,kvB<=4k,kp<=8k,0.0413,8
1024,n<=128,sr<=5%,kvB<=4k,kp=0,0.0402,8
1024,n<=128,sr<=70%,kvB<=16k,kp<=1k,-0.0288,2
1024,n<=128,sr<=70%,kvB<=16k,kp<=2k,-0.0296,2
1024,n<=128,sr<=70%,kvB<=16k,kp<=4k,-0.0265,2
1024,n<=128,sr<=70%,kvB<=16k,kp<=512,-0.0245,2
1024,n<=128,sr<=70%,kvB<=16k,kp<=8k,-0.0315,2
1024,n<=128,sr<=70%,kvB<=16k,kp=0,-0.0307,2
1024,n<=128,sr<=70%,kvB<=1k,kp<=1k,-0.0507,2
1024,n<=128,sr<=70%,kvB<=1k,kp<=2k,-0.0596,2
1024,n<=128,sr<=70%,kvB<=1k,kp<=4k,-0.0558,2
1024,n<=128,sr<=70%,kvB<=1k,kp<=512,-0.0719,2
1024,n<=128,sr<=70%,kvB<=1k,kp<=8k,-0.0681,2
1024,n<=128,sr<=70%,kvB<=1k,kp=0,-0.0544,2
1024,n<=128,sr<=70%,kvB<=4k,kp<=1k,-0.0287,2
1024,n<=128,sr<=70%,kvB<=4k,kp<=2k,-0.035,2
1024,n<=128,sr<=70%,kvB<=4k,kp<=4k,-0.0348,2
1024,n<=128,sr<=70%,kvB<=4k,kp<=512,-0.0326,2
1024,n<=128,sr<=70%,kvB<=4k,kp<=8k,-0.0276,2
1024,n<=128,sr<=70%,kvB<=4k,kp=0,-0.0338,2
1024,n<=128,sr>70%,kvB<=16k,kp<=1k,-0.0763,4
1024,n<=128,sr>70%,kvB<=16k,kp<=2k,-0.0811,4
1024,n<=128,sr>70%,kvB<=16k,kp<=4k,-0.069,4
1024,n<=128,sr>70%,kvB<=16k,kp<=512,-0.0842,4
1024,n<=128,sr>70%,kvB<=16k,kp<=8k,-0.0798,4
1024,n<=128,sr>70%,kvB<=16k,kp=0,-0.0785,4
1024,n<=128,sr>70%,kvB<=1k,kp<=1k,-0.1447,4
1024,n<=128,sr>70%,kvB<=1k,kp<=2k,-0.1093,4
1024,n<=128,sr>70%,kvB<=1k,kp<=4k,-0.1409,4
1024,n<=128,sr>70%,kvB<=1k,kp<=512,-0.0991,4
1024,n<=128,sr>70%,kvB<=1k,kp<=8k,-0.14,4
1024,n<=128,sr>70%,kvB<=1k,kp=0,-0.1039,4
1024,n<=128,sr>70%,kvB<=4k,kp<=1k,-0.0876,4
1024,n<=128,sr>70%,kvB<=4k,kp<=2k,-0.0715,4
1024,n<=128,sr>70%,kvB<=4k,kp<=4k,-0.0953,4
1024,n<=128,sr>70%,kvB<=4k,kp<=512,-0.0812,4
1024,n<=128,sr>70%,kvB<=4k,kp<=8k,-0.0763,4
1024,n<=128,sr>70%,kvB<=4k,kp=0,-0.0858,4
1024,n<=16,sr<=15%,kvB<=16k,kp<=1k,0.1536,4
1024,n<=16,sr<=15%,kvB<=16k,kp<=2k,0.1495,4
1024,n<=16,sr<=15%,kvB<=16k,kp<=4k,0.1506,4
1024,n<=16,sr<=15%,kvB<=16k,kp<=512,0.15,4
1024,n<=16,sr<=15%,kvB<=16k,kp<=8k,0.1499,4
1024,n<=16,sr<=15%,kvB<=16k,kp=0,0.1524,4
1024,n<=16,sr<=15%,kvB<=1k,kp<=1k,0.1976,4
1024,n<=16,sr<=15%,kvB<=1k,kp<=2k,0.1873,4
1024,n<=16,sr<=15%,kvB<=1k,kp<=4k,0.1987,4
1024,n<=16,sr<=15%,kvB<=1k,kp<=512,0.2019,4
1024,n<=16,sr<=15%,kvB<=1k,kp<=8k,0.1788,4
1024,n<=16,sr<=15%,kvB<=1k,kp=0,0.1911,4
1024,n<=16,sr<=15%,kvB<=4k,kp<=1k,0.1559,4
1024,n<=16,sr<=15%,kvB<=4k,kp<=2k,0.1526,4
1024,n<=16,sr<=15%,kvB<=4k,kp<=4k,0.1528,4
1024,n<=16,sr<=15%,kvB<=4k,kp<=512,0.1551,4
1024,n<=16,sr<=15%,kvB<=4k,kp<=8k,0.1479,4
1024,n<=16,sr<=15%,kvB<=4k,kp=0,0.1565,4
1024,n<=16,sr<=40%,kvB<=16k,kp<=1k,0.5449,4
1024,n<=16,sr<=40%,kvB<=16k,kp<=2k,0.5422,4
1024,n<=16,sr<=40%,kvB<=16k,kp<=4k,0.5429,4
1024,n<=16,sr<=40%,kvB<=16k,kp<=512,0.5419,4
1024,n<=16,sr<=40%,kvB<=16k,kp<=8k,0.5438,4
1024,n<=16,sr<=40%,kvB<=16k,kp=0,0.5472,4
1024,n<=16,sr<=40%,kvB<=1k,kp<=1k,0.5063,4
1024,n<=16,sr<=40%,kvB<=1k,kp<=2k,0.5124,4
1024,n<=16,sr<=40%,kvB<=1k,kp<=4k,0.4863,4
1024,n<=16,sr<=40%,kvB<=1k,kp<=512,0.4907,4
1024,n<=16,sr<=40%,kvB<=1k,kp<=8k,0.5088,4
1024,n<=16,sr<=40%,kvB<=1k,kp=0,0.5087,4
1024,n<=16,sr<=40%,kvB<=4k,kp<=1k,0.525,4
1024,n<=16,sr<=40%,kvB<=4k,kp<=2k,0.5205,4
1024,n<=16,sr<=40%,kvB<=4k,kp<=4k,0.5319,4
1024,n<=16,sr<=40%,kvB<=4k,kp<=512,0.5317,4
1024,n<=16,sr<=40%,kvB<=4k,kp<=8k,0.5301,4
1024,n<=16,sr<=40%,kvB<=4k,kp=0,0.5233,4
1024,n<=16,sr<=70%,kvB<=16k,kp<=1k,0.3324,2
1024,n<=16,sr<=70%,kvB<=16k,kp<=2k,0.3353,2
1024,n<=16,sr<=70%,kvB<=16k,kp<=4k,0.3344,2
1024,n<=16,sr<=70%,kvB<=16k,kp<=512,0.3339,2
1024,n<=16,sr<=70%,kvB<=16k,kp<=8k,0.3243,2
1024,n<=16,sr<=70%,kvB<=16k,kp=0,0.3258,2
1024,n<=16,sr<=70%,kvB<=1k,kp<=1k,0.2423,2
1024,n<=16,sr<=70%,kvB<=1k,kp<=2k,0.2511,2
1024,n<=16,sr<=70%,kvB<=1k,kp<=4k,0.2819,2
1024,n<=16,sr<=70%,kvB<=1k,kp<=512,0.2547,2
1024,n<=16,sr<=70%,kvB<=1k,kp<=8k,0.283,2
1024,n<=16,sr<=70%,kvB<=1k,kp=0,0.2752,2
1024,n<=16,sr<=70%,kvB<=4k,kp<=1k,0.3219,2
1024,n<=16,sr<=70%,kvB<=4k,kp<=2k,0.322,2
1024,n<=16,sr<=70%,kvB<=4k,kp<=4k,0.2835,2
1024,n<=16,sr<=70%,kvB<=4k,kp<=512,0.3046,2
1024,n<=16,sr<=70%,kvB<=4k,kp<=8k,0.3334,2
1024,n<=16,sr<=70%,kvB<=4k,kp=0,0.3039,2
1024,n<=16,sr>70%,kvB<=16k,kp<=1k,0.5265,4
1024,n<=16,sr>70%,kvB<=16k,kp<=2k,0.4996,4
1024,n<=16,sr>70%,kvB<=16k,kp<=4k,0.4991,4
1024,n<=16,sr>70%,kvB<=16k,kp<=512,0.5023,4
1024,n<=16,sr>70%,kvB<=16k,kp<=8k,0.5314,4
1024,n<=16,sr>70%,kvB<=16k,kp=0,0.5234,4
1024,n<=16,sr>70%,kvB<=1k,kp<=1k,0.5655,4
1024,n<=16,sr>70%,kvB<=1k,kp<=2k,0.558,4
1024,n<=16,sr>70%,kvB<=1k,kp<=4k,0.4685,4
1024,n<=16,sr>70%,kvB<=1k,kp<=512,0.4772,4
1024,n<=16,sr>70%,kvB<=1k,kp<=8k,0.5354,4
1024,n<=16,sr>70%,kvB<=1k,kp=0,0.5162,4
1024,n<=16,sr>70%,kvB<=4k,kp<=1k,0.4856,4
1024,n<=16,sr>70%,kvB<=4k,kp<=2k,0.5372,4
1024,n<=16,sr>70%,kvB<=4k,kp<=4k,0.5339,4
1024,n<=16,sr>70%,kvB<=4k,kp<=512,0.5868,4
1024,n<=16,sr>70%,kvB<=4k,kp<=8k,0.5261,4
1024,n<=16,sr>70%,kvB<=4k,kp=0,0.5138,4
1024,n<=2,sr<=70%,kvB<=16k,kp<=1k,-0.0079,2
1024,n<=2,sr<=70%,kvB<=16k,kp<=2k,-0.0392,2
1024,n<=2,sr<=70%,kvB<=16k,kp<=4k,-0.0169,2
1024,n<=2,sr<=70%,kvB<=16k,kp<=512,0.0497,2
1024,n<=2,sr<=70%,kvB<=16k,kp<=8k,0.0031,2
1024,n<=2,sr<=70%,kvB<=16k,kp=0,0.0161,2
1024,n<=2,sr<=70%,kvB<=1k,kp<=1k,-0.0025,2
1024,n<=2,sr<=70%,kvB<=1k,kp<=2k,0.1088,2
1024,n<=2,sr<=70%,kvB<=1k,kp<=4k,0.0948,2
1024,n<=2,sr<=70%,kvB<=1k,kp<=512,-0.0069,2
1024,n<=2,sr<=70%,kvB<=1k,kp<=8k,0.1546,2
1024,n<=2,sr<=70%,kvB<=1k,kp=0,-0.1665,2
1024,n<=2,sr<=70%,kvB<=4k,kp<=1k,0.0977,2
1024,n<=2,sr<=70%,kvB<=4k,kp<=2k,0.086,2
1024,n<=2,sr<=70%,kvB<=4k,kp<=4k,0.0104,2
1024,n<=2,sr<=70%,kvB<=4k,kp<=512,0.0261,2
1024,n<=2,sr<=70%,kvB<=4k,kp<=8k,0.0369,2
1024,n<=2,sr<=70%,kvB<=4k,kp=0,0.0692,2
1024,n<=32,sr<=15%,kvB<=16k,kp<=1k,0.2912,6
1024,n<=32,sr<=15%,kvB<=16k,kp<=2k,0.2932,6
1024,n<=32,sr<=15%,kvB<=16k,kp<=4k,0.2923,6
1024,n<=32,sr<=15%,kvB<=16k,kp<=512,0.282,6
1024,n<=32,sr<=15%,kvB<=16k,kp<=8k,0.28,6
1024,n<=32,sr<=15%,kvB<=16k,kp=0,0.2887,6
1024,n<=32,sr<=15%,kvB<=1k,kp<=1k,0.2883,6
1024,n<=32,sr<=15%,kvB<=1k,kp<=2k,0.2891,6
1024,n<=32,sr<=15%,kvB<=1k,kp<=4k,0.3244,6
1024,n<=32,sr<=15%,kvB<=1k,kp<=512,0.2965,6
1024,n<=32,sr<=15%,kvB<=1k,kp<=8k,0.2984,6
1024,n<=32,sr<=15%,kvB<=1k,kp=0,0.3055,6
1024,n<=32,sr<=15%,kvB<=4k,kp<=1k,0.2893,6
1024,n<=32,sr<=15%,kvB<=4k,kp<=2k,0.2664,6
1024,n<=32,sr<=15%,kvB<=4k,kp<=4k,0.2887,6
1024,n<=32,sr<=15%,kvB<=4k,kp<=512,0.2752,6
1024,n<=32,sr<=15%,kvB<=4k,kp<=8k,0.2915,6
1024,n<=32,sr<=15%,kvB<=4k,kp=0,0.2783,6
1024,n<=32,sr<=40%,kvB<=16k,kp<=1k,0.2664,2
1024,n<=32,sr<=40%,kvB<=16k,kp<=2k,0.2569,2
1024,n<=32,sr<=40%,kvB<=16k,kp<=4k,0.2554,2
1024,n<=32,sr<=40%,kvB<=16k,kp<=512,0.2466,2
1024,n<=32,sr<=40%,kvB<=16k,kp<=8k,0.2487,2
1024,n<=32,sr<=40%,kvB<=16k,kp=0,0.2424,2
1024,n<=32,sr<=40%,kvB<=1k,kp<=1k,0.241,2
1024,n<=32,sr<=40%,kvB<=1k,kp<=2k,0.2251,2
1024,n<=32,sr<=40%,kvB<=1k,kp<=4k,0.2531,2
1024,n<=32,sr<=40%,kvB<=1k,kp<=512,0.2368,2
1024,n<=32,sr<=40%,kvB<=1k,kp<=8k,0.2387,2
1024,n<=32,sr<=40%,kvB<=1k,kp=0,0.2355,2
1024,n<=32,sr<=40%,kvB<=4k,kp<=1k,0.2431,2
1024,n<=32,sr<=40%,kvB<=4k,kp<=2k,0.2282,2
1024,n<=32,sr<=40%,kvB<=4k,kp<=4k,0.2435,2
1024,n<=32,sr<=40%,kvB<=4k,kp<=512,0.2377,2
1024,n<=32,sr<=40%,kvB<=4k,kp<=8k,0.2319,2
1024,n<=32,sr<=40%,kvB<=4k,kp=0,0.2238,2
1024,n<=32,sr<=5%,kvB<=16k,kp<=1k,0.3091,2
1024,n<=32,sr<=5%,kvB<=16k,kp<=2k,0.2877,2
1024,n<=32,sr<=5%,kvB<=16k,kp<=4k,0.2905,2
1024,n<=32,sr<=5%,kvB<=16k,kp<=512,0.2907,2
1024,n<=32,sr<=5%,kvB<=16k,kp<=8k,0.2811,2
1024,n<=32,sr<=5%,kvB<=16k,kp=0,0.2885,2
1024,n<=32,sr<=5%,kvB<=1k,kp<=1k,0.2823,2
1024,n<=32,sr<=5%,kvB<=1k,kp<=2k,0.322,2
1024,n<=32,sr<=5%,kvB<=1k,kp<=4k,0.3074,2
1024,n<=32,sr<=5%,kvB<=1k,kp<=512,0.3014,2
1024,n<=32,sr<=5%,kvB<=1k,kp<=8k,0.3013,2
1024,n<=32,sr<=5%,kvB<=1k,kp=0,0.305,2
1024,n<=32,sr<=5%,kvB<=4k,kp<=1k,0.2959,2
1024,n<=32,sr<=5%,kvB<=4k,kp<=2k,0.2988,2
1024,n<=32,sr<=5%,kvB<=4k,kp<=4k,0.2815,2
1024,n<=32,sr<=5%,kvB<=4k,kp<=512,0.2785,2
1024,n<=32,sr<=5%,kvB<=4k,kp<=8k,0.2839,2
1024,n<=32,sr<=5%,kvB<=4k,kp=0,0.2993,2
1024,n<=32,sr<=70%,kvB<=16k,kp<=1k,0.2858,2
1024,n<=32,sr<=70%,kvB<=16k,kp<=2k,0.2789,2
1024,n<=32,sr<=70%,kvB<=16k,kp<=4k,0.2675,2
1024,n<=32,sr<=70%,kvB<=16k,kp<=512,0.2619,2
1024,n<=32,sr<=70%,kvB<=16k,kp<=8k,0.2638,2
1024,n<=32,sr<=70%,kvB<=16k,kp=0,0.2751,2
1024,n<=32,sr<=70%,kvB<=1k,kp<=1k,0.2993,2
1024,n<=32,sr<=70%,kvB<=1k,kp<=2k,0.277,2
1024,n<=32,sr<=70%,kvB<=1k,kp<=4k,0.259,2
1024,n<=32,sr<=70%,kvB<=1k,kp<=512,0.2865,2
1024,n<=32,sr<=70%,kvB<=1k,kp<=8k,0.2783,2
1024,n<=32,sr<=70%,kvB<=1k,kp=0,0.2803,2
1024,n<=32,sr<=70%,kvB<=4k,kp<=1k,0.2719,2
1024,n<=32,sr<=70%,kvB<=4k,kp<=2k,0.2773,2
1024,n<=32,sr<=70%,kvB<=4k,kp<=4k,0.2813,2
1024,n<=32,sr<=70%,kvB<=4k,kp<=512,0.2657,2
1024,n<=32,sr<=70%,kvB<=4k,kp<=8k,0.3022,2
1024,n<=32,sr<=70%,kvB<=4k,kp=0,0.293,2
1024,n<=32,sr>70%,kvB<=16k,kp<=1k,0.8375,4
1024,n<=32,sr>70%,kvB<=16k,kp<=2k,0.8303,4
1024,n<=32,sr>70%,kvB<=16k,kp<=4k,0.7904,4
1024,n<=32,sr>70%,kvB<=16k,kp<=512,0.855,4
1024,n<=32,sr>70%,kvB<=16k,kp<=8k,0.8442,4
1024,n<=32,sr>70%,kvB<=16k,kp=0,0.8048,4
1024,n<=32,sr>70%,kvB<=1k,kp<=1k,0.6999,4
1024,n<=32,sr>70%,kvB<=1k,kp<=2k,0.7134,4
1024,n<=32,sr>70%,kvB<=1k,kp<=4k,0.6704,4
1024,n<=32,sr>70%,kvB<=1k,kp<=512,0.7159,4
1024,n<=32,sr>70%,kvB<=1k,kp<=8k,0.7582,4
1024,n<=32,sr>70%,kvB<=1k,kp=0,0.7375,4
1024,n<=32,sr>70%,kvB<=4k,kp<=1k,0.8695,4
1024,n<=32,sr>70%,kvB<=4k,kp<=2k,0.8835,4
1024,n<=32,sr>70%,kvB<=4k,kp<=4k,0.7833,4
1024,n<=32,sr>70%,kvB<=4k,kp<=512,0.7655,4
1024,n<=32,sr>70%,kvB<=4k,kp<=8k,0.754,4
1024,n<=32,sr>70%,kvB<=4k,kp=0,0.8018,4
1024,n<=4,sr<=40%,kvB<=16k,kp<=1k,0.0026,2
1024,n<=4,sr<=40%,kvB<=16k,kp<=2k,0.0055,2
1024,n<=4,sr<=40%,kvB<=16k,kp<=4k,-0.0069,2
1024,n<=4,sr<=40%,kvB<=16k,kp<=512,0.0048,2
1024,n<=4,sr<=40%,kvB<=16k,kp<=8k,-0.0032,2
1024,n<=4,sr<=40%,kvB<=16k,kp=0,0.0174,2
1024,n<=4,sr<=40%,kvB<=1k,kp<=1k,0.0292,2
1024,n<=4,sr<=40%,kvB<=1k,kp<=2k,0.1536,2
1024,n<=4,sr<=40%,kvB<=1k,kp<=4k,0.205,2
1024,n<=4,sr<=40%,kvB<=1k,kp<=512,-0.0484,2
1024,n<=4,sr<=40%,kvB<=1k,kp<=8k,0.0581,2
1024,n<=4,sr<=40%,kvB<=1k,kp=0,0.0462,2
1024,n<=4,sr<=40%,kvB<=4k,kp<=1k,0.0003,2
1024,n<=4,sr<=40%,kvB<=4k,kp<=2k,-0.0059,2
1024,n<=4,sr<=40%,kvB<=4k,kp<=4k,0.0391,2
1024,n<=4,sr<=40%,kvB<=4k,kp<=512,0.0074,2
1024,n<=4,sr<=40%,kvB<=4k,kp<=8k,-0.0218,2
1024,n<=4,sr<=40%,kvB<=4k,kp=0,0.0041,2
1024,n<=4,sr<=70%,kvB<=16k,kp<=1k,-0.0308,2
1024,n<=4,sr<=70%,kvB<=16k,kp<=2k,-0.0283,2
1024,n<=4,sr<=70%,kvB<=16k,kp<=4k,-0.0344,2
1024,n<=4,sr<=70%,kvB<=16k,kp<=512,-0.0331,2
1024,n<=4,sr<=70%,kvB<=16k,kp<=8k,-0.0575,2
1024,n<=4,sr<=70%,kvB<=16k,kp=0,-0.0314,2
1024,n<=4,sr<=70%,kvB<=1k,kp<=1k,-0.0426,2
1024,n<=4,sr<=70%,kvB<=1k,kp<=2k,-0.2094,2
1024,n<=4,sr<=70%,kvB<=1k,kp<=4k,-0.4718,2
1024,n<=4,sr<=70%,kvB<=1k,kp<=512,0.0689,2
1024,n<=4,sr<=70%,kvB<=1k,kp<=8k,-0.0934,2
1024,n<=4,sr<=70%,kvB<=1k,kp=0,-0.0373,2
1024,n<=4,sr<=70%,kvB<=4k,kp<=1k,-0.0522,2
1024,n<=4,sr<=70%,kvB<=4k,kp<=2k,-0.035,2
1024,n<=4,sr<=70%,kvB<=4k,kp<=4k,-0.0743,2
1024,n<=4,sr<=70%,kvB<=4k,kp<=512,-0.0607,2
1024,n<=4,sr<=70%,kvB<=4k,kp<=8k,-0.0116,2
1024,n<=4,sr<=70%,kvB<=4k,kp=0,-0.0416,2
1024,n<=4,sr>70%,kvB<=16k,kp<=1k,0.0163,2
1024,n<=4,sr>70%,kvB<=16k,kp<=2k,-0.0122,2
1024,n<=4,sr>70%,kvB<=16k,kp<=4k,-0.0418,2
1024,n<=4,sr>70%,kvB<=16k,kp<=512,0.0075,2
1024,n<=4,sr>70%,kvB<=16k,kp<=8k,-0.0285,2
1024,n<=4,sr>70%,kvB<=16k,kp=0,-0.0113,2
1024,n<=4,sr>70%,kvB<=1k,kp<=1k,-0.0404,2
1024,n<=4,sr>70%,kvB<=1k,kp<=2k,-0.0484,2
1024,n<=4,sr>70%,kvB<=1k,kp<=4k,0.1086,2
1024,n<=4,sr>70%,kvB<=1k,kp<=512,0.1786,2
1024,n<=4,sr>70%,kvB<=1k,kp<=8k,0.1938,2
1024,n<=4,sr>70%,kvB<=1k,kp=0,0.0996,2
1024,n<=4,sr>70%,kvB<=4k,kp<=1k,-0.0562,2
1024,n<=4,sr>70%,kvB<=4k,kp<=2k,-0.1116,2
1024,n<=4,sr>70%,kvB<=4k,kp<=4k,-0.2193,2
1024,n<=4,sr>70%,kvB<=4k,kp<=512,-0.2626,2
1024,n<=4,sr>70%,kvB<=4k,kp<=8k,-0.103,2
1024,n<=4,sr>70%,kvB<=4k,kp=0,-0.1728,2
1024,n<=64,sr<=15%,kvB<=16k,kp<=1k,0.1068,4
1024,n<=64,sr<=15%,kvB<=16k,kp<=2k,0.1144,4
1024,n<=64,sr<=15%,kvB<=16k,kp<=4k,0.1111,4
1024,n<=64,sr<=15%,kvB<=16k,kp<=512,0.1108,4
1024,n<=64,sr<=15%,kvB<=16k,kp<=8k,0.1124,4
1024,n<=64,sr<=15%,kvB<=16k,kp=0,0.1044,4
1024,n<=64,sr<=15%,kvB<=1k,kp<=1k,0.1205,4
1024,n<=64,sr<=15%,kvB<=1k,kp<=2k,0.1219,4
1024,n<=64,sr<=15%,kvB<=1k,kp<=4k,0.1163,4
1024,n<=64,sr<=15%,kvB<=1k,kp<=512,0.1219,4
1024,n<=64,sr<=15%,kvB<=1k,kp<=8k,0.1211,4
1024,n<=64,sr<=15%,kvB<=1k,kp=0,0.1216,4
1024,n<=64,sr<=15%,kvB<=4k,kp<=1k,0.1143,4
1024,n<=64,sr<=15%,kvB<=4k,kp<=2k,0.1015,4
1024,n<=64,sr<=15%,kvB<=4k,kp<=4k,0.1086,4
1024,n<=64,sr<=15%,kvB<=4k,kp<=512,0.1072,4
1024,n<=64,sr<=15%,kvB<=4k,kp<=8k,0.099,4
1024,n<=64,sr<=15%,kvB<=4k,kp=0,0.105,4
1024,n<=64,sr<=40%,kvB<=16k,kp<=1k,0.0761,2
1024,n<=64,sr<=40%,kvB<=16k,kp<=2k,0.0683,2
1024,n<=64,sr<=40%,kvB<=16k,kp<=4k,0.0756,2
1024,n<=64,sr<=40%,kvB<=16k,kp<=512,0.0767,2
1024,n<=64,sr<=40%,kvB<=16k,kp<=8k,0.0772,2
1024,n<=64,sr<=40%,kvB<=16k,kp=0,0.0758,2
1024,n<=64,sr<=40%,kvB<=1k,kp<=1k,0.0846,2
1024,n<=64,sr<=40%,kvB<=1k,kp<=2k,0.0867,2
1024,n<=64,sr<=40%,kvB<=1k,kp<=4k,0.0822,2
1024,n<=64,sr<=40%,kvB<=1k,kp<=512,0.0869,2
1024,n<=64,sr<=40%,kvB<=1k,kp<=8k,0.0871,2
1024,n<=64,sr<=40%,kvB<=1k,kp=0,0.0743,2
1024,n<=64,sr<=40%,kvB<=4k,kp<=1k,0.0783,2
1024,n<=64,sr<=40%,kvB<=4k,kp<=2k,0.0755,2
1024,n<=64,sr<=40%,kvB<=4k,kp<=4k,0.0685,2
1024,n<=64,sr<=40%,kvB<=4k,kp<=512,0.0734,2
1024,n<=64,sr<=40%,kvB<=4k,kp<=8k,0.0791,2
1024,n<=64,sr<=40%,kvB<=4k,kp=0,0.0655,2
1024,n<=64,sr<=5%,kvB<=16k,kp<=1k,0.1219,6
1024,n<=64,sr<=5%,kvB<=16k,kp<=2k,0.1271,6
1024,n<=64,sr<=5%,kvB<=16k,kp<=4k,0.1255,6
1024,n<=64,sr<=5%,kvB<=16k,kp<=512,0.1207,6
1024,n<=64,sr<=5%,kvB<=16k,kp<=8k,0.129,6
1024,n<=64,sr<=5%,kvB<=16k,kp=0,0.1263,6
1024,n<=64,sr<=5%,kvB<=1k,kp<=1k,0.1343,6
1024,n<=64,sr<=5%,kvB<=1k,kp<=2k,0.1332,6
1024,n<=64,sr<=5%,kvB<=1k,kp<=4k,0.1315,6
1024,n<=64,sr<=5%,kvB<=1k,kp<=512,0.1395,6
1024,n<=64,sr<=5%,kvB<=1k,kp<=8k,0.1411,6
1024,n<=64,sr<=5%,kvB<=1k,kp=0,0.1369,6
1024,n<=64,sr<=5%,kvB<=4k,kp<=1k,0.1302,6
1024,n<=64,sr<=5%,kvB<=4k,kp<=2k,0.126,6
1024,n<=64,sr<=5%,kvB<=4k,kp<=4k,0.1274,6
1024,n<=64,sr<=5%,kvB<=4k,kp<=512,0.1328,6
1024,n<=64,sr<=5%,kvB<=4k,kp<=8k,0.1284,6
1024,n<=64,sr<=5%,kvB<=4k,kp=0,0.1289,6
1024,n<=64,sr<=70%,kvB<=16k,kp<=1k,0.1136,2
1024,n<=64,sr<=70%,kvB<=16k,kp<=2k,0.1284,2
1024,n<=64,sr<=70%,kvB<=16k,kp<=4k,0.118,2
1024,n<=64,sr<=70%,kvB<=16k,kp<=512,0.1296,2
1024,n<=64,sr<=70%,kvB<=16k,kp<=8k,0.109,2
1024,n<=64,sr<=70%,kvB<=16k,kp=0,0.1177,2
1024,n<=64,sr<=70%,kvB<=1k,kp<=1k,0.1067,2
1024,n<=64,sr<=70%,kvB<=1k,kp<=2k,0.0863,2
1024,n<=64,sr<=70%,kvB<=1k,kp<=4k,0.1075,2
1024,n<=64,sr<=70%,kvB<=1k,kp<=512,0.1113,2
1024,n<=64,sr<=70%,kvB<=1k,kp<=8k,0.126,2
1024,n<=64,sr<=70%,kvB<=1k,kp=0,0.1153,2
1024,n<=64,sr<=70%,kvB<=4k,kp<=1k,0.1228,2
1024,n<=64,sr<=70%,kvB<=4k,kp<=2k,0.1049,2
1024,n<=64,sr<=70%,kvB<=4k,kp<=4k,0.1267,2
1024,n<=64,sr<=70%,kvB<=4k,kp<=512,0.1146,2
1024,n<=64,sr<=70%,kvB<=4k,kp<=8k,0.1211,2
1024,n<=64,sr<=70%,kvB<=4k,kp=0,0.1078,2
1024,n<=64,sr>70%,kvB<=16k,kp<=1k,0.0478,4
1024,n<=64,sr>70%,kvB<=16k,kp<=2k,0.0853,4
1024,n<=64,sr>70%,kvB<=16k,kp<=4k,0.054,4
1024,n<=64,sr>70%,kvB<=16k,kp<=512,0.0628,4
1024,n<=64,sr>70%,kvB<=16k,kp<=8k,0.0643,4
1024,n<=64,sr>70%,kvB<=16k,kp=0,0.064,4
1024,n<=64,sr>70%,kvB<=1k,kp<=1k,0.078,4
1024,n<=64,sr>70%,kvB<=1k,kp<=2k,0.097,4
1024,n<=64,sr>70%,kvB<=1k,kp<=4k,0.0721,4
1024,n<=64,sr>70%,kvB<=1k,kp<=512,0.0947,4
1024,n<=64,sr>70%,kvB<=1k,kp<=8k,0.0462,4
1024,n<=64,sr>70%,kvB<=1k,kp=0,0.0762,4
1024,n<=64,sr>70%,kvB<=4k,kp<=1k,0.0793,4
1024,n<=64,sr>70%,kvB<=4k,kp<=2k,0.0593,4
1024,n<=64,sr>70%,kvB<=4k,kp<=4k,0.0547,4
1024,n<=64,sr>70%,kvB<=4k,kp<=512,0.0602,4
1024,n<=64,sr>70%,kvB<=4k,kp<=8k,0.0861,4
1024,n<=64,sr>70%,kvB<=4k,kp=0,0.0618,4
1024,n<=8,sr<=15%,kvB<=16k,kp<=1k,0.1301,2
1024,n<=8,sr<=15%,kvB<=16k,kp<=2k,0.1288,2
1024,n<=8,sr<=15%,kvB<=16k,kp<=4k,0.1361,2
1024,n<=8,sr<=15%,kvB<=16k,kp<=512,0.1331,2
1024,n<=8,sr<=15%,kvB<=16k,kp<=8k,0.1319,2
1024,n<=8,sr<=15%,kvB<=16k,kp=0,0.1323,2
1024,n<=8,sr<=15%,kvB<=1k,kp<=1k,0.031,2
1024,n<=8,sr<=15%,kvB<=1k,kp<=2k,0.0349,2
1024,n<=8,sr<=15%,kvB<=1k,kp<=4k,0.0222,2
1024,n<=8,sr<=15%,kvB<=1k,kp<=512,0.0844,2
1024,n<=8,sr<=15%,kvB<=1k,kp<=8k,0.0388,2
1024,n<=8,sr<=15%,kvB<=1k,kp=0,0.0739,2
1024,n<=8,sr<=15%,kvB<=4k,kp<=1k,0.1332,2
1024,n<=8,sr<=15%,kvB<=4k,kp<=2k,0.113,2
1024,n<=8,sr<=15%,kvB<=4k,kp<=4k,0.1108,2
1024,n<=8,sr<=15%,kvB<=4k,kp<=512,0.1186,2
1024,n<=8,sr<=15%,kvB<=4k,kp<=8k,0.1218,2
1024,n<=8,sr<=15%,kvB<=4k,kp=0,0.1197,2
1024,n<=8,sr<=40%,kvB<=16k,kp<=1k,0.0289,4
1024,n<=8,sr<=40%,kvB<=16k,kp<=2k,0.0201,4
1024,n<=8,sr<=40%,kvB<=16k,kp<=4k,0.0186,4
1024,n<=8,sr<=40%,kvB<=16k,kp<=512,0.0357,4
1024,n<=8,sr<=40%,kvB<=16k,kp<=8k,0.0212,4
1024,n<=8,sr<=40%,kvB<=16k,kp=0,0.0327,4
1024,n<=8,sr<=40%,kvB<=1k,kp<=1k,0.0019,4
1024,n<=8,sr<=40%,kvB<=1k,kp<=2k,0.0238,4
1024,n<=8,sr<=40%,kvB<=1k,kp<=4k,0.01,4
1024,n<=8,sr<=40%,kvB<=1k,kp<=512,-0.0021,4
1024,n<=8,sr<=40%,kvB<=1k,kp<=8k,0.0534,4
1024,n<=8,sr<=40%,kvB<=1k,kp=0,0.0114,4
1024,n<=8,sr<=40%,kvB<=4k,kp<=1k,0.0238,4
1024,n<=8,sr<=40%,kvB<=4k,kp<=2k,0.023,4
1024,n<=8,sr<=40%,kvB<=4k,kp<=4k,0.0379,4
1024,n<=8,sr<=40%,kvB<=4k,kp<=512,0.0182,4
1024,n<=8,sr<=40%,kvB<=4k,kp<=8k,0.0245,4
1024,n<=8,sr<=40%,kvB<=4k,kp=0,0.0107,4
1024,n<=8,sr<=70%,kvB<=16k,kp<=1k,0.0538,2
1024,n<=8,sr<=70%,kvB<=16k,kp<=2k,0.0725,2
1024,n<=8,sr<=70%,kvB<=16k,kp<=4k,0.0639,2
1024,n<=8,sr<=70%,kvB<=16k,kp<=512,0.0608,2
1024,n<=8,sr<=70%,kvB<=16k,kp<=8k,0.0791,2
1024,n<=8,sr<=70%,kvB<=16k,kp=0,0.0711,2
1024,n<=8,sr<=70%,kvB<=1k,kp<=1k,-0.064,2
1024,n<=8,sr<=70%,kvB<=1k,kp<=2k,-0.1355,2
1024,n<=8,sr<=70%,kvB<=1k,kp<=4k,-0.1158,2
1024,n<=8,sr<=70%,kvB<=1k,kp<=512,-0.0565,2
1024,n<=8,sr<=70%,kvB<=1k,kp<=8k,-0.0828,2
1024,n<=8,sr<=70%,kvB<=1k,kp=0,-0.102,2
1024,n<=8,sr<=70%,kvB<=4k,kp<=1k,0.0708,2
1024,n<=8,sr<=70%,kvB<=4k,kp<=2k,0.0321,2
1024,n<=8,sr<=70%,kvB<=4k,kp<=4k,0.0224,2
1024,n<=8,sr<=70%,kvB<=4k,kp<=512,0.0136,2
1024,n<=8,sr<=70%,kvB<=4k,kp<=8k,0.0358,2
1024,n<=8,sr<=70%,kvB<=4k,kp=0,0.038,2
1024,n<=8,sr>70%,kvB<=16k,kp<=1k,0.6068,4
1024,n<=8,sr>70%,kvB<=16k,kp<=2k,0.5709,4
1024,n<=8,sr>70%,kvB<=16k,kp<=4k,0.6301,4
1024,n<=8,sr>70%,kvB<=16k,kp<=512,0.5955,4
1024,n<=8,sr>70%,kvB<=16k,kp<=8k,0.5644,4
1024,n<=8,sr>70%,kvB<=16k,kp=0,0.5592,4
1024,n<=8,sr>70%,kvB<=1k,kp<=1k,0.4517,4
1024,n<=8,sr>70%,kvB<=1k,kp<=2k,0.2671,4
1024,n<=8,sr>70%,kvB<=1k,kp<=4k,0.4928,4
1024,n<=8,sr>70%,kvB<=1k,kp<=512,0.6396,4
1024,n<=8,sr>70%,kvB<=1k,kp<=8k,0.2044,4
1024,n<=8,sr>70%,kvB<=1k,kp=0,0.3913,4
1024,n<=8,sr>70%,kvB<=4k,kp<=1k,0.5708,4
1024,n<=8,sr>70%,kvB<=4k,kp<=2k,0.5711,4
1024,n<=8,sr>70%,kvB<=4k,kp<=4k,0.5808,4
1024,n<=8,sr>70%,kvB<=4k,kp<=512,0.5093,4
1024,n<=8,sr>70%,kvB<=4k,kp<=8k,0.5182,4
1024,n<=8,sr>70%,kvB<=4k,kp=0,0.5712,4
2048,n<=128,sr<=15%,kvB<=16k,kp<=1k,0.0329,4
2048,n<=128,sr<=15%,kvB<=16k,kp<=2k,0.0263,4
2048,n<=128,sr<=15%,kvB<=16k,kp<=4k,0.074,4
2048,n<=128,sr<=15%,kvB<=16k,kp<=512,0.0327,4
2048,n<=128,sr<=15%,kvB<=16k,kp<=8k,0.1391,4
2048,n<=128,sr<=15%,kvB<=16k,kp=0,0.0357,4
2048,n<=128,sr<=15%,kvB<=1k,kp<=1k,0.0425,4
2048,n<=128,sr<=15%,kvB<=1k,kp<=2k,0.0375,4
2048,n<=128,sr<=15%,kvB<=1k,kp<=4k,0.2377,4
2048,n<=128,sr<=15%,kvB<=1k,kp<=512,0.0409,4
2048,n<=128,sr<=15%,kvB<=1k,kp<=8k,0.041,3
2048,n<=128,sr<=15%,kvB<=1k,kp=0,0.0398,4
2048,n<=128,sr<=15%,kvB<=4k,kp<=1k,0.0135,4
2048,n<=128,sr<=15%,kvB<=4k,kp<=2k,-0.0087,4
2048,n<=128,sr<=15%,kvB<=4k,kp<=4k,0.0513,4
2048,n<=128,sr<=15%,kvB<=4k,kp<=512,0.0184,4
2048,n<=128,sr<=15%,kvB<=4k,kp<=8k,0.0636,4
2048,n<=128,sr<=15%,kvB<=4k,kp=0,0.0263,4
2048,n<=128,sr<=40%,kvB<=16k,kp<=1k,0.027,2
2048,n<=128,sr<=40%,kvB<=16k,kp<=2k,0.0028,2
2048,n<=128,sr<=40%,kvB<=16k,kp<=4k,0.0707,2
2048,n<=128,sr<=40%,kvB<=16k,kp<=512,0.0186,2
2048,n<=128,sr<=40%,kvB<=16k,kp<=8k,-0.0148,2
2048,n<=128,sr<=40%,kvB<=16k,kp=0,0.0124,2
2048,n<=128,sr<=40%,kvB<=1k,kp<=1k,0.0143,2
2048,n<=128,sr<=40%,kvB<=1k,kp<=2k,0.0157,2
2048,n<=128,sr<=40%,kvB<=1k,kp<=4k,0.3494,2
2048,n<=128,sr<=40%,kvB<=1k,kp<=512,0.0079,2
2048,n<=128,sr<=40%,kvB<=1k,kp<=8k,-3.5504,1
2048,n<=128,sr<=40%,kvB<=1k,kp=0,0.019,2
2048,n<=128,sr<=40%,kvB<=4k,kp<=1k,0.0153,2
2048,n<=128,sr<=40%,kvB<=4k,kp<=2k,-0.0743,2
2048,n<=128,sr<=40%,kvB<=4k,kp<=4k,-0.155,2
2048,n<=128,sr<=40%,kvB<=4k,kp<=512,0.0135,2
2048,n<=128,sr<=40%,kvB<=4k,kp<=8k,0.0208,2
2048,n<=128,sr<=40%,kvB<=4k,kp=0,0.0098,2
2048,n<=128,sr<=5%,kvB<=16k,kp<=1k,0.0411,8
2048,n<=128,sr<=5%,kvB<=16k,kp<=2k,0.0444,8
2048,n<=128,sr<=5%,kvB<=16k,kp<=4k,0.0404,8
2048,n<=128,sr<=5%,kvB<=16k,kp<=512,0.0392,8
2048,n<=128,sr<=5%,kvB<=16k,kp<=8k,0.1268,8
2048,n<=128,sr<=5%,kvB<=16k,kp=0,0.0412,8
2048,n<=128,sr<=5%,kvB<=1k,kp<=1k,0.0508,8
2048,n<=128,sr<=5%,kvB<=1k,kp<=2k,0.1395,8
2048,n<=128,sr<=5%,kvB<=1k,kp<=4k,0.1349,8
2048,n<=128,sr<=5%,kvB<=1k,kp<=512,0.0799,8
2048,n<=128,sr<=5%,kvB<=1k,kp<=8k,-0.6102,6
2048,n<=128,sr<=5%,kvB<=1k,kp=0,0.0495,8
2048,n<=128,sr<=5%,kvB<=4k,kp<=1k,0.0367,8
2048,n<=128,sr<=5%,kvB<=4k,kp<=2k,0.001,8
2048,n<=128,sr<=5%,kvB<=4k,kp<=4k,0.0418,8
2048,n<=128,sr<=5%,kvB<=4k,kp<=512,0.0306,8
2048,n<=128,sr<=5%,kvB<=4k,kp<=8k,-0.0218,8
2048,n<=128,sr<=5%,kvB<=4k,kp=0,0.0414,8
2048,n<=128,sr<=70%,kvB<=16k,kp<=1k,0.0085,2
2048,n<=128,sr<=70%,kvB<=16k,kp<=2k,0.0273,2
2048,n<=128,sr<=70%,kvB<=16k,kp<=4k,-0.0308,2
2048,n<=128,sr<=70%,kvB<=16k,kp<=512,-0.0258,2
2048,n<=128,sr<=70%,kvB<=16k,kp<=8k,-0.0691,2
2048,n<=128,sr<=70%,kvB<=16k,kp=0,-0.0246,2
2048,n<=128,sr<=70%,kvB<=1k,kp<=1k,-0.0491,2
2048,n<=128,sr<=70%,kvB<=1k,kp<=2k,-0.0568,2
2048,n<=128,sr<=70%,kvB<=1k,kp<=4k,-0.3931,2
2048,n<=128,sr<=70%,kvB<=1k,kp<=512,-0.0475,2
2048,n<=128,sr<=70%,kvB<=1k,kp=0,-0.0497,2
2048,n<=128,sr<=70%,kvB<=4k,kp<=1k,-0.0333,2
2048,n<=128,sr<=70%,kvB<=4k,kp<=2k,-0.0748,2
2048,n<=128,sr<=70%,kvB<=4k,kp<=4k,-0.0035,2
2048,n<=128,sr<=70%,kvB<=4k,kp<=512,-0.0296,2
2048,n<=128,sr<=70%,kvB<=4k,kp<=8k,-37.7438,1
2048,n<=128,sr<=70%,kvB<=4k,kp=0,-0.0353,2
2048,n<=128,sr>70%,kvB<=16k,kp<=1k,0.0174,4
2048,n<=128,sr>70%,kvB<=16k,kp<=2k,-0.045,4
2048,n<=128,sr>70%,kvB<=16k,kp<=4k,-0.0068,4
2048,n<=128,sr>70%,kvB<=16k,kp<=512,-0.0723,4
2048,n<=128,sr>70%,kvB<=16k,kp<=8k,0.3579,4
2048,n<=128,sr>70%,kvB<=16k,kp=0,-0.0729,4
2048,n<=128,sr>70%,kvB<=1k,kp<=1k,-0.1351,4
2048,n<=128,sr>70%,kvB<=1k,kp<=2k,-0.1516,4
2048,n<=128,sr>70%,kvB<=1k,kp<=4k,0.3894,3
2048,n<=128,sr>70%,kvB<=1k,kp<=512,-0.1105,4
2048,n<=128,sr>70%,kvB<=1k,kp<=8k,-6.1582,2
2048,n<=128,sr>70%,kvB<=1k,kp=0,-0.0836,4
2048,n<=128,sr>70%,kvB<=4k,kp<=1k,-0.1265,4
2048,n<=128,sr>70%,kvB<=4k,kp<=2k,-0.2809,4
2048,n<=128,sr>70%,kvB<=4k,kp<=4k,-0.1405,4
2048,n<=128,sr>70%,kvB<=4k,kp<=512,-0.1279,4
2048,n<=128,sr>70%,kvB<=4k,kp<=8k,-1.9141,4
2048,n<=128,sr>70%,kvB<=4k,kp=0,-0.0695,4
2048,n<=16,sr<=15%,kvB<=16k,kp<=1k,0.1468,4
2048,n<=16,sr<=15%,kvB<=16k,kp<=2k,0.151,4
2048,n<=16,sr<=15%,kvB<=16k,kp<=4k,0.1517,4
2048,n<=16,sr<=15%,kvB<=16k,kp<=512,0.1522,4
2048,n<=16,sr<=15%,kvB<=16k,kp<=8k,-0.1083,4
2048,n<=16,sr<=15%,kvB<=16k,kp=0,0.1507,4
2048,n<=16,sr<=15%,kvB<=1k,kp<=1k,0.2035,4
2048,n<=16,sr<=15%,kvB<=1k,kp<=2k,0.1963,4
2048,n<=16,sr<=15%,kvB<=1k,kp<=4k,0.1895,4
2048,n<=16,sr<=15%,kvB<=1k,kp<=512,0.2047,4
2048,n<=16,sr<=15%,kvB<=1k,kp<=8k,0.8482,2
2048,n<=16,sr<=15%,kvB<=1k,kp=0,0.2031,4
2048,n<=16,sr<=15%,kvB<=4k,kp<=1k,0.1423,4
2048,n<=16,sr<=15%,kvB<=4k,kp<=2k,0.1559,4
2048,n<=16,sr<=15%,kvB<=4k,kp<=4k,0.1576,4
2048,n<=16,sr<=15%,kvB<=4k,kp<=512,0.145,4
2048,n<=16,sr<=15%,kvB<=4k,kp<=8k,0.0033,4
2048,n<=16,sr<=15%,kvB<=4k,kp=0,0.1542,4
2048,n<=16,sr<=40%,kvB<=16k,kp<=1k,0.5455,4
2048,n<=16,sr<=40%,kvB<=16k,kp<=2k,0.5416,4
2048,n<=16,sr<=40%,kvB<=16k,kp<=4k,0.5444,4
2048,n<=16,sr<=40%,kvB<=16k,kp<=512,0.5448,4
2048,n<=16,sr<=40%,kvB<=16k,kp<=8k,0.2978,4
2048,n<=16,sr<=40%,kvB<=16k,kp=0,0.5427,4
2048,n<=16,sr<=40%,kvB<=1k,kp<=1k,0.503,4
2048,n<=16,sr<=40%,kvB<=1k,kp<=2k,0.5291,4
2048,n<=16,sr<=40%,kvB<=1k,kp<=4k,0.4941,4
2048,n<=16,sr<=40%,kvB<=1k,kp<=512,0.4953,4
2048,n<=16,sr<=40%,kvB<=1k,kp<=8k,5.2302,2
2048,n<=16,sr<=40%,kvB<=1k,kp=0,0.4962,4
2048,n<=16,sr<=40%,kvB<=4k,kp<=1k,0.5331,4
2048,n<=16,sr<=40%,kvB<=4k,kp<=2k,0.5323,4
2048,n<=16,sr<=40%,kvB<=4k,kp<=4k,0.5228,4
2048,n<=16,sr<=40%,kvB<=4k,kp<=512,0.521,4
2048,n<=16,sr<=40%,kvB<=4k,kp<=8k,0.5421,4
2048,n<=16,sr<=40%,kvB<=4k,kp=0,0.5245,4
2048,n<=16,sr<=70%,kvB<=16k,kp<=1k,0.3352,2
2048,n<=16,sr<=70%,kvB<=16k,kp<=2k,0.3303,2
2048,n<=16,sr<=70%,kvB<=16k,kp<=4k,0.3281,2
2048,n<=16,sr<=70%,kvB<=16k,kp<=512,0.3361,2
2048,n<=16,sr<=70%,kvB<=16k,kp<=8k,-0.7824,2
2048,n<=16,sr<=70%,kvB<=16k,kp=0,0.3357,2
2048,n<=16,sr<=70%,kvB<=1k,kp<=1k,0.2007,2
2048,n<=16,sr<=70%,kvB<=1k,kp<=2k,0.1884,2
2048,n<=16,sr<=70%,kvB<=1k,kp<=4k,0.2837,2
2048,n<=16,sr<=70%,kvB<=1k,kp<=512,0.2342,2
2048,n<=16,sr<=70%,kvB<=1k,kp<=8k,0.9064,1
2048,n<=16,sr<=70%,kvB<=1k,kp=0,0.2517,2
2048,n<=16,sr<=70%,kvB<=4k,kp<=1k,0.3012,2
2048,n<=16,sr<=70%,kvB<=4k,kp<=2k,0.3136,2
2048,n<=16,sr<=70%,kvB<=4k,kp<=4k,0.2897,2
2048,n<=16,sr<=70%,kvB<=4k,kp<=512,0.305,2
2048,n<=16,sr<=70%,kvB<=4k,kp<=8k,0.2918,2
2048,n<=16,sr<=70%,kvB<=4k,kp=0,0.2984,2
2048,n<=16,sr>70%,kvB<=16k,kp<=1k,0.5121,4
2048,n<=16,sr>70%,kvB<=16k,kp<=2k,0.5053,4
2048,n<=16,sr>70%,kvB<=16k,kp<=4k,0.4981,4
2048,n<=16,sr>70%,kvB<=16k,kp<=512,0.5073,4
2048,n<=16,sr>70%,kvB<=16k,kp<=8k,1.1123,3
2048,n<=16,sr>70%,kvB<=16k,kp=0,0.5134,4
2048,n<=16,sr>70%,kvB<=1k,kp<=1k,0.4641,4
2048,n<=16,sr>70%,kvB<=1k,kp<=2k,0.4397,4
2048,n<=16,sr>70%,kvB<=1k,kp<=4k,0.4827,4
2048,n<=16,sr>70%,kvB<=1k,kp<=512,0.4744,4
2048,n<=16,sr>70%,kvB<=1k,kp<=8k,-4.0802,4
2048,n<=16,sr>70%,kvB<=1k,kp=0,0.5159,4
2048,n<=16,sr>70%,kvB<=4k,kp<=1k,0.5211,4
2048,n<=16,sr>70%,kvB<=4k,kp<=2k,0.5013,4
2048,n<=16,sr>70%,kvB<=4k,kp<=4k,0.5246,4
2048,n<=16,sr>70%,kvB<=4k,kp<=512,0.5113,4
2048,n<=16,sr>70%,kvB<=4k,kp<=8k,0.0767,4
2048,n<=16,sr>70%,kvB<=4k,kp=0,0.5239,4
2048,n<=2,sr<=70%,kvB<=16k,kp<=1k,-0.0123,2
2048,n<=2,sr<=70%,kvB<=16k,kp<=2k,-0.019,2
2048,n<=2,sr<=70%,kvB<=16k,kp<=4k,0.0195,2
2048,n<=2,sr<=70%,kvB<=16k,kp<=512,-0.0223,2
2048,n<=2,sr<=70%,kvB<=16k,kp<=8k,-1.5426,1
2048,n<=2,sr<=70%,kvB<=16k,kp=0,0.0077,2
2048,n<=2,sr<=70%,kvB<=1k,kp<=1k,0.1757,2
2048,n<=2,sr<=70%,kvB<=1k,kp<=2k,0.1149,2
2048,n<=2,sr<=70%,kvB<=1k,kp<=4k,0.2922,2
2048,n<=2,sr<=70%,kvB<=1k,kp<=512,-0.0385,2
2048,n<=2,sr<=70%,kvB<=1k,kp<=8k,-0.1703,1
2048,n<=2,sr<=70%,kvB<=1k,kp=0,-0.2832,2
2048,n<=2,sr<=70%,kvB<=4k,kp<=1k,0.031,2
2048,n<=2,sr<=70%,kvB<=4k,kp<=2k,0.076,2
2048,n<=2,sr<=70%,kvB<=4k,kp<=4k,0.2232,2
2048,n<=2,sr<=70%,kvB<=4k,kp<=512,0.0601,2
2048,n<=2,sr<=70%,kvB<=4k,kp<=8k,0.0087,1
2048,n<=2,sr<=70%,kvB<=4k,kp=0,0.0427,2
2048,n<=32,sr<=15%,kvB<=16k,kp<=1k,0.294,6
2048,n<=32,sr<=15%,kvB<=16k,kp<=2k,0.2836,6
2048,n<=32,sr<=15%,kvB<=16k,kp<=4k,0.2762,6
2048,n<=32,sr<=15%,kvB<=16k,kp<=512,0.2965,6
2048,n<=32,sr<=15%,kvB<=16k,kp<=8k,0.2232,6
2048,n<=32,sr<=15%,kvB<=16k,kp=0,0.2863,6
2048,n<=32,sr<=15%,kvB<=1k,kp<=1k,0.2822,6
2048,n<=32,sr<=15%,kvB<=1k,kp<=2k,0.3126,6
2048,n<=32,sr<=15%,kvB<=1k,kp<=4k,0.4888,6
2048,n<=32,sr<=15%,kvB<=1k,kp<=512,0.2951,6
2048,n<=32,sr<=15%,kvB<=1k,kp<=8k,0.2179,5
2048,n<=32,sr<=15%,kvB<=1k,kp=0,0.3151,6
2048,n<=32,sr<=15%,kvB<=4k,kp<=1k,0.2804,6
2048,n<=32,sr<=15%,kvB<=4k,kp<=2k,0.2902,6
2048,n<=32,sr<=15%,kvB<=4k,kp<=4k,0.281,6
2048,n<=32,sr<=15%,kvB<=4k,kp<=512,0.2778,6
2048,n<=32,sr<=15%,kvB<=4k,kp<=8k,0.3154,5
2048,n<=32,sr<=15%,kvB<=4k,kp=0,0.2966,6
2048,n<=32,sr<=40%,kvB<=16k,kp<=1k,0.2417,2
2048,n<=32,sr<=40%,kvB<=16k,kp<=2k,0.2424,2
2048,n<=32,sr<=40%,kvB<=16k,kp<=4k,0.2616,2
2048,n<=32,sr<=40%,kvB<=16k,kp<=512,0.2449,2
2048,n<=32,sr<=40%,kvB<=16k,kp<=8k,0.6347,2
2048,n<=32,sr<=40%,kvB<=16k,kp=0,0.2507,2
2048,n<=32,sr<=40%,kvB<=1k,kp<=1k,0.2501,2
2048,n<=32,sr<=40%,kvB<=1k,kp<=2k,0.2089,2
2048,n<=32,sr<=40%,kvB<=1k,kp<=4k,0.2045,2
2048,n<=32,sr<=40%,kvB<=1k,kp<=512,0.2275,2
2048,n<=32,sr<=40%,kvB<=1k,kp=0,0.2324,2
2048,n<=32,sr<=40%,kvB<=4k,kp<=1k,0.2403,2
2048,n<=32,sr<=40%,kvB<=4k,kp<=2k,0.232,2
2048,n<=32,sr<=40%,kvB<=4k,kp<=4k,0.2362,2
2048,n<=32,sr<=40%,kvB<=4k,kp<=512,0.2477,2
2048,n<=32,sr<=40%,kvB<=4k,kp<=8k,-0.1104,2
2048,n<=32,sr<=40%,kvB<=4k,kp=0,0.2264,2
2048,n<=32,sr<=5%,kvB<=16k,kp<=1k,0.2841,2
2048,n<=32,sr<=5%,kvB<=16k,kp<=2k,0.2611,2
2048,n<=32,sr<=5%,kvB<=16k,kp<=4k,0.2861,2
2048,n<=32,sr<=5%,kvB<=16k,kp<=512,0.2846,2
2048,n<=32,sr<=5%,kvB<=16k,kp<=8k,0.545,2
2048,n<=32,sr<=5%,kvB<=16k,kp=0,0.2891,2
2048,n<=32,sr<=5%,kvB<=1k,kp<=1k,0.3158,2
2048,n<=32,sr<=5%,kvB<=1k,kp<=2k,0.2738,2
2048,n<=32,sr<=5%,kvB<=1k,kp<=4k,0.4872,2
2048,n<=32,sr<=5%,kvB<=1k,kp<=512,0.3099,2
2048,n<=32,sr<=5%,kvB<=1k,kp<=8k,-0.0068,2
2048,n<=32,sr<=5%,kvB<=1k,kp=0,0.2928,2
2048,n<=32,sr<=5%,kvB<=4k,kp<=1k,0.2896,2
2048,n<=32,sr<=5%,kvB<=4k,kp<=2k,0.2778,2
2048,n<=32,sr<=5%,kvB<=4k,kp<=4k,0.2826,2
2048,n<=32,sr<=5%,kvB<=4k,kp<=512,0.3123,2
2048,n<=32,sr<=5%,kvB<=4k,kp<=8k,0.2248,2
2048,n<=32,sr<=5%,kvB<=4k,kp=0,0.2986,2
2048,n<=32,sr<=70%,kvB<=16k,kp<=1k,0.2673,2
2048,n<=32,sr<=70%,kvB<=16k,kp<=2k,0.2682,2
2048,n<=32,sr<=70%,kvB<=16k,kp<=4k,0.271,2
2048,n<=32,sr<=70%,kvB<=16k,kp<=512,0.2629,2
2048,n<=32,sr<=70%,kvB<=16k,kp<=8k,-0.6117,2
2048,n<=32,sr<=70%,kvB<=16k,kp=0,0.2683,2
2048,n<=32,sr<=70%,kvB<=1k,kp<=1k,0.2452,2
2048,n<=32,sr<=70%,kvB<=1k,kp<=2k,0.2761,2
2048,n<=32,sr<=70%,kvB<=1k,kp<=4k,0.3495,2
2048,n<=32,sr<=70%,kvB<=1k,kp<=512,0.2689,2
2048,n<=32,sr<=70%,kvB<=1k,kp<=8k,0.8927,2
2048,n<=32,sr<=70%,kvB<=1k,kp=0,0.2509,2
2048,n<=32,sr<=70%,kvB<=4k,kp<=1k,0.2697,2
2048,n<=32,sr<=70%,kvB<=4k,kp<=2k,0.2932,2
2048,n<=32,sr<=70%,kvB<=4k,kp<=4k,0.2906,2
2048,n<=32,sr<=70%,kvB<=4k,kp<=512,0.2905,2
2048,n<=32,sr<=70%,kvB<=4k,kp<=8k,-0.1018,1
2048,n<=32,sr<=70%,kvB<=4k,kp=0,0.3017,2
2048,n<=32,sr>70%,kvB<=16k,kp<=1k,0.8243,4
2048,n<=32,sr>70%,kvB<=16k,kp<=2k,0.7922,4
2048,n<=32,sr>70%,kvB<=16k,kp<=4k,0.3106,3
2048,n<=32,sr>70%,kvB<=16k,kp<=512,0.8178,4
2048,n<=32,sr>70%,kvB<=16k,kp<=8k,0.0494,3
2048,n<=32,sr>70%,kvB<=16k,kp=0,0.8355,4
2048,n<=32,sr>70%,kvB<=1k,kp<=1k,0.654,4
2048,n<=32,sr>70%,kvB<=1k,kp<=2k,0.6974,4
2048,n<=32,sr>70%,kvB<=1k,kp<=4k,1.422,4
2048,n<=32,sr>70%,kvB<=1k,kp<=512,0.8027,4
2048,n<=32,sr>70%,kvB<=1k,kp<=8k,0.6159,4
2048,n<=32,sr>70%,kvB<=1k,kp=0,0.8069,4
2048,n<=32,sr>70%,kvB<=4k,kp<=1k,0.7594,4
2048,n<=32,sr>70%,kvB<=4k,kp<=2k,0.7522,4
2048,n<=32,sr>70%,kvB<=4k,kp<=4k,0.8235,4
2048,n<=32,sr>70%,kvB<=4k,kp<=512,0.8122,4
2048,n<=32,sr>70%,kvB<=4k,kp<=8k,-0.0242,1
2048,n<=32,sr>70%,kvB<=4k,kp=0,0.7827,4
2048,n<=4,sr<=40%,kvB<=16k,kp<=1k,0.001,2
2048,n<=4,sr<=40%,kvB<=16k,kp<=2k,-0.0053,2
2048,n<=4,sr<=40%,kvB<=16k,kp<=4k,-0.0073,2
2048,n<=4,sr<=40%,kvB<=16k,kp<=512,-0.0039,2
2048,n<=4,sr<=40%,kvB<=16k,kp<=8k,0.4812,2
2048,n<=4,sr<=40%,kvB<=16k,kp=0,0.016,2
2048,n<=4,sr<=40%,kvB<=1k,kp<=1k,0.1615,2
2048,n<=4,sr<=40%,kvB<=1k,kp<=2k,0.1143,2
2048,n<=4,sr<=40%,kvB<=1k,kp<=4k,0.202,2
2048,n<=4,sr<=40%,kvB<=1k,kp<=512,0.0518,2
2048,n<=4,sr<=40%,kvB<=1k,kp<=8k,-7.2238,2
2048,n<=4,sr<=40%,kvB<=1k,kp=0,-0.0151,2
2048,n<=4,sr<=40%,kvB<=4k,kp<=1k,-0.0189,2
2048,n<=4,sr<=40%,kvB<=4k,kp<=2k,0.013,2
2048,n<=4,sr<=40%,kvB<=4k,kp<=4k,0.0216,2
2048,n<=4,sr<=40%,kvB<=4k,kp<=512,-0.0245,2
2048,n<=4,sr<=40%,kvB<=4k,kp<=8k,0.0319,2
2048,n<=4,sr<=40%,kvB<=4k,kp=0,-0.0179,2
2048,n<=4,sr<=70%,kvB<=16k,kp<=1k,-0.0383,2
2048,n<=4,sr<=70%,kvB<=16k,kp<=2k,-0.0396,2
2048,n<=4,sr<=70%,kvB<=16k,kp<=4k,-0.0606,2
2048,n<=4,sr<=70%,kvB<=16k,kp<=512,-0.0336,2
2048,n<=4,sr<=70%,kvB<=16k,kp<=8k,0.7527,2
2048,n<=4,sr<=70%,kvB<=16k,kp=0,-0.0334,2
2048,n<=4,sr<=70%,kvB<=1k,kp<=1k,-0.0675,2
2048,n<=4,sr<=70%,kvB<=1k,kp<=2k,-0.3019,2
2048,n<=4,sr<=70%,kvB<=1k,kp<=4k,0.1389,2
2048,n<=4,sr<=70%,kvB<=1k,kp<=512,0.0362,2
2048,n<=4,sr<=70%,kvB<=1k,kp<=8k,-0.2826,2
2048,n<=4,sr<=70%,kvB<=1k,kp=0,-0.1447,2
2048,n<=4,sr<=70%,kvB<=4k,kp<=1k,-0.0488,2
2048,n<=4,sr<=70%,kvB<=4k,kp<=2k,-0.0243,2
2048,n<=4,sr<=70%,kvB<=4k,kp<=4k,-0.1403,2
2048,n<=4,sr<=70%,kvB<=4k,kp<=512,-0.0497,2
2048,n<=4,sr<=70%,kvB<=4k,kp<=8k,10.1835,1
2048,n<=4,sr<=70%,kvB<=4k,kp=0,-0.0852,2
2048,n<=4,sr>70%,kvB<=16k,kp<=1k,-0.0113,2
2048,n<=4,sr>70%,kvB<=16k,kp<=2k,-0.0099,2
2048,n<=4,sr>70%,kvB<=16k,kp<=4k,0.014,2
2048,n<=4,sr>70%,kvB<=16k,kp<=512,-0.0174,2
2048,n<=4,sr>70%,kvB<=16k,kp<=8k,0.8678,1
2048,n<=4,sr>70%,kvB<=16k,kp=0,-0.0057,2
2048,n<=4,sr>70%,kvB<=1k,kp<=1k,-0.2765,2
2048,n<=4,sr>70%,kvB<=1k,kp<=2k,-0.0041,2
2048,n<=4,sr>70%,kvB<=1k,kp<=4k,-0.016,2
2048,n<=4,sr>70%,kvB<=1k,kp<=512,0.0922,2
2048,n<=4,sr>70%,kvB<=1k,kp<=8k,-0.105,1
2048,n<=4,sr>70%,kvB<=1k,kp=0,-0.0217,2
2048,n<=4,sr>70%,kvB<=4k,kp<=1k,0.0278,2
2048,n<=4,sr>70%,kvB<=4k,kp<=2k,-0.0408,2
2048,n<=4,sr>70%,kvB<=4k,kp<=4k,0.017,2
2048,n<=4,sr>70%,kvB<=4k,kp<=512,0.02,2
2048,n<=4,sr>70%,kvB<=4k,kp<=8k,-3.9297,2
2048,n<=4,sr>70%,kvB<=4k,kp=0,-0.0326,2
2048,n<=64,sr<=15%,kvB<=16k,kp<=1k,0.0779,4
2048,n<=64,sr<=15%,kvB<=16k,kp<=2k,0.108,4
2048,n<=64,sr<=15%,kvB<=16k,kp<=4k,0.1055,4
2048,n<=64,sr<=15%,kvB<=16k,kp<=512,0.0899,4
2048,n<=64,sr<=15%,kvB<=16k,kp<=8k,0.1409,4
2048,n<=64,sr<=15%,kvB<=16k,kp=0,0.1043,4
2048,n<=64,sr<=15%,kvB<=1k,kp<=1k,0.3004,4
2048,n<=64,sr<=15%,kvB<=1k,kp<=2k,0.4467,4
2048,n<=64,sr<=15%,kvB<=1k,kp<=4k,0.1166,4
2048,n<=64,sr<=15%,kvB<=1k,kp<=512,0.1238,4
2048,n<=64,sr<=15%,kvB<=1k,kp<=8k,0.2182,3
2048,n<=64,sr<=15%,kvB<=1k,kp=0,0.1136,4
2048,n<=64,sr<=15%,kvB<=4k,kp<=1k,0.1107,4
2048,n<=64,sr<=15%,kvB<=4k,kp<=2k,0.1051,4
2048,n<=64,sr<=15%,kvB<=4k,kp<=4k,0.1018,4
2048,n<=64,sr<=15%,kvB<=4k,kp<=512,0.1041,4
2048,n<=64,sr<=15%,kvB<=4k,kp<=8k,0.2615,4
2048,n<=64,sr<=15%,kvB<=4k,kp=0,0.1094,4
2048,n<=64,sr<=40%,kvB<=16k,kp<=1k,0.047,2
2048,n<=64,sr<=40%,kvB<=16k,kp<=2k,0.0513,2
2048,n<=64,sr<=40%,kvB<=16k,kp<=4k,0.0128,2
2048,n<=64,sr<=40%,kvB<=16k,kp<=512,0.0797,2
2048,n<=64,sr<=40%,kvB<=16k,kp<=8k,-0.2343,2
2048,n<=64,sr<=40%,kvB<=16k,kp=0,0.0324,2
2048,n<=64,sr<=40%,kvB<=1k,kp<=1k,0.0715,2
2048,n<=64,sr<=40%,kvB<=1k,kp<=2k,0.3259,2
2048,n<=64,sr<=40%,kvB<=1k,kp<=4k,0.0901,2
2048,n<=64,sr<=40%,kvB<=1k,kp<=512,0.3538,2
2048,n<=64,sr<=40%,kvB<=1k,kp<=8k,2.5041,1
2048,n<=64,sr<=40%,kvB<=1k,kp=0,0.0741,2
2048,n<=64,sr<=40%,kvB<=4k,kp<=1k,0.0712,2
2048,n<=64,sr<=40%,kvB<=4k,kp<=2k,0.0738,2
2048,n<=64,sr<=40%,kvB<=4k,kp<=4k,0.069,2
2048,n<=64,sr<=40%,kvB<=4k,kp<=512,0.0688,2
2048,n<=64,sr<=40%,kvB<=4k,kp<=8k,-0.6794,2
2048,n<=64,sr<=40%,kvB<=4k,kp=0,0.0685,2
2048,n<=64,sr<=5%,kvB<=16k,kp<=1k,0.0994,6
2048,n<=64,sr<=5%,kvB<=16k,kp<=2k,0.1026,6
2048,n<=64,sr<=5%,kvB<=16k,kp<=4k,0.1412,6
2048,n<=64,sr<=5%,kvB<=16k,kp<=512,0.1119,6
2048,n<=64,sr<=5%,kvB<=16k,kp<=8k,0.0843,6
2048,n<=64,sr<=5%,kvB<=16k,kp=0,0.1321,6
2048,n<=64,sr<=5%,kvB<=1k,kp<=1k,0.2774,6
2048,n<=64,sr<=5%,kvB<=1k,kp<=2k,0.1863,6
2048,n<=64,sr<=5%,kvB<=1k,kp<=4k,0.1421,6
2048,n<=64,sr<=5%,kvB<=1k,kp<=512,0.1331,6
2048,n<=64,sr<=5%,kvB<=1k,kp<=8k,1.1417,4
2048,n<=64,sr<=5%,kvB<=1k,kp=0,0.1337,6
2048,n<=64,sr<=5%,kvB<=4k,kp<=1k,0.1262,6
2048,n<=64,sr<=5%,kvB<=4k,kp<=2k,0.1281,6
2048,n<=64,sr<=5%,kvB<=4k,kp<=4k,0.1187,6
2048,n<=64,sr<=5%,kvB<=4k,kp<=512,0.1303,6
2048,n<=64,sr<=5%,kvB<=4k,kp<=8k,-0.0483,6
2048,n<=64,sr<=5%,kvB<=4k,kp=0,0.1271,6
2048,n<=64,sr<=70%,kvB<=16k,kp<=1k,0.1224,2
2048,n<=64,sr<=70%,kvB<=16k,kp<=2k,0.1274,2
2048,n<=64,sr<=70%,kvB<=16k,kp<=4k,0.1123,2
2048,n<=64,sr<=70%,kvB<=16k,kp<=512,0.1181,2
2048,n<=64,sr<=70%,kvB<=16k,kp<=8k,-0.4944,2
2048,n<=64,sr<=70%,kvB<=16k,kp=0,0.1212,2
2048,n<=64,sr<=70%,kvB<=1k,kp<=1k,0.1121,2
2048,n<=64,sr<=70%,kvB<=1k,kp<=2k,0.1268,2
2048,n<=64,sr<=70%,kvB<=1k,kp<=4k,1.0278,2
2048,n<=64,sr<=70%,kvB<=1k,kp<=512,0.1059,2
2048,n<=64,sr<=70%,kvB<=1k,kp<=8k,0.1105,2
2048,n<=64,sr<=70%,kvB<=1k,kp=0,0.0975,2
2048,n<=64,sr<=70%,kvB<=4k,kp<=1k,0.1053,2
2048,n<=64,sr<=70%,kvB<=4k,kp<=2k,0.1114,2
2048,n<=64,sr<=70%,kvB<=4k,kp<=4k,0.1268,2
2048,n<=64,sr<=70%,kvB<=4k,kp<=512,0.1175,2
2048,n<=64,sr<=70%,kvB<=4k,kp<=8k,-0.2195,2
2048,n<=64,sr<=70%,kvB<=4k,kp=0,0.1245,2
2048,n<=64,sr>70%,kvB<=16k,kp<=1k,-0.1648,4
2048,n<=64,sr>70%,kvB<=16k,kp<=2k,-0.5168,3
2048,n<=64,sr>70%,kvB<=16k,kp<=4k,0.1134,4
2048,n<=64,sr>70%,kvB<=16k,kp<=512,0.0951,4
2048,n<=64,sr>70%,kvB<=16k,kp<=8k,-0.3778,3
2048,n<=64,sr>70%,kvB<=16k,kp=0,0.0431,4
2048,n<=64,sr>70%,kvB<=1k,kp<=1k,0.1005,4
2048,n<=64,sr>70%,kvB<=1k,kp<=2k,0.8402,4
2048,n<=64,sr>70%,kvB<=1k,kp<=4k,0.9591,4
2048,n<=64,sr>70%,kvB<=1k,kp<=512,0.4976,4
2048,n<=64,sr>70%,kvB<=1k,kp=0,0.1378,4
2048,n<=64,sr>70%,kvB<=4k,kp<=1k,0.0568,4
2048,n<=64,sr>70%,kvB<=4k,kp<=2k,0.0669,4
2048,n<=64,sr>70%,kvB<=4k,kp<=4k,0.0916,4
2048,n<=64,sr>70%,kvB<=4k,kp<=512,0.052,4
2048,n<=64,sr>70%,kvB<=4k,kp<=8k,-1.2706,1
2048,n<=64,sr>70%,kvB<=4k,kp=0,0.0725,4
2048,n<=8,sr<=15%,kvB<=16k,kp<=1k,0.1379,2
2048,n<=8,sr<=15%,kvB<=16k,kp<=2k,0.1397,2
2048,n<=8,sr<=15%,kvB<=16k,kp<=4k,0.1356,2
2048,n<=8,sr<=15%,kvB<=16k,kp<=512,0.131,2
2048,n<=8,sr<=15%,kvB<=16k,kp<=8k,-0.1314,2
2048,n<=8,sr<=15%,kvB<=16k,kp=0,0.1361,2
2048,n<=8,sr<=15%,kvB<=1k,kp<=1k,0.0388,2
2048,n<=8,sr<=15%,kvB<=1k,kp<=2k,0.0556,2
2048,n<=8,sr<=15%,kvB<=1k,kp<=4k,0.0253,2
2048,n<=8,sr<=15%,kvB<=1k,kp<=512,0.0063,2
2048,n<=8,sr<=15%,kvB<=1k,kp<=8k,-2.7947,2
2048,n<=8,sr<=15%,kvB<=1k,kp=0,0.0356,2
2048,n<=8,sr<=15%,kvB<=4k,kp<=1k,0.1203,2
2048,n<=8,sr<=15%,kvB<=4k,kp<=2k,0.1027,2
2048,n<=8,sr<=15%,kvB<=4k,kp<=4k,0.1022,2
2048,n<=8,sr<=15%,kvB<=4k,kp<=512,0.1058,2
2048,n<=8,sr<=15%,kvB<=4k,kp<=8k,-0.4517,2
2048,n<=8,sr<=15%,kvB<=4k,kp=0,0.1278,2
2048,n<=8,sr<=40%,kvB<=16k,kp<=1k,0.02,4
2048,n<=8,sr<=40%,kvB<=16k,kp<=2k,0.0237,4
2048,n<=8,sr<=40%,kvB<=16k,kp<=4k,0.0277,4
2048,n<=8,sr<=40%,kvB<=16k,kp<=512,0.028,4
2048,n<=8,sr<=40%,kvB<=16k,kp<=8k,-0.1996,3
2048,n<=8,sr<=40%,kvB<=16k,kp=0,0.0303,4
2048,n<=8,sr<=40%,kvB<=1k,kp<=1k,-0.0267,4
2048,n<=8,sr<=40%,kvB<=1k,kp<=2k,0.0704,4
2048,n<=8,sr<=40%,kvB<=1k,kp<=4k,-0.0184,4
2048,n<=8,sr<=40%,kvB<=1k,kp<=512,0.0084,4
2048,n<=8,sr<=40%,kvB<=1k,kp<=8k,2.539,2
2048,n<=8,sr<=40%,kvB<=1k,kp=0,0.0089,4
2048,n<=8,sr<=40%,kvB<=4k,kp<=1k,0.0004,4
2048,n<=8,sr<=40%,kvB<=4k,kp<=2k,0.0127,4
2048,n<=8,sr<=40%,kvB<=4k,kp<=4k,0.0152,4
2048,n<=8,sr<=40%,kvB<=4k,kp<=512,0.0117,4
2048,n<=8,sr<=40%,kvB<=4k,kp<=8k,-1.178,3
2048,n<=8,sr<=40%,kvB<=4k,kp=0,0.017,4
2048,n<=8,sr<=70%,kvB<=16k,kp<=1k,0.0826,2
2048,n<=8,sr<=70%,kvB<=16k,kp<=2k,0.0581,2
2048,n<=8,sr<=70%,kvB<=16k,kp<=4k,0.0308,2
2048,n<=8,sr<=70%,kvB<=16k,kp<=512,0.0587,2
2048,n<=8,sr<=70%,kvB<=16k,kp<=8k,-0.1134,2
2048,n<=8,sr<=70%,kvB<=16k,kp=0,0.0633,2
2048,n<=8,sr<=70%,kvB<=1k,kp<=1k,-0.0858,2
2048,n<=8,sr<=70%,kvB<=1k,kp<=2k,0.0007,2
2048,n<=8,sr<=70%,kvB<=1k,kp<=4k,-0.0598,2
2048,n<=8,sr<=70%,kvB<=1k,kp<=512,-0.16,2
2048,n<=8,sr<=70%,kvB<=1k,kp<=8k,0.1859,1
2048,n<=8,sr<=70%,kvB<=1k,kp=0,-0.0303,2
2048,n<=8,sr<=70%,kvB<=4k,kp<=1k,-0.0095,2
2048,n<=8,sr<=70%,kvB<=4k,kp<=2k,0.0109,2
2048,n<=8,sr<=70%,kvB<=4k,kp<=4k,0.0367,2
2048,n<=8,sr<=70%,kvB<=4k,kp<=512,0.0176,2
2048,n<=8,sr<=70%,kvB<=4k,kp=0,0.033,2
2048,n<=8,sr>70%,kvB<=16k,kp<=1k,0.5871,4
2048,n<=8,sr>70%,kvB<=16k,kp<=2k,0.5885,4
2048,n<=8,sr>70%,kvB<=16k,kp<=4k,0.5711,4
2048,n<=8,sr>70%,kvB<=16k,kp<=512,0.5872,4
2048,n<=8,sr>70%,kvB<=16k,kp<=8k,0.4352,2
2048,n<=8,sr>70%,kvB<=16k,kp=0,0.5974,4
2048,n<=8,sr>70%,kvB<=1k,kp<=1k,0.4724,4
2048,n<=8,sr>70%,kvB<=1k,kp<=2k,0.5796,4
2048,n<=8,sr>70%,kvB<=1k,kp<=4k,0.4315,4
2048,n<=8,sr>70%,kvB<=1k,kp<=512,0.4589,4
2048,n<=8,sr>70%,kvB<=1k,kp<=8k,-0.0812,1
2048,n<=8,sr>70%,kvB<=1k,kp=0,0.4438,4
2048,n<=8,sr>70%,kvB<=4k,kp<=1k,0.543,4
2048,n<=8,sr>70%,kvB<=4k,kp<=2k,0.5125,4
2048,n<=8,sr>70%,kvB<=4k,kp<=4k,0.5476,4
2048,n<=8,sr>70%,kvB<=4k,kp<=512,0.5903,4
2048,n<=8,sr>70%,kvB<=4k,kp<=8k,1.3798,2
2048,n<=8,sr>70%,kvB<=4k,kp=0,0.5015,4
