instance id,request id,model,input,output,arrival,end_time,latency,queuing_delay,TTFT,TPOT,ITL
0,0,meta-llama/Llama-3.1-8B,374,44,0,316721201,316721201,1,28904838,6693403,"[6693377, 6693377, 6693377, 6693377, 6693377, 6693377, 6693377, 6693409, 6693409, 6693409, 6693409, 6693409, 6693409, 6693409, 6693409, 6693409, 6693409, 6693409, 6693409, 6693409, 6693409, 6693409, 6693409, 6693409, 6693409, 6693409, 6693409, 6693409, 6693409, 6693409, 6693409, 6693409, 6693409, 6693409, 6693409, 6693409, 6693409, 6693409, 6693409, 6693409, 6693409, 6693409, 6693409]"
0,3,meta-llama/Llama-3.1-8B,91,16,4710427000,4838564554,128137554,16267,11672200,7764356,"[9394800, 7647803, 7647803, 7647835, 7647835, 7647867, 7647867, 7647899, 7647899, 7647931, 7647931, 7647963, 7647963, 7647963, 7647995]"
0,2,meta-llama/Llama-3.1-8B,879,55,4541877000,5020854186,478977186,46921,65424247,7658387,"[10218686, 7594628, 7594628, 7594660, 7594660, 7594692, 7594692, 7594724, 7594724, 7594756, 7594788, 7594788, 7594820, 7594852, 7594852, 7647803, 7647803, 7647803, 7647835, 7647835, 7647867, 7647867, 7647899, 7647899, 7647931, 7647931, 7647963, 7647963, 7647963, 7647995, 7595172, 7595204, 7595204, 7595236, 7595268, 7595268, 7595300, 7595332, 7595332, 7595364, 7595364, 7595396, 7595428, 7595428, 7595460, 7595492, 7595492, 7595524, 7595524, 7595524, 7595556, 7595556, 7595588, 7595620]"
0,1,meta-llama/Llama-3.1-8B,396,109,4314579000,5121256281,806677281,142201,34302938,7151614,"[6693409, 6693409, 6693409, 6693409, 6693409, 6693409, 6693409, 6693409, 6693409, 6693409, 6693409, 6693409, 6693409, 6693409, 6693409, 6693409, 6693409, 6693409, 6693409, 6693409, 6693409, 6693409, 6693409, 6693409, 6693409, 6693441, 6693441, 6693441, 6693441, 6693441, 6693441, 6693441, 6693441, 6693441, 6693441, 6693441, 6693441, 6693441, 6693441, 7594596, 7594628, 7594628, 7594660, 7594660, 7594692, 7594692, 7594724, 7594724, 7594756, 7594788, 7594788, 7594820, 7594852, 7594852, 7647803, 7647803, 7647803, 7647835, 7647835, 7647867, 7647867, 7647899, 7647899, 7647931, 7647931, 7647963, 7647963, 7647963, 7647995, 7595172, 7595204, 7595204, 7595236, 7595268, 7595268, 7595300, 7595332, 7595332, 7595364, 7595364, 7595396, 7595428, 7595428, 7595460, 7595492, 7595492, 7595524, 7595524, 7595524, 7595556, 7595556, 7595588, 7595620, 6693473, 6693473, 6693473, 6693473, 6693473, 6693473, 6693473, 6693473, 6693473, 6693473, 6693473, 6693473, 6693473, 6693473, 6693473]"
0,4,meta-llama/Llama-3.1-8B,91,16,5892655000,6005089189,112434189,601281,12257214,6678465,"[6674593, 6675169, 6675745, 6676321, 6676865, 6677409, 6677985, 6678529, 6679041, 6679585, 6680097, 6680641, 6681153, 6681665, 6682177]"
0,5,meta-llama/Llama-3.1-8B,381,84,6311529000,6896761662,585232662,560189,29678339,6693425,"[6693409, 6693409, 6693409, 6693409, 6693409, 6693409, 6693409, 6693409, 6693409, 6693409, 6693409, 6693409, 6693409, 6693409, 6693409, 6693409, 6693409, 6693409, 6693409, 6693409, 6693409, 6693409, 6693409, 6693409, 6693409, 6693409, 6693409, 6693409, 6693409, 6693409, 6693409, 6693409, 6693409, 6693409, 6693409, 6693409, 6693409, 6693409, 6693409, 6693409, 6693441, 6693441, 6693441, 6693441, 6693441, 6693441, 6693441, 6693441, 6693441, 6693441, 6693441, 6693441, 6693441, 6693441, 6693441, 6693441, 6693441, 6693441, 6693441, 6693441, 6693441, 6693441, 6693441, 6693441, 6693441, 6693441, 6693441, 6693441, 6693441, 6693441, 6693441, 6693441, 6693441, 6693441, 6693441, 6693441, 6693441, 6693441, 6693441, 6693441, 6693441, 6693441, 6693441]"
0,8,meta-llama/Llama-3.1-8B,242,14,8337078999,8462498924,125419925,26960,21666382,7981041,"[11937987, 7651163, 7651195, 7651227, 7651227, 7651259, 7651291, 7651323, 7651323, 7651355, 7651387, 7651387, 7651419]"
0,6,meta-llama/Llama-3.1-8B,1313,142,7745497000,8860705452,1115208452,264662,99359291,7204603,"[6699681, 6699681, 6699713, 6699713, 6699713, 6699713, 6699713, 6699745, 6699745, 6699745, 6699745, 6699777, 6699777, 6699777, 6699777, 6699809, 6699809, 6699809, 6699809, 6699809, 6699841, 6699841, 6699841, 6699841, 6699873, 6699873, 6699873, 6699873, 6699873, 6699905, 6699905, 6699905, 6699905, 6699937, 6699937, 6699937, 6699937, 6699937, 6699969, 6699969, 6699969, 6699969, 6700001, 6700001, 6700001, 6700001, 6700001, 6700033, 6700033, 6700033, 6700033, 6700065, 6700065, 6700065, 6700065, 6700065, 6700097, 6700097, 6700097, 6700097, 6700129, 6700129, 6700129, 6700129, 6700129, 6700161, 7598052, 7598084, 7598084, 7598116, 7598116, 7598148, 7598148, 7598180, 7598180, 7598212, 7651131, 7651163, 7651195, 7651227, 7651227, 7651259, 7651291, 7651323, 7651323, 7651355, 7651387, 7651387, 7651419, 7598436, 7598436, 7598468, 7598468, 7651163, 7651195, 7651227, 7651259, 7651259, 7651291, 7651323, 7651355, 7651355, 7651387, 7651419, 7651419, 7651451, 7651483, 7651515, 7651515, 7651547, 7651579, 7651579, 7651611, 7651643, 7651675, 7651675, 7651707, 7651739, 7651739, 7651771, 7651803, 7651835, 7651835, 7651867, 7651899, 7685037, 7685037, 7685069, 7685101, 7685133, 7685165, 7685197, 7685197, 7685229, 7685261, 7685293, 7685325, 7685357, 7685357, 7685389, 7685453]"
0,7,meta-llama/Llama-3.1-8B,388,84,8251431000,8921860260,670429260,72287,30932545,7704779,"[12285424, 7598084, 7598084, 7598116, 7598116, 7598148, 7598148, 7598180, 7598180, 7598212, 7651131, 7651163, 7651195, 7651227, 7651227, 7651259, 7651291, 7651323, 7651323, 7651355, 7651387, 7651387, 7651419, 7598436, 7598436, 7598468, 7598468, 7651163, 7651195, 7651227, 7651259, 7651259, 7651291, 7651323, 7651355, 7651355, 7651387, 7651419, 7651419, 7651451, 7651483, 7651515, 7651515, 7651547, 7651579, 7651579, 7651611, 7651643, 7651675, 7651675, 7651707, 7651739, 7651739, 7651771, 7651803, 7651835, 7651835, 7651867, 7651899, 7685037, 7685037, 7685069, 7685101, 7685133, 7685165, 7685197, 7685197, 7685229, 7685261, 7685293, 7685325, 7685357, 7685357, 7685389, 7685453, 7644315, 7644315, 7644315, 7644347, 7644347, 7644379, 7644379, 7644411]"
0,9,meta-llama/Llama-3.1-8B,209,152,8464985000,9644128401,1179143401,2201,20550834,7672798,"[15008061, 7651195, 7651227, 7651259, 7651259, 7651291, 7651323, 7651355, 7651355, 7651387, 7651419, 7651419, 7651451, 7651483, 7651515, 7651515, 7651547, 7651579, 7651579, 7651611, 7651643, 7651675, 7651675, 7651707, 7651739, 7651739, 7651771, 7651803, 7651835, 7651835, 7651867, 7651899, 7685037, 7685037, 7685069, 7685101, 7685133, 7685165, 7685197, 7685197, 7685229, 7685261, 7685293, 7685325, 7685357, 7685357, 7685389, 7685453, 7644315, 7644315, 7644315, 7644347, 7644347, 7644379, 7644379, 7644411, 7589252, 7589252, 7589252, 7589284, 7589284, 7589284, 7589284, 7589284, 7589284, 7589284, 7589316, 7589316, 7589316, 7589316, 7589316, 7589316, 7589316, 7589316, 7589348, 7589348, 7589348, 7589348, 7589348, 7589348, 7589348, 7589380, 7589380, 7589380, 7589380, 7589380, 7589380, 7589380, 7589380, 7589380, 7589412, 7589412, 7589412, 7589412, 7589412, 7589412, 7589412, 7589412, 7589412, 7589444, 7589444, 7589444, 7589444, 7589444, 7589444, 7589444, 7589444, 7589444, 7589444, 7589476, 7589476, 7589476, 7589476, 7589476, 7589476, 7589476, 7589476, 7589476, 7589476, 7589508, 7589508, 7589508, 7589508, 7589508, 7589508, 7589508, 7589508, 7589508, 7644699, 7644731, 7644731, 7644763, 7644763, 7644795, 7644795, 7644795, 7644827, 7644827, 7644827, 7644859, 7644859, 7644859, 7644891, 7644891, 7644923, 7644923, 7644923, 7644955, 7644955, 7644955, 7644987]"
0,10,meta-llama/Llama-3.1-8B,394,124,8700213000,9674487169,974274169,2396,33337693,7649890,"[11876196, 7685037, 7685069, 7685101, 7685133, 7685165, 7685197, 7685197, 7685229, 7685261, 7685293, 7685325, 7685357, 7685357, 7685389, 7685453, 7644315, 7644315, 7644315, 7644347, 7644347, 7644379, 7644379, 7644411, 7589252, 7589252, 7589252, 7589284, 7589284, 7589284, 7589284, 7589284, 7589284, 7589284, 7589316, 7589316, 7589316, 7589316, 7589316, 7589316, 7589316, 7589316, 7589348, 7589348, 7589348, 7589348, 7589348, 7589348, 7589348, 7589380, 7589380, 7589380, 7589380, 7589380, 7589380, 7589380, 7589380, 7589380, 7589412, 7589412, 7589412, 7589412, 7589412, 7589412, 7589412, 7589412, 7589412, 7589444, 7589444, 7589444, 7589444, 7589444, 7589444, 7589444, 7589444, 7589444, 7589444, 7589476, 7589476, 7589476, 7589476, 7589476, 7589476, 7589476, 7589476, 7589476, 7589476, 7589508, 7589508, 7589508, 7589508, 7589508, 7589508, 7589508, 7589508, 7589508, 7644699, 7644731, 7644731, 7644763, 7644763, 7644795, 7644795, 7644795, 7644827, 7644827, 7644827, 7644859, 7644859, 7644859, 7644891, 7644891, 7644923, 7644923, 7644923, 7644955, 7644955, 7644955, 7644987, 7589668, 7589700, 7589700, 7589700]"
0,11,meta-llama/Llama-3.1-8B,394,59,9427468000,9908216823,480748823,6698,33341995,7713910,"[15131572, 7644731, 7644731, 7644763, 7644763, 7644795, 7644795, 7644795, 7644827, 7644827, 7644827, 7644859, 7644859, 7644859, 7644891, 7644891, 7644923, 7644923, 7644923, 7644955, 7644955, 7644955, 7644987, 7589668, 7589700, 7589700, 7589700, 6693441, 6693441, 7597796, 7597828, 7597828, 7597860, 7597860, 7597892, 7597892, 7597924, 7597924, 7597956, 7597956, 7597988, 7597988, 7598020, 7598020, 7598052, 7598052, 7598084, 7598084, 7598116, 7598116, 7598148, 7598148, 7598180, 7598180, 7598212, 7598212, 7598212, 7598244]"
0,12,meta-llama/Llama-3.1-8B,1315,174,9582558000,10912594475,1330036475,364996,99517480,7112826,"[13396367, 7597828, 7597828, 7597860, 7597860, 7597892, 7597892, 7597924, 7597924, 7597956, 7597956, 7597988, 7597988, 7598020, 7598020, 7598052, 7598052, 7598084, 7598084, 7598116, 7598116, 7598148, 7598148, 7598180, 7598180, 7598212, 7598212, 7598212, 7598244, 6699905, 6699905, 6699937, 6699937, 6699937, 6699937, 6699937, 6699969, 6699969, 6699969, 6699969, 6700001, 6700001, 6700001, 6700001, 6700001, 6700033, 6700033, 6700033, 6700033, 6700065, 6700065, 6700065, 6700065, 6700065, 6700097, 6700097, 6700097, 6700097, 6700129, 6700129, 6700129, 6700129, 6700129, 6700161, 6700161, 6700161, 6700161, 6700161, 6700193, 6700193, 6700193, 6700193, 6700225, 6700225, 6700225, 6700225, 6700225, 6700257, 6700257, 6700257, 6700257, 6700257, 6700289, 6700289, 6700289, 6700289, 6700321, 6700321, 6700321, 6700321, 6700321, 6700353, 6700353, 6700353, 6700353, 6700353, 6700385, 6700385, 6700385, 6700385, 6700417, 6700417, 6700417, 6700417, 6700417, 6700449, 6700449, 6700449, 6700449, 6700449, 6700481, 6700481, 6700481, 6700481, 6700513, 6700513, 6700513, 6700513, 6700513, 6700545, 6700545, 6700545, 6700545, 6700545, 6700577, 6700577, 6700577, 6700577, 6700577, 7598596, 7598596, 7598628, 7598628, 7598660, 7598660, 7598692, 7598692, 7598724, 7598724, 7598756, 7598756, 7598756, 7598788, 7598788, 7598820, 7598820, 7598852, 7598852, 7598884, 7598884, 7598916, 7598916, 7598948, 7598948, 7598980, 7598980, 7599012, 7599012, 7599044, 7599044, 7599076, 7599076, 7599076, 7599108, 7599108, 7599140, 7599140, 7599172, 7599172, 7599204, 7599204, 7599236, 7599236]"
0,13,meta-llama/Llama-3.1-8B,389,90,10546126000,11215592030,669466030,14105,31286634,7170555,"[8428133, 7598596, 7598628, 7598628, 7598660, 7598660, 7598692, 7598692, 7598724, 7598724, 7598756, 7598756, 7598756, 7598788, 7598788, 7598820, 7598820, 7598852, 7598852, 7598884, 7598884, 7598916, 7598916, 7598948, 7598948, 7598980, 7598980, 7599012, 7599012, 7599044, 7599044, 7599076, 7599076, 7599076, 7599108, 7599108, 7599140, 7599140, 7599172, 7599172, 7599204, 7599204, 7599236, 7599236, 6693441, 6693441, 6693441, 6693441, 6693441, 6693441, 6693441, 6693441, 6693441, 6693441, 6693441, 6693441, 6693441, 6693441, 6693441, 6693441, 6693441, 6693441, 6693441, 6693441, 6693441, 6693441, 6693441, 6693441, 6693441, 6693441, 6693441, 6693441, 6693441, 6693441, 6693441, 6693473, 6693473, 6693473, 6693473, 6693473, 6693473, 6693473, 6693473, 6693473, 6693473, 6693473, 6693473, 7589604, 7589604]"
0,15,meta-llama/Llama-3.1-8B,120,12,11430904000,11533342765,102438765,4384,12685301,8159405,"[13862160, 7589124, 7589124, 7589124, 7589124, 7589124, 7589124, 7589124, 7589124, 7589156, 7589156]"
0,14,meta-llama/Llama-3.1-8B,415,106,11157911000,11921144059,763233059,5041,36264168,6923513,"[13827258, 7589604, 6693409, 6693409, 6693409, 6693409, 6693441, 6693441, 6693441, 6693441, 6693441, 6693441, 6693441, 6693441, 6693441, 6693441, 6693441, 6693441, 6693441, 6693441, 6693441, 6693441, 6693441, 6693441, 6693441, 6693441, 6693441, 6693441, 6693441, 6693441, 6693441, 6693441, 6693441, 6693441, 6693441, 6693441, 6693441, 7589124, 7589124, 7589124, 7589124, 7589124, 7589124, 7589124, 7589124, 7589124, 7589156, 7589156, 6693441, 6693473, 6693473, 6693473, 6693473, 6693473, 6693473, 6693473, 6693473, 6693473, 6693473, 6693473, 6693473, 6693473, 6693473, 6693473, 6693473, 6693473, 6693473, 6693473, 6693473, 6693473, 6693473, 6693473, 6693473, 6693473, 6693473, 6693473, 6693473, 6693473, 6693473, 6693473, 6693473, 6693473, 6693473, 6693473, 6693473, 6693473, 6693473, 6693473, 6693473, 6693473, 6693473, 6693473, 6693473, 6693473, 6693473, 6693473, 6693473, 6693505, 7589604, 7589636, 7589668, 7589668, 7589668, 7589700, 7589700]"
0,16,meta-llama/Llama-3.1-8B,369,74,11836633000,12362909565,526276565,20674,28772939,6815118,"[10200080, 7589636, 7589668, 7589668, 7589668, 7589700, 7589700, 6693377, 6693377, 6693377, 6693377, 6693377, 6693409, 6693409, 6693409, 6693409, 6693409, 6693409, 6693409, 6693409, 6693409, 6693409, 6693409, 6693409, 6693409, 6693409, 6693409, 6693409, 6693409, 6693409, 6693409, 6693409, 6693409, 6693409, 6693409, 6693409, 6693409, 6693409, 6693409, 6693409, 6693409, 6693409, 6693409, 6693409, 6693409, 6693409, 6693409, 6693409, 6693409, 6693409, 6693409, 6693409, 6693441, 6693441, 6693441, 6693441, 6693441, 6693441, 6693441, 6693441, 6693441, 6693441, 6693441, 6693441, 6693441, 6693441, 6693441, 6693441, 6693441, 6693441, 6693441, 6693441, 6693441]"
0,17,meta-llama/Llama-3.1-8B,206,162,12886545000,14114799562,1228254562,364565,20719434,7500218,"[6693089, 6693089, 6693089, 6693089, 6693089, 6693089, 6693089, 6693089, 6693121, 6693121, 6693121, 6693121, 6693121, 6693121, 6693121, 6693121, 6693153, 6693153, 6693153, 6693153, 6693153, 6693153, 6693153, 6693153, 6693185, 7588772, 7588772, 7588772, 7588772, 7588772, 7588772, 7588772, 7649243, 7649243, 7649275, 7649307, 7649339, 7649371, 7649403, 7649403, 7649435, 7649467, 7649499, 7649531, 7649531, 7649563, 7649595, 7649627, 7649659, 7649691, 7649691, 7649723, 7649755, 7649787, 7649819, 7649819, 7649851, 7649883, 7649915, 7649947, 7649947, 7649979, 7650011, 7650043, 7650043, 7650075, 7650107, 7650139, 7650171, 7650171, 7650203, 7650235, 7650267, 7650299, 7650299, 7650331, 7650363, 7650395, 7650395, 7650427, 7650459, 7650491, 7650491, 7650523, 7650555, 7650587, 7650619, 7650651, 7650683, 7650715, 7650747, 7650747, 7650779, 7650811, 7650843, 7650843, 7650875, 7650907, 7650939, 7650939, 7650971, 7651003, 7651035, 7651035, 7651067, 7651099, 7651131, 7651131, 7651163, 7651195, 7651195, 7651227, 7651259, 7651291, 7651291, 7651323, 7651355, 7651387, 7651387, 7651419, 7651451, 7651451, 7651483, 7651515, 7651547, 7651547, 7651579, 7651611, 7651611, 7651643, 7651675, 7651707, 7651707, 7651739, 7651771, 7651771, 7651803, 7651835, 7651867, 7651899, 7651931, 7651963, 7651963, 7651995, 7652027, 7652059, 7652059, 7652091, 7652123, 7652123, 7652155, 7652187, 7652187, 7652219, 7652251, 7652251, 7652283, 7683981, 7684013, 7684045, 7684077]"
0,18,meta-llama/Llama-3.1-8B,1353,142,13025088000,14206945986,1181857986,20273,100377250,7670076,"[9897920, 7649243, 7649275, 7649307, 7649339, 7649371, 7649403, 7649403, 7649435, 7649467, 7649499, 7649531, 7649531, 7649563, 7649595, 7649627, 7649659, 7649691, 7649691, 7649723, 7649755, 7649787, 7649819, 7649819, 7649851, 7649883, 7649915, 7649947, 7649947, 7649979, 7650011, 7650043, 7650043, 7650075, 7650107, 7650139, 7650171, 7650171, 7650203, 7650235, 7650267, 7650299, 7650299, 7650331, 7650363, 7650395, 7650395, 7650427, 7650459, 7650491, 7650491, 7650523, 7650555, 7650587, 7650619, 7650651, 7650683, 7650715, 7650747, 7650747, 7650779, 7650811, 7650843, 7650843, 7650875, 7650907, 7650939, 7650939, 7650971, 7651003, 7651035, 7651035, 7651067, 7651099, 7651131, 7651131, 7651163, 7651195, 7651195, 7651227, 7651259, 7651291, 7651291, 7651323, 7651355, 7651387, 7651387, 7651419, 7651451, 7651451, 7651483, 7651515, 7651547, 7651547, 7651579, 7651611, 7651611, 7651643, 7651675, 7651707, 7651707, 7651739, 7651771, 7651771, 7651803, 7651835, 7651867, 7651899, 7651931, 7651963, 7651963, 7651995, 7652027, 7652059, 7652059, 7652091, 7652123, 7652123, 7652155, 7652187, 7652187, 7652219, 7652251, 7652251, 7652283, 7683981, 7684013, 7684045, 7684077, 7651067, 7651099, 7684301, 7684333, 7684365, 7684397, 7684397, 7684429, 7684461, 7684493, 7684525, 7684557]"
1,19,meta-llama/Llama-3.1-8B,197,152,13049843000,14229875955,1180032955,1100,19638118,7684734,"[12700177, 7588772, 7588772, 7588772, 7588772, 7588772, 7588772, 7649243, 7649243, 7649275, 7649307, 7649339, 7649371, 7649403, 7649403, 7649435, 7649467, 7649499, 7649531, 7649531, 7649563, 7649595, 7649627, 7649659, 7649691, 7649691, 7649723, 7649755, 7649787, 7649819, 7649819, 7649851, 7649883, 7649915, 7649947, 7649947, 7649979, 7650011, 7650043, 7650043, 7650075, 7650107, 7650139, 7650171, 7650171, 7650203, 7650235, 7650267, 7650299, 7650299, 7650331, 7650363, 7650395, 7650395, 7650427, 7650459, 7650491, 7650491, 7650523, 7650555, 7650587, 7650619, 7650651, 7650683, 7650715, 7650747, 7650747, 7650779, 7650811, 7650843, 7650843, 7650875, 7650907, 7650939, 7650939, 7650971, 7651003, 7651035, 7651035, 7651067, 7651099, 7651131, 7651131, 7651163, 7651195, 7651195, 7651227, 7651259, 7651291, 7651291, 7651323, 7651355, 7651387, 7651387, 7651419, 7651451, 7651451, 7651483, 7651515, 7651547, 7651547, 7651579, 7651611, 7651611, 7651643, 7651675, 7651707, 7651707, 7651739, 7651771, 7651771, 7651803, 7651835, 7651867, 7651899, 7651931, 7651963, 7651963, 7651995, 7652027, 7652059, 7652059, 7652091, 7652123, 7652123, 7652155, 7652187, 7652187, 7652219, 7652251, 7652251, 7652283, 7683981, 7684013, 7684045, 7684077, 7651067, 7651099, 7684301, 7684333, 7684365, 7684397, 7684397, 7684429, 7684461, 7684493, 7684525, 7684557, 7643291, 7643323, 7643355]"
0,21,meta-llama/Llama-3.1-8B,388,54,14097780000,14533443507,435663507,6563,30866821,7637673,"[9139208, 7684333, 7684365, 7684397, 7684397, 7684429, 7684461, 7684493, 7684525, 7684557, 7643291, 7643323, 7643355, 7589092, 7589092, 7589092, 7589124, 7589124, 7589124, 7589124, 7589124, 7589124, 7589124, 7589156, 7589156, 7589156, 7589156, 7589156, 7589156, 7589188, 7589188, 7589188, 7589188, 7589188, 7589188, 7589188, 7589220, 7589220, 7589220, 7589220, 7589220, 7589220, 7589220, 7589252, 7589252, 7589252, 7589252, 7589252, 7589252, 7589252, 7589284, 7589284, 7589284]"
0,20,meta-llama/Llama-3.1-8B,181,154,14059550000,15162613489,1103063489,6752,18900819,7086030,"[13296608, 7684013, 7684045, 7684077, 7651067, 7651099, 7684301, 7684333, 7684365, 7684397, 7684397, 7684429, 7684461, 7684493, 7684525, 7684557, 7643291, 7643323, 7643355, 7589092, 7589092, 7589092, 7589124, 7589124, 7589124, 7589124, 7589124, 7589124, 7589124, 7589156, 7589156, 7589156, 7589156, 7589156, 7589156, 7589188, 7589188, 7589188, 7589188, 7589188, 7589188, 7589188, 7589220, 7589220, 7589220, 7589220, 7589220, 7589220, 7589220, 7589252, 7589252, 7589252, 7589252, 7589252, 7589252, 7589252, 7589284, 7589284, 7589284, 6693217, 6693217, 6693217, 6693217, 6693217, 6693217, 6693217, 6693249, 6693249, 6693249, 6693249, 6693249, 6693249, 6693249, 6693249, 6693249, 6693281, 6693281, 6693281, 6693281, 6693281, 6693281, 6693281, 6693281, 6693281, 6693281, 6693281, 6693281, 6693281, 6693281, 6693281, 6693281, 6693281, 6693281, 6693281, 6693281, 6693281, 6693281, 6693281, 6693281, 6693281, 6693281, 6693281, 6693313, 6693313, 6693313, 6693313, 6693313, 6693313, 6693313, 6693313, 6693313, 6693313, 6693313, 6693313, 6693313, 6693313, 6693313, 6693313, 6693313, 6693313, 6693313, 6693313, 6693313, 6693313, 6693313, 6693313, 6693313, 6693313, 6693313, 6693313, 6693313, 6693313, 6693345, 6693345, 6693345, 6693345, 6693345, 6693345, 6693345, 6693345, 6693345, 6693345, 6693345, 6693345, 6693345, 6693345, 6693345, 6693345, 6693345, 6693345, 6693345, 6693345, 6693345]"
0,22,meta-llama/Llama-3.1-8B,203,147,17792938000,18876001823,1083063823,675489,20791330,7275838,"[6693057, 6693057, 6693057, 6693089, 6693089, 6693089, 6693089, 6693089, 6693089, 6693089, 6693089, 6693121, 6693121, 6693121, 6693121, 6693121, 6693121, 6693121, 6693121, 6693153, 6693153, 6693153, 6693153, 6693153, 6693153, 6693153, 6693153, 6693185, 6693185, 6693185, 6693185, 6693185, 6693185, 6693185, 6693185, 6693217, 6693217, 6693217, 6693217, 6693217, 6693217, 6693217, 6693217, 6693217, 6693249, 6693249, 6693249, 6693249, 6693249, 6693249, 6693249, 6693249, 6693249, 6693281, 7588804, 7588804, 7588804, 7588804, 7588804, 7588804, 7588804, 7588804, 7588804, 7588804, 7588804, 7588804, 7588804, 7588804, 7588804, 7588804, 7588804, 7588804, 7588804, 7588804, 7588804, 7588804, 7588804, 7588804, 7588804, 7588804, 7588804, 7588804, 7588804, 7588804, 7588804, 7588804, 7588804, 7588804, 7588804, 7588804, 7588804, 7588804, 7588804, 7588804, 7588836, 7588804, 7588804, 7642907, 7642907, 7642939, 7642939, 7642971, 7643003, 7643003, 7643035, 7643035, 7643067, 7643099, 7643099, 7643131, 7643131, 7643163, 7643195, 7643195, 7643227, 7643227, 7643259, 7643259, 7643291, 7643291, 7643323, 7643323, 7643323, 7643355, 7643355, 7643387, 7643419, 7643419, 7643451, 7643451, 7643483, 7643483, 7643515, 7643515, 7643547, 7643547, 7643579, 7643611, 7643611, 7643643, 7643643, 7643675, 7643675, 7643707, 7643707, 7643739]"
0,24,meta-llama/Llama-3.1-8B,389,87,18463892000,19156806291,692914291,34557,31307086,7693107,"[13922785, 7642907, 7642939, 7642939, 7642971, 7643003, 7643003, 7643035, 7643035, 7643067, 7643099, 7643099, 7643131, 7643131, 7643163, 7643195, 7643195, 7643227, 7643227, 7643259, 7643259, 7643291, 7643291, 7643323, 7643323, 7643323, 7643355, 7643355, 7643387, 7643419, 7643419, 7643451, 7643451, 7643483, 7643483, 7643515, 7643515, 7643547, 7643547, 7643579, 7643611, 7643611, 7643643, 7643643, 7643675, 7643675, 7643707, 7643707, 7643739, 7589220, 7589220, 7589252, 7589252, 7589252, 7589252, 7589252, 7589252, 7589252, 7589284, 7589284, 7589284, 7589284, 7589284, 7589284, 7589284, 7589316, 7589316, 7589316, 7589316, 7589316, 7589316, 7589316, 7589348, 7589348, 7589348, 7589348, 7589348, 7589348, 7589348, 7589348, 7589380, 7589380, 7589380, 7589380, 7589380, 7589380]"
0,23,meta-llama/Llama-3.1-8B,126,194,18160513000,19585177587,1424664587,1034,12908640,7314797,"[9327524, 7588804, 7588804, 7588804, 7588804, 7588804, 7588804, 7588804, 7588804, 7588804, 7588804, 7588804, 7588804, 7588804, 7588804, 7588804, 7588804, 7588804, 7588804, 7588804, 7588804, 7588804, 7588804, 7588804, 7588804, 7588804, 7588804, 7588804, 7588804, 7588804, 7588804, 7588804, 7588804, 7588804, 7588804, 7588804, 7588804, 7588804, 7588804, 7588804, 7588836, 7588804, 7588804, 7642907, 7642907, 7642939, 7642939, 7642971, 7643003, 7643003, 7643035, 7643035, 7643067, 7643099, 7643099, 7643131, 7643131, 7643163, 7643195, 7643195, 7643227, 7643227, 7643259, 7643259, 7643291, 7643291, 7643323, 7643323, 7643323, 7643355, 7643355, 7643387, 7643419, 7643419, 7643451, 7643451, 7643483, 7643483, 7643515, 7643515, 7643547, 7643547, 7643579, 7643611, 7643611, 7643643, 7643643, 7643675, 7643675, 7643707, 7643707, 7643739, 7589220, 7589220, 7589252, 7589252, 7589252, 7589252, 7589252, 7589252, 7589252, 7589284, 7589284, 7589284, 7589284, 7589284, 7589284, 7589284, 7589316, 7589316, 7589316, 7589316, 7589316, 7589316, 7589316, 7589348, 7589348, 7589348, 7589348, 7589348, 7589348, 7589348, 7589348, 7589380, 7589380, 7589380, 7589380, 7589380, 7589380, 6693249, 6693281, 6693281, 6693281, 6693281, 6693281, 6693281, 6693281, 6693281, 6693281, 6693281, 6693281, 6693281, 6693281, 6693281, 6693281, 6693281, 6693281, 6693281, 6693281, 6693281, 6693281, 6693281, 6693281, 6693281, 6693281, 6693281, 6693281, 6693313, 6693313, 6693313, 6693313, 6693313, 6693313, 6693313, 6693313, 6693313, 6693313, 6693313, 6693313, 6693313, 6693313, 6693313, 6693313, 6693313, 6693313, 6693313, 6693313, 6693313, 6693313, 6693313, 6693313, 6693313, 6693313, 6693313, 6693313, 6693313, 6693313, 6693345, 6693345, 6693345, 6693345, 6693345, 6693345]"
0,25,meta-llama/Llama-3.1-8B,91,16,19913927000,20026010495,112083495,250587,11906520,6678465,"[6674593, 6675169, 6675745, 6676321, 6676865, 6677409, 6677985, 6678529, 6679041, 6679585, 6680097, 6680641, 6681153, 6681665, 6682177]"
0,26,meta-llama/Llama-3.1-8B,181,123,20478941000,21402703240,923762240,69495,18963562,7416382,"[6692961, 6692961, 6692961, 6692961, 6692993, 6692993, 6692993, 6692993, 6692993, 6692993, 6692993, 6693025, 6693025, 6693025, 6693025, 6693025, 6693025, 6693025, 6693057, 6693057, 6693057, 6693057, 6693057, 6693057, 6693057, 6693089, 6693089, 7588804, 7588804, 7588804, 7588804, 7588804, 7588804, 7588804, 7588804, 7588804, 7588804, 7588804, 7588804, 7588772, 7588772, 7588772, 7588772, 7588772, 7588772, 7588772, 7588772, 7588772, 7588772, 7588772, 7588772, 7588772, 7588772, 7588772, 7588772, 7588772, 7588772, 7588772, 7588772, 7588772, 7588740, 7588740, 7588740, 7641403, 7641435, 7641435, 7641435, 7641435, 7641467, 7641467, 7641467, 7641467, 7641467, 7641499, 7641499, 7641499, 7641499, 7641531, 7641531, 7641531, 7641563, 7641563, 7641595, 7641595, 7641595, 7641595, 7641595, 7641627, 7641627, 7641659, 7641659, 7641659, 7641691, 7641691, 7641691, 7641691, 7641691, 7641723, 7641723, 7641755, 7641755, 7641755, 7641787, 7641787, 7641787, 7641787, 7641787, 7641819, 7641819, 7641851, 7641851, 7641851, 7641851, 7641883, 7641883, 7641915, 7641915, 7641915, 7641947, 7641947, 7641947, 7674157]"
1,30,meta-llama/Llama-3.1-8B,398,81,21375087000,22024416403,649329403,6175,34991744,7679220,"[7941176, 7674957, 7674989, 7675021, 7675021, 7675021, 7675053, 7675053, 7675053, 7675085, 7675085, 7675085, 7675117, 7675149, 7675181, 7675213, 7675245, 7675277, 7675309, 7675341, 7675373, 7675373, 7675405, 7675437, 7675469, 7675501, 7675533, 7675565, 7675597, 7675629, 7675661, 7675693, 7675693, 7675725, 7675725, 7675757, 7675789, 7675821, 7675853, 7675885, 7675917, 7675949, 7675981, 7676013, 7676013, 7676045, 7676077, 7676109, 7676109, 7676141, 7676173, 7676205, 7676237, 7676269, 7676269, 7676301, 7676333, 7676333, 7676365, 7676397, 7676429, 7676461, 7676493, 7676525, 7676557, 7676557, 7676589, 7676621, 7676653, 7676653, 7676685, 7676717, 7676717, 7676749, 7676781, 7676813, 7676845, 7676877, 7676877, 7676909]"
0,27,meta-llama/Llama-3.1-8B,191,217,20658353000,22330135979,1671782979,143489,19349795,7650153,"[8502118, 7588804, 7588804, 7588804, 7588804, 7588804, 7588804, 7588804, 7588804, 7588804, 7588804, 7588804, 7588772, 7588772, 7588772, 7588772, 7588772, 7588772, 7588772, 7588772, 7588772, 7588772, 7588772, 7588772, 7588772, 7588772, 7588772, 7588772, 7588772, 7588772, 7588772, 7588772, 7588772, 7588740, 7588740, 7588740, 7641403, 7641435, 7641435, 7641435, 7641435, 7641467, 7641467, 7641467, 7641467, 7641467, 7641499, 7641499, 7641499, 7641499, 7641531, 7641531, 7641531, 7641563, 7641563, 7641595, 7641595, 7641595, 7641595, 7641595, 7641627, 7641627, 7641659, 7641659, 7641659, 7641691, 7641691, 7641691, 7641691, 7641691, 7641723, 7641723, 7641755, 7641755, 7641755, 7641787, 7641787, 7641787, 7641787, 7641787, 7641819, 7641819, 7641851, 7641851, 7641851, 7641851, 7641883, 7641883, 7641915, 7641915, 7641915, 7641947, 7641947, 7641947, 7674157, 7641723, 7674957, 7674957, 7674989, 7675021, 7675021, 7675021, 7675053, 7675053, 7675053, 7675085, 7675085, 7675085, 7675117, 7675149, 7675181, 7675213, 7675245, 7675277, 7675309, 7675341, 7675373, 7675373, 7675405, 7675437, 7675469, 7675501, 7675533, 7675565, 7675597, 7675629, 7675661, 7675693, 7675693, 7675725, 7675725, 7675757, 7675789, 7675821, 7675853, 7675885, 7675917, 7675949, 7675981, 7676013, 7676013, 7676045, 7676077, 7676109, 7676109, 7676141, 7676173, 7676205, 7676237, 7676269, 7676269, 7676301, 7676333, 7676333, 7676365, 7676397, 7676429, 7676461, 7676493, 7676525, 7676557, 7676557, 7676589, 7676621, 7676653, 7676653, 7676685, 7676717, 7676717, 7676749, 7676781, 7676813, 7676845, 7676877, 7676877, 7676909, 7642651, 7642651, 7642683, 7642683, 7642715, 7642747, 7642747, 7642779, 7642779, 7642811, 7642811, 7642811, 7642843, 7642875, 7642875, 7642907, 7642907, 7642939, 7642971, 7642971, 7643003, 7643003, 7643035, 7643067, 7643067, 7643099, 7643099, 7643131, 7643163, 7643163, 7643195, 7643195, 7643227, 7643227, 7643259, 7643259, 7643291, 7643291, 7643323, 7643323]"
0,28,meta-llama/Llama-3.1-8B,27,183,20941916000,22345313747,1403397747,15096,9083086,7661069,"[8454506, 7641435, 7641435, 7641435, 7641435, 7641467, 7641467, 7641467, 7641467, 7641467, 7641499, 7641499, 7641499, 7641499, 7641531, 7641531, 7641531, 7641563, 7641563, 7641595, 7641595, 7641595, 7641595, 7641595, 7641627, 7641627, 7641659, 7641659, 7641659, 7641691, 7641691, 7641691, 7641691, 7641691, 7641723, 7641723, 7641755, 7641755, 7641755, 7641787, 7641787, 7641787, 7641787, 7641787, 7641819, 7641819, 7641851, 7641851, 7641851, 7641851, 7641883, 7641883, 7641915, 7641915, 7641915, 7641947, 7641947, 7641947, 7674157, 7641723, 7674957, 7674957, 7674989, 7675021, 7675021, 7675021, 7675053, 7675053, 7675053, 7675085, 7675085, 7675085, 7675117, 7675149, 7675181, 7675213, 7675245, 7675277, 7675309, 7675341, 7675373, 7675373, 7675405, 7675437, 7675469, 7675501, 7675533, 7675565, 7675597, 7675629, 7675661, 7675693, 7675693, 7675725, 7675725, 7675757, 7675789, 7675821, 7675853, 7675885, 7675917, 7675949, 7675981, 7676013, 7676013, 7676045, 7676077, 7676109, 7676109, 7676141, 7676173, 7676205, 7676237, 7676269, 7676269, 7676301, 7676333, 7676333, 7676365, 7676397, 7676429, 7676461, 7676493, 7676525, 7676557, 7676557, 7676589, 7676621, 7676653, 7676653, 7676685, 7676717, 7676717, 7676749, 7676781, 7676813, 7676845, 7676877, 7676877, 7676909, 7642651, 7642651, 7642683, 7642683, 7642715, 7642747, 7642747, 7642779, 7642779, 7642811, 7642811, 7642811, 7642843, 7642875, 7642875, 7642907, 7642907, 7642939, 7642971, 7642971, 7643003, 7643003, 7643035, 7643067, 7643067, 7643099, 7643099, 7643131, 7643163, 7643163, 7643195, 7643195, 7643227, 7643227, 7643259, 7643259, 7643291, 7643291, 7643323, 7643323, 7588868, 7588900]"
0,29,meta-llama/Llama-3.1-8B,203,217,21370065000,22992450488,1622385488,9783,20125624,7417869,"[12512616, 7641723, 7674957, 7674957, 7674989, 7675021, 7675021, 7675021, 7675053, 7675053, 7675053, 7675085, 7675085, 7675085, 7675117, 7675149, 7675181, 7675213, 7675245, 7675277, 7675309, 7675341, 7675373, 7675373, 7675405, 7675437, 7675469, 7675501, 7675533, 7675565, 7675597, 7675629, 7675661, 7675693, 7675693, 7675725, 7675725, 7675757, 7675789, 7675821, 7675853, 7675885, 7675917, 7675949, 7675981, 7676013, 7676013, 7676045, 7676077, 7676109, 7676109, 7676141, 7676173, 7676205, 7676237, 7676269, 7676269, 7676301, 7676333, 7676333, 7676365, 7676397, 7676429, 7676461, 7676493, 7676525, 7676557, 7676557, 7676589, 7676621, 7676653, 7676653, 7676685, 7676717, 7676717, 7676749, 7676781, 7676813, 7676845, 7676877, 7676877, 7676909, 7642651, 7642651, 7642683, 7642683, 7642715, 7642747, 7642747, 7642779, 7642779, 7642811, 7642811, 7642811, 7642843, 7642875, 7642875, 7642907, 7642907, 7642939, 7642971, 7642971, 7643003, 7643003, 7643035, 7643067, 7643067, 7643099, 7643099, 7643131, 7643163, 7643163, 7643195, 7643195, 7643227, 7643227, 7643259, 7643259, 7643291, 7643291, 7643323, 7643323, 7588868, 7588900, 6693345, 6693345, 6693345, 6693345, 6693345, 6693345, 6693345, 6693345, 6693345, 6693345, 6693345, 6693345, 6693345, 6693345, 6693345, 6693345, 6693345, 6693345, 6693377, 6693377, 6693377, 6693377, 6693377, 6693377, 6693377, 6693377, 6693377, 6693377, 6693377, 6693377, 6693377, 6693377, 6693377, 6693377, 6693377, 6693377, 6693377, 6693377, 6693377, 6693377, 6693377, 6693377, 6693377, 6693377, 6693377, 6693377, 6693377, 6693377, 6693377, 6693377, 6693377, 6693377, 6693377, 6693377, 6693409, 6693409, 6693409, 7588932, 7588932, 7588932, 7588932, 7588932, 7588932, 7588932, 7588964, 7588964, 7588964, 7588964, 7588964, 7588964, 7588964, 7588996, 7588996, 7588996, 7588996, 7588996, 7588996, 7588996, 7588996, 7588996, 7589028, 7589028, 7589028, 7589028, 7589028, 7589028, 7589028, 7589060, 7589060, 7589060, 7589060, 7589060]"
0,31,meta-llama/Llama-3.1-8B,126,172,22712872000,24025320938,1312448938,1899,12909505,7599645,"[8643183, 7588932, 7588932, 7588932, 7588932, 7588932, 7588932, 7588964, 7588964, 7588964, 7588964, 7588964, 7588964, 7588964, 7588996, 7588996, 7588996, 7588996, 7588996, 7588996, 7588996, 7588996, 7588996, 7589028, 7589028, 7589028, 7589028, 7589028, 7589028, 7589028, 7589060, 7589060, 7589060, 7589060, 7589060, 6692865, 6692865, 6692865, 6692865, 7588836, 7588836, 7588836, 7588836, 7588804, 7588804, 7588804, 7588804, 7588804, 7588804, 7588804, 7588804, 7588804, 7588804, 7588804, 7588804, 7588804, 7588804, 7588804, 7588804, 7588804, 7588804, 7588804, 7588804, 7588772, 7588772, 7588772, 7588772, 7588772, 7588772, 7588772, 7588772, 7588772, 7588772, 7588772, 7588772, 7588772, 7588772, 7588772, 7588772, 7588772, 7588772, 7588772, 7588772, 7588772, 7588740, 7588740, 7588740, 7588740, 7588740, 7641691, 7641723, 7641723, 7641723, 7641723, 7641723, 7641755, 7641755, 7641755, 7641755, 7641755, 7641755, 7641787, 7641787, 7641787, 7641787, 7641787, 7641787, 7641819, 7641819, 7641819, 7641819, 7641819, 7641819, 7641851, 7641851, 7641883, 7641883, 7641883, 7641883, 7641915, 7641947, 7641947, 7641979, 7642011, 7642011, 7642043, 7642075, 7642075, 7642107, 7642139, 7642139, 7642171, 7642203, 7642203, 7642235, 7642267, 7642267, 7642299, 7642299, 7642331, 7642363, 7642363, 7642395, 7642395, 7642427, 7642459, 7642459, 7642491, 7642491, 7642523, 7642523, 7642555, 7642555, 7642587, 7642587, 7642619, 7642651, 7642651, 7642683, 7642683, 7642715, 7642715, 7642747, 7642779, 7642779, 7642811, 7642811, 7642843, 7642843, 7642875, 7642907]"
0,32,meta-llama/Llama-3.1-8B,209,181,22994856000,24391195932,1396339932,1004,20549637,7643279,"[11405147, 7588836, 7588836, 7588836, 7588804, 7588804, 7588804, 7588804, 7588804, 7588804, 7588804, 7588804, 7588804, 7588804, 7588804, 7588804, 7588804, 7588804, 7588804, 7588804, 7588804, 7588804, 7588804, 7588804, 7588772, 7588772, 7588772, 7588772, 7588772, 7588772, 7588772, 7588772, 7588772, 7588772, 7588772, 7588772, 7588772, 7588772, 7588772, 7588772, 7588772, 7588772, 7588772, 7588772, 7588772, 7588740, 7588740, 7588740, 7588740, 7588740, 7641691, 7641723, 7641723, 7641723, 7641723, 7641723, 7641755, 7641755, 7641755, 7641755, 7641755, 7641755, 7641787, 7641787, 7641787, 7641787, 7641787, 7641787, 7641819, 7641819, 7641819, 7641819, 7641819, 7641819, 7641851, 7641851, 7641883, 7641883, 7641883, 7641883, 7641915, 7641947, 7641947, 7641979, 7642011, 7642011, 7642043, 7642075, 7642075, 7642107, 7642139, 7642139, 7642171, 7642203, 7642203, 7642235, 7642267, 7642267, 7642299, 7642299, 7642331, 7642363, 7642363, 7642395, 7642395, 7642427, 7642459, 7642459, 7642491, 7642491, 7642523, 7642523, 7642555, 7642555, 7642587, 7642587, 7642619, 7642651, 7642651, 7642683, 7642683, 7642715, 7642715, 7642747, 7642779, 7642779, 7642811, 7642811, 7642843, 7642843, 7642875, 7642907, 7589092, 7589092, 7589092, 7589092, 7589092, 7589092, 7589092, 7589124, 7589124, 7589124, 7589124, 7589124, 7589124, 7589124, 7589156, 7589156, 7589156, 7589156, 7642235, 7642267, 7642267, 7642267, 7642267, 7642267, 7642267, 7642299, 7642299, 7642331, 7642331, 7642331, 7642331, 7642363, 7642363, 7642363, 7642363, 7642363, 7642363, 7642363, 7642395, 7642395, 7642427, 7642427, 7642427, 7642459, 7642491, 7642491, 7642523, 7642523]"
0,33,meta-llama/Llama-3.1-8B,209,181,23371403000,24770641636,1399238636,26228,20574861,7659243,"[14325114, 7641723, 7641723, 7641723, 7641723, 7641723, 7641755, 7641755, 7641755, 7641755, 7641755, 7641755, 7641787, 7641787, 7641787, 7641787, 7641787, 7641787, 7641819, 7641819, 7641819, 7641819, 7641819, 7641819, 7641851, 7641851, 7641883, 7641883, 7641883, 7641883, 7641915, 7641947, 7641947, 7641979, 7642011, 7642011, 7642043, 7642075, 7642075, 7642107, 7642139, 7642139, 7642171, 7642203, 7642203, 7642235, 7642267, 7642267, 7642299, 7642299, 7642331, 7642363, 7642363, 7642395, 7642395, 7642427, 7642459, 7642459, 7642491, 7642491, 7642523, 7642523, 7642555, 7642555, 7642587, 7642587, 7642619, 7642651, 7642651, 7642683, 7642683, 7642715, 7642715, 7642747, 7642779, 7642779, 7642811, 7642811, 7642843, 7642843, 7642875, 7642907, 7589092, 7589092, 7589092, 7589092, 7589092, 7589092, 7589092, 7589124, 7589124, 7589124, 7589124, 7589124, 7589124, 7589124, 7589156, 7589156, 7589156, 7589156, 7642235, 7642267, 7642267, 7642267, 7642267, 7642267, 7642267, 7642299, 7642299, 7642331, 7642331, 7642331, 7642331, 7642363, 7642363, 7642363, 7642363, 7642363, 7642363, 7642363, 7642395, 7642395, 7642427, 7642427, 7642427, 7642459, 7642491, 7642491, 7642523, 7642523, 7588900, 7588900, 7588900, 7588900, 7588900, 7588932, 7588932, 7588932, 7588932, 7588932, 7588932, 7588932, 7588932, 7588900, 7588900, 7588900, 7588900, 7588900, 7588900, 7588900, 7588900, 7588900, 7588900, 7588900, 7588900, 7588900, 7588900, 7588932, 7588932, 7588932, 7588932, 7588932, 7588932, 7588932, 7588900, 7588900, 7588900, 7588900, 7588900, 7588900, 7588900, 7588900, 7588900, 7588932, 7588932, 7588932, 7588932, 7588932, 7588932, 7588932]"
0,39,meta-llama/Llama-3.1-8B,91,16,25324254000,25460747188,136493188,1204,11657137,8322403,"[13280721, 7968119, 7968119, 7968151, 7968151, 7968183, 7968215, 7968215, 7968247, 7968247, 7968279, 7968311, 7968311, 7968343, 7968439]"
0,35,meta-llama/Llama-3.1-8B,437,88,24768385000,25484507639,716122639,20182,36971487,7806335,"[12983431, 7589060, 7589060, 7589060, 7589060, 7589092, 7589092, 7589092, 7589092, 7589092, 7589092, 7589092, 7589092, 7589092, 7642075, 7642075, 7642075, 7642075, 7642107, 7642139, 7642139, 7642171, 7642203, 7642203, 7642235, 7642267, 7642267, 7642299, 7642331, 7642331, 7642363, 7642395, 7642395, 7642427, 7642459, 7642459, 7642491, 7642491, 7642523, 7674573, 7674605, 7674637, 7674669, 7674701, 7674733, 7674765, 7674797, 7674829, 7674861, 7674893, 7674925, 7674957, 7674957, 7674989, 7675021, 7675053, 7675053, 7918049, 7918145, 7918209, 7918273, 7918369, 7918433, 7918529, 7918593, 7918689, 7918753, 7918817, 7918913, 7968087, 7968119, 7968119, 7968151, 7968151, 7968183, 7968215, 7968215, 7968247, 7968247, 7968279, 7968311, 7968311, 7968343, 7968439, 7920065, 7920161, 7920225]"
0,34,meta-llama/Llama-3.1-8B,28,175,24146296000,25492181540,1345885540,25,9110674,7682614,"[14160635, 7642267, 7642267, 7642267, 7642267, 7642267, 7642267, 7642299, 7642299, 7642331, 7642331, 7642331, 7642331, 7642363, 7642363, 7642363, 7642363, 7642363, 7642363, 7642363, 7642395, 7642395, 7642427, 7642427, 7642427, 7642459, 7642491, 7642491, 7642523, 7642523, 7588900, 7588900, 7588900, 7588900, 7588900, 7588932, 7588932, 7588932, 7588932, 7588932, 7588932, 7588932, 7588932, 7588900, 7588900, 7588900, 7588900, 7588900, 7588900, 7588900, 7588900, 7588900, 7588900, 7588900, 7588900, 7588900, 7588900, 7588932, 7588932, 7588932, 7588932, 7588932, 7588932, 7588932, 7588900, 7588900, 7588900, 7588900, 7588900, 7588900, 7588900, 7588900, 7588900, 7588932, 7588932, 7588932, 7588932, 7588932, 7588932, 7588932, 6683649, 6684161, 6684641, 6685121, 6685601, 6686049, 7589060, 7589060, 7589060, 7589060, 7589060, 7589092, 7589092, 7589092, 7589092, 7589092, 7589092, 7589092, 7589092, 7589092, 7642075, 7642075, 7642075, 7642075, 7642107, 7642139, 7642139, 7642171, 7642203, 7642203, 7642235, 7642267, 7642267, 7642299, 7642331, 7642331, 7642363, 7642395, 7642395, 7642427, 7642459, 7642459, 7642491, 7642491, 7642523, 7674573, 7674605, 7674637, 7674669, 7674701, 7674733, 7674765, 7674797, 7674829, 7674861, 7674893, 7674925, 7674957, 7674957, 7674989, 7675021, 7675053, 7675053, 7918049, 7918145, 7918209, 7918273, 7918369, 7918433, 7918529, 7918593, 7918689, 7918753, 7918817, 7918913, 7968087, 7968119, 7968119, 7968151, 7968151, 7968183, 7968215, 7968215, 7968247, 7968247, 7968279, 7968311, 7968311, 7968343, 7968439, 7920065, 7920161, 7920225, 7673901]"
0,36,meta-llama/Llama-3.1-8B,181,104,24894961000,25713799347,818838347,2924,18896991,7766420,"[10782070, 7642075, 7642075, 7642075, 7642107, 7642139, 7642139, 7642171, 7642203, 7642203, 7642235, 7642267, 7642267, 7642299, 7642331, 7642331, 7642363, 7642395, 7642395, 7642427, 7642459, 7642459, 7642491, 7642491, 7642523, 7674573, 7674605, 7674637, 7674669, 7674701, 7674733, 7674765, 7674797, 7674829, 7674861, 7674893, 7674925, 7674957, 7674957, 7674989, 7675021, 7675053, 7675053, 7918049, 7918145, 7918209, 7918273, 7918369, 7918433, 7918529, 7918593, 7918689, 7918753, 7918817, 7918913, 7968087, 7968119, 7968119, 7968151, 7968151, 7968183, 7968215, 7968215, 7968247, 7968247, 7968279, 7968311, 7968311, 7968343, 7968439, 7920065, 7920161, 7920225, 7673901, 7641787, 7641787, 7641819, 7641819, 7641819, 7641819, 7641851, 7641851, 7641851, 7641883, 7641883, 7641915, 7641947, 7641947, 7641979, 7642011, 7642011, 7642043, 7642075, 7642075, 7642107, 7642107, 7642139, 7642171, 7642171, 7642203, 7642235, 7642235, 7642267]"
0,37,meta-llama/Llama-3.1-8B,203,138,25081422000,26162791106,1081369106,49251,20165092,7746014,"[14142462, 7674605, 7674637, 7674669, 7674701, 7674733, 7674765, 7674797, 7674829, 7674861, 7674893, 7674925, 7674957, 7674957, 7674989, 7675021, 7675053, 7675053, 7918049, 7918145, 7918209, 7918273, 7918369, 7918433, 7918529, 7918593, 7918689, 7918753, 7918817, 7918913, 7968087, 7968119, 7968119, 7968151, 7968151, 7968183, 7968215, 7968215, 7968247, 7968247, 7968279, 7968311, 7968311, 7968343, 7968439, 7920065, 7920161, 7920225, 7673901, 7641787, 7641787, 7641819, 7641819, 7641819, 7641819, 7641851, 7641851, 7641851, 7641883, 7641883, 7641915, 7641947, 7641947, 7641979, 7642011, 7642011, 7642043, 7642075, 7642075, 7642107, 7642107, 7642139, 7642171, 7642171, 7642203, 7642235, 7642235, 7642267, 7588836, 7588836, 7588836, 7588836, 7588868, 7588868, 7588868, 7588868, 7588868, 7588868, 7588900, 7588900, 7588900, 7588900, 7588900, 7588900, 7588932, 7588932, 7588932, 7588932, 7588932, 7588932, 7588964, 7588964, 7588964, 7588964, 7588964, 7588964, 7588964, 7588996, 7588996, 7588996, 7588996, 7588996, 7588996, 7589028, 7589028, 7589028, 7647931, 7647963, 7647995, 7648027, 7648059, 7648059, 7648091, 7648123, 7648155, 7648187, 7648219, 7648251, 7648251, 7648283, 7648315, 7648347, 7648379, 7648411, 7648443, 7648443, 7648475]"
0,38,meta-llama/Llama-3.1-8B,200,177,25223379000,26602365417,1378986417,24858,19901161,7722075,"[10839887, 7918145, 7918209, 7918273, 7918369, 7918433, 7918529, 7918593, 7918689, 7918753, 7918817, 7918913, 7968087, 7968119, 7968119, 7968151, 7968151, 7968183, 7968215, 7968215, 7968247, 7968247, 7968279, 7968311, 7968311, 7968343, 7968439, 7920065, 7920161, 7920225, 7673901, 7641787, 7641787, 7641819, 7641819, 7641819, 7641819, 7641851, 7641851, 7641851, 7641883, 7641883, 7641915, 7641947, 7641947, 7641979, 7642011, 7642011, 7642043, 7642075, 7642075, 7642107, 7642107, 7642139, 7642171, 7642171, 7642203, 7642235, 7642235, 7642267, 7588836, 7588836, 7588836, 7588836, 7588868, 7588868, 7588868, 7588868, 7588868, 7588868, 7588900, 7588900, 7588900, 7588900, 7588900, 7588900, 7588932, 7588932, 7588932, 7588932, 7588932, 7588932, 7588964, 7588964, 7588964, 7588964, 7588964, 7588964, 7588964, 7588996, 7588996, 7588996, 7588996, 7588996, 7588996, 7589028, 7589028, 7589028, 7647931, 7647963, 7647995, 7648027, 7648059, 7648059, 7648091, 7648123, 7648155, 7648187, 7648219, 7648251, 7648251, 7648283, 7648315, 7648347, 7648379, 7648411, 7648443, 7648443, 7648475, 7594980, 7594980, 7595012, 7595012, 7595044, 7595076, 7595076, 7595108, 7595140, 7595140, 7595172, 7595172, 7595204, 7595236, 7595236, 7595268, 7649147, 7649179, 7649243, 7649243, 7649275, 7649307, 7649339, 7649371, 7649371, 7649403, 7649435, 7649467, 7649499, 7649499, 7649531, 7649563, 7649595, 7649595, 7649627, 7649659, 7649691, 7682861, 7682893, 7682925, 7682957, 7682957, 7932993, 7933057, 7933089, 7933121, 7933153, 7933217, 7933249, 7933281, 7933345, 7933409, 7933473, 7933537, 7933569, 7933633, 7933697]"
0,41,meta-llama/Llama-3.1-8B,382,64,26254478000,26771383079,516905079,69208,29217840,7741067,"[8266269, 7649179, 7649243, 7649243, 7649275, 7649307, 7649339, 7649371, 7649371, 7649403, 7649435, 7649467, 7649499, 7649499, 7649531, 7649563, 7649595, 7649595, 7649627, 7649659, 7649691, 7682861, 7682893, 7682925, 7682957, 7682957, 7932993, 7933057, 7933089, 7933121, 7933153, 7933217, 7933249, 7933281, 7933345, 7933409, 7933473, 7933537, 7933569, 7933633, 7933697, 7682285, 7682317, 7682349, 7682381, 7682413, 7682445, 7682477, 7682509, 7682541, 7682573, 7682605, 7682637, 7682669, 7682701, 7682733, 7682765, 7682797, 7682829, 7682861, 7682893, 7682925, 7682957]"
0,42,meta-llama/Llama-3.1-8B,412,102,26407057000,27222672704,815615704,40706,36210381,7716884,"[9366481, 7682893, 7682925, 7682957, 7682957, 7932993, 7933057, 7933089, 7933121, 7933153, 7933217, 7933249, 7933281, 7933345, 7933409, 7933473, 7933537, 7933569, 7933633, 7933697, 7682285, 7682317, 7682349, 7682381, 7682413, 7682445, 7682477, 7682509, 7682541, 7682573, 7682605, 7682637, 7682669, 7682701, 7682733, 7682765, 7682797, 7682829, 7682861, 7682893, 7682925, 7682957, 7648283, 7648315, 7648315, 7648347, 7648379, 7648411, 7648411, 7648443, 7648475, 7648507, 7648539, 7648539, 7648571, 7648603, 7648635, 7648667, 7648667, 7648699, 7648731, 7648763, 7648763, 7648795, 7648827, 7648859, 7648859, 7648891, 7648923, 7648955, 7648987, 7648987, 7649019, 7649019, 7649083, 7649051, 7649083, 7649115, 7649147, 7649147, 7649179, 7649211, 7649243, 7649243, 7649275, 7649307, 7649339, 7649339, 7649371, 7649403, 7649435, 7649435, 7649467, 7649499, 7649499, 7649531, 7649563, 7649595, 7649595, 7649627, 7649659]"
0,43,meta-llama/Llama-3.1-8B,194,217,26461144000,28143393721,1682249721,20425,19417712,7698296,"[10736875, 7933057, 7933089, 7933121, 7933153, 7933217, 7933249, 7933281, 7933345, 7933409, 7933473, 7933537, 7933569, 7933633, 7933697, 7682285, 7682317, 7682349, 7682381, 7682413, 7682445, 7682477, 7682509, 7682541, 7682573, 7682605, 7682637, 7682669, 7682701, 7682733, 7682765, 7682797, 7682829, 7682861, 7682893, 7682925, 7682957, 7648283, 7648315, 7648315, 7648347, 7648379, 7648411, 7648411, 7648443, 7648475, 7648507, 7648539, 7648539, 7648571, 7648603, 7648635, 7648667, 7648667, 7648699, 7648731, 7648763, 7648763, 7648795, 7648827, 7648859, 7648859, 7648891, 7648923, 7648955, 7648987, 7648987, 7649019, 7649019, 7649083, 7649051, 7649083, 7649115, 7649147, 7649147, 7649179, 7649211, 7649243, 7649243, 7649275, 7649307, 7649339, 7649339, 7649371, 7649403, 7649435, 7649435, 7649467, 7649499, 7649499, 7649531, 7649563, 7649595, 7649595, 7649627, 7649659, 7596100, 7596100, 7596132, 7596164, 7596164, 7596196, 7596196, 7596228, 7596228, 7596260, 7596292, 7596292, 7596324, 7596324, 7596356, 7596356, 7596388, 7648891, 7648923, 7648923, 7648955, 7648987, 7649019, 7649051, 7649083, 7649083, 7649115, 7649147, 7649179, 7649211, 7649243, 7649243, 7649275, 7649307, 7649339, 7649371, 7649371, 7649403, 7649435, 7649467, 7649499, 7649531, 7649531, 7649563, 7649595, 7649627, 7681389, 7681421, 7681453, 7681485, 7681517, 7681549, 7681581, 7681613, 7681645, 7681677, 7681741, 7681773, 7681805, 7681837, 7681869, 7681901, 7681933, 7681965, 7681997, 7682029, 7682061, 7682093, 7682125, 7682157, 7682189, 7682221, 7682253, 7682285, 7682317, 7682349, 7682381, 7682413, 7682445, 7682477, 7682509, 7682541, 7682573, 7682605, 7682637, 7682669, 7682701, 7682733, 7682765, 7682797, 7682829, 7682861, 7682893, 7682925, 7682957, 7682989, 7683021, 7683053, 7683085, 7683117, 7683149, 7683149, 7683181, 7683213, 7683245, 7683277, 7683309, 7683341, 7683405, 7683437, 7683469, 7683501, 7683533, 7683565, 7683565, 7932705, 7932769, 7932801, 7932833, 7932897]"
0,44,meta-llama/Llama-3.1-8B,203,217,27330266000,29036507196,1706241196,38545,20154386,7805957,"[9037309, 7648923, 7648923, 7648955, 7648987, 7649019, 7649051, 7649083, 7649083, 7649115, 7649147, 7649179, 7649211, 7649243, 7649243, 7649275, 7649307, 7649339, 7649371, 7649371, 7649403, 7649435, 7649467, 7649499, 7649531, 7649531, 7649563, 7649595, 7649627, 7681389, 7681421, 7681453, 7681485, 7681517, 7681549, 7681581, 7681613, 7681645, 7681677, 7681741, 7681773, 7681805, 7681837, 7681869, 7681901, 7681933, 7681965, 7681997, 7682029, 7682061, 7682093, 7682125, 7682157, 7682189, 7682221, 7682253, 7682285, 7682317, 7682349, 7682381, 7682413, 7682445, 7682477, 7682509, 7682541, 7682573, 7682605, 7682637, 7682669, 7682701, 7682733, 7682765, 7682797, 7682829, 7682861, 7682893, 7682925, 7682957, 7682989, 7683021, 7683053, 7683085, 7683117, 7683149, 7683149, 7683181, 7683213, 7683245, 7683277, 7683309, 7683341, 7683405, 7683437, 7683469, 7683501, 7683533, 7683565, 7683565, 7932705, 7932769, 7932801, 7932833, 7932897, 7681357, 7681357, 7681389, 7681389, 7681421, 7681421, 7681453, 7681453, 7681485, 7681517, 7681549, 7681581, 7681613, 7681645, 7681677, 7681709, 7681741, 7681773, 7681805, 7681837, 7681869, 7681901, 7681933, 7681997, 7682029, 7682061, 7682093, 7682125, 7682157, 7682189, 7682221, 7682253, 7682285, 7934529, 7934593, 7934625, 7934689, 7934753, 7934785, 7934849, 7934881, 7934945, 7934977, 7935041, 7935073, 7935137, 7935169, 7935233, 7935297, 7935329, 7935393, 7935425, 7935489, 7935521, 7935585, 7935649, 7935713, 7935745, 7935809, 7935841, 7935905, 7935937, 7936001, 7936033, 7936097, 7936129, 7936193, 7936225, 7998039, 7992362, 7992426, 7992458, 7992522, 7992586, 7992650, 7992682, 7992746, 7992810, 7992874, 7992906, 7992970, 7993066, 7993130, 8065000, 8065096, 8065160, 8065224, 8065288, 8065352, 8065448, 8065512, 8065576, 8065640, 8065704, 8065768, 8065832, 8065896, 8065960, 8066056, 8066120, 8066184, 8066248, 8066344, 8066408, 8066472, 8066536, 8066600, 8066664, 8066728, 8066792, 8066856, 8066920, 8066984]"
0,40,meta-llama/Llama-3.1-8B,1087,401,25917107000,29100466796,3183359796,25099,78603352,7761891,"[14116278, 7647963, 7647995, 7648027, 7648059, 7648059, 7648091, 7648123, 7648155, 7648187, 7648219, 7648251, 7648251, 7648283, 7648315, 7648347, 7648379, 7648411, 7648443, 7648443, 7648475, 7594980, 7594980, 7595012, 7595012, 7595044, 7595076, 7595076, 7595108, 7595140, 7595140, 7595172, 7595172, 7595204, 7595236, 7595236, 7595268, 7649147, 7649179, 7649243, 7649243, 7649275, 7649307, 7649339, 7649371, 7649371, 7649403, 7649435, 7649467, 7649499, 7649499, 7649531, 7649563, 7649595, 7649595, 7649627, 7649659, 7649691, 7682861, 7682893, 7682925, 7682957, 7682957, 7932993, 7933057, 7933089, 7933121, 7933153, 7933217, 7933249, 7933281, 7933345, 7933409, 7933473, 7933537, 7933569, 7933633, 7933697, 7682285, 7682317, 7682349, 7682381, 7682413, 7682445, 7682477, 7682509, 7682541, 7682573, 7682605, 7682637, 7682669, 7682701, 7682733, 7682765, 7682797, 7682829, 7682861, 7682893, 7682925, 7682957, 7648283, 7648315, 7648315, 7648347, 7648379, 7648411, 7648411, 7648443, 7648475, 7648507, 7648539, 7648539, 7648571, 7648603, 7648635, 7648667, 7648667, 7648699, 7648731, 7648763, 7648763, 7648795, 7648827, 7648859, 7648859, 7648891, 7648923, 7648955, 7648987, 7648987, 7649019, 7649019, 7649083, 7649051, 7649083, 7649115, 7649147, 7649147, 7649179, 7649211, 7649243, 7649243, 7649275, 7649307, 7649339, 7649339, 7649371, 7649403, 7649435, 7649435, 7649467, 7649499, 7649499, 7649531, 7649563, 7649595, 7649595, 7649627, 7649659, 7596100, 7596100, 7596132, 7596164, 7596164, 7596196, 7596196, 7596228, 7596228, 7596260, 7596292, 7596292, 7596324, 7596324, 7596356, 7596356, 7596388, 7648891, 7648923, 7648923, 7648955, 7648987, 7649019, 7649051, 7649083, 7649083, 7649115, 7649147, 7649179, 7649211, 7649243, 7649243, 7649275, 7649307, 7649339, 7649371, 7649371, 7649403, 7649435, 7649467, 7649499, 7649531, 7649531, 7649563, 7649595, 7649627, 7681389, 7681421, 7681453, 7681485, 7681517, 7681549, 7681581, 7681613, 7681645, 7681677, 7681741, 7681773, 7681805, 7681837, 7681869, 7681901, 7681933, 7681965, 7681997, 7682029, 7682061, 7682093, 7682125, 7682157, 7682189, 7682221, 7682253, 7682285, 7682317, 7682349, 7682381, 7682413, 7682445, 7682477, 7682509, 7682541, 7682573, 7682605, 7682637, 7682669, 7682701, 7682733, 7682765, 7682797, 7682829, 7682861, 7682893, 7682925, 7682957, 7682989, 7683021, 7683053, 7683085, 7683117, 7683149, 7683149, 7683181, 7683213, 7683245, 7683277, 7683309, 7683341, 7683405, 7683437, 7683469, 7683501, 7683533, 7683565, 7683565, 7932705, 7932769, 7932801, 7932833, 7932897, 7681357, 7681357, 7681389, 7681389, 7681421, 7681421, 7681453, 7681453, 7681485, 7681517, 7681549, 7681581, 7681613, 7681645, 7681677, 7681709, 7681741, 7681773, 7681805, 7681837, 7681869, 7681901, 7681933, 7681997, 7682029, 7682061, 7682093, 7682125, 7682157, 7682189, 7682221, 7682253, 7682285, 7934529, 7934593, 7934625, 7934689, 7934753, 7934785, 7934849, 7934881, 7934945, 7934977, 7935041, 7935073, 7935137, 7935169, 7935233, 7935297, 7935329, 7935393, 7935425, 7935489, 7935521, 7935585, 7935649, 7935713, 7935745, 7935809, 7935841, 7935905, 7935937, 7936001, 7936033, 7936097, 7936129, 7936193, 7936225, 7998039, 7992362, 7992426, 7992458, 7992522, 7992586, 7992650, 7992682, 7992746, 7992810, 7992874, 7992906, 7992970, 7993066, 7993130, 8065000, 8065096, 8065160, 8065224, 8065288, 8065352, 8065448, 8065512, 8065576, 8065640, 8065704, 8065768, 8065832, 8065896, 8065960, 8066056, 8066120, 8066184, 8066248, 8066344, 8066408, 8066472, 8066536, 8066600, 8066664, 8066728, 8066792, 8066856, 8066920, 8066984, 7994762, 7994794, 7994858, 7994922, 7994954, 7995050, 7995114, 7995146]"
0,50,meta-llama/Llama-3.1-8B,378,58,28764379000,29252472993,488093993,57817,29084840,8052792,"[9127988, 8065096, 8065160, 8065224, 8065288, 8065352, 8065448, 8065512, 8065576, 8065640, 8065704, 8065768, 8065832, 8065896, 8065960, 8066056, 8066120, 8066184, 8066248, 8066344, 8066408, 8066472, 8066536, 8066600, 8066664, 8066728, 8066792, 8066856, 8066920, 8066984, 7994762, 7994794, 7994858, 7994922, 7994954, 7995050, 7995114, 7995146, 7999831, 7999895, 7999959, 7999991, 8000055, 8000119, 8000151, 8000215, 8000279, 8000311, 8000375, 8000407, 8000503, 8000567, 8000599, 8000663, 8000695, 8000759, 8000823]"
0,45,meta-llama/Llama-3.1-8B,200,217,27552529000,29268359363,1715830363,15439,19891742,7851567,"[8897818, 7681421, 7681453, 7681485, 7681517, 7681549, 7681581, 7681613, 7681645, 7681677, 7681741, 7681773, 7681805, 7681837, 7681869, 7681901, 7681933, 7681965, 7681997, 7682029, 7682061, 7682093, 7682125, 7682157, 7682189, 7682221, 7682253, 7682285, 7682317, 7682349, 7682381, 7682413, 7682445, 7682477, 7682509, 7682541, 7682573, 7682605, 7682637, 7682669, 7682701, 7682733, 7682765, 7682797, 7682829, 7682861, 7682893, 7682925, 7682957, 7682989, 7683021, 7683053, 7683085, 7683117, 7683149, 7683149, 7683181, 7683213, 7683245, 7683277, 7683309, 7683341, 7683405, 7683437, 7683469, 7683501, 7683533, 7683565, 7683565, 7932705, 7932769, 7932801, 7932833, 7932897, 7681357, 7681357, 7681389, 7681389, 7681421, 7681421, 7681453, 7681453, 7681485, 7681517, 7681549, 7681581, 7681613, 7681645, 7681677, 7681709, 7681741, 7681773, 7681805, 7681837, 7681869, 7681901, 7681933, 7681997, 7682029, 7682061, 7682093, 7682125, 7682157, 7682189, 7682221, 7682253, 7682285, 7934529, 7934593, 7934625, 7934689, 7934753, 7934785, 7934849, 7934881, 7934945, 7934977, 7935041, 7935073, 7935137, 7935169, 7935233, 7935297, 7935329, 7935393, 7935425, 7935489, 7935521, 7935585, 7935649, 7935713, 7935745, 7935809, 7935841, 7935905, 7935937, 7936001, 7936033, 7936097, 7936129, 7936193, 7936225, 7998039, 7992362, 7992426, 7992458, 7992522, 7992586, 7992650, 7992682, 7992746, 7992810, 7992874, 7992906, 7992970, 7993066, 7993130, 8065000, 8065096, 8065160, 8065224, 8065288, 8065352, 8065448, 8065512, 8065576, 8065640, 8065704, 8065768, 8065832, 8065896, 8065960, 8066056, 8066120, 8066184, 8066248, 8066344, 8066408, 8066472, 8066536, 8066600, 8066664, 8066728, 8066792, 8066856, 8066920, 8066984, 7994762, 7994794, 7994858, 7994922, 7994954, 7995050, 7995114, 7995146, 7999831, 7999895, 7999959, 7999991, 8000055, 8000119, 8000151, 8000215, 8000279, 8000311, 8000375, 8000407, 8000503, 8000567, 8000599, 8000663, 8000695, 8000759, 8000823, 7943169, 7943201]"
0,47,meta-llama/Llama-3.1-8B,458,123,28353357000,29368790356,1015433356,94554,37622301,8014844,"[13847234, 7934593, 7934625, 7934689, 7934753, 7934785, 7934849, 7934881, 7934945, 7934977, 7935041, 7935073, 7935137, 7935169, 7935233, 7935297, 7935329, 7935393, 7935425, 7935489, 7935521, 7935585, 7935649, 7935713, 7935745, 7935809, 7935841, 7935905, 7935937, 7936001, 7936033, 7936097, 7936129, 7936193, 7936225, 7998039, 7992362, 7992426, 7992458, 7992522, 7992586, 7992650, 7992682, 7992746, 7992810, 7992874, 7992906, 7992970, 7993066, 7993130, 8065000, 8065096, 8065160, 8065224, 8065288, 8065352, 8065448, 8065512, 8065576, 8065640, 8065704, 8065768, 8065832, 8065896, 8065960, 8066056, 8066120, 8066184, 8066248, 8066344, 8066408, 8066472, 8066536, 8066600, 8066664, 8066728, 8066792, 8066856, 8066920, 8066984, 7994762, 7994794, 7994858, 7994922, 7994954, 7995050, 7995114, 7995146, 7999831, 7999895, 7999959, 7999991, 8000055, 8000119, 8000151, 8000215, 8000279, 8000311, 8000375, 8000407, 8000503, 8000567, 8000599, 8000663, 8000695, 8000759, 8000823, 7943169, 7943201, 7686157, 7686125, 7686157, 7686189, 7686189, 7686221, 7686253, 7686253, 7686285, 7686317, 7686317, 7941249, 7941281]"
0,46,meta-llama/Llama-3.1-8B,64,174,28090234000,29468677853,1378443853,393,10462953,7907404,"[10965468, 7932769, 7932801, 7932833, 7932897, 7681357, 7681357, 7681389, 7681389, 7681421, 7681421, 7681453, 7681453, 7681485, 7681517, 7681549, 7681581, 7681613, 7681645, 7681677, 7681709, 7681741, 7681773, 7681805, 7681837, 7681869, 7681901, 7681933, 7681997, 7682029, 7682061, 7682093, 7682125, 7682157, 7682189, 7682221, 7682253, 7682285, 7934529, 7934593, 7934625, 7934689, 7934753, 7934785, 7934849, 7934881, 7934945, 7934977, 7935041, 7935073, 7935137, 7935169, 7935233, 7935297, 7935329, 7935393, 7935425, 7935489, 7935521, 7935585, 7935649, 7935713, 7935745, 7935809, 7935841, 7935905, 7935937, 7936001, 7936033, 7936097, 7936129, 7936193, 7936225, 7998039, 7992362, 7992426, 7992458, 7992522, 7992586, 7992650, 7992682, 7992746, 7992810, 7992874, 7992906, 7992970, 7993066, 7993130, 8065000, 8065096, 8065160, 8065224, 8065288, 8065352, 8065448, 8065512, 8065576, 8065640, 8065704, 8065768, 8065832, 8065896, 8065960, 8066056, 8066120, 8066184, 8066248, 8066344, 8066408, 8066472, 8066536, 8066600, 8066664, 8066728, 8066792, 8066856, 8066920, 8066984, 7994762, 7994794, 7994858, 7994922, 7994954, 7995050, 7995114, 7995146, 7999831, 7999895, 7999959, 7999991, 8000055, 8000119, 8000151, 8000215, 8000279, 8000311, 8000375, 8000407, 8000503, 8000567, 8000599, 8000663, 8000695, 8000759, 8000823, 7943169, 7943201, 7686157, 7686125, 7686157, 7686189, 7686189, 7686221, 7686253, 7686253, 7686285, 7686317, 7686317, 7941249, 7941281, 7683501, 7683533, 7683565, 7683597, 7683597, 7683629, 7683661, 7683693, 7683725, 7683725, 7683725, 7683757, 7683789]"
0,51,meta-llama/Llama-3.1-8B,91,16,29340288000,29468677853,128389853,15775,11671708,7781209,"[8889367, 7941281, 7683501, 7683533, 7683565, 7683597, 7683597, 7683629, 7683661, 7683693, 7683725, 7683725, 7683725, 7683757, 7683789]"
0,48,meta-llama/Llama-3.1-8B,1352,158,28578535000,29909645061,1331110061,104603,100417731,7838804,"[11668271, 7992426, 7992458, 7992522, 7992586, 7992650, 7992682, 7992746, 7992810, 7992874, 7992906, 7992970, 7993066, 7993130, 8065000, 8065096, 8065160, 8065224, 8065288, 8065352, 8065448, 8065512, 8065576, 8065640, 8065704, 8065768, 8065832, 8065896, 8065960, 8066056, 8066120, 8066184, 8066248, 8066344, 8066408, 8066472, 8066536, 8066600, 8066664, 8066728, 8066792, 8066856, 8066920, 8066984, 7994762, 7994794, 7994858, 7994922, 7994954, 7995050, 7995114, 7995146, 7999831, 7999895, 7999959, 7999991, 8000055, 8000119, 8000151, 8000215, 8000279, 8000311, 8000375, 8000407, 8000503, 8000567, 8000599, 8000663, 8000695, 8000759, 8000823, 7943169, 7943201, 7686157, 7686125, 7686157, 7686189, 7686189, 7686221, 7686253, 7686253, 7686285, 7686317, 7686317, 7941249, 7941281, 7683501, 7683533, 7683565, 7683597, 7683597, 7683629, 7683661, 7683693, 7683725, 7683725, 7683725, 7683757, 7683789, 7602532, 7602532, 7602532, 7602564, 7602564, 7602596, 7602596, 7602628, 7602628, 7602628, 7602660, 7602660, 7602660, 7602692, 7602692, 7602724, 7602724, 7602724, 7602756, 7602756, 7602788, 7602788, 7602788, 7602820, 7602820, 7602852, 7602852, 7602852, 7602884, 7602884, 7602916, 7602916, 7602916, 7602948, 7602948, 7602980, 7602980, 7602980, 7603012, 7603012, 7603044, 7603044, 7603044, 7603076, 7603076, 7603076, 7603108, 7603108, 7603140, 7603140, 7603140, 7603172, 7603172, 7603204, 7603204, 7603204, 7603236, 7603236]"
0,52,meta-llama/Llama-3.1-8B,389,89,30181499000,30886191539,704692539,17096,31289625,7652305,"[12540326, 7595332, 7595332, 7595364, 7595364, 7595396, 7595428, 7595428, 7595460, 7595460, 7595492, 7595524, 7595524, 7595556, 7595556, 7595588, 7595620, 7595620, 7595652, 7595652, 7595684, 7595716, 7595716, 7595748, 7595748, 7595780, 7595812, 7595812, 7595844, 7595844, 7595876, 7595908, 7595908, 7595940, 7595940, 7595972, 7595972, 7596004, 7596036, 7596036, 7596068, 7596068, 7596100, 7596100, 7596132, 7596164, 7596164, 7596196, 7596196, 7596228, 7596228, 7596260, 7596292, 7596292, 7596324, 7596324, 7596356, 7596356, 7596388, 7596420, 7596420, 7596452, 7596452, 7596484, 7596484, 7596516, 7596548, 7596548, 7596580, 7596580, 7596612, 7596612, 7596644, 7596644, 7596676, 7596676, 7596708, 7596708, 7596740, 7596740, 7596740, 7596772, 7596772, 7596804, 7596804, 7596836, 7596868, 7596868]"
1,49,meta-llama/Llama-3.1-8B,874,404,28607772000,31674600632,3066828632,42865,65247871,7448091,"[9608769, 7992362, 7992426, 7992458, 7992522, 7992586, 7992650, 7992682, 7992746, 7992810, 7992874, 7992906, 7992970, 7993066, 7993130, 8065000, 8065096, 8065160, 8065224, 8065288, 8065352, 8065448, 8065512, 8065576, 8065640, 8065704, 8065768, 8065832, 8065896, 8065960, 8066056, 8066120, 8066184, 8066248, 8066344, 8066408, 8066472, 8066536, 8066600, 8066664, 8066728, 8066792, 8066856, 8066920, 8066984, 7994762, 7994794, 7994858, 7994922, 7994954, 7995050, 7995114, 7995146, 7999831, 7999895, 7999959, 7999991, 8000055, 8000119, 8000151, 8000215, 8000279, 8000311, 8000375, 8000407, 8000503, 8000567, 8000599, 8000663, 8000695, 8000759, 8000823, 7943169, 7943201, 7686157, 7686125, 7686157, 7686189, 7686189, 7686221, 7686253, 7686253, 7686285, 7686317, 7686317, 7941249, 7941281, 7683501, 7683533, 7683565, 7683597, 7683597, 7683629, 7683661, 7683693, 7683725, 7683725, 7683725, 7683757, 7683789, 7602532, 7602532, 7602532, 7602564, 7602564, 7602596, 7602596, 7602628, 7602628, 7602628, 7602660, 7602660, 7602660, 7602692, 7602692, 7602724, 7602724, 7602724, 7602756, 7602756, 7602788, 7602788, 7602788, 7602820, 7602820, 7602852, 7602852, 7602852, 7602884, 7602884, 7602916, 7602916, 7602916, 7602948, 7602948, 7602980, 7602980, 7602980, 7603012, 7603012, 7603044, 7603044, 7603044, 7603076, 7603076, 7603076, 7603108, 7603108, 7603140, 7603140, 7603140, 7603172, 7603172, 7603204, 7603204, 7603204, 7603236, 7603236, 6697377, 6697377, 6697377, 6697409, 6697409, 6697409, 6697441, 6697441, 6697441, 6697441, 6697473, 6697473, 6697473, 6697505, 6697505, 6697505, 6697505, 6697537, 6697537, 6697537, 6697569, 6697569, 6697569, 6697569, 6697601, 6697601, 6697601, 6697633, 6697633, 6697633, 6697633, 6697665, 6697665, 6697665, 6697697, 6697697, 6697697, 6697697, 6697729, 6697729, 6697729, 6697761, 6697761, 6697761, 6697761, 6697793, 7595300, 7595332, 7595332, 7595364, 7595364, 7595396, 7595428, 7595428, 7595460, 7595460, 7595492, 7595524, 7595524, 7595556, 7595556, 7595588, 7595620, 7595620, 7595652, 7595652, 7595684, 7595716, 7595716, 7595748, 7595748, 7595780, 7595812, 7595812, 7595844, 7595844, 7595876, 7595908, 7595908, 7595940, 7595940, 7595972, 7595972, 7596004, 7596036, 7596036, 7596068, 7596068, 7596100, 7596100, 7596132, 7596164, 7596164, 7596196, 7596196, 7596228, 7596228, 7596260, 7596292, 7596292, 7596324, 7596324, 7596356, 7596356, 7596388, 7596420, 7596420, 7596452, 7596452, 7596484, 7596484, 7596516, 7596548, 7596548, 7596580, 7596580, 7596612, 7596612, 7596644, 7596644, 7596676, 7596676, 7596708, 7596708, 7596740, 7596740, 7596740, 7596772, 7596772, 7596804, 7596804, 7596836, 7596868, 7596868, 6698529, 6698561, 6698561, 6698561, 6698561, 6698593, 6698593, 6698593, 6698625, 6698625, 6698625, 6698625, 6698657, 6698657, 6698657, 6698657, 6698689, 6698689, 6698689, 6698689, 6698721, 6698721, 6698721, 6698721, 6698753, 6698753, 6698753, 6698753, 6698785, 6698785, 6698785, 6698785, 6698817, 6698817, 6698817, 6698817, 6698849, 6698849, 6698849, 6698849, 6698881, 6698881, 6698881, 6698881, 6698913, 6698913, 6698913, 6698913, 6698945, 6698945, 6698945, 6698945, 6698977, 6698977, 6698977, 6698977, 6699009, 6699009, 6699009, 6699009, 6699041, 7595172, 7595204, 7595236, 7595236, 7595268, 7595268, 7595300, 7595332, 7595332, 7595364, 7595396, 7595396, 7595428, 7595428, 7595460, 7595492, 7595492, 7595524, 7595524, 7595556, 7595588, 7595588, 7595620, 7595620, 7595652, 7595684, 7595684, 7595716, 7595716, 7595748, 7595780, 7595780, 7595812, 7595812, 7595844, 7595876, 7595876, 7595908, 7595908, 7595940, 7595972, 7595972, 7596004, 7596004, 7596036, 7596068, 7596068, 7596100, 7596100, 7596132]"
0,56,meta-llama/Llama-3.1-8B,396,82,31917003000,32579046177,662043177,21971,34182708,7751363,"[9574541, 7682253, 7682285, 7682317, 7682349, 7682413, 7682445, 7682477, 7682509, 7682541, 7682541, 7682573, 7682605, 7682637, 7682669, 7682701, 7682733, 7682765, 7682797, 7682829, 7682861, 7682893, 7682925, 7682957, 7682989, 7683021, 7683053, 7683085, 7683117, 7683149, 7683181, 7683213, 7683245, 7683245, 7683277, 7683309, 7683341, 7683373, 7683405, 7683437, 7683469, 7683501, 7683533, 7683565, 7683597, 7683629, 7683661, 7683693, 7683725, 7683757, 7683757, 7683789, 7683821, 7683853, 7683885, 7683917, 7683949, 7683981, 7683981, 7684013, 7684077, 7684109, 7684141, 7684173, 7684205, 7684205, 7684237, 7941889, 7941921, 7941985, 7942017, 7942049, 7942113, 7942145, 7942177, 7942209, 7942273, 7942305, 7942337, 7942369, 7942401]"
0,53,meta-llama/Llama-3.1-8B,212,183,31269171000,32686659095,1417488095,27205,20678306,7674779,"[12563482, 7595204, 7595236, 7595236, 7595268, 7595268, 7595300, 7595332, 7595332, 7595364, 7595396, 7595396, 7595428, 7595428, 7595460, 7595492, 7595492, 7595524, 7595524, 7595556, 7595588, 7595588, 7595620, 7595620, 7595652, 7595684, 7595684, 7595716, 7595716, 7595748, 7595780, 7595780, 7595812, 7595812, 7595844, 7595876, 7595876, 7595908, 7595908, 7595940, 7595972, 7595972, 7596004, 7596004, 7596036, 7596068, 7596068, 7596100, 7596100, 7596132, 6693281, 6693281, 6693281, 6693281, 7594212, 7594244, 7594244, 7594276, 7594308, 7594308, 7594340, 7594372, 7594372, 7594404, 7594436, 7594436, 7594468, 7648603, 7648667, 7648699, 7648731, 7648763, 7648763, 7648795, 7648827, 7648859, 7648891, 7648923, 7648923, 7648955, 7648987, 7649019, 7649051, 7649051, 7649083, 7649115, 7649147, 7682221, 7682253, 7682285, 7682317, 7682349, 7682413, 7682445, 7682477, 7682509, 7682541, 7682541, 7682573, 7682605, 7682637, 7682669, 7682701, 7682733, 7682765, 7682797, 7682829, 7682861, 7682893, 7682925, 7682957, 7682989, 7683021, 7683053, 7683085, 7683117, 7683149, 7683181, 7683213, 7683245, 7683245, 7683277, 7683309, 7683341, 7683373, 7683405, 7683437, 7683469, 7683501, 7683533, 7683565, 7683597, 7683629, 7683661, 7683693, 7683725, 7683757, 7683757, 7683789, 7683821, 7683853, 7683885, 7683917, 7683949, 7683981, 7683981, 7684013, 7684077, 7684109, 7684141, 7684173, 7684205, 7684205, 7684237, 7941889, 7941921, 7941985, 7942017, 7942049, 7942113, 7942145, 7942177, 7942209, 7942273, 7942305, 7942337, 7942369, 7942401, 7686509, 7686541, 7686573, 7686573, 7686605, 7686605, 7686605, 7686637, 7686669, 7686669, 7686701, 7686733, 7686733, 7686765]"
0,55,meta-llama/Llama-3.1-8B,407,131,31760229000,32801482924,1041253924,51537,36071659,7732171,"[11448120, 7648667, 7648699, 7648731, 7648763, 7648763, 7648795, 7648827, 7648859, 7648891, 7648923, 7648923, 7648955, 7648987, 7649019, 7649051, 7649051, 7649083, 7649115, 7649147, 7682221, 7682253, 7682285, 7682317, 7682349, 7682413, 7682445, 7682477, 7682509, 7682541, 7682541, 7682573, 7682605, 7682637, 7682669, 7682701, 7682733, 7682765, 7682797, 7682829, 7682861, 7682893, 7682925, 7682957, 7682989, 7683021, 7683053, 7683085, 7683117, 7683149, 7683181, 7683213, 7683245, 7683245, 7683277, 7683309, 7683341, 7683373, 7683405, 7683437, 7683469, 7683501, 7683533, 7683565, 7683597, 7683629, 7683661, 7683693, 7683725, 7683757, 7683757, 7683789, 7683821, 7683853, 7683885, 7683917, 7683949, 7683981, 7683981, 7684013, 7684077, 7684109, 7684141, 7684173, 7684205, 7684205, 7684237, 7941889, 7941921, 7941985, 7942017, 7942049, 7942113, 7942145, 7942177, 7942209, 7942273, 7942305, 7942337, 7942369, 7942401, 7686509, 7686541, 7686573, 7686573, 7686605, 7686605, 7686605, 7686637, 7686669, 7686669, 7686701, 7686733, 7686733, 7686765, 7654811, 7654811, 7654843, 7654843, 7654875, 7654875, 7654907, 7654907, 7654939, 7654971, 7654971, 7655003, 7655003, 7655035, 7655035]"
0,62,meta-llama/Llama-3.1-8B,320,18,33645713000,33812603175,166890175,85154,29357690,8090146,"[9634437, 7993226, 7993258, 7993322, 7993386, 7993418, 7993482, 7993546, 7993578, 7993642, 7993706, 7993770, 7993834, 7993898, 7993930, 7993994, 7994058]"
0,60,meta-llama/Llama-3.1-8B,898,94,33491000999,34313691305,822690306,45658,66655569,8129405,"[14958746, 8007159, 8007191, 8007255, 8007287, 8007319, 8007415, 8007447, 8007479, 8007543, 8007575, 8007607, 8007671, 8007703, 7993162, 7993226, 7993258, 7993322, 7993386, 7993418, 7993482, 7993546, 7993578, 7993642, 7993706, 7993770, 7993834, 7993898, 7993930, 7993994, 7994058, 8008503, 8008535, 7999434, 7999466, 8070056, 8070120, 8070184, 8070248, 8070312, 8070376, 8070440, 8070472, 8070536, 8070600, 8070664, 8070728, 8070824, 8070856, 8070920, 8070984, 8071048, 8071112, 8071144, 8071208, 8071272, 8071336, 8071432, 8071464, 8098096, 8098128, 8098224, 8098288, 8098352, 8098416, 8098512, 8098576, 8098640, 8098736, 8098800, 8098864, 8098896, 8098992, 8099056, 8099120, 8099184, 8099280, 8099344, 8099408, 8099472, 8099568, 8099632, 8099664, 8099728, 8099824, 8099888, 8099952, 8100016, 8100112, 8100176, 8100240, 8100304, 8100368]"
0,54,meta-llama/Llama-3.1-8B,1085,394,31620490000,34774094961,3153604961,38922,78541972,7824587,"[9935996, 7594244, 7594244, 7594276, 7594308, 7594308, 7594340, 7594372, 7594372, 7594404, 7594436, 7594436, 7594468, 7648603, 7648667, 7648699, 7648731, 7648763, 7648763, 7648795, 7648827, 7648859, 7648891, 7648923, 7648923, 7648955, 7648987, 7649019, 7649051, 7649051, 7649083, 7649115, 7649147, 7682221, 7682253, 7682285, 7682317, 7682349, 7682413, 7682445, 7682477, 7682509, 7682541, 7682541, 7682573, 7682605, 7682637, 7682669, 7682701, 7682733, 7682765, 7682797, 7682829, 7682861, 7682893, 7682925, 7682957, 7682989, 7683021, 7683053, 7683085, 7683117, 7683149, 7683181, 7683213, 7683245, 7683245, 7683277, 7683309, 7683341, 7683373, 7683405, 7683437, 7683469, 7683501, 7683533, 7683565, 7683597, 7683629, 7683661, 7683693, 7683725, 7683757, 7683757, 7683789, 7683821, 7683853, 7683885, 7683917, 7683949, 7683981, 7683981, 7684013, 7684077, 7684109, 7684141, 7684173, 7684205, 7684205, 7684237, 7941889, 7941921, 7941985, 7942017, 7942049, 7942113, 7942145, 7942177, 7942209, 7942273, 7942305, 7942337, 7942369, 7942401, 7686509, 7686541, 7686573, 7686573, 7686605, 7686605, 7686605, 7686637, 7686669, 7686669, 7686701, 7686733, 7686733, 7686765, 7654811, 7654811, 7654843, 7654843, 7654875, 7654875, 7654907, 7654907, 7654939, 7654971, 7654971, 7655003, 7655003, 7655035, 7655035, 7601572, 7601604, 7601604, 7601604, 7601636, 7601636, 7601668, 7601668, 7601668, 7601700, 7601700, 7601732, 7601732, 7601764, 7601764, 7601764, 7601796, 7601796, 7601828, 7601828, 7601828, 7601860, 7601860, 7601892, 7601892, 7601924, 7601924, 7601924, 7601956, 7601956, 7601988, 7601988, 7601988, 7602020, 7602020, 7602052, 7602052, 7602084, 7602084, 7602084, 7602116, 7602116, 7602148, 7602148, 7602148, 7602180, 7602180, 7602212, 7602212, 7602212, 7602244, 7602244, 7602276, 7602276, 7602276, 7602308, 7602308, 7602340, 7602340, 7602340, 7602372, 7602372, 7602404, 7602404, 7602404, 7602436, 7602436, 7661595, 7661659, 7661691, 7661755, 7661787, 7661819, 7661883, 7661915, 7661979, 7662011, 7662043, 7662107, 7662139, 7662203, 7662235, 7662267, 7662331, 7688973, 7689005, 7689005, 7689037, 7689037, 7689069, 7689037, 7689069, 7689101, 7689101, 7689133, 7689133, 7689165, 7689197, 7944929, 7944961, 8007127, 8007159, 8007191, 8007255, 8007287, 8007319, 8007415, 8007447, 8007479, 8007543, 8007575, 8007607, 8007671, 8007703, 7993162, 7993226, 7993258, 7993322, 7993386, 7993418, 7993482, 7993546, 7993578, 7993642, 7993706, 7993770, 7993834, 7993898, 7993930, 7993994, 7994058, 8008503, 8008535, 7999434, 7999466, 8070056, 8070120, 8070184, 8070248, 8070312, 8070376, 8070440, 8070472, 8070536, 8070600, 8070664, 8070728, 8070824, 8070856, 8070920, 8070984, 8071048, 8071112, 8071144, 8071208, 8071272, 8071336, 8071432, 8071464, 8098096, 8098128, 8098224, 8098288, 8098352, 8098416, 8098512, 8098576, 8098640, 8098736, 8098800, 8098864, 8098896, 8098992, 8099056, 8099120, 8099184, 8099280, 8099344, 8099408, 8099472, 8099568, 8099632, 8099664, 8099728, 8099824, 8099888, 8099952, 8100016, 8100112, 8100176, 8100240, 8100304, 8100368, 8075752, 8075784, 8075848, 8075912, 8075944, 8076008, 8076072, 8076104, 8076200, 8076232, 8076296, 8076360, 8076392, 8076456, 8076488, 8076552, 8076616, 8076648, 8076744, 8076776, 8076840, 8076904, 8076936, 8077000, 8077032, 8077096, 8077128, 8077224, 8077288, 8077320, 8077384, 8077416, 8077480, 8077544, 8077576, 8077640, 8077672, 8077768, 8077800, 8077864, 8077896, 8077960, 8078024, 8078056, 8078120, 8078152, 8078216, 8078280, 8078344, 8078376, 8078440, 8078472, 8078536, 8078600, 8078632, 8078696, 8078760]"
1,64,meta-llama/Llama-3.1-8B,124,157,33825000000,35104720551,1279720551,28359,12859773,8120902,"[14829396, 8070120, 8070184, 8070248, 8070312, 8070376, 8070440, 8070472, 8070536, 8070600, 8070664, 8070728, 8070824, 8070856, 8070920, 8070984, 8071048, 8071112, 8071144, 8071208, 8071272, 8071336, 8071432, 8071464, 8098096, 8098128, 8098224, 8098288, 8098352, 8098416, 8098512, 8098576, 8098640, 8098736, 8098800, 8098864, 8098896, 8098992, 8099056, 8099120, 8099184, 8099280, 8099344, 8099408, 8099472, 8099568, 8099632, 8099664, 8099728, 8099824, 8099888, 8099952, 8100016, 8100112, 8100176, 8100240, 8100304, 8100368, 8075752, 8075784, 8075848, 8075912, 8075944, 8076008, 8076072, 8076104, 8076200, 8076232, 8076296, 8076360, 8076392, 8076456, 8076488, 8076552, 8076616, 8076648, 8076744, 8076776, 8076840, 8076904, 8076936, 8077000, 8077032, 8077096, 8077128, 8077224, 8077288, 8077320, 8077384, 8077416, 8077480, 8077544, 8077576, 8077640, 8077672, 8077768, 8077800, 8077864, 8077896, 8077960, 8078024, 8078056, 8078120, 8078152, 8078216, 8078280, 8078344, 8078376, 8078440, 8078472, 8078536, 8078600, 8078632, 8078696, 8078760, 7999306, 7999338, 7999402, 7999434, 7999498, 7999530, 7999594, 8076456, 8076488, 8076552, 8076584, 8076680, 8076744, 8076776, 8076840, 8076872, 8076936, 8076968, 8077032, 8077096, 8077160, 8077224, 8077256, 8077320, 8077384, 8077416, 8077480, 8077512, 8077576, 8077640, 8077704, 8077736, 8077800, 8077864, 8077896, 8077960, 8077992, 8078056, 8078088, 8078184, 8078216]"
0,59,meta-llama/Llama-3.1-8B,203,217,33413528000,35176781377,1763253377,47350,20163191,8069861,"[15069017, 7689005, 7689005, 7689037, 7689037, 7689069, 7689037, 7689069, 7689101, 7689101, 7689133, 7689133, 7689165, 7689197, 7944929, 7944961, 8007127, 8007159, 8007191, 8007255, 8007287, 8007319, 8007415, 8007447, 8007479, 8007543, 8007575, 8007607, 8007671, 8007703, 7993162, 7993226, 7993258, 7993322, 7993386, 7993418, 7993482, 7993546, 7993578, 7993642, 7993706, 7993770, 7993834, 7993898, 7993930, 7993994, 7994058, 8008503, 8008535, 7999434, 7999466, 8070056, 8070120, 8070184, 8070248, 8070312, 8070376, 8070440, 8070472, 8070536, 8070600, 8070664, 8070728, 8070824, 8070856, 8070920, 8070984, 8071048, 8071112, 8071144, 8071208, 8071272, 8071336, 8071432, 8071464, 8098096, 8098128, 8098224, 8098288, 8098352, 8098416, 8098512, 8098576, 8098640, 8098736, 8098800, 8098864, 8098896, 8098992, 8099056, 8099120, 8099184, 8099280, 8099344, 8099408, 8099472, 8099568, 8099632, 8099664, 8099728, 8099824, 8099888, 8099952, 8100016, 8100112, 8100176, 8100240, 8100304, 8100368, 8075752, 8075784, 8075848, 8075912, 8075944, 8076008, 8076072, 8076104, 8076200, 8076232, 8076296, 8076360, 8076392, 8076456, 8076488, 8076552, 8076616, 8076648, 8076744, 8076776, 8076840, 8076904, 8076936, 8077000, 8077032, 8077096, 8077128, 8077224, 8077288, 8077320, 8077384, 8077416, 8077480, 8077544, 8077576, 8077640, 8077672, 8077768, 8077800, 8077864, 8077896, 8077960, 8078024, 8078056, 8078120, 8078152, 8078216, 8078280, 8078344, 8078376, 8078440, 8078472, 8078536, 8078600, 8078632, 8078696, 8078760, 7999306, 7999338, 7999402, 7999434, 7999498, 7999530, 7999594, 8076456, 8076488, 8076552, 8076584, 8076680, 8076744, 8076776, 8076840, 8076872, 8076936, 8076968, 8077032, 8077096, 8077160, 8077224, 8077256, 8077320, 8077384, 8077416, 8077480, 8077512, 8077576, 8077640, 8077704, 8077736, 8077800, 8077864, 8077896, 8077960, 8077992, 8078056, 8078088, 8078184, 8078216, 8006250, 8006378, 8006506, 8006634, 8006730, 8006890, 8007018, 8007146, 8007274]"
0,65,meta-llama/Llama-3.1-8B,1313,179,33932529000,35473558167,1541029167,91729,99186358,8100240,"[14700187, 8098128, 8098224, 8098288, 8098352, 8098416, 8098512, 8098576, 8098640, 8098736, 8098800, 8098864, 8098896, 8098992, 8099056, 8099120, 8099184, 8099280, 8099344, 8099408, 8099472, 8099568, 8099632, 8099664, 8099728, 8099824, 8099888, 8099952, 8100016, 8100112, 8100176, 8100240, 8100304, 8100368, 8075752, 8075784, 8075848, 8075912, 8075944, 8076008, 8076072, 8076104, 8076200, 8076232, 8076296, 8076360, 8076392, 8076456, 8076488, 8076552, 8076616, 8076648, 8076744, 8076776, 8076840, 8076904, 8076936, 8077000, 8077032, 8077096, 8077128, 8077224, 8077288, 8077320, 8077384, 8077416, 8077480, 8077544, 8077576, 8077640, 8077672, 8077768, 8077800, 8077864, 8077896, 8077960, 8078024, 8078056, 8078120, 8078152, 8078216, 8078280, 8078344, 8078376, 8078440, 8078472, 8078536, 8078600, 8078632, 8078696, 8078760, 7999306, 7999338, 7999402, 7999434, 7999498, 7999530, 7999594, 8076456, 8076488, 8076552, 8076584, 8076680, 8076744, 8076776, 8076840, 8076872, 8076936, 8076968, 8077032, 8077096, 8077160, 8077224, 8077256, 8077320, 8077384, 8077416, 8077480, 8077512, 8077576, 8077640, 8077704, 8077736, 8077800, 8077864, 8077896, 8077960, 8077992, 8078056, 8078088, 8078184, 8078216, 8006250, 8006378, 8006506, 8006634, 8006730, 8006890, 8007018, 8007146, 8007274, 8029111, 8029207, 8029303, 8029431, 8029527, 8029623, 8029751, 8029847, 8029943, 8030071, 8030135, 8030231, 8030327, 8030455, 8030551, 8030647, 8030775, 8030871, 8030967, 8031063, 8009258, 8009386, 8009514, 8009642, 8009770, 8009930, 8010058, 8010186, 8010314, 8010442, 8010538, 8010666, 8010794, 8010922, 8011050, 8011178, 8011306]"
1,61,meta-llama/Llama-3.1-8B,181,253,33526770000,35577750594,2050980594,11709,18905776,8063788,"[10987450, 7944961, 8007127, 8007159, 8007191, 8007255, 8007287, 8007319, 8007415, 8007447, 8007479, 8007543, 8007575, 8007607, 8007671, 8007703, 7993162, 7993226, 7993258, 7993322, 7993386, 7993418, 7993482, 7993546, 7993578, 7993642, 7993706, 7993770, 7993834, 7993898, 7993930, 7993994, 7994058, 8008503, 8008535, 7999434, 7999466, 8070056, 8070120, 8070184, 8070248, 8070312, 8070376, 8070440, 8070472, 8070536, 8070600, 8070664, 8070728, 8070824, 8070856, 8070920, 8070984, 8071048, 8071112, 8071144, 8071208, 8071272, 8071336, 8071432, 8071464, 8098096, 8098128, 8098224, 8098288, 8098352, 8098416, 8098512, 8098576, 8098640, 8098736, 8098800, 8098864, 8098896, 8098992, 8099056, 8099120, 8099184, 8099280, 8099344, 8099408, 8099472, 8099568, 8099632, 8099664, 8099728, 8099824, 8099888, 8099952, 8100016, 8100112, 8100176, 8100240, 8100304, 8100368, 8075752, 8075784, 8075848, 8075912, 8075944, 8076008, 8076072, 8076104, 8076200, 8076232, 8076296, 8076360, 8076392, 8076456, 8076488, 8076552, 8076616, 8076648, 8076744, 8076776, 8076840, 8076904, 8076936, 8077000, 8077032, 8077096, 8077128, 8077224, 8077288, 8077320, 8077384, 8077416, 8077480, 8077544, 8077576, 8077640, 8077672, 8077768, 8077800, 8077864, 8077896, 8077960, 8078024, 8078056, 8078120, 8078152, 8078216, 8078280, 8078344, 8078376, 8078440, 8078472, 8078536, 8078600, 8078632, 8078696, 8078760, 7999306, 7999338, 7999402, 7999434, 7999498, 7999530, 7999594, 8076456, 8076488, 8076552, 8076584, 8076680, 8076744, 8076776, 8076840, 8076872, 8076936, 8076968, 8077032, 8077096, 8077160, 8077224, 8077256, 8077320, 8077384, 8077416, 8077480, 8077512, 8077576, 8077640, 8077704, 8077736, 8077800, 8077864, 8077896, 8077960, 8077992, 8078056, 8078088, 8078184, 8078216, 8006250, 8006378, 8006506, 8006634, 8006730, 8006890, 8007018, 8007146, 8007274, 8029111, 8029207, 8029303, 8029431, 8029527, 8029623, 8029751, 8029847, 8029943, 8030071, 8030135, 8030231, 8030327, 8030455, 8030551, 8030647, 8030775, 8030871, 8030967, 8031063, 8009258, 8009386, 8009514, 8009642, 8009770, 8009930, 8010058, 8010186, 8010314, 8010442, 8010538, 8010666, 8010794, 8010922, 8011050, 8011178, 8011306, 8014551, 8014615, 8014679, 8014711, 8014743, 8014775, 8014807, 8014839, 8014871, 8014903, 8014935, 8014967, 8015031]"
0,57,meta-llama/Llama-3.1-8B,1029,399,32388505000,35617556615,3229051615,18757,76381246,7921282,"[10911630, 7941921, 7941985, 7942017, 7942049, 7942113, 7942145, 7942177, 7942209, 7942273, 7942305, 7942337, 7942369, 7942401, 7686509, 7686541, 7686573, 7686573, 7686605, 7686605, 7686605, 7686637, 7686669, 7686669, 7686701, 7686733, 7686733, 7686765, 7654811, 7654811, 7654843, 7654843, 7654875, 7654875, 7654907, 7654907, 7654939, 7654971, 7654971, 7655003, 7655003, 7655035, 7655035, 7601572, 7601604, 7601604, 7601604, 7601636, 7601636, 7601668, 7601668, 7601668, 7601700, 7601700, 7601732, 7601732, 7601764, 7601764, 7601764, 7601796, 7601796, 7601828, 7601828, 7601828, 7601860, 7601860, 7601892, 7601892, 7601924, 7601924, 7601924, 7601956, 7601956, 7601988, 7601988, 7601988, 7602020, 7602020, 7602052, 7602052, 7602084, 7602084, 7602084, 7602116, 7602116, 7602148, 7602148, 7602148, 7602180, 7602180, 7602212, 7602212, 7602212, 7602244, 7602244, 7602276, 7602276, 7602276, 7602308, 7602308, 7602340, 7602340, 7602340, 7602372, 7602372, 7602404, 7602404, 7602404, 7602436, 7602436, 7661595, 7661659, 7661691, 7661755, 7661787, 7661819, 7661883, 7661915, 7661979, 7662011, 7662043, 7662107, 7662139, 7662203, 7662235, 7662267, 7662331, 7688973, 7689005, 7689005, 7689037, 7689037, 7689069, 7689037, 7689069, 7689101, 7689101, 7689133, 7689133, 7689165, 7689197, 7944929, 7944961, 8007127, 8007159, 8007191, 8007255, 8007287, 8007319, 8007415, 8007447, 8007479, 8007543, 8007575, 8007607, 8007671, 8007703, 7993162, 7993226, 7993258, 7993322, 7993386, 7993418, 7993482, 7993546, 7993578, 7993642, 7993706, 7993770, 7993834, 7993898, 7993930, 7993994, 7994058, 8008503, 8008535, 7999434, 7999466, 8070056, 8070120, 8070184, 8070248, 8070312, 8070376, 8070440, 8070472, 8070536, 8070600, 8070664, 8070728, 8070824, 8070856, 8070920, 8070984, 8071048, 8071112, 8071144, 8071208, 8071272, 8071336, 8071432, 8071464, 8098096, 8098128, 8098224, 8098288, 8098352, 8098416, 8098512, 8098576, 8098640, 8098736, 8098800, 8098864, 8098896, 8098992, 8099056, 8099120, 8099184, 8099280, 8099344, 8099408, 8099472, 8099568, 8099632, 8099664, 8099728, 8099824, 8099888, 8099952, 8100016, 8100112, 8100176, 8100240, 8100304, 8100368, 8075752, 8075784, 8075848, 8075912, 8075944, 8076008, 8076072, 8076104, 8076200, 8076232, 8076296, 8076360, 8076392, 8076456, 8076488, 8076552, 8076616, 8076648, 8076744, 8076776, 8076840, 8076904, 8076936, 8077000, 8077032, 8077096, 8077128, 8077224, 8077288, 8077320, 8077384, 8077416, 8077480, 8077544, 8077576, 8077640, 8077672, 8077768, 8077800, 8077864, 8077896, 8077960, 8078024, 8078056, 8078120, 8078152, 8078216, 8078280, 8078344, 8078376, 8078440, 8078472, 8078536, 8078600, 8078632, 8078696, 8078760, 7999306, 7999338, 7999402, 7999434, 7999498, 7999530, 7999594, 8076456, 8076488, 8076552, 8076584, 8076680, 8076744, 8076776, 8076840, 8076872, 8076936, 8076968, 8077032, 8077096, 8077160, 8077224, 8077256, 8077320, 8077384, 8077416, 8077480, 8077512, 8077576, 8077640, 8077704, 8077736, 8077800, 8077864, 8077896, 8077960, 8077992, 8078056, 8078088, 8078184, 8078216, 8006250, 8006378, 8006506, 8006634, 8006730, 8006890, 8007018, 8007146, 8007274, 8029111, 8029207, 8029303, 8029431, 8029527, 8029623, 8029751, 8029847, 8029943, 8030071, 8030135, 8030231, 8030327, 8030455, 8030551, 8030647, 8030775, 8030871, 8030967, 8031063, 8009258, 8009386, 8009514, 8009642, 8009770, 8009930, 8010058, 8010186, 8010314, 8010442, 8010538, 8010666, 8010794, 8010922, 8011050, 8011178, 8011306, 8014551, 8014615, 8014679, 8014711, 8014743, 8014775, 8014807, 8014839, 8014871, 8014903, 8014935, 8014967, 8015031, 7961025, 7961121, 7961217, 7961281, 7961377]"
0,67,meta-llama/Llama-3.1-8B,400,102,35294069000,36125469601,831400601,31866,35842428,7876813,"[15481043, 8009386, 8009514, 8009642, 8009770, 8009930, 8010058, 8010186, 8010314, 8010442, 8010538, 8010666, 8010794, 8010922, 8011050, 8011178, 8011306, 8014551, 8014615, 8014679, 8014711, 8014743, 8014775, 8014807, 8014839, 8014871, 8014903, 8014935, 8014967, 8015031, 7961025, 7961121, 7961217, 7961281, 7961377, 7693325, 7693389, 7693485, 7693549, 7693613, 7693677, 7693773, 7693837, 7693901, 7693965, 7694061, 7694125, 7694189, 7694253, 7694349, 7694413, 7694477, 7694541, 7694637, 7694701, 7694765, 7694829, 7694893, 7694989, 7695053, 7695117, 7695181, 7695277, 7695341, 7695405, 7695469, 7695533, 7695629, 7695693, 7695757, 7695821, 7695885, 7695981, 7696045, 7696109, 7696173, 7696237, 7696333, 7696429, 7696493, 7696557, 7696621, 7696685, 7696781, 7696845, 7696909, 7696973, 7697037, 7697101, 7697197, 7697261, 7697325, 7697389, 7697453, 7697517, 7697613, 7697677, 7697741, 7697805, 7697869, 7697933]"
0,58,meta-llama/Llama-3.1-8B,962,399,33235881999,36464191813,3228309814,30511,72925338,7928101,"[9672074, 7661659, 7661691, 7661755, 7661787, 7661819, 7661883, 7661915, 7661979, 7662011, 7662043, 7662107, 7662139, 7662203, 7662235, 7662267, 7662331, 7688973, 7689005, 7689005, 7689037, 7689037, 7689069, 7689037, 7689069, 7689101, 7689101, 7689133, 7689133, 7689165, 7689197, 7944929, 7944961, 8007127, 8007159, 8007191, 8007255, 8007287, 8007319, 8007415, 8007447, 8007479, 8007543, 8007575, 8007607, 8007671, 8007703, 7993162, 7993226, 7993258, 7993322, 7993386, 7993418, 7993482, 7993546, 7993578, 7993642, 7993706, 7993770, 7993834, 7993898, 7993930, 7993994, 7994058, 8008503, 8008535, 7999434, 7999466, 8070056, 8070120, 8070184, 8070248, 8070312, 8070376, 8070440, 8070472, 8070536, 8070600, 8070664, 8070728, 8070824, 8070856, 8070920, 8070984, 8071048, 8071112, 8071144, 8071208, 8071272, 8071336, 8071432, 8071464, 8098096, 8098128, 8098224, 8098288, 8098352, 8098416, 8098512, 8098576, 8098640, 8098736, 8098800, 8098864, 8098896, 8098992, 8099056, 8099120, 8099184, 8099280, 8099344, 8099408, 8099472, 8099568, 8099632, 8099664, 8099728, 8099824, 8099888, 8099952, 8100016, 8100112, 8100176, 8100240, 8100304, 8100368, 8075752, 8075784, 8075848, 8075912, 8075944, 8076008, 8076072, 8076104, 8076200, 8076232, 8076296, 8076360, 8076392, 8076456, 8076488, 8076552, 8076616, 8076648, 8076744, 8076776, 8076840, 8076904, 8076936, 8077000, 8077032, 8077096, 8077128, 8077224, 8077288, 8077320, 8077384, 8077416, 8077480, 8077544, 8077576, 8077640, 8077672, 8077768, 8077800, 8077864, 8077896, 8077960, 8078024, 8078056, 8078120, 8078152, 8078216, 8078280, 8078344, 8078376, 8078440, 8078472, 8078536, 8078600, 8078632, 8078696, 8078760, 7999306, 7999338, 7999402, 7999434, 7999498, 7999530, 7999594, 8076456, 8076488, 8076552, 8076584, 8076680, 8076744, 8076776, 8076840, 8076872, 8076936, 8076968, 8077032, 8077096, 8077160, 8077224, 8077256, 8077320, 8077384, 8077416, 8077480, 8077512, 8077576, 8077640, 8077704, 8077736, 8077800, 8077864, 8077896, 8077960, 8077992, 8078056, 8078088, 8078184, 8078216, 8006250, 8006378, 8006506, 8006634, 8006730, 8006890, 8007018, 8007146, 8007274, 8029111, 8029207, 8029303, 8029431, 8029527, 8029623, 8029751, 8029847, 8029943, 8030071, 8030135, 8030231, 8030327, 8030455, 8030551, 8030647, 8030775, 8030871, 8030967, 8031063, 8009258, 8009386, 8009514, 8009642, 8009770, 8009930, 8010058, 8010186, 8010314, 8010442, 8010538, 8010666, 8010794, 8010922, 8011050, 8011178, 8011306, 8014551, 8014615, 8014679, 8014711, 8014743, 8014775, 8014807, 8014839, 8014871, 8014903, 8014935, 8014967, 8015031, 7961025, 7961121, 7961217, 7961281, 7961377, 7693325, 7693389, 7693485, 7693549, 7693613, 7693677, 7693773, 7693837, 7693901, 7693965, 7694061, 7694125, 7694189, 7694253, 7694349, 7694413, 7694477, 7694541, 7694637, 7694701, 7694765, 7694829, 7694893, 7694989, 7695053, 7695117, 7695181, 7695277, 7695341, 7695405, 7695469, 7695533, 7695629, 7695693, 7695757, 7695821, 7695885, 7695981, 7696045, 7696109, 7696173, 7696237, 7696333, 7696429, 7696493, 7696557, 7696621, 7696685, 7696781, 7696845, 7696909, 7696973, 7697037, 7697101, 7697197, 7697261, 7697325, 7697389, 7697453, 7697517, 7697613, 7697677, 7697741, 7697805, 7697869, 7697933, 7669915, 7669979, 7670011, 7670043, 7670075, 7670107, 7670171, 7670203, 7670235, 7670267, 7670299, 7670363, 7707853, 7707885, 7707949, 7708013, 7708077, 7708141, 7708205, 7708269, 7708333, 7708365, 7708429, 7708493, 7708557, 7708621, 7708685, 7708749, 7708813, 7708845, 7708909, 7708973, 7709037, 7709101, 7709165, 7709229, 7709261, 7709325, 7709389, 7709453, 7709517, 7709581, 7709645, 7709677]"
0,63,meta-llama/Llama-3.1-8B,1119,414,33748702000,37091342798,3342640798,11540,79807935,7900321,"[8109712, 7999466, 8070056, 8070120, 8070184, 8070248, 8070312, 8070376, 8070440, 8070472, 8070536, 8070600, 8070664, 8070728, 8070824, 8070856, 8070920, 8070984, 8071048, 8071112, 8071144, 8071208, 8071272, 8071336, 8071432, 8071464, 8098096, 8098128, 8098224, 8098288, 8098352, 8098416, 8098512, 8098576, 8098640, 8098736, 8098800, 8098864, 8098896, 8098992, 8099056, 8099120, 8099184, 8099280, 8099344, 8099408, 8099472, 8099568, 8099632, 8099664, 8099728, 8099824, 8099888, 8099952, 8100016, 8100112, 8100176, 8100240, 8100304, 8100368, 8075752, 8075784, 8075848, 8075912, 8075944, 8076008, 8076072, 8076104, 8076200, 8076232, 8076296, 8076360, 8076392, 8076456, 8076488, 8076552, 8076616, 8076648, 8076744, 8076776, 8076840, 8076904, 8076936, 8077000, 8077032, 8077096, 8077128, 8077224, 8077288, 8077320, 8077384, 8077416, 8077480, 8077544, 8077576, 8077640, 8077672, 8077768, 8077800, 8077864, 8077896, 8077960, 8078024, 8078056, 8078120, 8078152, 8078216, 8078280, 8078344, 8078376, 8078440, 8078472, 8078536, 8078600, 8078632, 8078696, 8078760, 7999306, 7999338, 7999402, 7999434, 7999498, 7999530, 7999594, 8076456, 8076488, 8076552, 8076584, 8076680, 8076744, 8076776, 8076840, 8076872, 8076936, 8076968, 8077032, 8077096, 8077160, 8077224, 8077256, 8077320, 8077384, 8077416, 8077480, 8077512, 8077576, 8077640, 8077704, 8077736, 8077800, 8077864, 8077896, 8077960, 8077992, 8078056, 8078088, 8078184, 8078216, 8006250, 8006378, 8006506, 8006634, 8006730, 8006890, 8007018, 8007146, 8007274, 8029111, 8029207, 8029303, 8029431, 8029527, 8029623, 8029751, 8029847, 8029943, 8030071, 8030135, 8030231, 8030327, 8030455, 8030551, 8030647, 8030775, 8030871, 8030967, 8031063, 8009258, 8009386, 8009514, 8009642, 8009770, 8009930, 8010058, 8010186, 8010314, 8010442, 8010538, 8010666, 8010794, 8010922, 8011050, 8011178, 8011306, 8014551, 8014615, 8014679, 8014711, 8014743, 8014775, 8014807, 8014839, 8014871, 8014903, 8014935, 8014967, 8015031, 7961025, 7961121, 7961217, 7961281, 7961377, 7693325, 7693389, 7693485, 7693549, 7693613, 7693677, 7693773, 7693837, 7693901, 7693965, 7694061, 7694125, 7694189, 7694253, 7694349, 7694413, 7694477, 7694541, 7694637, 7694701, 7694765, 7694829, 7694893, 7694989, 7695053, 7695117, 7695181, 7695277, 7695341, 7695405, 7695469, 7695533, 7695629, 7695693, 7695757, 7695821, 7695885, 7695981, 7696045, 7696109, 7696173, 7696237, 7696333, 7696429, 7696493, 7696557, 7696621, 7696685, 7696781, 7696845, 7696909, 7696973, 7697037, 7697101, 7697197, 7697261, 7697325, 7697389, 7697453, 7697517, 7697613, 7697677, 7697741, 7697805, 7697869, 7697933, 7669915, 7669979, 7670011, 7670043, 7670075, 7670107, 7670171, 7670203, 7670235, 7670267, 7670299, 7670363, 7707853, 7707885, 7707949, 7708013, 7708077, 7708141, 7708205, 7708269, 7708333, 7708365, 7708429, 7708493, 7708557, 7708621, 7708685, 7708749, 7708813, 7708845, 7708909, 7708973, 7709037, 7709101, 7709165, 7709229, 7709261, 7709325, 7709389, 7709453, 7709517, 7709581, 7709645, 7709677, 7667995, 7668027, 7668059, 7668091, 7668155, 7668187, 7668219, 7668251, 7668315, 7668347, 7690605, 7690605, 7690637, 7690637, 7690669, 7690701, 7690765, 7690829, 7690925, 7690989, 7691053, 7691117, 7691213, 7691277, 7691341, 7691437, 7691501, 7691565, 7691693, 7691757, 7691821, 7691917, 7691981, 7692045, 7692141, 7692205, 7692269, 7692333, 7692429, 7692493, 7692557, 7692653, 7692717, 7692781, 7692845, 7692941, 7693005, 7693069, 7693165, 7693229, 7693293, 7693357, 7693453, 7693517, 7693581, 7693645, 7693741, 7693805, 7693869, 7693933, 7694029, 7694093, 7694157, 7694221, 7694317, 7961217, 7961313, 7961409, 7961505, 7961601, 7961665, 7961761, 7961857, 7961953, 7962049, 7962113, 7962209, 7962305, 7962401, 7962497, 7962561]"
0,69,meta-llama/Llama-3.1-8B,203,162,36520417000,37807131610,1286714610,100524,20216365,7866448,"[7930699, 7690605, 7690637, 7690637, 7690669, 7690701, 7690765, 7690829, 7690925, 7690989, 7691053, 7691117, 7691213, 7691277, 7691341, 7691437, 7691501, 7691565, 7691693, 7691757, 7691821, 7691917, 7691981, 7692045, 7692141, 7692205, 7692269, 7692333, 7692429, 7692493, 7692557, 7692653, 7692717, 7692781, 7692845, 7692941, 7693005, 7693069, 7693165, 7693229, 7693293, 7693357, 7693453, 7693517, 7693581, 7693645, 7693741, 7693805, 7693869, 7693933, 7694029, 7694093, 7694157, 7694221, 7694317, 7961217, 7961313, 7961409, 7961505, 7961601, 7961665, 7961761, 7961857, 7961953, 7962049, 7962113, 7962209, 7962305, 7962401, 7962497, 7962561, 7692013, 7692109, 7692173, 7692237, 7692333, 7692397, 7947041, 7947073, 7947105, 7947137, 7947201, 7947233, 7947265, 7947297, 7947329, 7947361, 7947393, 7947425, 7947457, 7947489, 7947521, 7947553, 7947585, 7947617, 7947649, 7947681, 7947713, 7947745, 7947777, 7947809, 7947841, 7947873, 7947905, 7947937, 7947969, 7948001, 7948033, 7948097, 7948129, 7948161, 7948193, 7948225, 7948257, 7948289, 7948289, 7948321, 7948353, 7948385, 7948417, 7948481, 7948513, 7948545, 7948577, 7948609, 7948641, 7948673, 7948705, 7948737, 7948769, 8012183, 8012215, 8012247, 8012311, 8012343, 8012407, 8012439, 8012471, 8012503, 8012535, 8012599, 8012631, 8012663, 8012695, 8012727, 8012759, 8012823, 8012887, 8012919, 8012951, 8012983, 8013015, 8013047, 8013079, 8013111, 8013175, 8013207, 8013239, 8013303, 8013335, 8013367]"
0,66,meta-llama/Llama-3.1-8B,1096,383,34746446000,37831005501,3084559501,26424,78896279,7868228,"[12825240, 8076488, 8076552, 8076584, 8076680, 8076744, 8076776, 8076840, 8076872, 8076936, 8076968, 8077032, 8077096, 8077160, 8077224, 8077256, 8077320, 8077384, 8077416, 8077480, 8077512, 8077576, 8077640, 8077704, 8077736, 8077800, 8077864, 8077896, 8077960, 8077992, 8078056, 8078088, 8078184, 8078216, 8006250, 8006378, 8006506, 8006634, 8006730, 8006890, 8007018, 8007146, 8007274, 8029111, 8029207, 8029303, 8029431, 8029527, 8029623, 8029751, 8029847, 8029943, 8030071, 8030135, 8030231, 8030327, 8030455, 8030551, 8030647, 8030775, 8030871, 8030967, 8031063, 8009258, 8009386, 8009514, 8009642, 8009770, 8009930, 8010058, 8010186, 8010314, 8010442, 8010538, 8010666, 8010794, 8010922, 8011050, 8011178, 8011306, 8014551, 8014615, 8014679, 8014711, 8014743, 8014775, 8014807, 8014839, 8014871, 8014903, 8014935, 8014967, 8015031, 7961025, 7961121, 7961217, 7961281, 7961377, 7693325, 7693389, 7693485, 7693549, 7693613, 7693677, 7693773, 7693837, 7693901, 7693965, 7694061, 7694125, 7694189, 7694253, 7694349, 7694413, 7694477, 7694541, 7694637, 7694701, 7694765, 7694829, 7694893, 7694989, 7695053, 7695117, 7695181, 7695277, 7695341, 7695405, 7695469, 7695533, 7695629, 7695693, 7695757, 7695821, 7695885, 7695981, 7696045, 7696109, 7696173, 7696237, 7696333, 7696429, 7696493, 7696557, 7696621, 7696685, 7696781, 7696845, 7696909, 7696973, 7697037, 7697101, 7697197, 7697261, 7697325, 7697389, 7697453, 7697517, 7697613, 7697677, 7697741, 7697805, 7697869, 7697933, 7669915, 7669979, 7670011, 7670043, 7670075, 7670107, 7670171, 7670203, 7670235, 7670267, 7670299, 7670363, 7707853, 7707885, 7707949, 7708013, 7708077, 7708141, 7708205, 7708269, 7708333, 7708365, 7708429, 7708493, 7708557, 7708621, 7708685, 7708749, 7708813, 7708845, 7708909, 7708973, 7709037, 7709101, 7709165, 7709229, 7709261, 7709325, 7709389, 7709453, 7709517, 7709581, 7709645, 7709677, 7667995, 7668027, 7668059, 7668091, 7668155, 7668187, 7668219, 7668251, 7668315, 7668347, 7690605, 7690605, 7690637, 7690637, 7690669, 7690701, 7690765, 7690829, 7690925, 7690989, 7691053, 7691117, 7691213, 7691277, 7691341, 7691437, 7691501, 7691565, 7691693, 7691757, 7691821, 7691917, 7691981, 7692045, 7692141, 7692205, 7692269, 7692333, 7692429, 7692493, 7692557, 7692653, 7692717, 7692781, 7692845, 7692941, 7693005, 7693069, 7693165, 7693229, 7693293, 7693357, 7693453, 7693517, 7693581, 7693645, 7693741, 7693805, 7693869, 7693933, 7694029, 7694093, 7694157, 7694221, 7694317, 7961217, 7961313, 7961409, 7961505, 7961601, 7961665, 7961761, 7961857, 7961953, 7962049, 7962113, 7962209, 7962305, 7962401, 7962497, 7962561, 7692013, 7692109, 7692173, 7692237, 7692333, 7692397, 7947041, 7947073, 7947105, 7947137, 7947201, 7947233, 7947265, 7947297, 7947329, 7947361, 7947393, 7947425, 7947457, 7947489, 7947521, 7947553, 7947585, 7947617, 7947649, 7947681, 7947713, 7947745, 7947777, 7947809, 7947841, 7947873, 7947905, 7947937, 7947969, 7948001, 7948033, 7948097, 7948129, 7948161, 7948193, 7948225, 7948257, 7948289, 7948289, 7948321, 7948353, 7948385, 7948417, 7948481, 7948513, 7948545, 7948577, 7948609, 7948641, 7948673, 7948705, 7948737, 7948769, 8012183, 8012215, 8012247, 8012311, 8012343, 8012407, 8012439, 8012471, 8012503, 8012535, 8012599, 8012631, 8012663, 8012695, 8012727, 8012759, 8012823, 8012887, 8012919, 8012951, 8012983, 8013015, 8013047, 8013079, 8013111, 8013175, 8013207, 8013239, 8013303, 8013335, 8013367, 7957889, 7957953, 7958049]"
0,71,meta-llama/Llama-3.1-8B,2,93,37124806000,37869454654,744648654,18527,7516171,8012309,"[13120930, 7947073, 7947105, 7947137, 7947201, 7947233, 7947265, 7947297, 7947329, 7947361, 7947393, 7947425, 7947457, 7947489, 7947521, 7947553, 7947585, 7947617, 7947649, 7947681, 7947713, 7947745, 7947777, 7947809, 7947841, 7947873, 7947905, 7947937, 7947969, 7948001, 7948033, 7948097, 7948129, 7948161, 7948193, 7948225, 7948257, 7948289, 7948289, 7948321, 7948353, 7948385, 7948417, 7948481, 7948513, 7948545, 7948577, 7948609, 7948641, 7948673, 7948705, 7948737, 7948769, 8012183, 8012215, 8012247, 8012311, 8012343, 8012407, 8012439, 8012471, 8012503, 8012535, 8012599, 8012631, 8012663, 8012695, 8012727, 8012759, 8012823, 8012887, 8012919, 8012951, 8012983, 8013015, 8013047, 8013079, 8013111, 8013175, 8013207, 8013239, 8013303, 8013335, 8013367, 7957889, 7957953, 7958049, 7689805, 7689805, 7689837, 7689837, 7689869]"
0,73,meta-llama/Llama-3.1-8B,372,60,38154930000,38638204292,483274292,48654,28892302,7701389,"[7722240, 7694477, 7694541, 7694605, 7694669, 7694765, 7694829, 7694893, 7694957, 7695053, 7695117, 7695181, 7695245, 7695309, 7695405, 7695469, 7695565, 7695629, 7695693, 7695789, 7695853, 7695917, 7695981, 7696045, 7696141, 7696205, 7696269, 7696333, 7696397, 7696461, 7696557, 7696621, 7696685, 7696749, 7696813, 7696877, 7696973, 7697037, 7697101, 7697165, 7697229, 7697293, 7697389, 7697453, 7697517, 7697581, 7697645, 7697709, 7697773, 7697869, 7697933, 7697997, 7698061, 7698125, 7698189, 7698253, 7698317, 7698413, 7961633]"
0,70,meta-llama/Llama-3.1-8B,1314,216,36864739000,38645913905,1781174905,42007,99165803,7823298,"[8008796, 7961313, 7961409, 7961505, 7961601, 7961665, 7961761, 7961857, 7961953, 7962049, 7962113, 7962209, 7962305, 7962401, 7962497, 7962561, 7692013, 7692109, 7692173, 7692237, 7692333, 7692397, 7947041, 7947073, 7947105, 7947137, 7947201, 7947233, 7947265, 7947297, 7947329, 7947361, 7947393, 7947425, 7947457, 7947489, 7947521, 7947553, 7947585, 7947617, 7947649, 7947681, 7947713, 7947745, 7947777, 7947809, 7947841, 7947873, 7947905, 7947937, 7947969, 7948001, 7948033, 7948097, 7948129, 7948161, 7948193, 7948225, 7948257, 7948289, 7948289, 7948321, 7948353, 7948385, 7948417, 7948481, 7948513, 7948545, 7948577, 7948609, 7948641, 7948673, 7948705, 7948737, 7948769, 8012183, 8012215, 8012247, 8012311, 8012343, 8012407, 8012439, 8012471, 8012503, 8012535, 8012599, 8012631, 8012663, 8012695, 8012727, 8012759, 8012823, 8012887, 8012919, 8012951, 8012983, 8013015, 8013047, 8013079, 8013111, 8013175, 8013207, 8013239, 8013303, 8013335, 8013367, 7957889, 7957953, 7958049, 7689805, 7689805, 7689837, 7689837, 7689869, 7667387, 7667419, 7667451, 7667515, 7667547, 7667579, 7667611, 7667675, 7667707, 7667739, 7667771, 7667835, 7667867, 7667899, 7667931, 7667995, 7668027, 7668059, 7668091, 7668155, 7668187, 7668219, 7668251, 7668315, 7668347, 7668379, 7668411, 7668475, 7668507, 7668539, 7668571, 7668635, 7668667, 7668699, 7668731, 7668795, 7668827, 7668859, 7668891, 7668923, 7668987, 7694413, 7694477, 7694541, 7694605, 7694669, 7694765, 7694829, 7694893, 7694957, 7695053, 7695117, 7695181, 7695245, 7695309, 7695405, 7695469, 7695565, 7695629, 7695693, 7695789, 7695853, 7695917, 7695981, 7696045, 7696141, 7696205, 7696269, 7696333, 7696397, 7696461, 7696557, 7696621, 7696685, 7696749, 7696813, 7696877, 7696973, 7697037, 7697101, 7697165, 7697229, 7697293, 7697389, 7697453, 7697517, 7697581, 7697645, 7697709, 7697773, 7697869, 7697933, 7697997, 7698061, 7698125, 7698189, 7698253, 7698317, 7698413, 7961633, 7709613]"
0,68,meta-llama/Llama-3.1-8B,1057,424,36138512000,39507150314,3368638314,37549,77597581,7780238,"[9109541, 7707885, 7707949, 7708013, 7708077, 7708141, 7708205, 7708269, 7708333, 7708365, 7708429, 7708493, 7708557, 7708621, 7708685, 7708749, 7708813, 7708845, 7708909, 7708973, 7709037, 7709101, 7709165, 7709229, 7709261, 7709325, 7709389, 7709453, 7709517, 7709581, 7709645, 7709677, 7667995, 7668027, 7668059, 7668091, 7668155, 7668187, 7668219, 7668251, 7668315, 7668347, 7690605, 7690605, 7690637, 7690637, 7690669, 7690701, 7690765, 7690829, 7690925, 7690989, 7691053, 7691117, 7691213, 7691277, 7691341, 7691437, 7691501, 7691565, 7691693, 7691757, 7691821, 7691917, 7691981, 7692045, 7692141, 7692205, 7692269, 7692333, 7692429, 7692493, 7692557, 7692653, 7692717, 7692781, 7692845, 7692941, 7693005, 7693069, 7693165, 7693229, 7693293, 7693357, 7693453, 7693517, 7693581, 7693645, 7693741, 7693805, 7693869, 7693933, 7694029, 7694093, 7694157, 7694221, 7694317, 7961217, 7961313, 7961409, 7961505, 7961601, 7961665, 7961761, 7961857, 7961953, 7962049, 7962113, 7962209, 7962305, 7962401, 7962497, 7962561, 7692013, 7692109, 7692173, 7692237, 7692333, 7692397, 7947041, 7947073, 7947105, 7947137, 7947201, 7947233, 7947265, 7947297, 7947329, 7947361, 7947393, 7947425, 7947457, 7947489, 7947521, 7947553, 7947585, 7947617, 7947649, 7947681, 7947713, 7947745, 7947777, 7947809, 7947841, 7947873, 7947905, 7947937, 7947969, 7948001, 7948033, 7948097, 7948129, 7948161, 7948193, 7948225, 7948257, 7948289, 7948289, 7948321, 7948353, 7948385, 7948417, 7948481, 7948513, 7948545, 7948577, 7948609, 7948641, 7948673, 7948705, 7948737, 7948769, 8012183, 8012215, 8012247, 8012311, 8012343, 8012407, 8012439, 8012471, 8012503, 8012535, 8012599, 8012631, 8012663, 8012695, 8012727, 8012759, 8012823, 8012887, 8012919, 8012951, 8012983, 8013015, 8013047, 8013079, 8013111, 8013175, 8013207, 8013239, 8013303, 8013335, 8013367, 7957889, 7957953, 7958049, 7689805, 7689805, 7689837, 7689837, 7689869, 7667387, 7667419, 7667451, 7667515, 7667547, 7667579, 7667611, 7667675, 7667707, 7667739, 7667771, 7667835, 7667867, 7667899, 7667931, 7667995, 7668027, 7668059, 7668091, 7668155, 7668187, 7668219, 7668251, 7668315, 7668347, 7668379, 7668411, 7668475, 7668507, 7668539, 7668571, 7668635, 7668667, 7668699, 7668731, 7668795, 7668827, 7668859, 7668891, 7668923, 7668987, 7694413, 7694477, 7694541, 7694605, 7694669, 7694765, 7694829, 7694893, 7694957, 7695053, 7695117, 7695181, 7695245, 7695309, 7695405, 7695469, 7695565, 7695629, 7695693, 7695789, 7695853, 7695917, 7695981, 7696045, 7696141, 7696205, 7696269, 7696333, 7696397, 7696461, 7696557, 7696621, 7696685, 7696749, 7696813, 7696877, 7696973, 7697037, 7697101, 7697165, 7697229, 7697293, 7697389, 7697453, 7697517, 7697581, 7697645, 7697709, 7697773, 7697869, 7697933, 7697997, 7698061, 7698125, 7698189, 7698253, 7698317, 7698413, 7961633, 7709613, 7665723, 7665787, 7665819, 7665851, 7665915, 7665947, 7665979, 7666011, 7666075, 7666107, 7666139, 7666235, 7666267, 7666299, 7666363, 7666395, 7666427, 7666459, 7666523, 7666555, 7666587, 7666651, 7666683, 7666715, 7666747, 7666811, 7666843, 7666875, 7666939, 7666971, 7667003, 7667035, 7667099, 7704269, 7704333, 7704397, 7704461, 7704525, 7704589, 7704653, 7704717, 7704781, 7704845, 7704909, 7704973, 7705037, 7705101, 7705165, 7705229, 7705293, 7705357, 7705421, 7705485, 7705549, 7705613, 7705645, 7705709, 7705773, 7705837, 7705901, 7705965, 7706029, 7706093, 7706157, 7706221, 7706285, 7706349, 7706413, 7706509, 7706509, 7706573, 7706669, 7706733, 7706797, 7706861, 7706925, 7706989, 7707053, 7707117, 7707181, 7707213, 7707277, 7707341, 7707405, 7707469, 7707533, 7707597, 7971681, 7971777, 7971841, 7971937, 7972001, 7972097, 7972161, 7972257, 7972321, 7972417, 7972481, 7972577, 8037655, 8037751, 8037847, 8037943, 8038039, 8038135, 8038231, 8038327, 8038423, 8038519, 8038615, 8038711]"
0,78,meta-llama/Llama-3.1-8B,380,102,39637764000,40487970338,850206338,103037,29190897,8128865,"[15559333, 8023575, 8023671, 8023799, 8023895, 8024023, 8024119, 8016298, 8016426, 8016554, 8016682, 8016810, 8016938, 8017066, 8017162, 8017290, 8017386, 8017514, 8017642, 8017770, 8017898, 8018026, 8018122, 8018250, 8018378, 8018506, 8018634, 8018762, 8018858, 8018954, 8019082, 8019210, 8019338, 8019466, 8019562, 8019690, 8019818, 8019946, 8020074, 8020170, 8020298, 8020426, 8020522, 8020650, 8020746, 8020874, 8021002, 8021130, 8083368, 8083432, 8083496, 8083528, 8083592, 8083624, 8083720, 8083752, 8083784, 8083848, 8083912, 8083976, 8084008, 8084040, 8084104, 8084168, 8084232, 8084264, 8084328, 8084456, 8084616, 8084744, 8084904, 8085064, 8085160, 8085320, 8085480, 8085608, 8085768, 8085896, 8086056, 8086184, 8086312, 8086472, 8086600, 8086760, 8086888, 8087048, 8087208, 8087304, 8087464, 8087592, 8087752, 8087880, 8088040, 8088168, 8088328, 8088456, 8088584, 8088744, 8088872, 8089032, 8089160]"
0,72,meta-llama/Llama-3.1-8B,1065,409,37475965000,40770826252,3294861252,14115,77815293,7884916,"[12967331, 8012215, 8012247, 8012311, 8012343, 8012407, 8012439, 8012471, 8012503, 8012535, 8012599, 8012631, 8012663, 8012695, 8012727, 8012759, 8012823, 8012887, 8012919, 8012951, 8012983, 8013015, 8013047, 8013079, 8013111, 8013175, 8013207, 8013239, 8013303, 8013335, 8013367, 7957889, 7957953, 7958049, 7689805, 7689805, 7689837, 7689837, 7689869, 7667387, 7667419, 7667451, 7667515, 7667547, 7667579, 7667611, 7667675, 7667707, 7667739, 7667771, 7667835, 7667867, 7667899, 7667931, 7667995, 7668027, 7668059, 7668091, 7668155, 7668187, 7668219, 7668251, 7668315, 7668347, 7668379, 7668411, 7668475, 7668507, 7668539, 7668571, 7668635, 7668667, 7668699, 7668731, 7668795, 7668827, 7668859, 7668891, 7668923, 7668987, 7694413, 7694477, 7694541, 7694605, 7694669, 7694765, 7694829, 7694893, 7694957, 7695053, 7695117, 7695181, 7695245, 7695309, 7695405, 7695469, 7695565, 7695629, 7695693, 7695789, 7695853, 7695917, 7695981, 7696045, 7696141, 7696205, 7696269, 7696333, 7696397, 7696461, 7696557, 7696621, 7696685, 7696749, 7696813, 7696877, 7696973, 7697037, 7697101, 7697165, 7697229, 7697293, 7697389, 7697453, 7697517, 7697581, 7697645, 7697709, 7697773, 7697869, 7697933, 7697997, 7698061, 7698125, 7698189, 7698253, 7698317, 7698413, 7961633, 7709613, 7665723, 7665787, 7665819, 7665851, 7665915, 7665947, 7665979, 7666011, 7666075, 7666107, 7666139, 7666235, 7666267, 7666299, 7666363, 7666395, 7666427, 7666459, 7666523, 7666555, 7666587, 7666651, 7666683, 7666715, 7666747, 7666811, 7666843, 7666875, 7666939, 7666971, 7667003, 7667035, 7667099, 7704269, 7704333, 7704397, 7704461, 7704525, 7704589, 7704653, 7704717, 7704781, 7704845, 7704909, 7704973, 7705037, 7705101, 7705165, 7705229, 7705293, 7705357, 7705421, 7705485, 7705549, 7705613, 7705645, 7705709, 7705773, 7705837, 7705901, 7705965, 7706029, 7706093, 7706157, 7706221, 7706285, 7706349, 7706413, 7706509, 7706509, 7706573, 7706669, 7706733, 7706797, 7706861, 7706925, 7706989, 7707053, 7707117, 7707181, 7707213, 7707277, 7707341, 7707405, 7707469, 7707533, 7707597, 7971681, 7971777, 7971841, 7971937, 7972001, 7972097, 7972161, 7972257, 7972321, 7972417, 7972481, 7972577, 8037655, 8037751, 8037847, 8037943, 8038039, 8038135, 8038231, 8038327, 8038423, 8038519, 8038615, 8038711, 7967777, 7967841, 7967937, 7968001, 7968097, 7968193, 7968257, 7968353, 7968417, 7968513, 7968609, 7968673, 7968769, 7968833, 7968929, 7968993, 7969089, 7969185, 7969249, 7969345, 7969409, 8023447, 8023575, 8023671, 8023799, 8023895, 8024023, 8024119, 8016298, 8016426, 8016554, 8016682, 8016810, 8016938, 8017066, 8017162, 8017290, 8017386, 8017514, 8017642, 8017770, 8017898, 8018026, 8018122, 8018250, 8018378, 8018506, 8018634, 8018762, 8018858, 8018954, 8019082, 8019210, 8019338, 8019466, 8019562, 8019690, 8019818, 8019946, 8020074, 8020170, 8020298, 8020426, 8020522, 8020650, 8020746, 8020874, 8021002, 8021130, 8083368, 8083432, 8083496, 8083528, 8083592, 8083624, 8083720, 8083752, 8083784, 8083848, 8083912, 8083976, 8084008, 8084040, 8084104, 8084168, 8084232, 8084264, 8084328, 8084456, 8084616, 8084744, 8084904, 8085064, 8085160, 8085320, 8085480, 8085608, 8085768, 8085896, 8086056, 8086184, 8086312, 8086472, 8086600, 8086760, 8086888, 8087048, 8087208, 8087304, 8087464, 8087592, 8087752, 8087880, 8088040, 8088168, 8088328, 8088456, 8088584, 8088744, 8088872, 8089032, 8089160, 8021578, 8021706, 8021802, 8021930, 8022058, 8022186, 8022282, 8022410, 8022538, 8100584, 8100712, 8100840, 8101000, 8101128, 8101256, 8101384, 8101512, 8101640, 8101768, 8101896, 8101992, 8102152, 8102280, 8102408, 8102536, 8102664, 8102792, 8102920, 8103048, 8103176, 8103304, 8103400, 8103528, 8103688, 8103816]"
0,80,meta-llama/Llama-3.1-8B,42,167,40041867000,41398687416,1356820416,41235,9711106,8115116,"[15930504, 8083432, 8083496, 8083528, 8083592, 8083624, 8083720, 8083752, 8083784, 8083848, 8083912, 8083976, 8084008, 8084040, 8084104, 8084168, 8084232, 8084264, 8084328, 8084456, 8084616, 8084744, 8084904, 8085064, 8085160, 8085320, 8085480, 8085608, 8085768, 8085896, 8086056, 8086184, 8086312, 8086472, 8086600, 8086760, 8086888, 8087048, 8087208, 8087304, 8087464, 8087592, 8087752, 8087880, 8088040, 8088168, 8088328, 8088456, 8088584, 8088744, 8088872, 8089032, 8089160, 8021578, 8021706, 8021802, 8021930, 8022058, 8022186, 8022282, 8022410, 8022538, 8100584, 8100712, 8100840, 8101000, 8101128, 8101256, 8101384, 8101512, 8101640, 8101768, 8101896, 8101992, 8102152, 8102280, 8102408, 8102536, 8102664, 8102792, 8102920, 8103048, 8103176, 8103304, 8103400, 8103528, 8103688, 8103816, 8020298, 8020426, 8020522, 8020618, 8020746, 8020874, 8021002, 8021098, 8021226, 8021354, 8021482, 8021578, 8021706, 8021834, 8021930, 8022026, 8022154, 8022282, 8022410, 8022506, 8022634, 8022762, 8022890, 8022986, 8023114, 8023242, 8023338, 8023434, 8023562, 8023690, 8023786, 8023914, 8024042, 8024138, 8024266, 8024394, 8024522, 8024618, 8024746, 8024842, 8024938, 8025066, 8025194, 8025290, 8025418, 8025546, 8085512, 8085672, 8085800, 8085928, 8086056, 8086216, 8086344, 8086504, 8086664, 8086792, 8086952, 8087080, 8087240, 8087368, 8087528, 8087656, 8087816, 8087912, 8088040, 8088200, 8088328, 8088488, 8088616, 8088776, 8088904, 8089064, 8089192, 8089352, 8089480, 8089608, 8089768, 8089864]"
0,74,meta-llama/Llama-3.1-8B,1104,394,38549044000,41763131008,3214087008,83194,79206198,7976795,"[9954094, 7709613, 7665723, 7665787, 7665819, 7665851, 7665915, 7665947, 7665979, 7666011, 7666075, 7666107, 7666139, 7666235, 7666267, 7666299, 7666363, 7666395, 7666427, 7666459, 7666523, 7666555, 7666587, 7666651, 7666683, 7666715, 7666747, 7666811, 7666843, 7666875, 7666939, 7666971, 7667003, 7667035, 7667099, 7704269, 7704333, 7704397, 7704461, 7704525, 7704589, 7704653, 7704717, 7704781, 7704845, 7704909, 7704973, 7705037, 7705101, 7705165, 7705229, 7705293, 7705357, 7705421, 7705485, 7705549, 7705613, 7705645, 7705709, 7705773, 7705837, 7705901, 7705965, 7706029, 7706093, 7706157, 7706221, 7706285, 7706349, 7706413, 7706509, 7706509, 7706573, 7706669, 7706733, 7706797, 7706861, 7706925, 7706989, 7707053, 7707117, 7707181, 7707213, 7707277, 7707341, 7707405, 7707469, 7707533, 7707597, 7971681, 7971777, 7971841, 7971937, 7972001, 7972097, 7972161, 7972257, 7972321, 7972417, 7972481, 7972577, 8037655, 8037751, 8037847, 8037943, 8038039, 8038135, 8038231, 8038327, 8038423, 8038519, 8038615, 8038711, 7967777, 7967841, 7967937, 7968001, 7968097, 7968193, 7968257, 7968353, 7968417, 7968513, 7968609, 7968673, 7968769, 7968833, 7968929, 7968993, 7969089, 7969185, 7969249, 7969345, 7969409, 8023447, 8023575, 8023671, 8023799, 8023895, 8024023, 8024119, 8016298, 8016426, 8016554, 8016682, 8016810, 8016938, 8017066, 8017162, 8017290, 8017386, 8017514, 8017642, 8017770, 8017898, 8018026, 8018122, 8018250, 8018378, 8018506, 8018634, 8018762, 8018858, 8018954, 8019082, 8019210, 8019338, 8019466, 8019562, 8019690, 8019818, 8019946, 8020074, 8020170, 8020298, 8020426, 8020522, 8020650, 8020746, 8020874, 8021002, 8021130, 8083368, 8083432, 8083496, 8083528, 8083592, 8083624, 8083720, 8083752, 8083784, 8083848, 8083912, 8083976, 8084008, 8084040, 8084104, 8084168, 8084232, 8084264, 8084328, 8084456, 8084616, 8084744, 8084904, 8085064, 8085160, 8085320, 8085480, 8085608, 8085768, 8085896, 8086056, 8086184, 8086312, 8086472, 8086600, 8086760, 8086888, 8087048, 8087208, 8087304, 8087464, 8087592, 8087752, 8087880, 8088040, 8088168, 8088328, 8088456, 8088584, 8088744, 8088872, 8089032, 8089160, 8021578, 8021706, 8021802, 8021930, 8022058, 8022186, 8022282, 8022410, 8022538, 8100584, 8100712, 8100840, 8101000, 8101128, 8101256, 8101384, 8101512, 8101640, 8101768, 8101896, 8101992, 8102152, 8102280, 8102408, 8102536, 8102664, 8102792, 8102920, 8103048, 8103176, 8103304, 8103400, 8103528, 8103688, 8103816, 8020298, 8020426, 8020522, 8020618, 8020746, 8020874, 8021002, 8021098, 8021226, 8021354, 8021482, 8021578, 8021706, 8021834, 8021930, 8022026, 8022154, 8022282, 8022410, 8022506, 8022634, 8022762, 8022890, 8022986, 8023114, 8023242, 8023338, 8023434, 8023562, 8023690, 8023786, 8023914, 8024042, 8024138, 8024266, 8024394, 8024522, 8024618, 8024746, 8024842, 8024938, 8025066, 8025194, 8025290, 8025418, 8025546, 8085512, 8085672, 8085800, 8085928, 8086056, 8086216, 8086344, 8086504, 8086664, 8086792, 8086952, 8087080, 8087240, 8087368, 8087528, 8087656, 8087816, 8087912, 8088040, 8088200, 8088328, 8088488, 8088616, 8088776, 8088904, 8089064, 8089192, 8089352, 8089480, 8089608, 8089768, 8089864, 8095848, 8095976, 8096104, 8096264, 8096392, 8096488, 8096616, 8096776, 8096904, 8097032, 8097160, 8097320, 8097448, 8097576, 8097704, 8097832, 8097960, 8098088, 8098216, 8098376, 8098504, 8098632, 8098760, 8098888, 8099016, 8099144, 8099272, 8099400, 8099560, 8099688, 8099816, 8099912, 8100040, 8100200, 8100328, 8100456, 8100584, 8100712, 8100840, 8101000, 8101096, 8101224, 8101352, 8101480, 8101608]"
0,83,meta-llama/Llama-3.1-8B,431,84,41357391000,42067827068,710436068,75373,36812657,8115944,"[12579607, 8095976, 8096104, 8096264, 8096392, 8096488, 8096616, 8096776, 8096904, 8097032, 8097160, 8097320, 8097448, 8097576, 8097704, 8097832, 8097960, 8098088, 8098216, 8098376, 8098504, 8098632, 8098760, 8098888, 8099016, 8099144, 8099272, 8099400, 8099560, 8099688, 8099816, 8099912, 8100040, 8100200, 8100328, 8100456, 8100584, 8100712, 8100840, 8101000, 8101096, 8101224, 8101352, 8101480, 8101608, 8016074, 8016202, 8016330, 8016426, 8016554, 8016682, 8016810, 8016906, 8017034, 8017162, 8017290, 8017418, 8017546, 8017674, 8017802, 8017898, 8018026, 8018154, 8018250, 8018378, 8018506, 8018602, 8018730, 8018858, 8018986, 8019114, 8019242, 8019338, 8019466, 8019594, 8019722, 8019850, 8019946, 8020074, 8020170, 8020298, 8020426, 8020522]"
0,75,meta-llama/Llama-3.1-8B,1075,415,38813332000,42212559386,3399227386,48894,78174365,8021867,"[15103644, 7704333, 7704397, 7704461, 7704525, 7704589, 7704653, 7704717, 7704781, 7704845, 7704909, 7704973, 7705037, 7705101, 7705165, 7705229, 7705293, 7705357, 7705421, 7705485, 7705549, 7705613, 7705645, 7705709, 7705773, 7705837, 7705901, 7705965, 7706029, 7706093, 7706157, 7706221, 7706285, 7706349, 7706413, 7706509, 7706509, 7706573, 7706669, 7706733, 7706797, 7706861, 7706925, 7706989, 7707053, 7707117, 7707181, 7707213, 7707277, 7707341, 7707405, 7707469, 7707533, 7707597, 7971681, 7971777, 7971841, 7971937, 7972001, 7972097, 7972161, 7972257, 7972321, 7972417, 7972481, 7972577, 8037655, 8037751, 8037847, 8037943, 8038039, 8038135, 8038231, 8038327, 8038423, 8038519, 8038615, 8038711, 7967777, 7967841, 7967937, 7968001, 7968097, 7968193, 7968257, 7968353, 7968417, 7968513, 7968609, 7968673, 7968769, 7968833, 7968929, 7968993, 7969089, 7969185, 7969249, 7969345, 7969409, 8023447, 8023575, 8023671, 8023799, 8023895, 8024023, 8024119, 8016298, 8016426, 8016554, 8016682, 8016810, 8016938, 8017066, 8017162, 8017290, 8017386, 8017514, 8017642, 8017770, 8017898, 8018026, 8018122, 8018250, 8018378, 8018506, 8018634, 8018762, 8018858, 8018954, 8019082, 8019210, 8019338, 8019466, 8019562, 8019690, 8019818, 8019946, 8020074, 8020170, 8020298, 8020426, 8020522, 8020650, 8020746, 8020874, 8021002, 8021130, 8083368, 8083432, 8083496, 8083528, 8083592, 8083624, 8083720, 8083752, 8083784, 8083848, 8083912, 8083976, 8084008, 8084040, 8084104, 8084168, 8084232, 8084264, 8084328, 8084456, 8084616, 8084744, 8084904, 8085064, 8085160, 8085320, 8085480, 8085608, 8085768, 8085896, 8086056, 8086184, 8086312, 8086472, 8086600, 8086760, 8086888, 8087048, 8087208, 8087304, 8087464, 8087592, 8087752, 8087880, 8088040, 8088168, 8088328, 8088456, 8088584, 8088744, 8088872, 8089032, 8089160, 8021578, 8021706, 8021802, 8021930, 8022058, 8022186, 8022282, 8022410, 8022538, 8100584, 8100712, 8100840, 8101000, 8101128, 8101256, 8101384, 8101512, 8101640, 8101768, 8101896, 8101992, 8102152, 8102280, 8102408, 8102536, 8102664, 8102792, 8102920, 8103048, 8103176, 8103304, 8103400, 8103528, 8103688, 8103816, 8020298, 8020426, 8020522, 8020618, 8020746, 8020874, 8021002, 8021098, 8021226, 8021354, 8021482, 8021578, 8021706, 8021834, 8021930, 8022026, 8022154, 8022282, 8022410, 8022506, 8022634, 8022762, 8022890, 8022986, 8023114, 8023242, 8023338, 8023434, 8023562, 8023690, 8023786, 8023914, 8024042, 8024138, 8024266, 8024394, 8024522, 8024618, 8024746, 8024842, 8024938, 8025066, 8025194, 8025290, 8025418, 8025546, 8085512, 8085672, 8085800, 8085928, 8086056, 8086216, 8086344, 8086504, 8086664, 8086792, 8086952, 8087080, 8087240, 8087368, 8087528, 8087656, 8087816, 8087912, 8088040, 8088200, 8088328, 8088488, 8088616, 8088776, 8088904, 8089064, 8089192, 8089352, 8089480, 8089608, 8089768, 8089864, 8095848, 8095976, 8096104, 8096264, 8096392, 8096488, 8096616, 8096776, 8096904, 8097032, 8097160, 8097320, 8097448, 8097576, 8097704, 8097832, 8097960, 8098088, 8098216, 8098376, 8098504, 8098632, 8098760, 8098888, 8099016, 8099144, 8099272, 8099400, 8099560, 8099688, 8099816, 8099912, 8100040, 8100200, 8100328, 8100456, 8100584, 8100712, 8100840, 8101000, 8101096, 8101224, 8101352, 8101480, 8101608, 8016074, 8016202, 8016330, 8016426, 8016554, 8016682, 8016810, 8016906, 8017034, 8017162, 8017290, 8017418, 8017546, 8017674, 8017802, 8017898, 8018026, 8018154, 8018250, 8018378, 8018506, 8018602, 8018730, 8018858, 8018986, 8019114, 8019242, 8019338, 8019466, 8019594, 8019722, 8019850, 8019946, 8020074, 8020170, 8020298, 8020426, 8020522, 8039895, 8039991, 8040087, 8040151, 8040247, 8040343, 8040439, 8040535, 8040631, 8040727, 8040823, 8040919, 8041015, 8041111, 8041207, 8041303, 8041399, 8041495]"
0,76,meta-llama/Llama-3.1-8B,1225,372,39220584000,42300240965,3079656965,80599,89647626,8059324,"[12766625, 7971777, 7971841, 7971937, 7972001, 7972097, 7972161, 7972257, 7972321, 7972417, 7972481, 7972577, 8037655, 8037751, 8037847, 8037943, 8038039, 8038135, 8038231, 8038327, 8038423, 8038519, 8038615, 8038711, 7967777, 7967841, 7967937, 7968001, 7968097, 7968193, 7968257, 7968353, 7968417, 7968513, 7968609, 7968673, 7968769, 7968833, 7968929, 7968993, 7969089, 7969185, 7969249, 7969345, 7969409, 8023447, 8023575, 8023671, 8023799, 8023895, 8024023, 8024119, 8016298, 8016426, 8016554, 8016682, 8016810, 8016938, 8017066, 8017162, 8017290, 8017386, 8017514, 8017642, 8017770, 8017898, 8018026, 8018122, 8018250, 8018378, 8018506, 8018634, 8018762, 8018858, 8018954, 8019082, 8019210, 8019338, 8019466, 8019562, 8019690, 8019818, 8019946, 8020074, 8020170, 8020298, 8020426, 8020522, 8020650, 8020746, 8020874, 8021002, 8021130, 8083368, 8083432, 8083496, 8083528, 8083592, 8083624, 8083720, 8083752, 8083784, 8083848, 8083912, 8083976, 8084008, 8084040, 8084104, 8084168, 8084232, 8084264, 8084328, 8084456, 8084616, 8084744, 8084904, 8085064, 8085160, 8085320, 8085480, 8085608, 8085768, 8085896, 8086056, 8086184, 8086312, 8086472, 8086600, 8086760, 8086888, 8087048, 8087208, 8087304, 8087464, 8087592, 8087752, 8087880, 8088040, 8088168, 8088328, 8088456, 8088584, 8088744, 8088872, 8089032, 8089160, 8021578, 8021706, 8021802, 8021930, 8022058, 8022186, 8022282, 8022410, 8022538, 8100584, 8100712, 8100840, 8101000, 8101128, 8101256, 8101384, 8101512, 8101640, 8101768, 8101896, 8101992, 8102152, 8102280, 8102408, 8102536, 8102664, 8102792, 8102920, 8103048, 8103176, 8103304, 8103400, 8103528, 8103688, 8103816, 8020298, 8020426, 8020522, 8020618, 8020746, 8020874, 8021002, 8021098, 8021226, 8021354, 8021482, 8021578, 8021706, 8021834, 8021930, 8022026, 8022154, 8022282, 8022410, 8022506, 8022634, 8022762, 8022890, 8022986, 8023114, 8023242, 8023338, 8023434, 8023562, 8023690, 8023786, 8023914, 8024042, 8024138, 8024266, 8024394, 8024522, 8024618, 8024746, 8024842, 8024938, 8025066, 8025194, 8025290, 8025418, 8025546, 8085512, 8085672, 8085800, 8085928, 8086056, 8086216, 8086344, 8086504, 8086664, 8086792, 8086952, 8087080, 8087240, 8087368, 8087528, 8087656, 8087816, 8087912, 8088040, 8088200, 8088328, 8088488, 8088616, 8088776, 8088904, 8089064, 8089192, 8089352, 8089480, 8089608, 8089768, 8089864, 8095848, 8095976, 8096104, 8096264, 8096392, 8096488, 8096616, 8096776, 8096904, 8097032, 8097160, 8097320, 8097448, 8097576, 8097704, 8097832, 8097960, 8098088, 8098216, 8098376, 8098504, 8098632, 8098760, 8098888, 8099016, 8099144, 8099272, 8099400, 8099560, 8099688, 8099816, 8099912, 8100040, 8100200, 8100328, 8100456, 8100584, 8100712, 8100840, 8101000, 8101096, 8101224, 8101352, 8101480, 8101608, 8016074, 8016202, 8016330, 8016426, 8016554, 8016682, 8016810, 8016906, 8017034, 8017162, 8017290, 8017418, 8017546, 8017674, 8017802, 8017898, 8018026, 8018154, 8018250, 8018378, 8018506, 8018602, 8018730, 8018858, 8018986, 8019114, 8019242, 8019338, 8019466, 8019594, 8019722, 8019850, 8019946, 8020074, 8020170, 8020298, 8020426, 8020522, 8039895, 8039991, 8040087, 8040151, 8040247, 8040343, 8040439, 8040535, 8040631, 8040727, 8040823, 8040919, 8041015, 8041111, 8041207, 8041303, 8041399, 8041495, 7970657, 7970753, 7970817, 7970881, 7970977, 7971041, 7971137, 7971201, 7971297, 7971361, 7971457]"
0,82,meta-llama/Llama-3.1-8B,126,203,41125873000,42760754403,1634881403,21605,12929211,8029466,"[9163997, 8085672, 8085800, 8085928, 8086056, 8086216, 8086344, 8086504, 8086664, 8086792, 8086952, 8087080, 8087240, 8087368, 8087528, 8087656, 8087816, 8087912, 8088040, 8088200, 8088328, 8088488, 8088616, 8088776, 8088904, 8089064, 8089192, 8089352, 8089480, 8089608, 8089768, 8089864, 8095848, 8095976, 8096104, 8096264, 8096392, 8096488, 8096616, 8096776, 8096904, 8097032, 8097160, 8097320, 8097448, 8097576, 8097704, 8097832, 8097960, 8098088, 8098216, 8098376, 8098504, 8098632, 8098760, 8098888, 8099016, 8099144, 8099272, 8099400, 8099560, 8099688, 8099816, 8099912, 8100040, 8100200, 8100328, 8100456, 8100584, 8100712, 8100840, 8101000, 8101096, 8101224, 8101352, 8101480, 8101608, 8016074, 8016202, 8016330, 8016426, 8016554, 8016682, 8016810, 8016906, 8017034, 8017162, 8017290, 8017418, 8017546, 8017674, 8017802, 8017898, 8018026, 8018154, 8018250, 8018378, 8018506, 8018602, 8018730, 8018858, 8018986, 8019114, 8019242, 8019338, 8019466, 8019594, 8019722, 8019850, 8019946, 8020074, 8020170, 8020298, 8020426, 8020522, 8039895, 8039991, 8040087, 8040151, 8040247, 8040343, 8040439, 8040535, 8040631, 8040727, 8040823, 8040919, 8041015, 8041111, 8041207, 8041303, 8041399, 8041495, 7970657, 7970753, 7970817, 7970881, 7970977, 7971041, 7971137, 7971201, 7971297, 7971361, 7971457, 7700141, 7700237, 7700301, 7700365, 7700429, 7700493, 7700557, 7700621, 7700685, 7700749, 7700813, 7700877, 7700973, 7701037, 7701101, 7964417, 7964513, 7964609, 7964673, 7964769, 7964865, 7964961, 7965025, 7965121, 7965185, 7965281, 7965345, 7965441, 7965537, 7965633, 7965697, 7965793, 8015319, 8015351, 8002250, 8002282, 8002314, 8002378, 8002410, 8002506, 8002538, 8002570, 8079528, 8079624, 8079656, 8079720, 8079752, 8079816, 8079848, 8079912, 8103568, 8103632, 8103696, 8103728, 8103824, 8103888, 8103952, 8183132]"
1,79,meta-llama/Llama-3.1-8B,1133,385,39645191000,42818072007,3172881007,3578,80201119,8053853,"[13281491, 8016426, 8016554, 8016682, 8016810, 8016938, 8017066, 8017162, 8017290, 8017386, 8017514, 8017642, 8017770, 8017898, 8018026, 8018122, 8018250, 8018378, 8018506, 8018634, 8018762, 8018858, 8018954, 8019082, 8019210, 8019338, 8019466, 8019562, 8019690, 8019818, 8019946, 8020074, 8020170, 8020298, 8020426, 8020522, 8020650, 8020746, 8020874, 8021002, 8021130, 8083368, 8083432, 8083496, 8083528, 8083592, 8083624, 8083720, 8083752, 8083784, 8083848, 8083912, 8083976, 8084008, 8084040, 8084104, 8084168, 8084232, 8084264, 8084328, 8084456, 8084616, 8084744, 8084904, 8085064, 8085160, 8085320, 8085480, 8085608, 8085768, 8085896, 8086056, 8086184, 8086312, 8086472, 8086600, 8086760, 8086888, 8087048, 8087208, 8087304, 8087464, 8087592, 8087752, 8087880, 8088040, 8088168, 8088328, 8088456, 8088584, 8088744, 8088872, 8089032, 8089160, 8021578, 8021706, 8021802, 8021930, 8022058, 8022186, 8022282, 8022410, 8022538, 8100584, 8100712, 8100840, 8101000, 8101128, 8101256, 8101384, 8101512, 8101640, 8101768, 8101896, 8101992, 8102152, 8102280, 8102408, 8102536, 8102664, 8102792, 8102920, 8103048, 8103176, 8103304, 8103400, 8103528, 8103688, 8103816, 8020298, 8020426, 8020522, 8020618, 8020746, 8020874, 8021002, 8021098, 8021226, 8021354, 8021482, 8021578, 8021706, 8021834, 8021930, 8022026, 8022154, 8022282, 8022410, 8022506, 8022634, 8022762, 8022890, 8022986, 8023114, 8023242, 8023338, 8023434, 8023562, 8023690, 8023786, 8023914, 8024042, 8024138, 8024266, 8024394, 8024522, 8024618, 8024746, 8024842, 8024938, 8025066, 8025194, 8025290, 8025418, 8025546, 8085512, 8085672, 8085800, 8085928, 8086056, 8086216, 8086344, 8086504, 8086664, 8086792, 8086952, 8087080, 8087240, 8087368, 8087528, 8087656, 8087816, 8087912, 8088040, 8088200, 8088328, 8088488, 8088616, 8088776, 8088904, 8089064, 8089192, 8089352, 8089480, 8089608, 8089768, 8089864, 8095848, 8095976, 8096104, 8096264, 8096392, 8096488, 8096616, 8096776, 8096904, 8097032, 8097160, 8097320, 8097448, 8097576, 8097704, 8097832, 8097960, 8098088, 8098216, 8098376, 8098504, 8098632, 8098760, 8098888, 8099016, 8099144, 8099272, 8099400, 8099560, 8099688, 8099816, 8099912, 8100040, 8100200, 8100328, 8100456, 8100584, 8100712, 8100840, 8101000, 8101096, 8101224, 8101352, 8101480, 8101608, 8016074, 8016202, 8016330, 8016426, 8016554, 8016682, 8016810, 8016906, 8017034, 8017162, 8017290, 8017418, 8017546, 8017674, 8017802, 8017898, 8018026, 8018154, 8018250, 8018378, 8018506, 8018602, 8018730, 8018858, 8018986, 8019114, 8019242, 8019338, 8019466, 8019594, 8019722, 8019850, 8019946, 8020074, 8020170, 8020298, 8020426, 8020522, 8039895, 8039991, 8040087, 8040151, 8040247, 8040343, 8040439, 8040535, 8040631, 8040727, 8040823, 8040919, 8041015, 8041111, 8041207, 8041303, 8041399, 8041495, 7970657, 7970753, 7970817, 7970881, 7970977, 7971041, 7971137, 7971201, 7971297, 7971361, 7971457, 7700141, 7700237, 7700301, 7700365, 7700429, 7700493, 7700557, 7700621, 7700685, 7700749, 7700813, 7700877, 7700973, 7701037, 7701101, 7964417, 7964513, 7964609, 7964673, 7964769, 7964865, 7964961, 7965025, 7965121, 7965185, 7965281, 7965345, 7965441, 7965537, 7965633, 7965697, 7965793, 8015319, 8015351, 8002250, 8002282, 8002314, 8002378, 8002410, 8002506, 8002538, 8002570, 8079528, 8079624, 8079656, 8079720, 8079752, 8079816, 8079848, 8079912, 8103568, 8103632, 8103696, 8103728, 8103824, 8103888, 8103952, 8183132, 8187996, 8188060, 8188156, 8188220, 8188316, 8188380, 8188476]"
0,77,meta-llama/Llama-3.1-8B,1118,426,39324127000,42826175831,3502048831,45747,79796921,8052357,"[14805852, 8037751, 8037847, 8037943, 8038039, 8038135, 8038231, 8038327, 8038423, 8038519, 8038615, 8038711, 7967777, 7967841, 7967937, 7968001, 7968097, 7968193, 7968257, 7968353, 7968417, 7968513, 7968609, 7968673, 7968769, 7968833, 7968929, 7968993, 7969089, 7969185, 7969249, 7969345, 7969409, 8023447, 8023575, 8023671, 8023799, 8023895, 8024023, 8024119, 8016298, 8016426, 8016554, 8016682, 8016810, 8016938, 8017066, 8017162, 8017290, 8017386, 8017514, 8017642, 8017770, 8017898, 8018026, 8018122, 8018250, 8018378, 8018506, 8018634, 8018762, 8018858, 8018954, 8019082, 8019210, 8019338, 8019466, 8019562, 8019690, 8019818, 8019946, 8020074, 8020170, 8020298, 8020426, 8020522, 8020650, 8020746, 8020874, 8021002, 8021130, 8083368, 8083432, 8083496, 8083528, 8083592, 8083624, 8083720, 8083752, 8083784, 8083848, 8083912, 8083976, 8084008, 8084040, 8084104, 8084168, 8084232, 8084264, 8084328, 8084456, 8084616, 8084744, 8084904, 8085064, 8085160, 8085320, 8085480, 8085608, 8085768, 8085896, 8086056, 8086184, 8086312, 8086472, 8086600, 8086760, 8086888, 8087048, 8087208, 8087304, 8087464, 8087592, 8087752, 8087880, 8088040, 8088168, 8088328, 8088456, 8088584, 8088744, 8088872, 8089032, 8089160, 8021578, 8021706, 8021802, 8021930, 8022058, 8022186, 8022282, 8022410, 8022538, 8100584, 8100712, 8100840, 8101000, 8101128, 8101256, 8101384, 8101512, 8101640, 8101768, 8101896, 8101992, 8102152, 8102280, 8102408, 8102536, 8102664, 8102792, 8102920, 8103048, 8103176, 8103304, 8103400, 8103528, 8103688, 8103816, 8020298, 8020426, 8020522, 8020618, 8020746, 8020874, 8021002, 8021098, 8021226, 8021354, 8021482, 8021578, 8021706, 8021834, 8021930, 8022026, 8022154, 8022282, 8022410, 8022506, 8022634, 8022762, 8022890, 8022986, 8023114, 8023242, 8023338, 8023434, 8023562, 8023690, 8023786, 8023914, 8024042, 8024138, 8024266, 8024394, 8024522, 8024618, 8024746, 8024842, 8024938, 8025066, 8025194, 8025290, 8025418, 8025546, 8085512, 8085672, 8085800, 8085928, 8086056, 8086216, 8086344, 8086504, 8086664, 8086792, 8086952, 8087080, 8087240, 8087368, 8087528, 8087656, 8087816, 8087912, 8088040, 8088200, 8088328, 8088488, 8088616, 8088776, 8088904, 8089064, 8089192, 8089352, 8089480, 8089608, 8089768, 8089864, 8095848, 8095976, 8096104, 8096264, 8096392, 8096488, 8096616, 8096776, 8096904, 8097032, 8097160, 8097320, 8097448, 8097576, 8097704, 8097832, 8097960, 8098088, 8098216, 8098376, 8098504, 8098632, 8098760, 8098888, 8099016, 8099144, 8099272, 8099400, 8099560, 8099688, 8099816, 8099912, 8100040, 8100200, 8100328, 8100456, 8100584, 8100712, 8100840, 8101000, 8101096, 8101224, 8101352, 8101480, 8101608, 8016074, 8016202, 8016330, 8016426, 8016554, 8016682, 8016810, 8016906, 8017034, 8017162, 8017290, 8017418, 8017546, 8017674, 8017802, 8017898, 8018026, 8018154, 8018250, 8018378, 8018506, 8018602, 8018730, 8018858, 8018986, 8019114, 8019242, 8019338, 8019466, 8019594, 8019722, 8019850, 8019946, 8020074, 8020170, 8020298, 8020426, 8020522, 8039895, 8039991, 8040087, 8040151, 8040247, 8040343, 8040439, 8040535, 8040631, 8040727, 8040823, 8040919, 8041015, 8041111, 8041207, 8041303, 8041399, 8041495, 7970657, 7970753, 7970817, 7970881, 7970977, 7971041, 7971137, 7971201, 7971297, 7971361, 7971457, 7700141, 7700237, 7700301, 7700365, 7700429, 7700493, 7700557, 7700621, 7700685, 7700749, 7700813, 7700877, 7700973, 7701037, 7701101, 7964417, 7964513, 7964609, 7964673, 7964769, 7964865, 7964961, 7965025, 7965121, 7965185, 7965281, 7965345, 7965441, 7965537, 7965633, 7965697, 7965793, 8015319, 8015351, 8002250, 8002282, 8002314, 8002378, 8002410, 8002506, 8002538, 8002570, 8079528, 8079624, 8079656, 8079720, 8079752, 8079816, 8079848, 8079912, 8103568, 8103632, 8103696, 8103728, 8103824, 8103888, 8103952, 8183132, 8187996, 8188060, 8188156, 8188220, 8188316, 8188380, 8188476, 8103824]"
1,86,meta-llama/Llama-3.1-8B,400,91,42530625000,43300237065,769612065,90476,35901038,8152344,"[8664091, 8002282, 8002314, 8002378, 8002410, 8002506, 8002538, 8002570, 8079528, 8079624, 8079656, 8079720, 8079752, 8079816, 8079848, 8079912, 8103568, 8103632, 8103696, 8103728, 8103824, 8103888, 8103952, 8183132, 8187996, 8188060, 8188156, 8188220, 8188316, 8188380, 8188476, 8103824, 8075656, 8075688, 8075752, 8102128, 8102160, 8102224, 8102288, 8181628, 8181692, 8181788, 8181852, 8181916, 8182012, 8182108, 8182172, 8182268, 8182364, 8182428, 8182524, 8182588, 8182684, 8182780, 8182812, 8182908, 8268965, 8269093, 8269157, 8269285, 8269381, 8269477, 8269573, 8269701, 8269797, 8269893, 8270021, 8270117, 8270213, 8270341, 8270437, 8270533, 8270661, 8270725, 8270821, 8270917, 8271045, 8271141, 8271237, 8271333, 7983719, 7983847, 7983975, 7984103, 7984231, 7984359, 7984487, 7984615, 7984743, 7984871]"
0,81,meta-llama/Llama-3.1-8B,1140,377,40479164000,43598002973,3118838973,6068,80438099,8080853,"[8667313, 8100712, 8100840, 8101000, 8101128, 8101256, 8101384, 8101512, 8101640, 8101768, 8101896, 8101992, 8102152, 8102280, 8102408, 8102536, 8102664, 8102792, 8102920, 8103048, 8103176, 8103304, 8103400, 8103528, 8103688, 8103816, 8020298, 8020426, 8020522, 8020618, 8020746, 8020874, 8021002, 8021098, 8021226, 8021354, 8021482, 8021578, 8021706, 8021834, 8021930, 8022026, 8022154, 8022282, 8022410, 8022506, 8022634, 8022762, 8022890, 8022986, 8023114, 8023242, 8023338, 8023434, 8023562, 8023690, 8023786, 8023914, 8024042, 8024138, 8024266, 8024394, 8024522, 8024618, 8024746, 8024842, 8024938, 8025066, 8025194, 8025290, 8025418, 8025546, 8085512, 8085672, 8085800, 8085928, 8086056, 8086216, 8086344, 8086504, 8086664, 8086792, 8086952, 8087080, 8087240, 8087368, 8087528, 8087656, 8087816, 8087912, 8088040, 8088200, 8088328, 8088488, 8088616, 8088776, 8088904, 8089064, 8089192, 8089352, 8089480, 8089608, 8089768, 8089864, 8095848, 8095976, 8096104, 8096264, 8096392, 8096488, 8096616, 8096776, 8096904, 8097032, 8097160, 8097320, 8097448, 8097576, 8097704, 8097832, 8097960, 8098088, 8098216, 8098376, 8098504, 8098632, 8098760, 8098888, 8099016, 8099144, 8099272, 8099400, 8099560, 8099688, 8099816, 8099912, 8100040, 8100200, 8100328, 8100456, 8100584, 8100712, 8100840, 8101000, 8101096, 8101224, 8101352, 8101480, 8101608, 8016074, 8016202, 8016330, 8016426, 8016554, 8016682, 8016810, 8016906, 8017034, 8017162, 8017290, 8017418, 8017546, 8017674, 8017802, 8017898, 8018026, 8018154, 8018250, 8018378, 8018506, 8018602, 8018730, 8018858, 8018986, 8019114, 8019242, 8019338, 8019466, 8019594, 8019722, 8019850, 8019946, 8020074, 8020170, 8020298, 8020426, 8020522, 8039895, 8039991, 8040087, 8040151, 8040247, 8040343, 8040439, 8040535, 8040631, 8040727, 8040823, 8040919, 8041015, 8041111, 8041207, 8041303, 8041399, 8041495, 7970657, 7970753, 7970817, 7970881, 7970977, 7971041, 7971137, 7971201, 7971297, 7971361, 7971457, 7700141, 7700237, 7700301, 7700365, 7700429, 7700493, 7700557, 7700621, 7700685, 7700749, 7700813, 7700877, 7700973, 7701037, 7701101, 7964417, 7964513, 7964609, 7964673, 7964769, 7964865, 7964961, 7965025, 7965121, 7965185, 7965281, 7965345, 7965441, 7965537, 7965633, 7965697, 7965793, 8015319, 8015351, 8002250, 8002282, 8002314, 8002378, 8002410, 8002506, 8002538, 8002570, 8079528, 8079624, 8079656, 8079720, 8079752, 8079816, 8079848, 8079912, 8103568, 8103632, 8103696, 8103728, 8103824, 8103888, 8103952, 8183132, 8187996, 8188060, 8188156, 8188220, 8188316, 8188380, 8188476, 8103824, 8075656, 8075688, 8075752, 8102128, 8102160, 8102224, 8102288, 8181628, 8181692, 8181788, 8181852, 8181916, 8182012, 8182108, 8182172, 8182268, 8182364, 8182428, 8182524, 8182588, 8182684, 8182780, 8182812, 8182908, 8268965, 8269093, 8269157, 8269285, 8269381, 8269477, 8269573, 8269701, 8269797, 8269893, 8270021, 8270117, 8270213, 8270341, 8270437, 8270533, 8270661, 8270725, 8270821, 8270917, 8271045, 8271141, 8271237, 8271333, 7983719, 7983847, 7983975, 7984103, 7984231, 7984359, 7984487, 7984615, 7984743, 7984871, 8269477, 8269573, 8269669, 8269797, 8269893, 8269989, 8270117, 8270213, 8270309, 8270437, 8270533, 8270629, 8270693, 8270821, 8270917, 8271013, 8271109, 8271237, 8271333, 8271429, 8271525, 8271653, 8271749, 8271845, 8271941, 8272069, 8272165, 8272261, 8272325, 8272421, 8272549, 8272645, 8272741, 8272837, 8272933, 8273061]"
0,97,meta-llama/Llama-3.1-8B,243,14,43791124000,43920604600,129480600,65123,21728872,8288594,"[11795704, 7995586, 7995682, 7995842, 7995970, 7996130, 7996258, 7996418, 7996546, 7996674, 7996834, 7996962, 7997122]"
0,85,meta-llama/Llama-3.1-8B,206,179,42529693000,44000565487,1470872487,84992,20439861,8148497,"[9039667, 8015351, 8002250, 8002282, 8002314, 8002378, 8002410, 8002506, 8002538, 8002570, 8079528, 8079624, 8079656, 8079720, 8079752, 8079816, 8079848, 8079912, 8103568, 8103632, 8103696, 8103728, 8103824, 8103888, 8103952, 8183132, 8187996, 8188060, 8188156, 8188220, 8188316, 8188380, 8188476, 8103824, 8075656, 8075688, 8075752, 8102128, 8102160, 8102224, 8102288, 8181628, 8181692, 8181788, 8181852, 8181916, 8182012, 8182108, 8182172, 8182268, 8182364, 8182428, 8182524, 8182588, 8182684, 8182780, 8182812, 8182908, 8268965, 8269093, 8269157, 8269285, 8269381, 8269477, 8269573, 8269701, 8269797, 8269893, 8270021, 8270117, 8270213, 8270341, 8270437, 8270533, 8270661, 8270725, 8270821, 8270917, 8271045, 8271141, 8271237, 8271333, 7983719, 7983847, 7983975, 7984103, 7984231, 7984359, 7984487, 7984615, 7984743, 7984871, 8269477, 8269573, 8269669, 8269797, 8269893, 8269989, 8270117, 8270213, 8270309, 8270437, 8270533, 8270629, 8270693, 8270821, 8270917, 8271013, 8271109, 8271237, 8271333, 8271429, 8271525, 8271653, 8271749, 8271845, 8271941, 8272069, 8272165, 8272261, 8272325, 8272421, 8272549, 8272645, 8272741, 8272837, 8272933, 8273061, 8176092, 8176188, 8176284, 8176380, 8264197, 8264261, 8264389, 8264485, 8264613, 8264709, 8264837, 8264933, 7987751, 7987879, 7988007, 7988103, 7988199, 7988327, 7988455, 7988583, 7988711, 7988839, 7988967, 7989063, 7989191, 7989319, 7989415, 7995426, 7995586, 7995682, 7995842, 7995970, 7996130, 7996258, 7996418, 7996546, 7996674, 7996834, 7996962, 7997122, 7991079, 7991207, 7991303, 7991431, 7991559, 7991687, 7991783, 8006818, 8006946, 8007074]"
0,95,meta-llama/Llama-3.1-8B,416,88,43589055000,44329297168,740242168,5142,36294673,8091350,"[13622441, 8264261, 8264389, 8264485, 8264613, 8264709, 8264837, 8264933, 7987751, 7987879, 7988007, 7988103, 7988199, 7988327, 7988455, 7988583, 7988711, 7988839, 7988967, 7989063, 7989191, 7989319, 7989415, 7995426, 7995586, 7995682, 7995842, 7995970, 7996130, 7996258, 7996418, 7996546, 7996674, 7996834, 7996962, 7997122, 7991079, 7991207, 7991303, 7991431, 7991559, 7991687, 7991783, 8006818, 8006946, 8007074, 7998951, 7999079, 7999143, 8017186, 8017314, 8017442, 8017538, 8017666, 8017794, 8017890, 8018018, 8018114, 8018242, 8018338, 8018466, 8018594, 8018722, 8018818, 8018946, 8019074, 8019138, 8019266, 8019394, 8019490, 8019618, 8019746, 8019842, 8019970, 8020098, 8020194, 8020322, 8020418, 8020514, 8020642, 8020770, 8020866, 8020994, 8021090, 8021218, 8021346, 8021410]"
0,93,meta-llama/Llama-3.1-8B,163,224,42999747000,44826643010,1826896010,20427,18349592,8110073,"[12082624, 8269093, 8269157, 8269285, 8269381, 8269477, 8269573, 8269701, 8269797, 8269893, 8270021, 8270117, 8270213, 8270341, 8270437, 8270533, 8270661, 8270725, 8270821, 8270917, 8271045, 8271141, 8271237, 8271333, 7983719, 7983847, 7983975, 7984103, 7984231, 7984359, 7984487, 7984615, 7984743, 7984871, 8269477, 8269573, 8269669, 8269797, 8269893, 8269989, 8270117, 8270213, 8270309, 8270437, 8270533, 8270629, 8270693, 8270821, 8270917, 8271013, 8271109, 8271237, 8271333, 8271429, 8271525, 8271653, 8271749, 8271845, 8271941, 8272069, 8272165, 8272261, 8272325, 8272421, 8272549, 8272645, 8272741, 8272837, 8272933, 8273061, 8176092, 8176188, 8176284, 8176380, 8264197, 8264261, 8264389, 8264485, 8264613, 8264709, 8264837, 8264933, 7987751, 7987879, 7988007, 7988103, 7988199, 7988327, 7988455, 7988583, 7988711, 7988839, 7988967, 7989063, 7989191, 7989319, 7989415, 7995426, 7995586, 7995682, 7995842, 7995970, 7996130, 7996258, 7996418, 7996546, 7996674, 7996834, 7996962, 7997122, 7991079, 7991207, 7991303, 7991431, 7991559, 7991687, 7991783, 8006818, 8006946, 8007074, 7998951, 7999079, 7999143, 8017186, 8017314, 8017442, 8017538, 8017666, 8017794, 8017890, 8018018, 8018114, 8018242, 8018338, 8018466, 8018594, 8018722, 8018818, 8018946, 8019074, 8019138, 8019266, 8019394, 8019490, 8019618, 8019746, 8019842, 8019970, 8020098, 8020194, 8020322, 8020418, 8020514, 8020642, 8020770, 8020866, 8020994, 8021090, 8021218, 8021346, 8021410, 8015271, 8015495, 8015687, 8015911, 8016135, 8016327, 8016551, 8016775, 8016999, 8017191, 8017415, 8017639, 8017831, 8018055, 8018247, 8018471, 8018663, 8018887, 8019079, 8019335, 8019527, 8019751, 8019975, 8020167, 8020359, 8020583, 8020775, 8020999, 8021191, 8021415, 8021639, 8021863, 8022055, 8022279, 8022471, 8022695, 8022887, 8023079, 8023303, 8023495, 8023719, 8023911, 8024135, 8024359, 8024551, 8024743, 8024967, 8025159, 8025383, 8025575, 8025767, 8025991, 8026183, 8026375, 8026599, 8026823, 8027015, 8027207, 8027431, 8027623, 8027815, 8028039]"
0,94,meta-llama/Llama-3.1-8B,181,212,43193461000,44926526206,1733065206,760,18894827,8124030,"[16022007, 7983847, 7983975, 7984103, 7984231, 7984359, 7984487, 7984615, 7984743, 7984871, 8269477, 8269573, 8269669, 8269797, 8269893, 8269989, 8270117, 8270213, 8270309, 8270437, 8270533, 8270629, 8270693, 8270821, 8270917, 8271013, 8271109, 8271237, 8271333, 8271429, 8271525, 8271653, 8271749, 8271845, 8271941, 8272069, 8272165, 8272261, 8272325, 8272421, 8272549, 8272645, 8272741, 8272837, 8272933, 8273061, 8176092, 8176188, 8176284, 8176380, 8264197, 8264261, 8264389, 8264485, 8264613, 8264709, 8264837, 8264933, 7987751, 7987879, 7988007, 7988103, 7988199, 7988327, 7988455, 7988583, 7988711, 7988839, 7988967, 7989063, 7989191, 7989319, 7989415, 7995426, 7995586, 7995682, 7995842, 7995970, 7996130, 7996258, 7996418, 7996546, 7996674, 7996834, 7996962, 7997122, 7991079, 7991207, 7991303, 7991431, 7991559, 7991687, 7991783, 8006818, 8006946, 8007074, 7998951, 7999079, 7999143, 8017186, 8017314, 8017442, 8017538, 8017666, 8017794, 8017890, 8018018, 8018114, 8018242, 8018338, 8018466, 8018594, 8018722, 8018818, 8018946, 8019074, 8019138, 8019266, 8019394, 8019490, 8019618, 8019746, 8019842, 8019970, 8020098, 8020194, 8020322, 8020418, 8020514, 8020642, 8020770, 8020866, 8020994, 8021090, 8021218, 8021346, 8021410, 8015271, 8015495, 8015687, 8015911, 8016135, 8016327, 8016551, 8016775, 8016999, 8017191, 8017415, 8017639, 8017831, 8018055, 8018247, 8018471, 8018663, 8018887, 8019079, 8019335, 8019527, 8019751, 8019975, 8020167, 8020359, 8020583, 8020775, 8020999, 8021191, 8021415, 8021639, 8021863, 8022055, 8022279, 8022471, 8022695, 8022887, 8023079, 8023303, 8023495, 8023719, 8023911, 8024135, 8024359, 8024551, 8024743, 8024967, 8025159, 8025383, 8025575, 8025767, 8025991, 8026183, 8026375, 8026599, 8026823, 8027015, 8027207, 8027431, 8027623, 8027815, 8028039, 8322661, 8322821, 8322981, 8323173, 8323333, 8323525, 8323685, 8323845, 8324037, 8324197, 8324389, 8324549]"
1,99,meta-llama/Llama-3.1-8B,1350,146,43923071000,45198368698,1275297698,47724,100273955,8103612,"[9234891, 8017314, 8017442, 8017538, 8017666, 8017794, 8017890, 8018018, 8018114, 8018242, 8018338, 8018466, 8018594, 8018722, 8018818, 8018946, 8019074, 8019138, 8019266, 8019394, 8019490, 8019618, 8019746, 8019842, 8019970, 8020098, 8020194, 8020322, 8020418, 8020514, 8020642, 8020770, 8020866, 8020994, 8021090, 8021218, 8021346, 8021410, 8015271, 8015495, 8015687, 8015911, 8016135, 8016327, 8016551, 8016775, 8016999, 8017191, 8017415, 8017639, 8017831, 8018055, 8018247, 8018471, 8018663, 8018887, 8019079, 8019335, 8019527, 8019751, 8019975, 8020167, 8020359, 8020583, 8020775, 8020999, 8021191, 8021415, 8021639, 8021863, 8022055, 8022279, 8022471, 8022695, 8022887, 8023079, 8023303, 8023495, 8023719, 8023911, 8024135, 8024359, 8024551, 8024743, 8024967, 8025159, 8025383, 8025575, 8025767, 8025991, 8026183, 8026375, 8026599, 8026823, 8027015, 8027207, 8027431, 8027623, 8027815, 8028039, 8322661, 8322821, 8322981, 8323173, 8323333, 8323525, 8323685, 8323845, 8324037, 8324197, 8324389, 8324549, 8235260, 8235388, 8235548, 8235708, 8235868, 8235996, 8236156, 8236316, 8236444, 8236604, 8236764, 8236892, 8237052, 8237180, 8237340, 8237500, 8237628, 8237788, 8237980, 8238108, 8238268, 8238428, 8238556, 8238716, 8238844, 8239004, 8239164, 8239292, 8239452, 8239580, 8239740, 8239900, 8240028]"
0,88,meta-llama/Llama-3.1-8B,862,379,42563820000,45769293050,3205473050,66236373,131024408,8133462,"[9104143, 8103632, 8103696, 8103728, 8103824, 8103888, 8103952, 8183132, 8187996, 8188060, 8188156, 8188220, 8188316, 8188380, 8188476, 8103824, 8075656, 8075688, 8075752, 8102128, 8102160, 8102224, 8102288, 8181628, 8181692, 8181788, 8181852, 8181916, 8182012, 8182108, 8182172, 8182268, 8182364, 8182428, 8182524, 8182588, 8182684, 8182780, 8182812, 8182908, 8268965, 8269093, 8269157, 8269285, 8269381, 8269477, 8269573, 8269701, 8269797, 8269893, 8270021, 8270117, 8270213, 8270341, 8270437, 8270533, 8270661, 8270725, 8270821, 8270917, 8271045, 8271141, 8271237, 8271333, 7983719, 7983847, 7983975, 7984103, 7984231, 7984359, 7984487, 7984615, 7984743, 7984871, 8269477, 8269573, 8269669, 8269797, 8269893, 8269989, 8270117, 8270213, 8270309, 8270437, 8270533, 8270629, 8270693, 8270821, 8270917, 8271013, 8271109, 8271237, 8271333, 8271429, 8271525, 8271653, 8271749, 8271845, 8271941, 8272069, 8272165, 8272261, 8272325, 8272421, 8272549, 8272645, 8272741, 8272837, 8272933, 8273061, 8176092, 8176188, 8176284, 8176380, 8264197, 8264261, 8264389, 8264485, 8264613, 8264709, 8264837, 8264933, 7987751, 7987879, 7988007, 7988103, 7988199, 7988327, 7988455, 7988583, 7988711, 7988839, 7988967, 7989063, 7989191, 7989319, 7989415, 7995426, 7995586, 7995682, 7995842, 7995970, 7996130, 7996258, 7996418, 7996546, 7996674, 7996834, 7996962, 7997122, 7991079, 7991207, 7991303, 7991431, 7991559, 7991687, 7991783, 8006818, 8006946, 8007074, 7998951, 7999079, 7999143, 8017186, 8017314, 8017442, 8017538, 8017666, 8017794, 8017890, 8018018, 8018114, 8018242, 8018338, 8018466, 8018594, 8018722, 8018818, 8018946, 8019074, 8019138, 8019266, 8019394, 8019490, 8019618, 8019746, 8019842, 8019970, 8020098, 8020194, 8020322, 8020418, 8020514, 8020642, 8020770, 8020866, 8020994, 8021090, 8021218, 8021346, 8021410, 8015271, 8015495, 8015687, 8015911, 8016135, 8016327, 8016551, 8016775, 8016999, 8017191, 8017415, 8017639, 8017831, 8018055, 8018247, 8018471, 8018663, 8018887, 8019079, 8019335, 8019527, 8019751, 8019975, 8020167, 8020359, 8020583, 8020775, 8020999, 8021191, 8021415, 8021639, 8021863, 8022055, 8022279, 8022471, 8022695, 8022887, 8023079, 8023303, 8023495, 8023719, 8023911, 8024135, 8024359, 8024551, 8024743, 8024967, 8025159, 8025383, 8025575, 8025767, 8025991, 8026183, 8026375, 8026599, 8026823, 8027015, 8027207, 8027431, 8027623, 8027815, 8028039, 8322661, 8322821, 8322981, 8323173, 8323333, 8323525, 8323685, 8323845, 8324037, 8324197, 8324389, 8324549, 8235260, 8235388, 8235548, 8235708, 8235868, 8235996, 8236156, 8236316, 8236444, 8236604, 8236764, 8236892, 8237052, 8237180, 8237340, 8237500, 8237628, 8237788, 8237980, 8238108, 8238268, 8238428, 8238556, 8238716, 8238844, 8239004, 8239164, 8239292, 8239452, 8239580, 8239740, 8239900, 8240028, 8151504, 8151632, 8151760, 8151888, 8152016, 8152176, 8152304, 8152432, 8152560, 8152688, 8152816, 8152976, 8153104, 8153232, 8153360, 8153488, 8153616, 8153744, 8153904, 8154032, 8154160, 8154288, 8154416, 8154544, 8154672, 8154800, 8154960, 8155088, 8155216, 8155344, 8155472, 8155600, 8155728, 8155856, 8156016, 8156144, 8156304, 8156432, 8156560, 8156688, 8156816, 8156944, 8157072, 8157200, 8157328, 8157456, 8157584, 8157712, 8157840, 8157968, 8158096, 8158224, 8158352, 8158512, 8158640, 8158768, 8158896, 8159024, 8159152, 8159280, 8159408, 8159536, 8159664, 8159792, 8159920, 8160048, 8160208, 8160336, 8160464, 8160592]"
0,84,meta-llama/Llama-3.1-8B,1115,421,42334055000,45826172082,3492117082,99097,79715887,8124764,"[9943874, 7964513, 7964609, 7964673, 7964769, 7964865, 7964961, 7965025, 7965121, 7965185, 7965281, 7965345, 7965441, 7965537, 7965633, 7965697, 7965793, 8015319, 8015351, 8002250, 8002282, 8002314, 8002378, 8002410, 8002506, 8002538, 8002570, 8079528, 8079624, 8079656, 8079720, 8079752, 8079816, 8079848, 8079912, 8103568, 8103632, 8103696, 8103728, 8103824, 8103888, 8103952, 8183132, 8187996, 8188060, 8188156, 8188220, 8188316, 8188380, 8188476, 8103824, 8075656, 8075688, 8075752, 8102128, 8102160, 8102224, 8102288, 8181628, 8181692, 8181788, 8181852, 8181916, 8182012, 8182108, 8182172, 8182268, 8182364, 8182428, 8182524, 8182588, 8182684, 8182780, 8182812, 8182908, 8268965, 8269093, 8269157, 8269285, 8269381, 8269477, 8269573, 8269701, 8269797, 8269893, 8270021, 8270117, 8270213, 8270341, 8270437, 8270533, 8270661, 8270725, 8270821, 8270917, 8271045, 8271141, 8271237, 8271333, 7983719, 7983847, 7983975, 7984103, 7984231, 7984359, 7984487, 7984615, 7984743, 7984871, 8269477, 8269573, 8269669, 8269797, 8269893, 8269989, 8270117, 8270213, 8270309, 8270437, 8270533, 8270629, 8270693, 8270821, 8270917, 8271013, 8271109, 8271237, 8271333, 8271429, 8271525, 8271653, 8271749, 8271845, 8271941, 8272069, 8272165, 8272261, 8272325, 8272421, 8272549, 8272645, 8272741, 8272837, 8272933, 8273061, 8176092, 8176188, 8176284, 8176380, 8264197, 8264261, 8264389, 8264485, 8264613, 8264709, 8264837, 8264933, 7987751, 7987879, 7988007, 7988103, 7988199, 7988327, 7988455, 7988583, 7988711, 7988839, 7988967, 7989063, 7989191, 7989319, 7989415, 7995426, 7995586, 7995682, 7995842, 7995970, 7996130, 7996258, 7996418, 7996546, 7996674, 7996834, 7996962, 7997122, 7991079, 7991207, 7991303, 7991431, 7991559, 7991687, 7991783, 8006818, 8006946, 8007074, 7998951, 7999079, 7999143, 8017186, 8017314, 8017442, 8017538, 8017666, 8017794, 8017890, 8018018, 8018114, 8018242, 8018338, 8018466, 8018594, 8018722, 8018818, 8018946, 8019074, 8019138, 8019266, 8019394, 8019490, 8019618, 8019746, 8019842, 8019970, 8020098, 8020194, 8020322, 8020418, 8020514, 8020642, 8020770, 8020866, 8020994, 8021090, 8021218, 8021346, 8021410, 8015271, 8015495, 8015687, 8015911, 8016135, 8016327, 8016551, 8016775, 8016999, 8017191, 8017415, 8017639, 8017831, 8018055, 8018247, 8018471, 8018663, 8018887, 8019079, 8019335, 8019527, 8019751, 8019975, 8020167, 8020359, 8020583, 8020775, 8020999, 8021191, 8021415, 8021639, 8021863, 8022055, 8022279, 8022471, 8022695, 8022887, 8023079, 8023303, 8023495, 8023719, 8023911, 8024135, 8024359, 8024551, 8024743, 8024967, 8025159, 8025383, 8025575, 8025767, 8025991, 8026183, 8026375, 8026599, 8026823, 8027015, 8027207, 8027431, 8027623, 8027815, 8028039, 8322661, 8322821, 8322981, 8323173, 8323333, 8323525, 8323685, 8323845, 8324037, 8324197, 8324389, 8324549, 8235260, 8235388, 8235548, 8235708, 8235868, 8235996, 8236156, 8236316, 8236444, 8236604, 8236764, 8236892, 8237052, 8237180, 8237340, 8237500, 8237628, 8237788, 8237980, 8238108, 8238268, 8238428, 8238556, 8238716, 8238844, 8239004, 8239164, 8239292, 8239452, 8239580, 8239740, 8239900, 8240028, 8151504, 8151632, 8151760, 8151888, 8152016, 8152176, 8152304, 8152432, 8152560, 8152688, 8152816, 8152976, 8153104, 8153232, 8153360, 8153488, 8153616, 8153744, 8153904, 8154032, 8154160, 8154288, 8154416, 8154544, 8154672, 8154800, 8154960, 8155088, 8155216, 8155344, 8155472, 8155600, 8155728, 8155856, 8156016, 8156144, 8156304, 8156432, 8156560, 8156688, 8156816, 8156944, 8157072, 8157200, 8157328, 8157456, 8157584, 8157712, 8157840, 8157968, 8158096, 8158224, 8158352, 8158512, 8158640, 8158768, 8158896, 8159024, 8159152, 8159280, 8159408, 8159536, 8159664, 8159792, 8159920, 8160048, 8160208, 8160336, 8160464, 8160592, 8125256, 8125352, 8125480, 8125576, 8125672, 8125800, 8125896]"
0,87,meta-llama/Llama-3.1-8B,1123,396,42545263000,45842258662,3296995662,4869861,84793373,8132157,"[9230282, 8079624, 8079656, 8079720, 8079752, 8079816, 8079848, 8079912, 8103568, 8103632, 8103696, 8103728, 8103824, 8103888, 8103952, 8183132, 8187996, 8188060, 8188156, 8188220, 8188316, 8188380, 8188476, 8103824, 8075656, 8075688, 8075752, 8102128, 8102160, 8102224, 8102288, 8181628, 8181692, 8181788, 8181852, 8181916, 8182012, 8182108, 8182172, 8182268, 8182364, 8182428, 8182524, 8182588, 8182684, 8182780, 8182812, 8182908, 8268965, 8269093, 8269157, 8269285, 8269381, 8269477, 8269573, 8269701, 8269797, 8269893, 8270021, 8270117, 8270213, 8270341, 8270437, 8270533, 8270661, 8270725, 8270821, 8270917, 8271045, 8271141, 8271237, 8271333, 7983719, 7983847, 7983975, 7984103, 7984231, 7984359, 7984487, 7984615, 7984743, 7984871, 8269477, 8269573, 8269669, 8269797, 8269893, 8269989, 8270117, 8270213, 8270309, 8270437, 8270533, 8270629, 8270693, 8270821, 8270917, 8271013, 8271109, 8271237, 8271333, 8271429, 8271525, 8271653, 8271749, 8271845, 8271941, 8272069, 8272165, 8272261, 8272325, 8272421, 8272549, 8272645, 8272741, 8272837, 8272933, 8273061, 8176092, 8176188, 8176284, 8176380, 8264197, 8264261, 8264389, 8264485, 8264613, 8264709, 8264837, 8264933, 7987751, 7987879, 7988007, 7988103, 7988199, 7988327, 7988455, 7988583, 7988711, 7988839, 7988967, 7989063, 7989191, 7989319, 7989415, 7995426, 7995586, 7995682, 7995842, 7995970, 7996130, 7996258, 7996418, 7996546, 7996674, 7996834, 7996962, 7997122, 7991079, 7991207, 7991303, 7991431, 7991559, 7991687, 7991783, 8006818, 8006946, 8007074, 7998951, 7999079, 7999143, 8017186, 8017314, 8017442, 8017538, 8017666, 8017794, 8017890, 8018018, 8018114, 8018242, 8018338, 8018466, 8018594, 8018722, 8018818, 8018946, 8019074, 8019138, 8019266, 8019394, 8019490, 8019618, 8019746, 8019842, 8019970, 8020098, 8020194, 8020322, 8020418, 8020514, 8020642, 8020770, 8020866, 8020994, 8021090, 8021218, 8021346, 8021410, 8015271, 8015495, 8015687, 8015911, 8016135, 8016327, 8016551, 8016775, 8016999, 8017191, 8017415, 8017639, 8017831, 8018055, 8018247, 8018471, 8018663, 8018887, 8019079, 8019335, 8019527, 8019751, 8019975, 8020167, 8020359, 8020583, 8020775, 8020999, 8021191, 8021415, 8021639, 8021863, 8022055, 8022279, 8022471, 8022695, 8022887, 8023079, 8023303, 8023495, 8023719, 8023911, 8024135, 8024359, 8024551, 8024743, 8024967, 8025159, 8025383, 8025575, 8025767, 8025991, 8026183, 8026375, 8026599, 8026823, 8027015, 8027207, 8027431, 8027623, 8027815, 8028039, 8322661, 8322821, 8322981, 8323173, 8323333, 8323525, 8323685, 8323845, 8324037, 8324197, 8324389, 8324549, 8235260, 8235388, 8235548, 8235708, 8235868, 8235996, 8236156, 8236316, 8236444, 8236604, 8236764, 8236892, 8237052, 8237180, 8237340, 8237500, 8237628, 8237788, 8237980, 8238108, 8238268, 8238428, 8238556, 8238716, 8238844, 8239004, 8239164, 8239292, 8239452, 8239580, 8239740, 8239900, 8240028, 8151504, 8151632, 8151760, 8151888, 8152016, 8152176, 8152304, 8152432, 8152560, 8152688, 8152816, 8152976, 8153104, 8153232, 8153360, 8153488, 8153616, 8153744, 8153904, 8154032, 8154160, 8154288, 8154416, 8154544, 8154672, 8154800, 8154960, 8155088, 8155216, 8155344, 8155472, 8155600, 8155728, 8155856, 8156016, 8156144, 8156304, 8156432, 8156560, 8156688, 8156816, 8156944, 8157072, 8157200, 8157328, 8157456, 8157584, 8157712, 8157840, 8157968, 8158096, 8158224, 8158352, 8158512, 8158640, 8158768, 8158896, 8159024, 8159152, 8159280, 8159408, 8159536, 8159664, 8159792, 8159920, 8160048, 8160208, 8160336, 8160464, 8160592, 8125256, 8125352, 8125480, 8125576, 8125672, 8125800, 8125896, 8043242, 8043338]"
0,90,meta-llama/Llama-3.1-8B,890,402,42691238000,46019297856,3328059856,3606408,69374440,8126397,"[8329959, 8188060, 8188156, 8188220, 8188316, 8188380, 8188476, 8103824, 8075656, 8075688, 8075752, 8102128, 8102160, 8102224, 8102288, 8181628, 8181692, 8181788, 8181852, 8181916, 8182012, 8182108, 8182172, 8182268, 8182364, 8182428, 8182524, 8182588, 8182684, 8182780, 8182812, 8182908, 8268965, 8269093, 8269157, 8269285, 8269381, 8269477, 8269573, 8269701, 8269797, 8269893, 8270021, 8270117, 8270213, 8270341, 8270437, 8270533, 8270661, 8270725, 8270821, 8270917, 8271045, 8271141, 8271237, 8271333, 7983719, 7983847, 7983975, 7984103, 7984231, 7984359, 7984487, 7984615, 7984743, 7984871, 8269477, 8269573, 8269669, 8269797, 8269893, 8269989, 8270117, 8270213, 8270309, 8270437, 8270533, 8270629, 8270693, 8270821, 8270917, 8271013, 8271109, 8271237, 8271333, 8271429, 8271525, 8271653, 8271749, 8271845, 8271941, 8272069, 8272165, 8272261, 8272325, 8272421, 8272549, 8272645, 8272741, 8272837, 8272933, 8273061, 8176092, 8176188, 8176284, 8176380, 8264197, 8264261, 8264389, 8264485, 8264613, 8264709, 8264837, 8264933, 7987751, 7987879, 7988007, 7988103, 7988199, 7988327, 7988455, 7988583, 7988711, 7988839, 7988967, 7989063, 7989191, 7989319, 7989415, 7995426, 7995586, 7995682, 7995842, 7995970, 7996130, 7996258, 7996418, 7996546, 7996674, 7996834, 7996962, 7997122, 7991079, 7991207, 7991303, 7991431, 7991559, 7991687, 7991783, 8006818, 8006946, 8007074, 7998951, 7999079, 7999143, 8017186, 8017314, 8017442, 8017538, 8017666, 8017794, 8017890, 8018018, 8018114, 8018242, 8018338, 8018466, 8018594, 8018722, 8018818, 8018946, 8019074, 8019138, 8019266, 8019394, 8019490, 8019618, 8019746, 8019842, 8019970, 8020098, 8020194, 8020322, 8020418, 8020514, 8020642, 8020770, 8020866, 8020994, 8021090, 8021218, 8021346, 8021410, 8015271, 8015495, 8015687, 8015911, 8016135, 8016327, 8016551, 8016775, 8016999, 8017191, 8017415, 8017639, 8017831, 8018055, 8018247, 8018471, 8018663, 8018887, 8019079, 8019335, 8019527, 8019751, 8019975, 8020167, 8020359, 8020583, 8020775, 8020999, 8021191, 8021415, 8021639, 8021863, 8022055, 8022279, 8022471, 8022695, 8022887, 8023079, 8023303, 8023495, 8023719, 8023911, 8024135, 8024359, 8024551, 8024743, 8024967, 8025159, 8025383, 8025575, 8025767, 8025991, 8026183, 8026375, 8026599, 8026823, 8027015, 8027207, 8027431, 8027623, 8027815, 8028039, 8322661, 8322821, 8322981, 8323173, 8323333, 8323525, 8323685, 8323845, 8324037, 8324197, 8324389, 8324549, 8235260, 8235388, 8235548, 8235708, 8235868, 8235996, 8236156, 8236316, 8236444, 8236604, 8236764, 8236892, 8237052, 8237180, 8237340, 8237500, 8237628, 8237788, 8237980, 8238108, 8238268, 8238428, 8238556, 8238716, 8238844, 8239004, 8239164, 8239292, 8239452, 8239580, 8239740, 8239900, 8240028, 8151504, 8151632, 8151760, 8151888, 8152016, 8152176, 8152304, 8152432, 8152560, 8152688, 8152816, 8152976, 8153104, 8153232, 8153360, 8153488, 8153616, 8153744, 8153904, 8154032, 8154160, 8154288, 8154416, 8154544, 8154672, 8154800, 8154960, 8155088, 8155216, 8155344, 8155472, 8155600, 8155728, 8155856, 8156016, 8156144, 8156304, 8156432, 8156560, 8156688, 8156816, 8156944, 8157072, 8157200, 8157328, 8157456, 8157584, 8157712, 8157840, 8157968, 8158096, 8158224, 8158352, 8158512, 8158640, 8158768, 8158896, 8159024, 8159152, 8159280, 8159408, 8159536, 8159664, 8159792, 8159920, 8160048, 8160208, 8160336, 8160464, 8160592, 8125256, 8125352, 8125480, 8125576, 8125672, 8125800, 8125896, 8043242, 8043338, 8046295, 8046391, 8046487, 8046551, 8046647, 8046743, 8046839, 8046935, 8046999, 8047095, 8047191, 8047287, 8047383, 8047447, 8047543, 8047639, 8047735, 8047831, 8047895, 8047991, 8048087, 8048183]"
1,92,meta-llama/Llama-3.1-8B,899,403,42808573000,46146994480,3338421480,37575,66962434,8137957,"[15457921, 8181692, 8181788, 8181852, 8181916, 8182012, 8182108, 8182172, 8182268, 8182364, 8182428, 8182524, 8182588, 8182684, 8182780, 8182812, 8182908, 8268965, 8269093, 8269157, 8269285, 8269381, 8269477, 8269573, 8269701, 8269797, 8269893, 8270021, 8270117, 8270213, 8270341, 8270437, 8270533, 8270661, 8270725, 8270821, 8270917, 8271045, 8271141, 8271237, 8271333, 7983719, 7983847, 7983975, 7984103, 7984231, 7984359, 7984487, 7984615, 7984743, 7984871, 8269477, 8269573, 8269669, 8269797, 8269893, 8269989, 8270117, 8270213, 8270309, 8270437, 8270533, 8270629, 8270693, 8270821, 8270917, 8271013, 8271109, 8271237, 8271333, 8271429, 8271525, 8271653, 8271749, 8271845, 8271941, 8272069, 8272165, 8272261, 8272325, 8272421, 8272549, 8272645, 8272741, 8272837, 8272933, 8273061, 8176092, 8176188, 8176284, 8176380, 8264197, 8264261, 8264389, 8264485, 8264613, 8264709, 8264837, 8264933, 7987751, 7987879, 7988007, 7988103, 7988199, 7988327, 7988455, 7988583, 7988711, 7988839, 7988967, 7989063, 7989191, 7989319, 7989415, 7995426, 7995586, 7995682, 7995842, 7995970, 7996130, 7996258, 7996418, 7996546, 7996674, 7996834, 7996962, 7997122, 7991079, 7991207, 7991303, 7991431, 7991559, 7991687, 7991783, 8006818, 8006946, 8007074, 7998951, 7999079, 7999143, 8017186, 8017314, 8017442, 8017538, 8017666, 8017794, 8017890, 8018018, 8018114, 8018242, 8018338, 8018466, 8018594, 8018722, 8018818, 8018946, 8019074, 8019138, 8019266, 8019394, 8019490, 8019618, 8019746, 8019842, 8019970, 8020098, 8020194, 8020322, 8020418, 8020514, 8020642, 8020770, 8020866, 8020994, 8021090, 8021218, 8021346, 8021410, 8015271, 8015495, 8015687, 8015911, 8016135, 8016327, 8016551, 8016775, 8016999, 8017191, 8017415, 8017639, 8017831, 8018055, 8018247, 8018471, 8018663, 8018887, 8019079, 8019335, 8019527, 8019751, 8019975, 8020167, 8020359, 8020583, 8020775, 8020999, 8021191, 8021415, 8021639, 8021863, 8022055, 8022279, 8022471, 8022695, 8022887, 8023079, 8023303, 8023495, 8023719, 8023911, 8024135, 8024359, 8024551, 8024743, 8024967, 8025159, 8025383, 8025575, 8025767, 8025991, 8026183, 8026375, 8026599, 8026823, 8027015, 8027207, 8027431, 8027623, 8027815, 8028039, 8322661, 8322821, 8322981, 8323173, 8323333, 8323525, 8323685, 8323845, 8324037, 8324197, 8324389, 8324549, 8235260, 8235388, 8235548, 8235708, 8235868, 8235996, 8236156, 8236316, 8236444, 8236604, 8236764, 8236892, 8237052, 8237180, 8237340, 8237500, 8237628, 8237788, 8237980, 8238108, 8238268, 8238428, 8238556, 8238716, 8238844, 8239004, 8239164, 8239292, 8239452, 8239580, 8239740, 8239900, 8240028, 8151504, 8151632, 8151760, 8151888, 8152016, 8152176, 8152304, 8152432, 8152560, 8152688, 8152816, 8152976, 8153104, 8153232, 8153360, 8153488, 8153616, 8153744, 8153904, 8154032, 8154160, 8154288, 8154416, 8154544, 8154672, 8154800, 8154960, 8155088, 8155216, 8155344, 8155472, 8155600, 8155728, 8155856, 8156016, 8156144, 8156304, 8156432, 8156560, 8156688, 8156816, 8156944, 8157072, 8157200, 8157328, 8157456, 8157584, 8157712, 8157840, 8157968, 8158096, 8158224, 8158352, 8158512, 8158640, 8158768, 8158896, 8159024, 8159152, 8159280, 8159408, 8159536, 8159664, 8159792, 8159920, 8160048, 8160208, 8160336, 8160464, 8160592, 8125256, 8125352, 8125480, 8125576, 8125672, 8125800, 8125896, 8043242, 8043338, 8046295, 8046391, 8046487, 8046551, 8046647, 8046743, 8046839, 8046935, 8046999, 8047095, 8047191, 8047287, 8047383, 8047447, 8047543, 8047639, 8047735, 8047831, 8047895, 8047991, 8048087, 8048183, 7980481, 7980577, 7980641, 7980705, 7980769, 7980865, 7980929, 7980993, 7981089, 7981153, 7981217, 7981281, 7981377, 7981441, 7981505, 7981601]"
1,89,meta-llama/Llama-3.1-8B,859,422,42685223000,46170142615,3484919615,105786,64786475,8123831,"[10744928, 8187996, 8188060, 8188156, 8188220, 8188316, 8188380, 8188476, 8103824, 8075656, 8075688, 8075752, 8102128, 8102160, 8102224, 8102288, 8181628, 8181692, 8181788, 8181852, 8181916, 8182012, 8182108, 8182172, 8182268, 8182364, 8182428, 8182524, 8182588, 8182684, 8182780, 8182812, 8182908, 8268965, 8269093, 8269157, 8269285, 8269381, 8269477, 8269573, 8269701, 8269797, 8269893, 8270021, 8270117, 8270213, 8270341, 8270437, 8270533, 8270661, 8270725, 8270821, 8270917, 8271045, 8271141, 8271237, 8271333, 7983719, 7983847, 7983975, 7984103, 7984231, 7984359, 7984487, 7984615, 7984743, 7984871, 8269477, 8269573, 8269669, 8269797, 8269893, 8269989, 8270117, 8270213, 8270309, 8270437, 8270533, 8270629, 8270693, 8270821, 8270917, 8271013, 8271109, 8271237, 8271333, 8271429, 8271525, 8271653, 8271749, 8271845, 8271941, 8272069, 8272165, 8272261, 8272325, 8272421, 8272549, 8272645, 8272741, 8272837, 8272933, 8273061, 8176092, 8176188, 8176284, 8176380, 8264197, 8264261, 8264389, 8264485, 8264613, 8264709, 8264837, 8264933, 7987751, 7987879, 7988007, 7988103, 7988199, 7988327, 7988455, 7988583, 7988711, 7988839, 7988967, 7989063, 7989191, 7989319, 7989415, 7995426, 7995586, 7995682, 7995842, 7995970, 7996130, 7996258, 7996418, 7996546, 7996674, 7996834, 7996962, 7997122, 7991079, 7991207, 7991303, 7991431, 7991559, 7991687, 7991783, 8006818, 8006946, 8007074, 7998951, 7999079, 7999143, 8017186, 8017314, 8017442, 8017538, 8017666, 8017794, 8017890, 8018018, 8018114, 8018242, 8018338, 8018466, 8018594, 8018722, 8018818, 8018946, 8019074, 8019138, 8019266, 8019394, 8019490, 8019618, 8019746, 8019842, 8019970, 8020098, 8020194, 8020322, 8020418, 8020514, 8020642, 8020770, 8020866, 8020994, 8021090, 8021218, 8021346, 8021410, 8015271, 8015495, 8015687, 8015911, 8016135, 8016327, 8016551, 8016775, 8016999, 8017191, 8017415, 8017639, 8017831, 8018055, 8018247, 8018471, 8018663, 8018887, 8019079, 8019335, 8019527, 8019751, 8019975, 8020167, 8020359, 8020583, 8020775, 8020999, 8021191, 8021415, 8021639, 8021863, 8022055, 8022279, 8022471, 8022695, 8022887, 8023079, 8023303, 8023495, 8023719, 8023911, 8024135, 8024359, 8024551, 8024743, 8024967, 8025159, 8025383, 8025575, 8025767, 8025991, 8026183, 8026375, 8026599, 8026823, 8027015, 8027207, 8027431, 8027623, 8027815, 8028039, 8322661, 8322821, 8322981, 8323173, 8323333, 8323525, 8323685, 8323845, 8324037, 8324197, 8324389, 8324549, 8235260, 8235388, 8235548, 8235708, 8235868, 8235996, 8236156, 8236316, 8236444, 8236604, 8236764, 8236892, 8237052, 8237180, 8237340, 8237500, 8237628, 8237788, 8237980, 8238108, 8238268, 8238428, 8238556, 8238716, 8238844, 8239004, 8239164, 8239292, 8239452, 8239580, 8239740, 8239900, 8240028, 8151504, 8151632, 8151760, 8151888, 8152016, 8152176, 8152304, 8152432, 8152560, 8152688, 8152816, 8152976, 8153104, 8153232, 8153360, 8153488, 8153616, 8153744, 8153904, 8154032, 8154160, 8154288, 8154416, 8154544, 8154672, 8154800, 8154960, 8155088, 8155216, 8155344, 8155472, 8155600, 8155728, 8155856, 8156016, 8156144, 8156304, 8156432, 8156560, 8156688, 8156816, 8156944, 8157072, 8157200, 8157328, 8157456, 8157584, 8157712, 8157840, 8157968, 8158096, 8158224, 8158352, 8158512, 8158640, 8158768, 8158896, 8159024, 8159152, 8159280, 8159408, 8159536, 8159664, 8159792, 8159920, 8160048, 8160208, 8160336, 8160464, 8160592, 8125256, 8125352, 8125480, 8125576, 8125672, 8125800, 8125896, 8043242, 8043338, 8046295, 8046391, 8046487, 8046551, 8046647, 8046743, 8046839, 8046935, 8046999, 8047095, 8047191, 8047287, 8047383, 8047447, 8047543, 8047639, 8047735, 8047831, 8047895, 8047991, 8048087, 8048183, 7980481, 7980577, 7980641, 7980705, 7980769, 7980865, 7980929, 7980993, 7981089, 7981153, 7981217, 7981281, 7981377, 7981441, 7981505, 7981601, 7715981, 7716045, 7716109]"
0,91,meta-llama/Llama-3.1-8B,1192,419,42715300000,46239216778,3523916778,45312440,133723070,8110511,"[9481985, 8102160, 8102224, 8102288, 8181628, 8181692, 8181788, 8181852, 8181916, 8182012, 8182108, 8182172, 8182268, 8182364, 8182428, 8182524, 8182588, 8182684, 8182780, 8182812, 8182908, 8268965, 8269093, 8269157, 8269285, 8269381, 8269477, 8269573, 8269701, 8269797, 8269893, 8270021, 8270117, 8270213, 8270341, 8270437, 8270533, 8270661, 8270725, 8270821, 8270917, 8271045, 8271141, 8271237, 8271333, 7983719, 7983847, 7983975, 7984103, 7984231, 7984359, 7984487, 7984615, 7984743, 7984871, 8269477, 8269573, 8269669, 8269797, 8269893, 8269989, 8270117, 8270213, 8270309, 8270437, 8270533, 8270629, 8270693, 8270821, 8270917, 8271013, 8271109, 8271237, 8271333, 8271429, 8271525, 8271653, 8271749, 8271845, 8271941, 8272069, 8272165, 8272261, 8272325, 8272421, 8272549, 8272645, 8272741, 8272837, 8272933, 8273061, 8176092, 8176188, 8176284, 8176380, 8264197, 8264261, 8264389, 8264485, 8264613, 8264709, 8264837, 8264933, 7987751, 7987879, 7988007, 7988103, 7988199, 7988327, 7988455, 7988583, 7988711, 7988839, 7988967, 7989063, 7989191, 7989319, 7989415, 7995426, 7995586, 7995682, 7995842, 7995970, 7996130, 7996258, 7996418, 7996546, 7996674, 7996834, 7996962, 7997122, 7991079, 7991207, 7991303, 7991431, 7991559, 7991687, 7991783, 8006818, 8006946, 8007074, 7998951, 7999079, 7999143, 8017186, 8017314, 8017442, 8017538, 8017666, 8017794, 8017890, 8018018, 8018114, 8018242, 8018338, 8018466, 8018594, 8018722, 8018818, 8018946, 8019074, 8019138, 8019266, 8019394, 8019490, 8019618, 8019746, 8019842, 8019970, 8020098, 8020194, 8020322, 8020418, 8020514, 8020642, 8020770, 8020866, 8020994, 8021090, 8021218, 8021346, 8021410, 8015271, 8015495, 8015687, 8015911, 8016135, 8016327, 8016551, 8016775, 8016999, 8017191, 8017415, 8017639, 8017831, 8018055, 8018247, 8018471, 8018663, 8018887, 8019079, 8019335, 8019527, 8019751, 8019975, 8020167, 8020359, 8020583, 8020775, 8020999, 8021191, 8021415, 8021639, 8021863, 8022055, 8022279, 8022471, 8022695, 8022887, 8023079, 8023303, 8023495, 8023719, 8023911, 8024135, 8024359, 8024551, 8024743, 8024967, 8025159, 8025383, 8025575, 8025767, 8025991, 8026183, 8026375, 8026599, 8026823, 8027015, 8027207, 8027431, 8027623, 8027815, 8028039, 8322661, 8322821, 8322981, 8323173, 8323333, 8323525, 8323685, 8323845, 8324037, 8324197, 8324389, 8324549, 8235260, 8235388, 8235548, 8235708, 8235868, 8235996, 8236156, 8236316, 8236444, 8236604, 8236764, 8236892, 8237052, 8237180, 8237340, 8237500, 8237628, 8237788, 8237980, 8238108, 8238268, 8238428, 8238556, 8238716, 8238844, 8239004, 8239164, 8239292, 8239452, 8239580, 8239740, 8239900, 8240028, 8151504, 8151632, 8151760, 8151888, 8152016, 8152176, 8152304, 8152432, 8152560, 8152688, 8152816, 8152976, 8153104, 8153232, 8153360, 8153488, 8153616, 8153744, 8153904, 8154032, 8154160, 8154288, 8154416, 8154544, 8154672, 8154800, 8154960, 8155088, 8155216, 8155344, 8155472, 8155600, 8155728, 8155856, 8156016, 8156144, 8156304, 8156432, 8156560, 8156688, 8156816, 8156944, 8157072, 8157200, 8157328, 8157456, 8157584, 8157712, 8157840, 8157968, 8158096, 8158224, 8158352, 8158512, 8158640, 8158768, 8158896, 8159024, 8159152, 8159280, 8159408, 8159536, 8159664, 8159792, 8159920, 8160048, 8160208, 8160336, 8160464, 8160592, 8125256, 8125352, 8125480, 8125576, 8125672, 8125800, 8125896, 8043242, 8043338, 8046295, 8046391, 8046487, 8046551, 8046647, 8046743, 8046839, 8046935, 8046999, 8047095, 8047191, 8047287, 8047383, 8047447, 8047543, 8047639, 8047735, 8047831, 8047895, 8047991, 8048087, 8048183, 7980481, 7980577, 7980641, 7980705, 7980769, 7980865, 7980929, 7980993, 7981089, 7981153, 7981217, 7981281, 7981377, 7981441, 7981505, 7981601, 7715981, 7716045, 7716109, 7674779, 7674811, 7674843, 7674875, 7674907, 7674939, 7674971, 7675003, 7675035]"
1,96,meta-llama/Llama-3.1-8B,1163,426,43609910000,47075791426,3465881426,51113,84270477,7956731,"[10631615, 7987879, 7988007, 7988103, 7988199, 7988327, 7988455, 7988583, 7988711, 7988839, 7988967, 7989063, 7989191, 7989319, 7989415, 7995426, 7995586, 7995682, 7995842, 7995970, 7996130, 7996258, 7996418, 7996546, 7996674, 7996834, 7996962, 7997122, 7991079, 7991207, 7991303, 7991431, 7991559, 7991687, 7991783, 8006818, 8006946, 8007074, 7998951, 7999079, 7999143, 8017186, 8017314, 8017442, 8017538, 8017666, 8017794, 8017890, 8018018, 8018114, 8018242, 8018338, 8018466, 8018594, 8018722, 8018818, 8018946, 8019074, 8019138, 8019266, 8019394, 8019490, 8019618, 8019746, 8019842, 8019970, 8020098, 8020194, 8020322, 8020418, 8020514, 8020642, 8020770, 8020866, 8020994, 8021090, 8021218, 8021346, 8021410, 8015271, 8015495, 8015687, 8015911, 8016135, 8016327, 8016551, 8016775, 8016999, 8017191, 8017415, 8017639, 8017831, 8018055, 8018247, 8018471, 8018663, 8018887, 8019079, 8019335, 8019527, 8019751, 8019975, 8020167, 8020359, 8020583, 8020775, 8020999, 8021191, 8021415, 8021639, 8021863, 8022055, 8022279, 8022471, 8022695, 8022887, 8023079, 8023303, 8023495, 8023719, 8023911, 8024135, 8024359, 8024551, 8024743, 8024967, 8025159, 8025383, 8025575, 8025767, 8025991, 8026183, 8026375, 8026599, 8026823, 8027015, 8027207, 8027431, 8027623, 8027815, 8028039, 8322661, 8322821, 8322981, 8323173, 8323333, 8323525, 8323685, 8323845, 8324037, 8324197, 8324389, 8324549, 8235260, 8235388, 8235548, 8235708, 8235868, 8235996, 8236156, 8236316, 8236444, 8236604, 8236764, 8236892, 8237052, 8237180, 8237340, 8237500, 8237628, 8237788, 8237980, 8238108, 8238268, 8238428, 8238556, 8238716, 8238844, 8239004, 8239164, 8239292, 8239452, 8239580, 8239740, 8239900, 8240028, 8151504, 8151632, 8151760, 8151888, 8152016, 8152176, 8152304, 8152432, 8152560, 8152688, 8152816, 8152976, 8153104, 8153232, 8153360, 8153488, 8153616, 8153744, 8153904, 8154032, 8154160, 8154288, 8154416, 8154544, 8154672, 8154800, 8154960, 8155088, 8155216, 8155344, 8155472, 8155600, 8155728, 8155856, 8156016, 8156144, 8156304, 8156432, 8156560, 8156688, 8156816, 8156944, 8157072, 8157200, 8157328, 8157456, 8157584, 8157712, 8157840, 8157968, 8158096, 8158224, 8158352, 8158512, 8158640, 8158768, 8158896, 8159024, 8159152, 8159280, 8159408, 8159536, 8159664, 8159792, 8159920, 8160048, 8160208, 8160336, 8160464, 8160592, 8125256, 8125352, 8125480, 8125576, 8125672, 8125800, 8125896, 8043242, 8043338, 8046295, 8046391, 8046487, 8046551, 8046647, 8046743, 8046839, 8046935, 8046999, 8047095, 8047191, 8047287, 8047383, 8047447, 8047543, 8047639, 8047735, 8047831, 8047895, 8047991, 8048087, 8048183, 7980481, 7980577, 7980641, 7980705, 7980769, 7980865, 7980929, 7980993, 7981089, 7981153, 7981217, 7981281, 7981377, 7981441, 7981505, 7981601, 7715981, 7716045, 7716109, 7674779, 7674811, 7674843, 7674875, 7674907, 7674939, 7674971, 7675003, 7675035, 7604644, 7604644, 7604644, 7604676, 7604676, 7604676, 7604708, 7604708, 7604708, 7604740, 7604740, 7604740, 7604772, 7604772, 7604804, 7604804, 7604804, 7604836, 7604836, 7604836, 7604868, 7604868, 7604868, 7604900, 7604900, 7604900, 7604932, 7604932, 7604932, 7604964, 7604964, 7604964, 7604996, 7604996, 7604996, 7605028, 7605028, 7605028, 7605060, 7605060, 7605060, 7605092, 7605092, 7605092, 7605124, 7605124, 7605124, 7605156, 7605156, 7605156, 7605188, 7605188, 7605188, 7605220, 7605220, 7605220, 7605252, 7605252, 7605252, 7605284, 7605284, 7605284, 7605316, 7605316, 7605316, 7605348, 7605348, 7605348, 7605380, 7605380, 7605380, 7605412, 7605412, 7605412, 7605444, 7605444, 7605444, 7605476, 7605476, 7605476, 7605508, 7605508, 7605508, 7605540, 7605540, 7605540, 7605572, 7605572, 7605572, 7605604, 7605604, 7605604, 7605636, 7605636, 7605636, 7605668, 7605668, 7605668, 7605700, 7605700, 7605700, 7605732, 7605732, 7605732, 7605764, 7605764, 7605764, 7605796, 7605796, 7605796]"
0,98,meta-llama/Llama-3.1-8B,1041,428,43893426000,47323714759,3430288759,50403,77004907,7853123,"[14120560, 8006946, 8007074, 7998951, 7999079, 7999143, 8017186, 8017314, 8017442, 8017538, 8017666, 8017794, 8017890, 8018018, 8018114, 8018242, 8018338, 8018466, 8018594, 8018722, 8018818, 8018946, 8019074, 8019138, 8019266, 8019394, 8019490, 8019618, 8019746, 8019842, 8019970, 8020098, 8020194, 8020322, 8020418, 8020514, 8020642, 8020770, 8020866, 8020994, 8021090, 8021218, 8021346, 8021410, 8015271, 8015495, 8015687, 8015911, 8016135, 8016327, 8016551, 8016775, 8016999, 8017191, 8017415, 8017639, 8017831, 8018055, 8018247, 8018471, 8018663, 8018887, 8019079, 8019335, 8019527, 8019751, 8019975, 8020167, 8020359, 8020583, 8020775, 8020999, 8021191, 8021415, 8021639, 8021863, 8022055, 8022279, 8022471, 8022695, 8022887, 8023079, 8023303, 8023495, 8023719, 8023911, 8024135, 8024359, 8024551, 8024743, 8024967, 8025159, 8025383, 8025575, 8025767, 8025991, 8026183, 8026375, 8026599, 8026823, 8027015, 8027207, 8027431, 8027623, 8027815, 8028039, 8322661, 8322821, 8322981, 8323173, 8323333, 8323525, 8323685, 8323845, 8324037, 8324197, 8324389, 8324549, 8235260, 8235388, 8235548, 8235708, 8235868, 8235996, 8236156, 8236316, 8236444, 8236604, 8236764, 8236892, 8237052, 8237180, 8237340, 8237500, 8237628, 8237788, 8237980, 8238108, 8238268, 8238428, 8238556, 8238716, 8238844, 8239004, 8239164, 8239292, 8239452, 8239580, 8239740, 8239900, 8240028, 8151504, 8151632, 8151760, 8151888, 8152016, 8152176, 8152304, 8152432, 8152560, 8152688, 8152816, 8152976, 8153104, 8153232, 8153360, 8153488, 8153616, 8153744, 8153904, 8154032, 8154160, 8154288, 8154416, 8154544, 8154672, 8154800, 8154960, 8155088, 8155216, 8155344, 8155472, 8155600, 8155728, 8155856, 8156016, 8156144, 8156304, 8156432, 8156560, 8156688, 8156816, 8156944, 8157072, 8157200, 8157328, 8157456, 8157584, 8157712, 8157840, 8157968, 8158096, 8158224, 8158352, 8158512, 8158640, 8158768, 8158896, 8159024, 8159152, 8159280, 8159408, 8159536, 8159664, 8159792, 8159920, 8160048, 8160208, 8160336, 8160464, 8160592, 8125256, 8125352, 8125480, 8125576, 8125672, 8125800, 8125896, 8043242, 8043338, 8046295, 8046391, 8046487, 8046551, 8046647, 8046743, 8046839, 8046935, 8046999, 8047095, 8047191, 8047287, 8047383, 8047447, 8047543, 8047639, 8047735, 8047831, 8047895, 8047991, 8048087, 8048183, 7980481, 7980577, 7980641, 7980705, 7980769, 7980865, 7980929, 7980993, 7981089, 7981153, 7981217, 7981281, 7981377, 7981441, 7981505, 7981601, 7715981, 7716045, 7716109, 7674779, 7674811, 7674843, 7674875, 7674907, 7674939, 7674971, 7675003, 7675035, 7604644, 7604644, 7604644, 7604676, 7604676, 7604676, 7604708, 7604708, 7604708, 7604740, 7604740, 7604740, 7604772, 7604772, 7604804, 7604804, 7604804, 7604836, 7604836, 7604836, 7604868, 7604868, 7604868, 7604900, 7604900, 7604900, 7604932, 7604932, 7604932, 7604964, 7604964, 7604964, 7604996, 7604996, 7604996, 7605028, 7605028, 7605028, 7605060, 7605060, 7605060, 7605092, 7605092, 7605092, 7605124, 7605124, 7605124, 7605156, 7605156, 7605156, 7605188, 7605188, 7605188, 7605220, 7605220, 7605220, 7605252, 7605252, 7605252, 7605284, 7605284, 7605284, 7605316, 7605316, 7605316, 7605348, 7605348, 7605348, 7605380, 7605380, 7605380, 7605412, 7605412, 7605412, 7605444, 7605444, 7605444, 7605476, 7605476, 7605476, 7605508, 7605508, 7605508, 7605540, 7605540, 7605540, 7605572, 7605572, 7605572, 7605604, 7605604, 7605604, 7605636, 7605636, 7605636, 7605668, 7605668, 7605668, 7605700, 7605700, 7605700, 7605732, 7605732, 7605732, 7605764, 7605764, 7605764, 7605796, 7605796, 7605796, 6700513, 6700513, 6700513, 6700545, 6700545, 6700545, 6700545, 6700545, 6700577, 6700577, 6700577, 6700577, 6700577, 6700609, 6700609, 6700609, 6700609, 6700609, 6700641, 6700641, 6700641, 6700641, 6700673, 6700673, 6700673, 6700673, 6700673, 6700705, 6700705, 6700705, 6700705, 6700705, 6700737, 6700737, 6700737, 6700737, 6700737]"
