prefill_chunk,kv_prefill,n_decode,kv_decode,time_us
0,0,1,16,1.8444233552238807
0,0,1,32,2.2380007164179103
0,0,1,64,2.698170268656716
0,0,1,128,3.845043582089552
0,0,1,256,3.864300895522388
0,0,1,512,3.8705795820895523
0,0,1,1024,3.9904764179104477
0,0,1,2048,4.198094328358209
0,0,1,4096,4.668835343283582
0,0,1,8192,6.663090626865671
0,0,1,16384,10.152756537313431
0,0,2,16,1.9492673910447762
0,0,2,32,2.3408267462686565
0,0,2,64,2.802942089552239
0,0,2,128,4.041829253731343
0,0,2,256,4.035470328358209
0,0,2,512,4.067565850746268
0,0,2,1024,4.377769074626865
0,0,2,2048,4.7157750447761195
0,0,2,4096,6.378443462686567
0,0,2,8192,9.654333134328358
0,0,2,16384,15.397225074626867
0,0,4,16,1.940641719402985
0,0,4,32,2.342973134328358
0,0,4,64,2.830885253731343
0,0,4,128,4.039763104477612
0,0,4,256,4.091035701492538
0,0,4,512,4.275123582089552
0,0,4,1024,4.643018507462687
0,0,4,2048,6.303500417910447
0,0,4,4096,9.61989062686567
0,0,4,8192,15.416341970149253
0,0,4,16384,26.748207761194028
0,0,8,16,1.9598990328358208
0,0,8,32,2.368649552238806
0,0,8,64,2.847936
0,0,8,128,4.127484179104478
0,0,8,256,4.264491940298507
0,0,8,512,5.263605492537313
0,0,8,1024,6.258566686567164
0,0,8,2048,9.56011271641791
0,0,8,4096,15.200298985074626
0,0,8,8192,26.71390567164179
0,0,8,16384,49.099328955223875
0,0,16,16,2.0090392835820894
0,0,16,32,2.458517014925373
0,0,16,64,2.97419176119403
0,0,16,128,4.377769074626865
0,0,16,256,5.434835104477612
0,0,16,512,6.673722268656716
0,0,16,1024,9.87264286567164
0,0,16,2048,15.842209432835821
0,0,16,4096,27.70886686567164
0,0,16,8192,50.36168597014925
0,0,16,16384,97.1545504477612
0,0,32,16,2.1375016119402983
0,0,32,32,2.7023025671641787
0,0,32,64,3.2887880597014925
0,0,32,128,5.633706985074627
0,0,32,256,6.934698985074627
0,0,32,512,10.030853731343283
0,0,32,1024,15.99841432835821
0,0,32,2048,27.68539701492537
0,0,32,4096,50.82827462686567
0,0,32,8192,97.52926567164178
0,0,32,16384,188.74373731343283
0,0,64,16,2.633979223880597
0,0,64,32,3.558250029850746
0,0,64,64,4.407718208955224
0,0,64,128,6.35491343283582
0,0,64,256,9.581375999999999
0,0,64,512,15.664620895522388
0,0,64,1024,27.30446328358209
0,0,64,2048,50.948031044776116
0,0,64,4096,97.13308656716418
0,0,64,8192,188.32228298507462
0,0,64,16384,373.30302089552237
0,0,128,16,4.063293134328358
0,0,128,32,5.997589970149254
0,0,128,64,7.998143999999999
0,0,128,128,11.351042865671642
0,0,128,256,17.566681791044775
0,0,128,512,29.418555223880595
0,0,128,1024,52.72191044776119
0,0,128,2048,99.63653731343283
0,0,128,4096,191.66222328358208
0,0,128,8192,379.7662567164179
0,0,128,16384,749.3441910447762
0,0,256,16,6.643632716417911
0,0,256,32,9.778362268656716
0,0,256,64,13.398817432835822
0,0,256,128,19.687192835820895
0,0,256,256,31.56233552238806
0,0,256,512,55.193065074626865
0,0,256,1024,102.32393552238806
0,0,256,2048,197.21896119402984
0,0,256,4096,383.67188059701493
0,0,256,8192,765.0770149253731
0,0,256,16384,1512.8705910447761
16,0,0,0,2.0498407164179104
16,0,1,16,3.286521313432836
16,0,1,32,3.678086686567164
16,0,1,64,4.138115820895522
16,0,1,128,5.319170865671642
16,0,1,256,5.370724298507463
16,0,1,512,5.3514669850746275
16,0,1,1024,5.475355701492537
16,0,1,2048,5.685180179104478
16,0,1,4096,6.130244776119403
16,0,1,8192,8.175732537313433
16,0,1,16384,11.41744047761194
16,0,2,16,3.2480668656716416
16,0,2,32,3.6439851940298507
16,0,2,64,4.080404059701492
16,0,2,128,5.394194149253731
16,0,2,256,5.347114029850746
16,0,2,512,5.4284159999999995
16,0,2,1024,5.655170865671642
16,0,2,2048,6.08745743283582
16,0,2,4096,7.820735999999999
16,0,2,8192,11.079173731343284
16,0,2,16384,16.837250865671642
16,0,4,16,3.2373750447761194
16,0,4,32,3.64390495522388
16,0,4,64,4.133963462686567
16,0,4,128,5.34476704477612
16,0,4,256,5.447613134328358
16,0,4,512,5.603818029850746
16,0,4,1024,6.008341970149254
16,0,4,2048,7.679515701492536
16,0,4,4096,11.055764059701492
16,0,4,8192,17.108919402985077
16,0,4,16384,28.188293731343283
16,0,8,16,3.269390328358209
16,0,8,32,3.675880119402985
16,0,8,64,4.163732059701492
16,0,8,128,5.4690770149253725
16,0,8,256,5.7001647761194025
16,0,8,512,6.635287880597015
16,0,8,1024,7.767056238805971
16,0,8,2048,10.944713552238806
16,0,8,4096,16.768566447761195
16,0,8,8192,28.22660776119403
16,0,8,16384,50.99075820895522
16,0,16,16,3.3271020895522385
16,0,16,32,3.7808525373134327
16,0,16,64,4.281542686567164
16,0,16,128,5.7771940298507465
16,0,16,256,6.7613831641791045
16,0,16,512,8.130738626865671
16,0,16,1024,11.370300179104477
16,0,16,2048,17.38052776119403
16,0,16,4096,28.982056119402987
16,0,16,8192,52.38370388059702
16,0,16,16384,98.64578865671642
16,0,32,16,3.442846567164179
16,0,32,32,4.007667582089552
16,0,32,64,4.585306746268657
16,0,32,128,6.975299820895522
16,0,32,256,8.43676943283582
16,0,32,512,11.781122865671641
16,0,32,1024,17.56252943283582
16,0,32,2048,29.75876776119403
16,0,32,4096,52.55280716417911
16,0,32,8192,98.43817074626865
16,0,32,16384,190.71219582089552
16,0,64,16,3.9755720597014923
16,0,64,32,4.910675104477612
16,0,64,64,5.832819582089552
16,0,64,128,7.957282388059701
16,0,64,256,11.201196895522388
16,0,64,512,17.00635414925373
16,0,64,1024,29.05687880597015
16,0,64,2048,52.19754985074627
16,0,64,4096,98.60968119402985
16,0,64,8192,189.90780179104476
16,0,64,16384,372.707247761194
16,0,128,16,5.392107940298507
16,0,128,32,7.082338388059702
16,0,128,64,8.920408835820895
16,0,128,128,12.176840597014925
16,0,128,256,18.138122507462686
16,0,128,512,30.33849313432836
16,0,128,1024,53.17325373134328
16,0,128,2048,100.5312
16,0,128,4096,192.98034626865672
16,0,128,8192,379.75422089552234
16,0,128,16384,750.4996298507463
16,16,0,0,2.0862089552238805
16,16,1,16,3.320883582089552
16,16,1,32,3.7252269850746265
16,16,1,64,4.1788370149253735
16,16,1,128,5.387574447761194
16,16,1,256,5.404825791044776
16,16,1,512,5.428355820895522
16,16,1,1024,5.494693253731343
16,16,1,2048,5.787885850746268
16,16,1,4096,6.203001313432836
16,16,1,8192,8.235711044776119
16,16,1,16384,11.575591164179103
16,16,2,16,3.2865814925373136
16,16,2,32,3.667455044776119
16,16,2,64,4.142187940298507
16,16,2,128,5.370523701492537
16,16,2,256,5.479708656716418
16,16,2,512,5.402739582089552
16,16,2,1024,5.732260298507462
16,16,2,2048,6.05100895522388
16,16,2,4096,7.944644776119402
16,16,2,8192,11.087939820895523
16,16,2,16384,17.08952167164179
16,16,4,16,3.2951469850746267
16,16,4,32,3.686712358208955
16,16,4,64,4.1702715223880595
16,16,4,128,5.458385194029851
16,16,4,256,5.430361791044776
16,16,4,512,5.674488358208955
16,16,4,1024,6.0040090746268655
16,16,4,2048,7.781900417910448
16,16,4,4096,10.995785552238805
16,16,4,8192,16.944169074626863
16,16,4,16384,28.75518089552239
16,16,8,16,3.3208234029850745
16,16,8,32,3.729640119402985
16,16,8,64,4.215145074626866
16,16,8,128,5.5075314626865675
16,16,8,256,5.736412656716418
16,16,8,512,6.639420179104478
16,16,8,1024,7.767116417910447
16,16,8,2048,10.97660847761194
16,16,8,4096,16.760281791044775
16,16,8,8192,28.145365970149253
16,16,8,16384,50.25697432835821
16,16,16,16,3.3720960000000004
16,16,16,32,3.838423880597015
16,16,16,64,4.347880119402985
16,16,16,128,5.819921194029851
16,16,16,256,6.810609671641791
16,16,16,512,8.190636895522388
16,16,16,1024,11.314614447761194
16,16,16,2048,17.538999402985073
16,16,16,4096,29.281547462686568
16,16,16,8192,52.608372537313436
16,16,16,16384,98.45542208955224
16,16,32,16,3.5131959402985076
16,16,32,32,4.069772417910448
16,16,32,64,4.600090746268656
16,16,32,128,7.0416974328358215
16,16,32,256,8.543687641791044
16,16,32,512,11.766218507462685
16,16,32,1024,17.804248835820893
16,16,32,2048,29.75656119402985
16,16,32,4096,52.45852656716418
16,16,32,8192,99.64295641791045
16,16,32,16384,191.33063641791045
16,16,64,16,4.041889432835821
16,16,64,32,4.983431641791045
16,16,64,64,5.89494447761194
16,16,64,128,7.895358089552238
16,16,64,256,11.083526686567163
16,16,64,512,17.13666197014925
16,16,64,1024,28.823584477611938
16,16,64,2048,52.75601194029851
16,16,64,4096,99.28549253731343
16,16,64,8192,190.84057791044776
16,16,64,16384,374.5768119402985
16,16,128,16,5.411365253731343
16,16,128,32,7.137783402985075
16,16,128,64,8.946085253731342
16,16,128,128,12.185666865671642
16,16,128,256,18.232202507462688
16,16,128,512,29.972804776119403
16,16,128,1024,53.26733373134328
16,16,128,2048,100.40682985074628
16,16,128,4096,194.7646567164179
16,16,128,8192,378.9738985074627
16,16,128,16384,750.6741492537313
16,32,0,0,2.454164059701492
16,32,1,16,3.72288
16,32,1,32,4.088909373134329
16,32,1,64,4.548938507462687
16,32,1,128,5.755790328358209
16,32,1,256,5.787825671641791
16,32,1,512,5.789972059701492
16,32,1,1024,5.875626985074627
16,32,1,2048,6.117466746268657
16,32,1,4096,6.566683701492537
16,32,1,8192,8.488062089552239
16,32,1,16384,11.725497313432836
16,32,2,16,3.663041910447761
16,32,2,32,4.052661492537313
16,32,2,64,4.510564298507463
16,32,2,128,5.7621492537313435
16,32,2,256,5.851956537313432
16,32,2,512,5.796310925373134
16,32,2,1024,6.130184597014925
16,32,2,2048,6.4381010149253735
16,32,2,4096,8.222933014925372
16,32,2,8192,11.54148967164179
16,32,2,16384,17.18580823880597
16,32,4,16,3.690985074626865
16,32,4,32,4.0633533134328355
16,32,4,64,4.548938507462687
16,32,4,128,5.8456577910447765
16,32,4,256,5.813502089552239
16,32,4,512,6.0639073432835815
16,32,4,1024,6.421170626865671
16,32,4,2048,8.120106985074626
16,32,4,4096,11.460167641791044
16,32,4,8192,17.168837731343285
16,32,4,16384,28.675945074626867
16,32,8,16,3.6995505671641786
16,32,8,32,4.101747582089552
16,32,8,64,4.576681074626865
16,32,8,128,5.881965850746268
16,32,8,256,6.091730149253731
16,32,8,512,7.020293731343283
16,32,8,1024,8.16496047761194
16,32,8,2048,11.278426746268657
16,32,8,4096,17.061718925373132
16,32,8,8192,28.609948656716416
16,32,8,16384,51.07641313432836
16,32,16,16,3.761535044776119
16,32,16,32,4.198094328358209
16,32,16,64,4.709416119402985
16,32,16,128,6.160193910447761
16,32,16,256,7.118586268656717
16,32,16,512,8.537408955223881
16,32,16,1024,11.734122985074627
16,32,16,2048,17.879211940298507
16,32,16,4096,29.722259104477615
16,32,16,8192,52.775269253731345
16,32,16,16384,99.08670089552238
16,32,32,16,3.862234746268656
16,32,32,32,4.42697552238806
16,32,32,64,4.996209671641791
16,32,32,128,7.401287641791044
16,32,32,256,8.918142089552239
16,32,32,512,12.046452537313431
16,32,32,1024,17.975638925373133
16,32,32,2048,30.02837014925373
16,32,32,4096,53.09401791044776
16,32,32,8192,99.2385528358209
16,32,32,16384,190.6566304477612
16,32,64,16,4.422762985074627
16,32,64,32,5.336341970149253
16,32,64,64,6.280030567164179
16,32,64,128,8.244075940298508
16,32,64,256,11.612019582089552
16,32,64,512,17.41047689552239
16,32,64,1024,29.656062089552236
16,32,64,2048,53.43663761194029
16,32,64,4096,98.83194268656716
16,32,64,8192,190.15373373134327
16,32,64,16384,372.7373373134329
16,32,128,16,5.792098388059702
16,32,128,32,7.486822208955223
16,32,128,64,9.371832358208955
16,32,128,128,12.551415402985075
16,32,128,256,18.660196298507465
16,32,128,512,30.372795223880598
16,32,128,1024,53.774643582089546
16,32,128,2048,100.67422567164179
16,32,128,4096,193.1771319402985
16,32,128,8192,379.43727761194026
16,32,128,16384,752.6741014925373
16,64,0,0,2.9143336119402985
16,64,1,16,4.161726089552239
16,64,1,32,4.548878328358209
16,64,1,64,5.006841313432836
16,64,1,128,6.203001313432836
16,64,1,256,6.252267940298507
16,64,1,512,6.228677731343283
16,64,1,1024,6.333509731343283
16,64,1,2048,6.556052059701492
16,64,1,4096,6.9967637014925375
16,64,1,8192,9.110775402985075
16,64,1,16384,12.393024
16,64,2,16,4.108166686567165
16,64,2,32,4.506151164179104
16,64,2,64,4.961907582089553
16,64,2,128,6.256420298507463
16,64,2,256,6.232890268656716
16,64,2,512,6.305566567164179
16,64,2,1024,6.545279999999999
16,64,2,2048,6.930426268656716
16,64,2,4096,8.612291820895523
16,64,2,8192,12.072068776119403
16,64,2,16384,17.795763582089553
16,64,4,16,4.121065074626865
16,64,4,32,4.514696597014925
16,64,4,64,5.004755104477612
16,64,4,128,6.2200520597014926
16,64,4,256,6.307833313432836
16,64,4,512,6.4811491343283585
16,64,4,1024,6.94547104477612
16,64,4,2048,8.520157611940297
16,64,4,4096,11.924489552238805
16,64,4,8192,17.686779223880595
16,64,4,16384,29.0548728358209
16,64,8,16,4.146681313432836
16,64,8,32,4.570402388059701
16,64,8,64,5.036650029850746
16,64,8,128,6.378443462686567
16,64,8,256,6.523956537313433
16,64,8,512,7.553079402985074
16,64,8,1024,8.612291820895523
16,64,8,2048,11.832275104477612
16,64,8,4096,17.45555104477612
16,64,8,8192,29.16179104477612
16,64,8,16384,51.2625671641791
16,64,16,16,4.2044532537313435
16,64,16,32,4.673108059701493
16,64,16,64,5.16523271641791
16,64,16,128,6.648126089552239
16,64,16,256,7.625896119402984
16,64,16,512,9.074407164179105
16,64,16,1024,12.215415402985075
16,64,16,2048,18.360584597014928
16,64,16,4096,30.034789253731343
16,64,16,8192,52.527130746268654
16,64,16,16384,100.07945552238806
16,64,32,16,4.311291223880597
16,64,32,32,4.893303402985074
16,64,32,64,5.436921313432836
16,64,32,128,7.841999283582089
16,64,32,256,9.371752119402984
16,64,32,512,12.495850029850747
16,64,32,1024,18.8571223880597
16,64,32,2048,30.291553432835823
16,64,32,4096,53.62058507462687
16,64,32,8192,99.5232
16,64,32,16384,192.71936955223882
16,64,64,16,4.85705552238806
16,64,64,32,5.783552955223881
16,64,64,64,6.710030328358209
16,64,64,128,8.652812417910448
16,64,64,256,11.986474029850745
16,64,64,512,17.868439880597016
16,64,64,1024,30.13107582089552
16,64,64,2048,52.997931940298514
16,64,64,4096,99.61748059701493
16,64,64,8192,190.40006686567165
16,64,64,16384,373.2929910447761
16,64,128,16,6.260773253731343
16,64,128,32,7.942438208955224
16,64,128,64,9.784861611940299
16,64,128,128,13.000632358208955
16,64,128,256,19.009034507462687
16,64,128,512,31.02333134328358
16,64,128,1024,54.13391283582089
16,64,128,2048,101.11734447761194
16,64,128,4096,194.71992358208954
16,64,128,8192,379.9628417910448
16,64,128,16384,751.5106388059701
16,128,0,0,4.1788370149253735
16,128,1,16,5.492406447761193
16,128,1,32,5.888465194029851
16,128,1,64,6.354853253731343
16,128,1,128,7.538175044776119
16,128,1,256,7.5617050746268655
16,128,1,512,7.591533850746269
16,128,1,1024,7.647219582089552
16,128,1,2048,7.901857432835821
16,128,1,4096,8.310473552238806
16,128,1,8192,10.422479283582089
16,128,1,16384,13.67463832835821
16,128,2,16,5.451885850746269
16,128,2,32,5.8456577910447765
16,128,2,64,6.301153432835821
16,128,2,128,7.531675701492538
16,128,2,256,7.542708537313433
16,128,2,512,7.5724771343283575
16,128,2,1024,7.848298029850746
16,128,2,2048,8.205621492537313
16,128,2,4096,10.000904597014925
16,128,2,8192,13.259603104477613
16,128,2,16384,19.257112835820895
16,128,4,16,5.441194029850746
16,128,4,32,5.847804179104478
16,128,4,64,6.369898029850746
16,128,4,128,7.58316895522388
16,128,4,256,7.5552257910447755
16,128,4,512,7.816122268656716
16,128,4,1024,8.190777313432836
16,128,4,2048,9.925801074626865
16,128,4,4096,13.206103880597015
16,128,4,8192,18.97894495522388
16,128,4,16384,30.85864119402985
16,128,8,16,5.535274029850746
16,128,8,32,5.944090746268657
16,128,8,64,6.404059701492537
16,128,8,128,7.666476895522388
16,128,8,256,7.85457671641791
16,128,8,512,8.866789253731342
16,128,8,1024,10.030994149253731
16,128,8,2048,13.120649552238806
16,128,8,4096,18.850442507462684
16,128,8,8192,30.484126567164182
16,128,8,16384,52.38149731343283
16,128,16,16,5.535414447761194
16,128,16,32,5.993036417910448
16,128,16,64,6.51753743283582
16,128,16,128,7.925447641791045
16,128,16,256,8.975914029850747
16,128,16,512,10.32839928358209
16,128,16,1024,13.480119402985075
16,128,16,2048,19.629481074626867
16,128,16,4096,30.971978507462687
16,128,16,8192,54.52126567164179
16,128,16,16384,100.78134447761194
16,128,32,16,5.638039880597015
16,128,32,32,6.203001313432836
16,128,32,64,6.746338388059702
16,128,32,128,9.134044656716418
16,128,32,256,10.69216191044776
16,128,32,512,13.764505791044776
16,128,32,1024,19.708716895522386
16,128,32,2048,31.50897671641791
16,128,32,4096,54.690368955223875
16,128,32,8192,100.9225647761194
16,128,32,16384,191.944663880597
16,128,64,16,6.181537432835821
16,128,64,32,7.101736119402984
16,128,64,64,8.115814208955223
16,128,64,128,10.120661014925373
16,128,64,256,13.381626268656717
16,128,64,512,19.355465552238805
16,128,64,1024,31.1302495522388
16,128,64,2048,54.500002388059706
16,128,64,4096,100.97612417910447
16,128,64,8192,192.70653134328356
16,128,64,16384,373.64202985074627
16,128,128,16,7.593800597014925
16,128,128,32,9.262707582089552
16,128,128,64,11.134999880597015
16,128,128,128,14.44926376119403
16,128,128,256,20.491787462686567
16,128,128,512,32.32199641791045
16,128,128,1024,55.49275701492537
16,128,128,2048,102.29605253731343
16,128,128,4096,195.25912835820895
16,128,128,8192,382.28374925373134
16,128,128,16384,749.6972417910447
16,256,0,0,4.198034149253732
16,256,1,16,5.526708537313433
16,256,1,32,5.8948842985074625
16,256,1,64,6.361272358208955
16,256,1,128,7.565917611940298
16,256,1,256,7.591594029850746
16,256,1,512,7.610710925373135
16,256,1,1024,7.687880597014925
16,256,1,2048,7.94470495522388
16,256,1,4096,8.370452059701492
16,256,1,8192,10.443822805970148
16,256,1,16384,13.612714029850746
16,256,2,16,5.456238805970149
16,256,2,32,5.847804179104478
16,256,2,64,6.320551164179104
16,256,2,128,7.542307343283582
16,256,2,256,7.60015952238806
16,256,2,512,7.578755820895522
16,256,2,1024,7.863342805970149
16,256,2,2048,8.218600119402986
16,256,2,4096,10.045898507462686
16,256,2,8192,13.298238089552239
16,256,2,16384,19.113746149253732
16,256,4,16,5.468936597014926
16,256,4,32,5.899016597014925
16,256,4,64,6.352767044776119
16,256,4,128,7.574543283582089
16,256,4,256,7.627841910447761
16,256,4,512,7.820675820895523
16,256,4,1024,8.167106865671641
16,256,4,2048,9.88528047761194
16,256,4,4096,13.240546388059702
16,256,4,8192,19.188649074626866
16,256,4,16384,30.41993552238806
16,256,8,16,5.558884298507462
16,256,8,32,5.9545819701492535
16,256,8,64,6.446987462686567
16,256,8,128,7.692093134328357
16,256,8,256,7.858929671641791
16,256,8,512,8.841173014925372
16,256,8,1024,9.964596537313433
16,256,8,2048,13.21673552238806
16,256,8,4096,18.88707152238806
16,256,8,8192,30.775192835820896
16,256,8,16384,52.520711641791046
16,256,16,16,5.59104
16,256,16,32,6.031751641791044
16,256,16,64,6.583654208955224
16,256,16,128,7.959488955223881
16,256,16,256,8.952384
16,256,16,512,10.458666985074627
16,256,16,1024,13.520780417910446
16,256,16,2048,19.512011462686566
16,256,16,4096,31.71438805970149
16,256,16,8192,54.574825074626865
16,256,16,16384,101.23268776119403
16,256,32,16,5.650958328358209
16,256,32,32,6.217905671641791
16,256,32,64,6.776227343283582
16,256,32,128,9.085098985074627
16,256,32,256,10.683395820895523
16,256,32,512,13.907992835820895
16,256,32,1024,19.877699820895522
16,256,32,2048,31.65019701492537
16,256,32,4096,54.48937074626866
16,256,32,8192,100.78796417910448
16,256,32,16384,192.00664835820896
16,256,64,16,6.198648358208955
16,256,64,32,7.135897791044776
16,256,64,64,8.126646447761194
16,256,64,128,10.10561623880597
16,256,64,256,13.39011152238806
16,256,64,512,19.26126519402985
16,256,64,1024,31.38280119402985
16,256,64,2048,54.96217791044776
16,256,64,4096,101.11935044776119
16,256,64,8192,192.4369289552239
16,256,64,16384,373.1987104477612
16,256,128,16,7.5980733134328355
16,256,128,32,9.337650626865672
16,256,128,64,11.158409552238805
16,256,128,128,14.389425671641792
16,256,128,256,20.485368358208955
16,256,128,512,32.36713074626866
16,256,128,1024,55.05204537313432
16,256,128,2048,102.19996656716417
16,256,128,4096,194.51892537313432
16,256,128,8192,380.9798686567164
16,256,128,16384,747.3382208955225
16,512,0,0,4.240761313432835
16,512,1,16,5.565363582089552
16,512,1,32,5.931252537313433
16,512,1,64,6.41475152238806
16,512,1,128,7.606578626865671
16,512,1,256,7.640740298507463
16,512,1,512,7.6559856716417904
16,512,1,1024,7.722182686567164
16,512,1,2048,7.955336597014925
16,512,1,4096,8.379077731343283
16,512,1,8192,10.503921671641791
16,512,1,16384,13.775338029850746
16,512,2,16,5.5140107462686565
16,512,2,32,5.8863188059701494
16,512,2,64,6.384742208955224
16,512,2,128,7.591654208955224
16,512,2,256,7.615063880597015
16,512,2,512,7.642806447761194
16,512,2,1024,7.910483104477612
16,512,2,2048,8.233564656716418
16,512,2,4096,10.212795223880596
16,512,2,8192,13.364575522388058
16,512,2,16384,19.18890985074627
16,512,4,16,5.537540776119402
16,512,4,32,5.952656238805971
16,512,4,64,6.42131104477612
16,512,4,128,7.651773134328359
16,512,4,256,7.67724895522388
16,512,4,512,7.854777313432835
16,512,4,1024,8.267866746268655
16,512,4,2048,9.996812417910446
16,512,4,4096,13.28527952238806
16,512,4,8192,19.09683582089552
16,512,4,16384,30.702376119402985
16,512,8,16,5.573848835820895
16,512,8,32,5.995443582089552
16,512,8,64,6.461891820895522
16,512,8,128,7.7177695522388055
16,512,8,256,7.884666268656716
16,512,8,512,8.871001791044776
16,512,8,1024,10.129346865671643
16,512,8,2048,13.347264
16,512,8,4096,18.903861492537313
16,512,8,8192,30.554736716417906
16,512,8,16384,53.010569552238806
16,512,16,16,5.599665671641791
16,512,16,32,6.076685373134328
16,512,16,64,6.60070495522388
16,512,16,128,7.966168835820895
16,512,16,256,8.948231641791043
16,512,16,512,10.36871928358209
16,512,16,1024,13.589244179104478
16,512,16,2048,19.561017313432835
16,512,16,4096,31.224329552238807
16,512,16,8192,55.14612537313433
16,512,16,16384,100.50953552238806
16,512,32,16,5.7107362388059695
16,512,32,32,6.219971820895522
16,512,32,64,6.834199880597015
16,512,32,128,9.162068059701491
16,512,32,256,10.7498536119403
16,512,32,512,14.049273313432836
16,512,32,1024,19.723701492537312
16,512,32,2048,31.60345791044776
16,512,32,4096,54.9300823880597
16,512,32,8192,100.94603462686567
16,512,32,16384,191.93002029850746
16,512,64,16,6.279829970149254
16,512,64,32,7.240749850746268
16,512,64,64,8.259180895522388
16,512,64,128,10.187058626865673
16,512,64,256,13.460661492537312
16,512,64,512,19.53534089552239
16,512,64,1024,31.196647164179105
16,512,64,2048,54.60030089552239
16,512,64,4096,100.33421373134328
16,512,64,8192,191.8529910447761
16,512,64,16384,374.8877373134328
16,512,128,16,7.664470925373134
16,512,128,32,9.3803176119403
16,512,128,64,11.2783063880597
16,512,128,128,14.520014328358208
16,512,128,256,20.5623976119403
16,512,128,512,32.47826149253731
16,512,128,1024,55.6961623880597
16,512,128,2048,102.81620059701493
16,512,128,4096,195.36825313432834
16,512,128,8192,379.7602388059702
16,512,128,16384,750.6019343283582
16,1024,0,0,4.349946268656716
16,1024,1,16,5.6593031641791045
16,1024,1,32,6.048942805970149
16,1024,1,64,6.528169074626866
16,1024,1,128,7.705071761194029
16,1024,1,256,7.758490746268657
16,1024,1,512,7.709344477611941
16,1024,1,1024,7.843945074626866
16,1024,1,2048,8.045204059701492
16,1024,1,4096,8.494621611940298
16,1024,1,8192,10.623357134328359
16,1024,1,16384,14.057778626865671
16,1024,2,16,5.642332656716418
16,1024,2,32,6.006135402985074
16,1024,2,64,6.459765492537313
16,1024,2,128,7.73275414925373
16,1024,2,256,7.747859104477612
16,1024,2,512,7.756484776119403
16,1024,2,1024,8.062395223880596
16,1024,2,2048,8.383350447761194
16,1024,2,4096,10.35608167164179
16,1024,2,8192,13.666213253731344
16,1024,2,16384,19.3662376119403
16,1024,4,16,5.661509731343283
16,1024,4,32,6.048942805970149
16,1024,4,64,6.51745719402985
16,1024,4,128,7.764769432835821
16,1024,4,256,7.786313552238806
16,1024,4,512,7.953009671641792
16,1024,4,1024,8.331997611940299
16,1024,4,2048,10.202103402985074
16,1024,4,4096,13.465014447761195
16,1024,4,8192,19.627013731343283
16,1024,4,16384,30.71942686567164
16,1024,8,16,5.680967641791044
16,1024,8,32,6.091730149253731
16,1024,8,64,6.566683701492537
16,1024,8,128,7.80990376119403
16,1024,8,256,7.9895183283582085
16,1024,8,512,9.003797014925372
16,1024,8,1024,10.257668776119402
16,1024,8,2048,13.469487761194031
16,1024,8,4096,19.32766280597015
16,1024,8,8192,30.61030208955224
16,1024,8,16384,52.78389492537313
16,1024,16,16,5.745038328358209
16,1024,16,32,6.196582208955223
16,1024,16,64,6.705557014925373
16,1024,16,128,8.07088047761194
16,1024,16,256,9.140804776119403
16,1024,16,512,10.559366686567163
16,1024,16,1024,13.841655402985076
16,1024,16,2048,19.84091032835821
16,1024,16,4096,31.590218507462684
16,1024,16,8192,55.257456716417906
16,1024,16,16384,100.96749850746268
16,1024,32,16,5.785679283582089
16,1024,32,32,6.344141373134328
16,1024,32,64,6.900477134328359
16,1024,32,128,9.335444059701492
16,1024,32,256,10.961563701492537
16,1024,32,512,14.055692417910446
16,1024,32,1024,20.100422686567164
16,1024,32,2048,32.439746865671644
16,1024,32,4096,55.180427462686566
16,1024,32,8192,101.27340895522389
16,1024,32,16384,191.15531462686567
16,1024,64,16,6.339808477611941
16,1024,64,32,7.328470925373134
16,1024,64,64,8.421804895522387
16,1024,64,128,10.495235820895521
16,1024,64,256,13.552595104477613
16,1024,64,512,19.60179868656716
16,1024,64,1024,31.400052537313428
16,1024,64,2048,55.285139104477615
16,1024,64,4096,101.5432119402985
16,1024,64,8192,191.30496
16,1024,64,16384,374.89776716417913
16,1024,128,16,7.752071641791045
16,1024,128,32,9.570884776119403
16,1024,128,64,11.42580537313433
16,1024,128,128,14.6759383880597
16,1024,128,256,20.66289671641791
16,1024,128,512,32.510357014925376
16,1024,128,1024,56.18180776119402
16,1024,128,2048,102.50587701492537
16,1024,128,4096,194.64730746268657
16,1024,128,8192,380.9758567164179
16,1024,128,16384,748.299080597015
16,2048,0,0,4.568135641791045
16,2048,1,16,5.903309373134328
16,2048,1,32,6.290581970149254
16,2048,1,64,6.74854495522388
16,2048,1,128,7.957482985074626
16,2048,1,256,7.9637014925373135
16,2048,1,512,8.006769671641791
16,2048,1,1024,8.064461373134328
16,2048,1,2048,8.263453611940298
16,2048,1,4096,8.706452059701492
16,2048,1,8192,11.036647164179104
16,2048,1,16384,14.231094447761196
16,2048,2,16,5.845597611940298
16,2048,2,32,6.262899582089552
16,2048,2,64,6.705757611940299
16,2048,2,128,7.948917492537313
16,2048,2,256,7.998063761194029
16,2048,2,512,7.974473552238806
16,2048,2,1024,8.220726447761193
16,2048,2,2048,8.678629253731344
16,2048,2,4096,10.61926495522388
16,2048,2,8192,13.972123701492537
16,2048,2,16384,19.901229850746265
16,2048,4,16,5.873480597014925
16,2048,4,32,6.258486447761194
16,2048,4,64,6.735786985074626
16,2048,4,128,7.959549134328357
16,2048,4,256,8.00021014925373
16,2048,4,512,8.197056
16,2048,4,1024,8.592773731343284
16,2048,4,2048,10.535896835820896
16,2048,4,4096,13.773251820895522
16,2048,4,8192,19.64231928358209
16,2048,4,16384,31.100360597014923
16,2048,8,16,5.89059152238806
16,2048,8,32,6.297141492537313
16,2048,8,64,6.776307582089553
16,2048,8,128,8.062335044776118
16,2048,8,256,8.199142208955223
16,2048,8,512,9.243510447761194
16,2048,8,1024,10.54865480597015
16,2048,8,2048,13.835115940298508
16,2048,8,4096,19.727773611940297
16,2048,8,8192,31.164551641791046
16,2048,8,16384,53.100838208955224
16,2048,16,16,5.926979820895522
16,2048,16,32,6.386868537313433
16,2048,16,64,6.885432358208955
16,2048,16,128,8.278438208955224
16,2048,16,256,9.277752358208955
16,2048,16,512,10.938093850746268
16,2048,16,1024,14.136874029850746
16,2048,16,2048,20.014567164179105
16,2048,16,4096,31.89191641791045
16,2048,16,8192,55.60830089552238
16,2048,16,16384,101.60058268656717
16,2048,32,16,6.001862686567164
16,2048,32,32,6.526163104477613
16,2048,32,64,7.11236776119403
16,2048,32,128,9.590142089552238
16,2048,32,256,11.267674746268655
16,2048,32,512,14.355264000000002
16,2048,32,1024,20.260699701492538
16,2048,32,2048,32.570335522388056
16,2048,32,4096,55.15033791044775
16,2048,32,8192,102.02023164179104
16,2048,32,16384,192.48406925373135
16,2048,64,16,6.637354029850746
16,2048,64,32,7.628042507462686
16,2048,64,64,8.659311761194031
16,2048,64,128,10.668411223880597
16,2048,64,256,13.888735522388059
16,2048,64,512,19.663722985074624
16,2048,64,1024,31.36775641791045
16,2048,64,2048,55.02416238805971
16,2048,64,4096,100.6830519402985
16,2048,64,8192,191.67947462686567
16,2048,64,16384,372.88176716417905
16,2048,128,16,8.034572417910448
16,2048,128,32,9.87886137313433
16,2048,128,64,11.787481791044776
16,2048,128,128,14.947747343283583
16,2048,128,256,21.11243462686567
16,2048,128,512,33.040936119402986
16,2048,128,1024,56.1966519402985
16,2048,128,2048,102.42262925373134
16,2048,128,4096,195.62501731343283
16,2048,128,8192,380.6970268656716
16,2048,128,16384,749.6511044776119
16,4096,0,0,5.088203462686567
16,4096,1,16,6.386868537313433
16,4096,1,32,6.795685253731342
16,4096,1,64,7.26843223880597
16,4096,1,128,8.47115176119403
16,4096,1,256,8.500900298507462
16,4096,1,512,8.524510567164178
16,4096,1,1024,8.616444179104478
16,4096,1,2048,8.854011223880597
16,4096,1,4096,9.230612059701492
16,4096,1,8192,11.693461970149254
16,4096,1,16384,15.039761194029849
16,4096,2,16,6.380529671641791
16,4096,2,32,6.744212059701492
16,4096,2,64,7.202175044776119
16,4096,2,128,8.494681791044776
16,4096,2,256,8.490268656716419
16,4096,2,512,8.498834149253732
16,4096,2,1024,8.757925253731344
16,4096,2,2048,9.187804656716418
16,4096,2,4096,11.346830328358209
16,4096,2,8192,14.701755223880598
16,4096,2,16384,20.51926925373134
16,4096,4,16,6.431942686567164
16,4096,4,32,6.810609671641791
16,4096,4,64,7.287829970149254
16,4096,4,128,8.54168167164179
16,4096,4,256,8.558812656716418
16,4096,4,512,8.712991522388059
16,4096,4,1024,9.174966447761195
16,4096,4,2048,11.167035223880596
16,4096,4,4096,14.564807641791043
16,4096,4,8192,20.416764179104476
16,4096,4,16384,31.821306268656716
16,4096,8,16,6.423317014925373
16,4096,8,32,6.855603582089553
16,4096,8,64,7.366865194029851
16,4096,8,128,8.620716895522387
16,4096,8,256,8.78976
16,4096,8,512,9.793286686567164
16,4096,8,1024,11.261255641791044
16,4096,8,2048,14.562801671641791
16,4096,8,4096,20.408339104477612
16,4096,8,8192,32.13363582089552
16,4096,8,16384,54.33691701492537
16,4096,16,16,6.55611223880597
16,4096,16,32,6.943324656716419
16,4096,16,64,7.497453850746269
16,4096,16,128,8.924761791044777
16,4096,16,256,9.938779701492537
16,4096,16,512,11.597115223880596
16,4096,16,1024,14.88369671641791
16,4096,16,2048,21.003109253731342
16,4096,16,4096,32.54245253731344
16,4096,16,8192,56.45562268656716
16,4096,16,16384,102.37348298507462
16,4096,32,16,6.5988394029850745
16,4096,32,32,7.187250626865672
16,4096,32,64,7.878447761194029
16,4096,32,128,10.16792167164179
16,4096,32,256,11.708446567164179
16,4096,32,512,15.065497791044777
16,4096,32,1024,21.02236656716418
16,4096,32,2048,33.47522865671642
16,4096,32,4096,55.730263880597015
16,4096,32,8192,102.75622208955222
16,4096,32,16384,193.2499486567164
16,4096,64,16,7.272845373134328
16,4096,64,32,8.22487880597015
16,4096,64,64,9.190011223880596
16,4096,64,128,11.207616
16,4096,64,256,14.372234507462686
16,4096,64,512,20.55798447761194
16,4096,64,1024,32.07405850746269
16,4096,64,2048,55.82013134328358
16,4096,64,4096,101.41041671641791
16,4096,64,8192,193.14944955223882
16,4096,64,16384,374.68312835820893
16,4096,128,16,8.511672358208955
16,4096,128,32,10.330405253731342
16,4096,128,64,12.391018029850745
16,4096,128,128,15.55102280597015
16,4096,128,256,21.749931940298506
16,4096,128,512,33.56950925373135
16,4096,128,1024,56.69734208955223
16,4096,128,2048,103.59511880597015
16,4096,128,4096,196.1471713432836
16,4096,128,8192,381.166423880597
16,4096,128,16384,752.0121313432835
16,8192,0,0,7.052449432835821
16,8192,1,16,8.462325492537312
16,8192,1,32,8.815436417910448
16,8192,1,64,9.32047952238806
16,8192,1,128,10.456380179104478
16,8192,1,256,10.570058507462686
16,8192,1,512,10.510220417910448
16,8192,1,1024,10.689955343283582
16,8192,1,2048,10.835588776119403
16,8192,1,4096,11.37665910447761
16,8192,1,8192,13.679051462686566
16,8192,1,16384,17.43856047761194
16,8192,2,16,8.372658626865672
16,8192,2,32,8.809077492537313
16,8192,2,64,9.292596537313432
16,8192,2,128,10.520771820895522
16,8192,2,256,10.497382208955223
16,8192,2,512,10.59988728358209
16,8192,2,1024,10.796793313432836
16,8192,2,2048,11.241918089552238
16,8192,2,4096,13.39653062686567
16,8192,2,8192,17.1903016119403
16,8192,2,16384,23.05301014925373
16,8192,4,16,8.46886495522388
16,8192,4,32,8.943818507462685
16,8192,4,64,9.429604298507462
16,8192,4,128,10.580950925373134
16,8192,4,256,10.591462208955225
16,8192,4,512,10.862930149253732
16,8192,4,1024,11.28699223880597
16,8192,4,2048,13.32806686567164
16,8192,4,4096,17.076683462686567
16,8192,4,8192,22.802665074626866
16,8192,4,16384,33.99537671641791
16,8192,8,16,8.462445850746269
16,8192,8,32,8.9652823880597
16,8192,8,64,9.431730626865672
16,8192,8,128,10.64273480597015
16,8192,8,256,10.809832119402985
16,8192,8,512,11.810951641791045
16,8192,8,1024,13.325860298507461
16,8192,8,2048,16.835044298507462
16,8192,8,4096,22.477497313432835
16,8192,8,8192,34.08524417910448
16,8192,8,16384,56.32724059701492
16,8192,16,16,8.584489074626866
16,8192,16,32,9.08939176119403
16,8192,16,64,9.62003104477612
16,8192,16,128,10.972195343283582
16,8192,16,256,12.00587176119403
16,8192,16,512,13.764766567164179
16,8192,16,1024,17.34020776119403
16,8192,16,2048,23.151302686567163
16,8192,16,4096,34.98793074626866
16,8192,16,8192,58.01987820895522
16,8192,16,16384,103.99089671641792
16,8192,32,16,8.918142089552239
16,8192,32,32,9.500013850746269
16,8192,32,64,10.094984597014925
16,8192,32,128,12.564133253731342
16,8192,32,256,14.181807761194028
16,8192,32,512,17.68443223880597
16,8192,32,1024,23.553700298507465
16,8192,32,2048,35.15302208955224
16,8192,32,4096,58.569514029850744
16,8192,32,8192,104.82317373134329
16,8192,32,16384,196.21557492537312
16,8192,64,16,9.607253014925373
16,8192,64,32,10.535896835820896
16,8192,64,64,11.505101373134329
16,8192,64,128,13.52940608955224
16,8192,64,256,16.91219391044776
16,8192,64,512,22.890526567164176
16,8192,64,1024,34.81481552238806
16,8192,64,2048,58.013057910447756
16,8192,64,4096,103.89461014925374
16,8192,64,8192,194.84629970149254
16,8192,64,16384,377.51756417910445
16,8192,128,16,10.741308179104477
16,8192,128,32,12.698994626865671
16,8192,128,64,14.795975641791044
16,8192,128,128,17.971145552238806
16,8192,128,256,24.236331940298506
16,8192,128,512,36.16282746268657
16,8192,128,1024,59.20079283582089
16,8192,128,2048,105.72204895522388
16,8192,128,4096,197.62135880597015
16,8192,128,8192,386.0790447761194
16,8192,128,16384,755.3420417910447
16,16384,0,0,10.373212656716417
16,16384,1,16,11.723230567164178
16,16384,1,32,12.136380179104478
16,16384,1,64,12.617813014925373
16,16384,1,128,13.751868179104477
16,16384,1,256,13.822337910447763
16,16384,1,512,13.768979104477612
16,16384,1,1024,13.826550447761194
16,16384,1,2048,14.004138985074626
16,16384,1,4096,14.556262208955223
16,16384,1,8192,16.997527880597016
16,16384,1,16384,20.622376119402986
16,16384,2,16,11.71486567164179
16,16384,2,32,12.13196704477612
16,16384,2,64,12.587803701492536
16,16384,2,128,13.786029850746267
16,16384,2,256,13.880109850746269
16,16384,2,512,13.82454447761194
16,16384,2,1024,14.08772776119403
16,16384,2,2048,14.50270280597015
16,16384,2,4096,16.732338626865673
16,16384,2,8192,20.51325134328358
16,16384,2,16384,26.170488358208953
16,16384,4,16,11.748906985074626
16,16384,4,32,12.181193552238806
16,16384,4,64,12.724811462686567
16,16384,4,128,13.773131462686568
16,16384,4,256,13.939887761194031
16,16384,4,512,14.032162388059701
16,16384,4,1024,14.588217313432835
16,16384,4,2048,16.706581970149255
16,16384,4,4096,20.284169552238804
16,16384,4,8192,25.94802626865672
16,16384,4,16384,37.840219701492536
16,16384,8,16,11.770290626865672
16,16384,8,32,12.196298507462686
16,16384,8,64,12.692715940298507
16,16384,8,128,13.963558208955224
16,16384,8,256,14.038581492537311
16,16384,8,512,15.176829134328358
16,16384,8,1024,16.663854805970146
16,16384,8,2048,20.219978507462688
16,16384,8,4096,26.136386865671643
16,16384,8,8192,37.572823880597014
16,16384,8,16384,60.24068776119403
16,16384,16,16,11.905232238805969
16,16384,16,32,12.320267462686568
16,16384,16,64,12.930022208955224
16,16384,16,128,14.32096191044776
16,16384,16,256,15.384326686567164
16,16384,16,512,16.995582089552236
16,16384,16,1024,20.596499104477612
16,16384,16,2048,26.72273194029851
16,16384,16,4096,38.50780656716418
16,16384,16,8192,61.50725731343283
16,16384,16,16384,108.46300656716419
16,16384,32,16,12.311782208955224
16,16384,32,32,12.968536835820894
16,16384,32,64,13.50144286567164
16,16384,32,128,15.823092537313432
16,16384,32,256,17.66758208955224
16,16384,32,512,21.05446208955224
16,16384,32,1024,27.086414328358206
16,16384,32,2048,39.23557253731343
16,16384,32,4096,62.18567641791044
16,16384,32,8192,108.15047641791045
16,16384,32,16384,199.98138268656717
16,16384,64,16,13.071362865671642
16,16384,64,32,13.970117731343285
16,16384,64,64,15.048246447761194
16,16384,64,128,17.0575063880597
16,16384,64,256,20.427395820895523
16,16384,64,512,26.343804179104477
16,16384,64,1024,38.257662089552234
16,16384,64,2048,62.10222805970149
16,16384,64,4096,107.62812179104478
16,16384,64,8192,198.98662208955224
16,16384,64,16384,381.28878805970146
16,16384,128,16,14.175388656716416
16,16384,128,32,16.088281791044775
16,16384,128,64,18.25587295522388
16,16384,128,128,21.484742686567163
16,16384,128,256,27.736549253731344
16,16384,128,512,39.402268656716416
16,16384,128,1024,62.808530149253734
16,16384,128,2048,109.0212680597015
16,16384,128,4096,201.2409313432836
16,16384,128,8192,387.0760119402985
16,16384,128,16384,757.636871641791
32,0,0,0,4.099601194029851
32,0,1,16,5.3213774328358205
32,0,1,32,5.7087302686567165
32,0,1,64,6.177184477611941
32,0,1,128,7.394808358208954
32,0,1,256,7.444095044776119
32,0,1,512,7.456732656716418
32,0,1,1024,7.540181014925373
32,0,1,2048,7.760637134328358
32,0,1,4096,8.246342686567164
32,0,1,8192,10.42857743283582
32,0,1,16384,13.818065194029849
32,0,2,16,5.330063283582089
32,0,2,32,5.706583880597015
32,0,2,64,6.166492656716418
32,0,2,128,7.4739037611940295
32,0,2,256,7.422490746268657
32,0,2,512,7.501866985074627
32,0,2,1024,7.683607880597014
32,0,2,2048,8.105262805970149
32,0,2,4096,10.092898388059702
32,0,2,8192,13.375267343283582
32,0,2,16384,19.458452059701493
32,0,4,16,5.314958328358209
32,0,4,32,5.710796417910448
32,0,4,64,6.192229253731343
32,0,4,128,7.441888477611941
32,0,4,256,7.542507940298507
32,0,4,512,7.6493057910447755
32,0,4,1024,8.042997492537314
32,0,4,2048,9.949611940298508
32,0,4,4096,13.295911164179104
32,0,4,8192,19.197334925373134
32,0,4,16384,30.614715223880594
32,0,8,16,5.351386746268656
32,0,8,32,5.7300537313432836
32,0,8,64,6.2330106268656715
32,0,8,128,7.54024119402985
32,0,8,256,7.687740179104478
32,0,8,512,8.736341014925372
32,0,8,1024,9.981506865671642
32,0,8,2048,13.300123701492538
32,0,8,4096,19.177937194029848
32,0,8,8192,30.64881671641791
32,0,8,16384,52.706865671641786
32,0,16,16,5.411365253731343
32,0,16,32,5.867061492537314
32,0,16,64,6.376236895522388
32,0,16,128,7.839872955223881
32,0,16,256,8.81964895522388
32,0,16,512,10.439530029850745
32,0,16,1024,13.533478208955222
32,0,16,2048,19.543906388059703
32,0,16,4096,31.754908656716417
32,0,16,8192,54.914837014925375
32,0,16,16384,101.55384358208954
32,0,32,16,5.556737910447761
32,0,32,32,6.083164656716417
32,0,32,64,6.663030447761194
32,0,32,128,9.061428537313432
32,0,32,256,10.632103164179103
32,0,32,512,13.933669253731342
32,0,32,1024,19.7707816119403
32,0,32,2048,31.44057313432836
32,0,32,4096,55.090559999999996
32,0,32,8192,100.9953814925373
32,0,32,16384,193.29287641791043
32,0,64,16,6.085250865671641
32,0,64,32,7.056742208955224
32,0,64,64,7.978886686567164
32,0,64,128,10.007243462686567
32,0,64,256,13.270294925373133
32,0,64,512,19.18876943283582
32,0,64,1024,31.205272835820896
32,0,64,2048,54.863684776119406
32,0,64,4096,100.09028776119402
32,0,64,8192,193.51533850746267
32,0,64,16384,375.4494089552239
32,0,128,16,7.471777432835821
32,0,128,32,9.168627582089552
32,0,128,64,11.098631641791044
32,0,128,128,14.25462447761194
32,0,128,256,20.258693731343286
32,0,128,512,32.30715223880597
32,0,128,1024,55.90357970149253
32,0,128,2048,101.41021611940297
32,0,128,4096,195.0603367164179
32,0,128,8192,380.8635223880597
32,0,128,16384,752.3009910447761
32,16,0,0,4.146801671641791
32,16,1,16,5.381275701492537
32,16,1,32,5.757936716417911
32,16,1,64,6.21363295522388
32,16,1,128,7.458939223880598
32,16,1,256,7.478256716417911
32,16,1,512,7.50387295522388
32,16,1,1024,7.561845492537313
32,16,1,2048,7.807697194029851
32,16,1,4096,8.250695641791044
32,16,1,8192,10.467212417910448
32,16,1,16384,13.610507462686567
32,16,2,16,5.355739701492538
32,16,2,32,5.740825791044776
32,16,2,64,6.211486567164179
32,16,2,128,7.467564895522388
32,16,2,256,7.537894208955224
32,16,2,512,7.473984
32,16,2,1024,7.811909731343284
32,16,2,2048,8.139364298507463
32,16,2,4096,10.176346746268656
32,16,2,8192,13.582684656716417
32,16,2,16384,19.043216238805968
32,16,4,16,5.344967641791045
32,16,4,32,5.770634507462686
32,16,4,64,6.258687044776119
32,16,4,128,7.538175044776119
32,16,4,256,7.527463164179105
32,16,4,512,7.762843701492538
32,16,4,1024,8.132945194029851
32,16,4,2048,10.028506746268656
32,16,4,4096,13.180567880597014
32,16,4,8192,19.193062208955222
32,16,4,16384,30.695756417910445
32,16,8,16,5.374856597014925
32,16,8,32,5.792098388059702
32,16,8,64,6.2521475820895525
32,16,8,128,7.5702705671641795
32,16,8,256,7.797145791044776
32,16,8,512,8.749299582089552
32,16,8,1024,10.105816835820896
32,16,8,2048,13.381365492537313
32,16,8,4096,19.013126686567166
32,16,8,8192,30.62113432835821
32,16,8,16384,52.837253731343274
32,16,16,16,5.4305022089552235
32,16,16,32,5.911995223880597
32,16,16,64,6.4191646567164184
32,16,16,128,7.861196417910447
32,16,16,256,8.841052656716418
32,16,16,512,10.321859820895522
32,16,16,1024,13.728257910447761
32,16,16,2048,19.781413253731344
32,16,16,4096,31.51980895522388
32,16,16,8192,54.89979223880597
32,16,16,16384,100.46058985074626
32,16,32,16,5.595192358208956
32,16,32,32,6.138730029850746
32,16,32,64,6.688706865671642
32,16,32,128,9.12148728358209
32,16,32,256,10.659986149253731
32,16,32,512,14.008552119402985
32,16,32,1024,19.898963104477613
32,16,32,2048,31.96032
32,16,32,4096,54.73750925373134
32,16,32,8192,101.65434268656716
32,16,32,16384,193.93498746268656
32,16,64,16,6.106574328358209
32,16,64,32,7.035338507462687
32,16,64,64,8.045284298507461
32,16,64,128,10.075847641791045
32,16,64,256,13.396731223880597
32,16,64,512,19.240001910447763
32,16,64,1024,31.14308776119403
32,16,64,2048,55.060671044776115
32,16,64,4096,100.58255283582089
32,16,64,8192,191.11038089552238
32,16,64,16384,374.95192835820893
32,16,128,16,7.544513910447762
32,16,128,32,9.200783283582089
32,16,128,64,11.057850268656715
32,16,128,128,14.361542686567162
32,16,128,256,20.53030208955224
32,16,128,512,32.10154029850746
32,16,128,1024,55.52485253731343
32,16,128,2048,101.61562746268656
32,16,128,4096,195.8498865671642
32,16,128,8192,381.7421373134328
32,16,128,16384,752.4574567164179
32,32,0,0,4.191615044776119
32,32,1,16,5.421996895522388
32,32,1,32,5.828406447761194
32,32,1,64,6.262839402985074
32,32,1,128,7.503933134328358
32,32,1,256,7.559498507462687
32,32,1,512,7.527402985074627
32,32,1,1024,7.666557134328357
32,32,1,2048,7.854636895522388
32,32,1,4096,8.34048286567164
32,32,1,8192,10.463080119402985
32,32,1,16384,13.73467701492537
32,32,2,16,5.396260298507462
32,32,2,32,5.8306130149253725
32,32,2,64,6.267112119402985
32,32,2,128,7.591654208955224
32,32,2,256,7.527543402985074
32,32,2,512,7.615204298507462
32,32,2,1024,7.79915176119403
32,32,2,2048,8.216253134328358
32,32,2,4096,10.21700776119403
32,32,2,8192,13.518573850746268
32,32,2,16384,19.077317731343282
32,32,4,16,5.428556417910448
32,32,4,32,5.805016835820895
32,32,4,64,6.320611343283582
32,32,4,128,7.5123582089552245
32,32,4,256,7.615124059701492
32,32,4,512,7.766975999999999
32,32,4,1024,8.216393552238806
32,32,4,2048,10.065015402985074
32,32,4,4096,13.349470567164179
32,32,4,8192,19.173804895522387
32,32,4,16384,30.811500895522386
32,32,8,16,5.449759522388059
32,32,8,32,5.839238686567164
32,32,8,64,6.324884059701493
32,32,8,128,7.6385337313432835
32,32,8,256,7.775541492537314
32,32,8,512,8.858364179104477
32,32,8,1024,10.094984597014925
32,32,8,2048,13.518634029850745
32,32,8,4096,19.07089862686567
32,32,8,8192,30.779405373134328
32,32,8,16384,53.07255402985074
32,32,16,16,5.501112358208955
32,32,16,32,5.950509850746268
32,32,16,64,6.44472071641791
32,32,16,128,7.910402865671641
32,32,16,256,8.946085253731342
32,32,16,512,10.486670328358208
32,32,16,1024,13.68960286567164
32,32,16,2048,19.599732537313432
32,32,16,4096,31.57958686567164
32,32,16,8192,54.83158925373134
32,32,16,16384,100.85817313432835
32,32,32,16,5.6379797014925375
32,32,32,32,6.20928
32,32,32,64,6.757170626865671
32,32,32,128,9.176972417910447
32,32,32,256,10.642875223880596
32,32,32,512,13.845747582089553
32,32,32,1024,19.873286686567162
32,32,32,2048,31.953900895522388
32,32,32,4096,54.81674507462686
32,32,32,8192,101.8918495522388
32,32,32,16384,194.36045373134328
32,32,64,16,6.177244656716418
32,32,64,32,7.125266149253731
32,32,64,64,8.075233432835821
32,32,64,128,10.050050865671642
32,32,64,256,13.38798519402985
32,32,64,512,19.63156728358209
32,32,64,1024,31.340074029850747
32,32,64,2048,54.62617791044776
32,32,64,4096,101.73337791044776
32,32,64,8192,192.93781970149254
32,32,64,16384,374.03319402985073
32,32,128,16,7.565917611940298
32,32,128,32,9.282025074626866
32,32,128,64,11.087939820895523
32,32,128,128,14.376647641791045
32,32,128,256,20.53672119402985
32,32,128,512,32.34325970149254
32,32,128,1024,56.06405731343283
32,32,128,2048,102.62804059701492
32,32,128,4096,195.0515104477612
32,32,128,8192,381.7942925373134
32,32,128,16384,752.8365850746269
32,64,0,0,5.2357826865671635
32,64,1,16,6.500346268656717
32,64,1,32,6.889765253731343
32,64,1,64,7.360566447761194
32,64,1,128,8.586555223880596
32,64,1,256,8.607958925373135
32,64,1,512,8.652892656716418
32,64,1,1024,8.69132704477612
32,64,1,2048,8.956716895522389
32,64,1,4096,9.427518089552239
32,64,1,8192,11.64204895522388
32,64,1,16384,14.858020298507462
32,64,2,16,6.47681623880597
32,64,2,32,6.86824119402985
32,64,2,64,7.341108537313432
32,64,2,128,8.580196298507463
32,64,2,256,8.674276298507463
32,64,2,512,8.612171462686566
32,64,2,1024,8.937459582089552
32,64,2,2048,9.25841480597015
32,64,2,4096,11.293210746268656
32,64,2,8192,14.644123701492537
32,64,2,16384,20.523882985074625
32,64,4,16,6.483235343283582
32,64,4,32,6.8876389253731345
32,64,4,64,7.381909970149254
32,64,4,128,8.657225552238806
32,64,4,256,8.640114626865673
32,64,4,512,8.877420895522388
32,64,4,1024,9.249929552238806
32,64,4,2048,11.098631641791044
32,64,4,4096,14.39811152238806
32,64,4,8192,20.198715223880598
32,64,4,16384,31.971352835820895
32,64,8,16,6.530375641791044
32,64,8,32,6.924067343283582
32,64,8,64,7.401287641791044
32,64,8,128,8.779268776119403
32,64,8,256,8.86684943283582
32,64,8,512,9.928007641791044
32,64,8,1024,11.280372537313433
32,64,8,2048,14.534858507462685
32,64,8,4096,20.30784
32,64,8,8192,31.729432835820898
32,64,8,16384,54.326686567164174
32,64,16,16,6.5581783880597015
32,64,16,32,7.016081194029851
32,64,16,64,7.527402985074627
32,64,16,128,8.977980179104478
32,64,16,256,9.947405373134329
32,64,16,512,11.530777791044777
32,64,16,1024,14.748895522388061
32,64,16,2048,20.887565373134326
32,64,16,4096,32.41427104477612
32,64,16,8192,56.006285373134325
32,64,16,16384,102.43306029850747
32,64,32,16,6.669449552238805
32,64,32,32,7.253527880597015
32,64,32,64,7.824828179104477
32,64,32,128,10.26200167164179
32,64,32,256,11.858152119402984
32,64,32,512,15.046441074626866
32,64,32,1024,21.075925970149253
32,64,32,2048,33.006834626865675
32,64,32,4096,56.13446686567164
32,64,32,8192,101.59857671641791
32,64,32,16384,193.72295641791044
32,64,64,16,7.240749850746268
32,64,64,32,8.122313552238806
32,64,64,64,9.132038686567164
32,64,64,128,11.167035223880596
32,64,64,256,14.38721910447761
32,64,64,512,20.39971343283582
32,64,64,1024,32.51878208955224
32,64,64,2048,55.488544477611946
32,64,64,4096,102.80777552238806
32,64,64,8192,193.34844179104476
32,64,64,16384,376.41227462686567
32,64,128,16,8.659371940298508
32,64,128,32,10.313294328358207
32,64,128,64,12.189819223880596
32,64,128,128,15.534172656716418
32,64,128,256,21.435395820895522
32,64,128,512,33.192988656716416
32,64,128,1024,56.451410149253725
32,64,128,2048,104.14696119402984
32,64,128,4096,196.92187701492537
32,64,128,8192,382.80730746268654
32,64,128,16384,755.9719164179105
32,128,0,0,5.631761194029851
32,128,1,16,6.9304864477611945
32,128,1,32,7.319985671641791
32,128,1,64,7.775601671641792
32,128,1,128,8.999524298507463
32,128,1,256,9.025260895522388
32,128,1,512,8.997317731343283
32,128,1,1024,9.119280716417911
32,128,1,2048,9.395362388059702
32,128,1,4096,9.823296000000001
32,128,1,8192,11.971429253731344
32,128,1,16384,15.32848047761194
32,128,2,16,6.915521910447761
32,128,2,32,7.302794507462686
32,128,2,64,7.7541377910447755
32,128,2,128,9.03595271641791
32,128,2,256,9.023054328358208
32,128,2,512,9.076613731343283
32,128,2,1024,9.288444179104477
32,128,2,2048,9.692647164179105
32,128,2,4096,11.746820776119403
32,128,2,8192,15.292453253731344
32,128,2,16384,20.94553791044776
32,128,4,16,6.938911522388059
32,128,4,32,7.3176386865671645
32,128,4,64,7.805691223880597
32,128,4,128,9.02520071641791
32,128,4,256,9.082972656716418
32,128,4,512,9.268926089552238
32,128,4,1024,9.656339104477611
32,128,4,2048,11.550035104477612
32,128,4,4096,15.031135522388059
32,128,4,8192,20.620169552238806
32,128,4,16384,32.49330626865672
32,128,8,16,6.966734328358208
32,128,8,32,7.358500298507463
32,128,8,64,7.822681791044776
32,128,8,128,9.12576
32,128,8,256,9.266779701492537
32,128,8,512,10.248962865671642
32,128,8,1024,11.66331223880597
32,128,8,2048,14.92221134328358
32,128,8,4096,20.80411701492537
32,128,8,8192,32.10174089552239
32,128,8,16384,54.60692059701492
32,128,16,16,6.992551164179104
32,128,16,32,7.454646447761194
32,128,16,64,7.961635343283582
32,128,16,128,9.389003462686567
32,128,16,256,10.296243582089552
32,128,16,512,11.913857910447762
32,128,16,1024,15.264369671641791
32,128,16,2048,21.082144477611937
32,128,16,4096,32.8868776119403
32,128,16,8192,56.43415880597015
32,128,16,16384,102.43085373134328
32,128,32,16,7.125065552238806
32,128,32,32,7.6944401194029854
32,128,32,64,8.282710925373134
32,128,32,128,10.642474029850746
32,128,32,256,12.30756967164179
32,128,32,512,15.630519402985074
32,128,32,1024,21.287756417910447
32,128,32,2048,33.39418746268657
32,128,32,4096,56.33145313432836
32,128,32,8192,103.61878925373135
32,128,32,16384,193.74221373134327
32,128,64,16,7.662204179104478
32,128,64,32,8.665650626865672
32,128,64,64,9.680009552238806
32,128,64,128,11.725356895522388
32,128,64,256,14.894468776119401
32,128,64,512,20.93691223880597
32,128,64,1024,32.94043701492537
32,128,64,2048,56.517607164179104
32,128,64,4096,102.97467223880597
32,128,64,8192,194.2878376119403
32,128,64,16384,375.66003582089553
32,128,128,16,9.069994029850747
32,128,128,32,10.78188895522388
32,128,128,64,12.651914507462687
32,128,128,128,15.957753313432836
32,128,128,256,21.995863880597014
32,128,128,512,33.88183880597015
32,128,128,1024,57.2259152238806
32,128,128,2048,103.39392000000001
32,128,128,4096,197.21695522388057
32,128,128,8192,382.0109373134328
32,128,128,16384,751.5367164179104
32,256,0,0,5.670215641791045
32,256,1,16,6.951890149253731
32,256,1,32,7.337036417910448
32,256,1,64,7.805570865671642
32,256,1,128,9.01208167164179
32,256,1,256,9.070194626865671
32,256,1,512,9.037838328358209
32,256,1,1024,9.16006208955224
32,256,1,2048,9.380458029850747
32,256,1,4096,9.868029134328358
32,256,1,8192,12.17924776119403
32,256,1,16384,15.418628776119402
32,256,2,16,6.934698985074627
32,256,2,32,7.339042388059701
32,256,2,64,7.8165234626865665
32,256,2,128,9.061368358208954
32,256,2,256,9.06804823880597
32,256,2,512,9.067927880597015
32,256,2,1024,9.322545671641791
32,256,2,2048,9.701333014925373
32,256,2,4096,11.80679928358209
32,256,2,8192,15.161924776119402
32,256,2,16384,21.020360597014925
32,256,4,16,6.932632835820896
32,256,4,32,7.334689432835821
32,256,4,64,7.831307462686567
32,256,4,128,9.085239402985074
32,256,4,256,9.082772059701492
32,256,4,512,9.262567164179103
32,256,4,1024,9.69499414925373
32,256,4,2048,11.618438686567163
32,256,4,4096,14.92221134328358
32,256,4,8192,20.765802985074625
32,256,4,16384,32.375756417910445
32,256,8,16,6.9731534328358205
32,256,8,32,7.369131940298507
32,256,8,64,7.8655493731343284
32,256,8,128,9.142951164179104
32,256,8,256,9.32910519402985
32,256,8,512,10.302201313432835
32,256,8,1024,11.76174519402985
32,256,8,2048,15.018497910447762
32,256,8,4096,20.934906268656714
32,256,8,8192,32.34346029850746
32,256,8,16384,54.62196537313433
32,256,16,16,7.050323104477612
32,256,16,32,7.493100895522388
32,256,16,64,7.979007044776119
32,256,16,128,9.39108967164179
32,256,16,256,10.358228059701492
32,256,16,512,12.027255402985073
32,256,16,1024,15.300878328358209
32,256,16,2048,21.367192835820894
32,256,16,4096,33.43671402985075
32,256,16,8192,56.173182089552235
32,256,16,16384,102.72853970149254
32,256,32,16,7.17435223880597
32,256,32,32,7.715623164179104
32,256,32,64,8.282710925373134
32,256,32,128,10.632103164179103
32,256,32,256,12.196358686567164
32,256,32,512,15.606848955223882
32,256,32,1024,21.561571343283582
32,256,32,2048,33.60822447761194
32,256,32,4096,56.3808
32,256,32,8192,102.64729791044776
32,256,32,16384,194.1700871641791
32,256,64,16,7.690087164179104
32,256,64,32,8.69132704477612
32,256,64,64,9.68201552238806
32,256,64,128,11.682629731343283
32,256,64,256,14.994827462686567
32,256,64,512,20.87051462686567
32,256,64,1024,33.199407761194024
32,256,64,2048,56.08973373134328
32,256,64,4096,102.3732823880597
32,256,64,8192,194.04611820895522
32,256,64,16384,375.60587462686567
32,256,128,16,9.09587104477612
32,256,128,32,10.854705671641792
32,256,128,64,12.66489313432836
32,256,128,128,16.084069253731343
32,256,128,256,22.113814925373134
32,256,128,512,33.781339701492534
32,256,128,1024,57.37997373134328
32,256,128,2048,104.0422495522388
32,256,128,4096,196.7890817910448
32,256,128,8192,380.91367164179104
32,256,128,16384,753.9238208955223
32,512,0,0,5.704437492537314
32,512,1,16,6.97963271641791
32,512,1,32,7.373143880597015
32,512,1,64,7.818409074626866
32,512,1,128,9.050796895522389
32,512,1,256,9.076553552238806
32,512,1,512,9.06804823880597
32,512,1,1024,9.19643032835821
32,512,1,2048,9.395502805970148
32,512,1,4096,9.876935641791043
32,512,1,8192,12.268854447761194
32,512,1,16384,15.591743999999998
32,512,2,16,6.971087283582089
32,512,2,32,7.377617194029851
32,512,2,64,7.83331343283582
32,512,2,128,9.065921910447761
32,512,2,256,9.110775402985075
32,512,2,512,9.106562865671641
32,512,2,1024,9.358994149253732
32,512,2,2048,9.774089552238806
32,512,2,4096,11.885834507462686
32,512,2,8192,15.155365253731343
32,512,2,16384,21.06308776119403
32,512,4,16,6.990344597014926
32,512,4,32,7.3755510447761194
32,512,4,64,7.861196417910447
32,512,4,128,9.110775402985075
32,512,4,256,9.123613611940298
32,512,4,512,9.29700967164179
32,512,4,1024,9.735374328358208
32,512,4,2048,11.71707223880597
32,512,4,4096,15.039701014925372
32,512,4,8192,21.088764179104476
32,512,4,16384,32.19381492537313
32,512,8,16,7.0032429850746265
32,512,8,32,7.414065671641791
32,512,8,64,7.85062495522388
32,512,8,128,9.144957134328358
32,512,8,256,9.348161910447761
32,512,8,512,10.34974280597015
32,512,8,1024,11.796047283582089
32,512,8,2048,15.076209671641791
32,512,8,4096,20.83420656716418
32,512,8,8192,32.40765134328358
32,512,8,16384,55.156556417910444
32,512,16,16,7.063161313432836
32,512,16,32,7.518717134328357
32,512,16,64,8.038724776119402
32,512,16,128,9.427317492537313
32,512,16,256,10.41379343283582
32,512,16,512,12.119128835820895
32,512,16,1024,15.397225074626867
32,512,16,2048,21.506005970149253
32,512,16,4096,33.47542925373134
32,512,16,8192,56.00407880597015
32,512,16,16384,103.35339940298508
32,512,32,16,7.195755940298507
32,512,32,32,7.730667940298507
32,512,32,64,8.286923462686568
32,512,32,128,10.709212656716417
32,512,32,256,12.416554029850747
32,512,32,512,15.703195701492538
32,512,32,1024,21.73508776119403
32,512,32,2048,33.52036298507463
32,512,32,4096,57.0955271641791
32,512,32,8192,103.26353194029849
32,512,32,16384,194.33919044776118
32,512,64,16,7.758631164179104
32,512,64,32,8.747032835820894
32,512,64,64,9.769676417910448
32,512,64,128,11.796047283582089
32,512,64,256,15.058958328358209
32,512,64,512,21.107820895522387
32,512,64,1024,32.8379319402985
32,512,64,2048,56.2203223880597
32,512,64,4096,103.06032716417911
32,512,64,8192,192.50553313432835
32,512,64,16384,375.96694925373134
32,512,128,16,9.179379582089553
32,512,128,32,10.882247641791045
32,512,128,64,12.829583283582089
32,512,128,128,16.113817791044777
32,512,128,256,22.14390447761194
32,512,128,512,34.13880358208955
32,512,128,1024,57.29652537313433
32,512,128,2048,104.44023402985076
32,512,128,4096,197.15938388059703
32,512,128,8192,381.4633074626866
32,512,128,16384,750.0422686567165
32,1024,0,0,5.781346388059701
32,1024,1,16,7.048116537313432
32,1024,1,32,7.476190567164179
32,1024,1,64,7.90613014925373
32,1024,1,128,9.097877014925373
32,1024,1,256,9.14261014925373
32,1024,1,512,9.177112835820896
32,1024,1,1024,9.267040477611939
32,1024,1,2048,9.545067940298507
32,1024,1,4096,9.98164728358209
32,1024,1,8192,12.343797492537313
32,1024,1,16384,15.76084728358209
32,1024,2,16,7.016021014925373
32,1024,2,32,7.39033504477612
32,1024,2,64,7.876181014925373
32,1024,2,128,9.12148728358209
32,1024,2,256,9.149370268656716
32,1024,2,512,9.159861492537313
32,1024,2,1024,9.45520047761194
32,1024,2,2048,9.863896835820896
32,1024,2,4096,11.997246089552238
32,1024,2,8192,15.328821492537312
32,1024,2,16384,21.071512835820894
32,1024,4,16,7.028778985074626
32,1024,4,32,7.399020895522387
32,1024,4,64,7.925447641791045
32,1024,4,128,9.134445850746268
32,1024,4,256,9.142750567164178
32,1024,4,512,9.341863164179104
32,1024,4,1024,9.865962985074626
32,1024,4,2048,11.933055044776118
32,1024,4,4096,15.172496238805971
32,1024,4,8192,21.093177313432836
32,1024,4,16384,32.98115820895522
32,1024,8,16,7.067373850746268
32,1024,8,32,7.476050149253731
32,1024,8,64,7.90833671641791
32,1024,8,128,9.213420895522388
32,1024,8,256,9.39329623880597
32,1024,8,512,10.426772059701493
32,1024,8,1024,11.965210746268657
32,1024,8,2048,15.35014495522388
32,1024,8,4096,21.14412895522388
32,1024,8,8192,32.24938029850746
32,1024,8,16384,54.48074507462687
32,1024,16,16,7.114433910447761
32,1024,16,32,7.568064
32,1024,16,64,8.07088047761194
32,1024,16,128,9.472391641791043
32,1024,16,256,10.557160119402985
32,1024,16,512,12.204924179104477
32,1024,16,1024,15.529759522388058
32,1024,16,2048,21.623555820895522
32,1024,16,4096,33.747238208955224
32,1024,16,8192,56.92842985074627
32,1024,16,16384,102.88901731343283
32,1024,32,16,7.253387462686566
32,1024,32,32,7.837666388059701
32,1024,32,64,8.409026865671642
32,1024,32,128,10.841867462686567
32,1024,32,256,12.55992071641791
32,1024,32,512,15.89556823880597
32,1024,32,1024,21.580828656716417
32,1024,32,2048,33.54824597014925
32,1024,32,4096,56.96473791044776
32,1024,32,8192,103.33013014925373
32,1024,32,16384,193.7849408955224
32,1024,64,16,7.87188823880597
32,1024,64,32,8.851884895522387
32,1024,64,64,9.917516417910447
32,1024,64,128,11.97156967164179
32,1024,64,256,15.086841313432835
32,1024,64,512,21.088764179104476
32,1024,64,1024,33.11616
32,1024,64,2048,56.678084776119405
32,1024,64,4096,102.92753194029851
32,1024,64,8192,194.46957850746267
32,1024,64,16384,377.8605850746269
32,1024,128,16,9.170693731343283
32,1024,128,32,10.989246089552239
32,1024,128,64,12.9300823880597
32,1024,128,128,16.2615976119403
32,1024,128,256,22.33587582089552
32,1024,128,512,34.222251940298506
32,1024,128,1024,57.62831283582089
32,1024,128,2048,104.38446805970149
32,1024,128,4096,196.12791402985073
32,1024,128,8192,381.9748298507463
32,1024,128,16384,754.1444776119403
32,2048,0,0,6.106634507462687
32,2048,1,16,7.392661970149253
32,2048,1,32,7.779894447761195
32,2048,1,64,8.26124704477612
32,2048,1,128,9.440436537313433
32,2048,1,256,9.510966447761193
32,2048,1,512,9.502340776119404
32,2048,1,1024,9.562198925373135
32,2048,1,2048,9.943132656716418
32,2048,1,4096,10.467413014925373
32,2048,1,8192,12.840275104477612
32,2048,1,16384,16.167317014925374
32,2048,2,16,7.332683462686567
32,2048,2,32,7.752071641791045
32,2048,2,64,8.195050029850746
32,2048,2,128,9.453134328358209
32,2048,2,256,9.470445850746268
32,2048,2,512,9.474598208955223
32,2048,2,1024,9.82116967164179
32,2048,2,2048,10.264007641791045
32,2048,2,4096,12.487224358208955
32,2048,2,8192,16.032515820895522
32,2048,2,16384,21.848425074626867
32,2048,4,16,7.339182805970149
32,2048,4,32,7.766975999999999
32,2048,4,64,8.250755820895522
32,2048,4,128,9.47219104477612
32,2048,4,256,9.476664358208955
32,2048,4,512,9.731302208955222
32,2048,4,1024,10.21700776119403
32,2048,4,2048,12.360727880597015
32,2048,4,4096,15.756634746268656
32,2048,4,8192,21.66227104477612
32,2048,4,16384,33.05598089552239
32,2048,8,16,7.386242865671642
32,2048,8,32,7.767116417910447
32,2048,8,64,8.267866746268655
32,2048,8,128,9.58572895522388
32,2048,8,256,9.816957134328357
32,2048,8,512,10.822549970149254
32,2048,8,1024,12.378039402985076
32,2048,8,2048,15.733084656716416
32,2048,8,4096,21.57641552238806
32,2048,8,8192,33.12659104477611
32,2048,8,16384,55.090559999999996
32,2048,16,16,7.540301373134328
32,2048,16,32,7.884666268656716
32,2048,16,64,8.438976
32,2048,16,128,9.874729074626865
32,2048,16,256,10.923109253731344
32,2048,16,512,12.694842268656716
32,2048,16,1024,16.096907462686566
32,2048,16,2048,22.107195223880595
32,2048,16,4096,33.939610746268656
32,2048,16,8192,57.16814328358209
32,2048,16,16384,103.52230208955224
32,2048,32,16,7.591594029850746
32,2048,32,32,8.169453850746269
32,2048,32,64,8.821795343283581
32,2048,32,128,11.250423402985074
32,2048,32,256,12.938647880597014
32,2048,32,512,16.460389253731343
32,2048,32,1024,22.295555820895522
32,2048,32,2048,34.66075701492537
32,2048,32,4096,57.26001671641791
32,2048,32,8192,103.68057313432836
32,2048,32,16384,193.50671283582088
32,2048,64,16,8.177939104477613
32,2048,64,32,9.172759880597015
32,2048,64,64,10.27471952238806
32,2048,64,128,12.22612728358209
32,2048,64,256,15.51718208955224
32,2048,64,512,21.56598447761194
32,2048,64,1024,33.65917611940298
32,2048,64,2048,57.208663880597015
32,2048,64,4096,103.321303880597
32,2048,64,8192,193.55605970149253
32,2048,64,16384,376.7954149253731
32,2048,128,16,9.624243582089552
32,2048,128,32,11.436637611940299
32,2048,128,64,13.509948179104477
32,2048,128,128,16.800661970149253
32,2048,128,256,22.87969432835821
32,2048,128,512,35.06516059701492
32,2048,128,1024,58.28065432835821
32,2048,128,2048,105.00090268656716
32,2048,128,4096,198.3980704477612
32,2048,128,8192,381.5555820895522
32,2048,128,16384,753.8676537313432
32,4096,0,0,7.086691343283582
32,4096,1,16,8.323311761194029
32,4096,1,32,8.699892537313431
32,4096,1,64,9.260420776119402
32,4096,1,128,10.398889074626865
32,4096,1,256,10.437403701492537
32,4096,1,512,10.403161791044775
32,4096,1,1024,10.572325253731345
32,4096,1,2048,10.75841910447761
32,4096,1,4096,11.353189253731344
32,4096,1,8192,13.713213134328356
32,4096,1,16384,17.46211056716418
32,4096,2,16,8.310473552238806
32,4096,2,32,8.783481313432837
32,4096,2,64,9.241243701492538
32,4096,2,128,10.388257432835822
32,4096,2,256,10.42683223880597
32,4096,2,512,10.40952071641791
32,4096,2,1024,10.741227940298508
32,4096,2,2048,11.083586865671641
32,4096,2,4096,13.416128955223881
32,4096,2,8192,17.143081074626867
32,4096,2,16384,23.033752835820895
32,4096,4,16,8.250615402985074
32,4096,4,32,8.734194626865671
32,4096,4,64,9.200723104477612
32,4096,4,128,10.358087641791045
32,4096,4,256,10.403101611940299
32,4096,4,512,10.546588656716418
32,4096,4,1024,11.164969074626866
32,4096,4,2048,13.300183880597015
32,4096,4,4096,16.948301373134328
32,4096,4,8192,22.826134925373132
32,4096,4,16384,34.31191880597015
32,4096,8,16,8.321225552238806
32,4096,8,32,8.762137791044777
32,4096,8,64,9.234744358208955
32,4096,8,128,10.458787343283582
32,4096,8,256,10.651300298507461
32,4096,8,512,11.70624
32,4096,8,1024,13.264016238805969
32,4096,8,2048,16.890810268656715
32,4096,8,4096,22.70196537313433
32,4096,8,8192,34.275610746268654
32,4096,8,16384,56.909373134328355
32,4096,16,16,8.408886447761194
32,4096,16,32,8.86037014925373
32,4096,16,64,9.361321074626865
32,4096,16,128,10.771257313432836
32,4096,16,256,11.87520286567164
32,4096,16,512,13.614920597014924
32,4096,16,1024,17.211625074626866
32,4096,16,2048,23.04217791044776
32,4096,16,4096,34.96245492537313
32,4096,16,8192,58.351264477611934
32,4096,16,16384,104.50241910447761
32,4096,32,16,8.55660608955224
32,4096,32,32,9.121687880597015
32,4096,32,64,9.752826268656715
32,4096,32,128,12.102078089552238
32,4096,32,256,13.882456835820895
32,4096,32,512,17.352985791044773
32,4096,32,1024,23.326825074626868
32,4096,32,2048,35.255727761194024
32,4096,32,4096,58.46058985074627
32,4096,32,8192,104.77844059701492
32,4096,32,16384,197.68133731343283
32,4096,64,16,9.18347176119403
32,4096,64,32,10.12292776119403
32,4096,64,64,11.16689480597015
32,4096,64,128,13.180367283582088
32,4096,64,256,16.4392663880597
32,4096,64,512,22.620924179104478
32,4096,64,1024,34.772088358208954
32,4096,64,2048,57.87865791044776
32,4096,64,4096,103.81758089552238
32,4096,64,8192,194.55744
32,4096,64,16384,378.98794029850745
32,4096,128,16,10.398889074626865
32,4096,128,32,12.487103999999999
32,4096,128,64,14.432213014925372
32,4096,128,128,17.86643391044776
32,4096,128,256,23.97736119402985
32,4096,128,512,35.848291343283584
32,4096,128,1024,58.796589850746265
32,4096,128,2048,105.89957731343284
32,4096,128,4096,198.5950567164179
32,4096,128,8192,382.9958686567164
32,4096,128,16384,754.1063641791045
32,8192,0,0,13.22108847761194
32,8192,1,16,14.504969552238805
32,8192,1,32,14.892061611940298
32,8192,1,64,15.339252537313433
32,8192,1,128,16.619061492537313
32,8192,1,256,16.62963295522388
32,8192,1,512,16.69388417910448
32,8192,1,1024,16.514149253731343
32,8192,1,2048,17.123763582089552
32,8192,1,4096,17.802122507462688
32,8192,1,8192,20.07895880597015
32,8192,1,16384,23.512979104477612
32,8192,2,16,14.481439522388058
32,8192,2,32,14.943615044776118
32,8192,2,64,15.27953480597015
32,8192,2,128,16.591178507462686
32,8192,2,256,16.475434029850746
32,8192,2,512,16.533145791044777
32,8192,2,1024,16.86292728358209
32,8192,2,2048,17.54100537313433
32,8192,2,4096,19.659450268656716
32,8192,2,8192,23.29713671641791
32,8192,2,16384,28.804527761194027
32,8192,4,16,14.46003582089552
32,8192,4,32,14.80050913432836
32,8192,4,64,15.346072835820895
32,8192,4,128,16.460790447761195
32,8192,4,256,16.702570029850747
32,8192,4,512,16.903708656716418
32,8192,4,1024,17.500685373134328
32,8192,4,2048,19.644726447761194
32,8192,4,4096,22.965549850746267
32,8192,4,8192,28.82398567164179
32,8192,4,16384,40.259018507462685
32,8192,8,16,14.288986746268655
32,8192,8,32,14.995088238805971
32,8192,8,64,15.523661373134328
32,8192,8,128,16.685459104477612
32,8192,8,256,16.965893731343282
32,8192,8,512,18.0507223880597
32,8192,8,1024,19.67254925373134
32,8192,8,2048,22.852212537313434
32,8192,8,4096,28.66150208955224
32,8192,8,8192,40.449184477611944
32,8192,8,16384,62.30222328358209
32,8192,16,16,14.614234746268657
32,8192,16,32,15.301139104477613
32,8192,16,64,15.761047880597015
32,8192,16,128,17.226810268656717
32,8192,16,256,18.179164656716416
32,8192,16,512,20.068327164179106
32,8192,16,1024,23.299142686567162
32,8192,16,2048,29.605110447761195
32,8192,16,4096,41.196207761194024
32,8192,16,8192,64.43336597014925
32,8192,16,16384,111.6825886567164
32,8192,32,16,14.873205492537313
32,8192,32,32,15.47244895522388
32,8192,32,64,16.08862280597015
32,8192,32,128,18.489227462686568
32,8192,32,256,20.353174925373132
32,8192,32,512,23.72300417910448
32,8192,32,1024,29.66950208955224
32,8192,32,2048,41.523582089552235
32,8192,32,4096,64.79724895522388
32,8192,32,8192,110.76927044776119
32,8192,32,16384,202.3883462686567
32,8192,64,16,15.637078925373132
32,8192,64,32,16.674887641791045
32,8192,64,64,17.77028776119403
32,8192,64,128,19.629962507462686
32,8192,64,256,22.95893014925373
32,8192,64,512,29.01254686567164
32,8192,64,1024,40.91998567164179
32,8192,64,2048,64.51681432835821
32,8192,64,4096,110.35604059701492
32,8192,64,8192,202.34020298507463
32,8192,64,16384,384.2114865671642
32,8192,128,16,16.71540823880597
32,8192,128,32,18.519256835820894
32,8192,128,64,20.723276417910448
32,8192,128,128,23.870844179104477
32,8192,128,256,30.110213731343286
32,8192,128,512,41.75025671641791
32,8192,128,1024,65.5888047761194
32,8192,128,2048,111.92892179104479
32,8192,128,4096,204.16362985074625
32,8192,128,8192,390.1611940298507
32,8192,128,16384,759.4743402985075
32,16384,0,0,18.27539104477612
32,16384,1,16,19.46286519402985
32,16384,1,32,20.02132728358209
32,16384,1,64,20.293196417910448
32,16384,1,128,21.55134089552239
32,16384,1,256,21.857251343283583
32,16384,1,512,21.68814805970149
32,16384,1,1024,21.893559402985073
32,16384,1,2048,22.154536119402984
32,16384,1,4096,22.69374089552239
32,16384,1,8192,25.015450746268655
32,16384,1,16384,28.55458388059702
32,16384,2,16,19.308806686567163
32,16384,2,32,20.008408835820894
32,16384,2,64,20.530502686567164
32,16384,2,128,21.64542089552239
32,16384,2,256,21.54472119402985
32,16384,2,512,21.76317134328358
32,16384,2,1024,22.07550089552239
32,16384,2,2048,22.783608358208955
32,16384,2,4096,24.748054925373133
32,16384,2,8192,28.179868656716415
32,16384,2,16384,33.77772895522388
32,16384,4,16,19.411432119402985
32,16384,4,32,19.905783402985072
32,16384,4,64,20.26752
32,16384,4,128,21.394875223880597
32,16384,4,256,21.58122985074627
32,16384,4,512,21.72024358208955
32,16384,4,1024,22.353728955223882
32,16384,4,2048,24.532011940298506
32,16384,4,4096,27.829225074626866
32,16384,4,8192,33.55506626865672
32,16384,4,16384,45.40894567164179
32,16384,8,16,19.257453850746266
32,16384,8,32,19.788093134328356
32,16384,8,64,20.107042388059703
32,16384,8,128,21.57059820895522
32,16384,8,256,21.70740537313433
32,16384,8,512,22.768563582089552
32,16384,8,1024,24.46340776119403
32,16384,8,2048,27.638858507462682
32,16384,8,4096,33.47362388059702
32,16384,8,8192,45.1457623880597
32,16384,8,16384,67.90188895522388
32,16384,16,16,19.550726686567163
32,16384,16,32,19.886526089552238
32,16384,16,64,20.485769552238803
32,16384,16,128,21.840200597014928
32,16384,16,256,23.010684179104476
32,16384,16,512,24.85918567164179
32,16384,16,1024,28.23563462686567
32,16384,16,2048,34.186345074626864
32,16384,16,4096,46.00411701492538
32,16384,16,8192,69.27357134328358
32,16384,16,16384,115.58339820895522
32,16384,32,16,19.56763701492537
32,16384,32,32,20.072539701492534
32,16384,32,64,20.907223880597012
32,16384,32,128,23.224520597014926
32,16384,32,256,25.030294925373134
32,16384,32,512,28.064525373134327
32,16384,32,1024,34.44531582089552
32,16384,32,2048,46.12587940298508
32,16384,32,4096,68.97187343283582
32,16384,32,8192,116.02832238805969
32,16384,32,16384,207.2106985074627
32,16384,64,16,20.742533731343283
32,16384,64,32,21.55555343283582
32,16384,64,64,22.74308776119403
32,16384,64,128,24.54886208955224
32,16384,64,256,28.00033432835821
32,16384,64,512,33.773315820895526
32,16384,64,1024,45.67854805970149
32,16384,64,2048,68.85833552238806
32,16384,64,4096,115.37778626865672
32,16384,64,8192,206.5166328358209
32,16384,64,16384,390.69077014925375
32,16384,128,16,21.566185074626866
32,16384,128,32,23.66101970149254
32,16384,128,64,25.75605492537313
32,16384,128,128,29.082956417910445
32,16384,128,256,34.879407761194024
32,16384,128,512,46.67150328358209
32,16384,128,1024,70.79469850746268
32,16384,128,2048,117.35507104477611
32,16384,128,4096,209.90471641791046
32,16384,128,8192,393.6636179104478
32,16384,128,16384,763.6246925373134
64,0,0,0,4.103954149253731
64,0,1,16,5.370784477611941
64,0,1,32,5.7558705671641786
64,0,1,64,6.235016597014925
64,0,1,128,7.48252943283582
64,0,1,256,7.508145671641791
64,0,1,512,7.508286089552238
64,0,1,1024,7.589588059701493
64,0,1,2048,7.801418507462686
64,0,1,4096,8.325578507462685
64,0,1,8192,10.559426865671641
64,0,1,16384,14.040988656716417
64,0,2,16,5.364164776119403
64,0,2,32,5.764416
64,0,2,64,6.205268059701493
64,0,2,128,7.529749970149254
64,0,2,256,7.476050149253731
64,0,2,512,7.555285970149254
64,0,2,1024,7.758751522388059
64,0,2,2048,8.190717134328358
64,0,2,4096,10.238471641791044
64,0,2,8192,13.758287283582089
64,0,2,16384,19.541960597014924
64,0,4,16,5.353533134328358
64,0,4,32,5.751517611940298
64,0,4,64,6.252267940298507
64,0,4,128,7.465478686567163
64,0,4,256,7.5681843582089545
64,0,4,512,7.698773014925373
64,0,4,1024,8.150196537313432
64,0,4,2048,10.195744477611939
64,0,4,4096,13.692010029850746
64,0,4,8192,19.379336597014923
64,0,4,16384,30.76937552238806
64,0,8,16,5.3835625074626865
64,0,8,32,5.792178626865671
64,0,8,64,6.282237134328358
64,0,8,128,7.574683701492537
64,0,8,256,7.764970029850746
64,0,8,512,8.789960597014925
64,0,8,1024,10.300596537313432
64,0,8,2048,13.629905194029853
64,0,8,4096,19.437188776119402
64,0,8,8192,31.143488955223877
64,0,8,16384,53.43302686567164
64,0,16,16,5.406952119402985
64,0,16,32,5.862848955223881
64,0,16,64,6.401993552238806
64,0,16,128,7.803625074626866
64,0,16,256,8.909857432835821
64,0,16,512,10.529477731343283
64,0,16,1024,13.998000716417911
64,0,16,2048,19.976313313432836
64,0,16,4096,31.742672238805973
64,0,16,8192,55.12767044776119
64,0,16,16384,101.54020298507463
64,0,32,16,5.56977671641791
64,0,32,32,6.1281786268656715
64,0,32,64,6.712236895522389
64,0,32,128,9.192157611940297
64,0,32,256,10.884855402985075
64,0,32,512,14.271875820895524
64,0,32,1024,20.226798805970148
64,0,32,2048,32.47866268656716
64,0,32,4096,55.69475820895522
64,0,32,8192,101.79074865671642
64,0,32,16384,193.83047641791046
64,0,64,16,6.136804298507463
64,0,64,32,7.140250746268657
64,0,64,64,8.10953552238806
64,0,64,128,10.129487283582089
64,0,64,256,13.407503283582088
64,0,64,512,19.612570746268656
64,0,64,1024,31.46043223880597
64,0,64,2048,54.693377910447765
64,0,64,4096,101.61723223880597
64,0,64,8192,194.4681743283582
64,0,64,16384,376.26583880597013
64,0,128,16,7.480724059701492
64,0,128,32,9.204995820895522
64,0,128,64,11.150044656716418
64,0,128,128,14.413096119402985
64,0,128,256,20.524083582089553
64,0,128,512,32.40384
64,0,128,1024,55.8851247761194
64,0,128,2048,102.3748871641791
64,0,128,4096,195.06936358208955
64,0,128,8192,382.81733731343286
64,0,128,16384,751.6350089552238
64,16,0,0,4.707269731343284
64,16,1,16,5.969706985074627
64,16,1,32,6.352767044776119
64,16,1,64,6.825714626865672
64,16,1,128,8.026026985074626
64,16,1,256,8.08606567164179
64,16,1,512,8.060248835820895
64,16,1,1024,8.175732537313433
64,16,1,2048,8.368365850746269
64,16,1,4096,8.886186985074627
64,16,1,8192,11.150044656716418
64,16,1,16384,14.577786268656716
64,16,2,16,5.982745791044776
64,16,2,32,6.3527068656716414
64,16,2,64,6.812876417910448
64,16,2,128,8.137358328358209
64,16,2,256,8.085925253731343
64,16,2,512,8.1736663880597
64,16,2,1024,8.338557134328358
64,16,2,2048,8.80486495522388
64,16,2,4096,10.8079063880597
64,16,2,8192,14.288986746268655
64,16,2,16384,20.106841791044776
64,16,4,16,5.9633480597014925
64,16,4,32,6.35491343283582
64,16,4,64,6.8491844776119395
64,16,4,128,8.075233432835821
64,16,4,256,8.173726567164179
64,16,4,512,8.336270328358209
64,16,4,1024,8.738467343283581
64,16,4,2048,10.702793552238806
64,16,4,4096,14.374641671641792
64,16,4,8192,20.13051223880597
64,16,4,16384,31.396040597014924
64,16,8,16,5.982464955223881
64,16,8,32,6.4084126567164175
64,16,8,64,6.866435820895521
64,16,8,128,8.184498626865672
64,16,8,256,8.404874507462686
64,16,8,512,9.472451820895522
64,16,8,1024,10.901845970149253
64,16,8,2048,14.263310328358207
64,16,8,4096,20.049210268656715
64,16,8,8192,31.830333134328356
64,16,8,16384,54.310237611940295
64,16,16,16,6.029745671641791
64,16,16,32,6.493987343283582
64,16,16,64,6.98619223880597
64,16,16,128,8.404874507462686
64,16,16,256,9.410547582089553
64,16,16,512,11.190645492537314
64,16,16,1024,14.66344119402985
64,16,16,2048,20.605325373134328
64,16,16,4096,32.13203104477611
64,16,16,8192,55.771586865671644
64,16,16,16384,101.6064
64,16,32,16,6.190082865671641
64,16,32,32,6.742326447761194
64,16,32,64,7.309213611940298
64,16,32,128,9.7313623880597
64,16,32,256,11.49025719402985
64,16,32,512,14.877538388059703
64,16,32,1024,20.847245373134328
64,16,32,2048,32.88306626865671
64,16,32,4096,56.049814925373134
64,16,32,8192,102.37689313432836
64,16,32,16384,193.49226985074625
64,16,64,16,6.742266268656715
64,16,64,32,7.715763582089552
64,16,64,64,8.727835701492538
64,16,64,128,10.71348537313433
64,16,64,256,14.107245850746269
64,16,64,512,20.265112835820894
64,16,64,1024,31.91177552238806
64,16,64,2048,55.283935522388056
64,16,64,4096,101.8120119402985
64,16,64,8192,193.6441217910448
64,16,64,16384,374.4123223880597
64,16,128,16,8.092344358208955
64,16,128,32,9.86409743283582
64,16,128,64,11.734183164179104
64,16,128,128,15.001447164179105
64,16,128,256,21.02276776119403
64,16,128,512,32.85097074626865
64,16,128,1024,56.31941731343284
64,16,128,2048,103.48097910447761
64,16,128,4096,196.62037970149254
64,16,128,8192,381.60573134328354
64,16,128,16384,754.3109731343284
64,32,0,0,4.722314507462686
64,32,1,16,5.991170865671642
64,32,1,32,6.376317134328358
64,32,1,64,6.836406447761194
64,32,1,128,8.090278208955224
64,32,1,256,8.11168191044776
64,32,1,512,8.098903880597016
64,32,1,1024,8.167247283582089
64,32,1,2048,8.430430567164178
64,32,1,4096,8.926968358208956
64,32,1,8192,11.22073504477612
64,32,1,16384,14.736458507462684
64,32,2,16,5.993297194029851
64,32,2,32,6.359186149253731
64,32,2,64,6.829927164179105
64,32,2,128,8.07096071641791
64,32,2,256,8.156535402985075
64,32,2,512,8.115894447761194
64,32,2,1024,8.421865074626865
64,32,2,2048,8.789900417910447
64,32,2,4096,10.934001671641791
64,32,2,8192,14.248405970149253
64,32,2,16384,20.11346149253731
64,32,4,16,5.982605373134328
64,32,4,32,6.395574447761194
64,32,4,64,6.877007283582089
64,32,4,128,8.160828179104477
64,32,4,256,8.130939223880597
64,32,4,512,8.372718805970148
64,32,4,1024,8.73212847761194
64,32,4,2048,10.820544
64,32,4,4096,14.263310328358207
64,32,4,8192,20.17544597014925
64,32,4,16384,31.28270328358209
64,32,8,16,5.997449552238805
64,32,8,32,6.389215522388059
64,32,8,64,6.889905671641791
64,32,8,128,8.180205850746269
64,32,8,256,8.37699152238806
64,32,8,512,9.384730746268657
64,32,8,1024,10.882648835820895
64,32,8,2048,14.366015999999998
64,32,8,4096,20.03408525373134
64,32,8,8192,31.751297910447757
64,32,8,16384,53.82017910447761
64,32,16,16,6.033958208955223
64,32,16,32,6.459765492537313
64,32,16,64,6.988398805970149
64,32,16,128,8.417652537313433
64,32,16,256,9.510906268656715
64,32,16,512,11.117888955223881
64,32,16,1024,14.751102089552239
64,32,16,2048,20.671722985074627
64,32,16,4096,32.59861970149254
64,32,16,8192,56.11821850746268
64,32,16,16384,102.69764776119402
64,32,32,16,6.19228943283582
64,32,32,32,6.77209504477612
64,32,32,64,7.270779223880597
64,32,32,128,9.737721313432836
64,32,32,256,11.505241791044774
64,32,32,512,14.755515223880598
64,32,32,1024,20.941325373134326
64,32,32,2048,32.75889671641791
64,32,32,4096,55.955734925373136
64,32,32,8192,102.45612895522387
64,32,32,16384,193.35084895522385
64,32,64,16,6.774361791044776
64,32,64,32,7.745712716417911
64,32,64,64,8.764284179104479
64,32,64,128,10.786302089552239
64,32,64,256,14.113604776119404
64,32,64,512,20.2801576119403
64,32,64,1024,31.661430447761195
64,32,64,2048,55.24722626865671
64,32,64,4096,101.46517970149253
64,32,64,8192,193.90509850746267
64,32,64,16384,376.27386268656716
64,32,128,16,8.115814208955223
64,32,128,32,9.79982614925373
64,32,128,64,11.762066149253732
64,32,128,128,14.999381014925374
64,32,128,256,20.98204656716418
64,32,128,512,32.874440597014924
64,32,128,1024,56.75370985074626
64,32,128,2048,102.89643940298508
64,32,128,4096,195.88418865671642
64,32,128,8192,382.2295880597015
64,32,128,16384,754.1986388059702
64,64,0,0,5.225090865671642
64,64,1,16,6.470457313432836
64,64,1,32,6.889965850746268
64,64,1,64,7.345662089552238
64,64,1,128,8.614438208955224
64,64,1,256,8.610285850746267
64,64,1,512,8.60815952238806
64,64,1,1024,8.672210149253731
64,64,1,2048,8.952504358208955
64,64,1,4096,9.414820298507461
64,64,1,8192,11.75352071641791
64,64,1,16384,15.16198495522388
64,64,2,16,6.48329552238806
64,64,2,32,6.874860895522388
64,64,2,64,7.364859223880597
64,64,2,128,8.544028656716419
64,64,2,256,8.64017480597015
64,64,2,512,8.625130029850746
64,64,2,1024,8.920489074626866
64,64,2,2048,9.249989731343282
64,64,2,4096,11.372586985074626
64,64,2,8192,14.770499820895521
64,64,2,16384,20.61174447761194
64,64,4,16,6.502552835820895
64,64,4,32,6.911229134328358
64,64,4,64,7.360566447761194
64,64,4,128,8.670204179104477
64,64,4,256,8.642180776119401
64,64,4,512,8.864783283582089
64,64,4,1024,9.252136119402984
64,64,4,2048,11.301896597014924
64,64,4,4096,14.742476417910446
64,64,4,8192,20.55196656716418
64,64,4,16384,32.125611940298505
64,64,8,16,6.508971940298507
64,64,8,32,6.911229134328358
64,64,8,64,7.405580417910448
64,64,8,128,8.6978263880597
64,64,8,256,8.871262567164178
64,64,8,512,9.971015641791045
64,64,8,1024,11.370440597014925
64,64,8,2048,14.714794029850747
64,64,8,4096,20.52629014925373
64,64,8,8192,31.971553432835822
64,64,8,16384,54.562588656716414
64,64,16,16,6.530435820895522
64,64,16,32,6.981979701492537
64,64,16,64,7.512418388059701
64,64,16,128,8.935453611940298
64,64,16,256,9.971015641791045
64,64,16,512,11.655087761194029
64,64,16,1024,15.024977194029852
64,64,16,2048,21.294376119402983
64,64,16,4096,33.35808
64,64,16,8192,56.03256358208955
64,64,16,16384,102.25031641791045
64,64,32,16,6.673802507462686
64,64,32,32,7.259866746268656
64,64,32,64,7.80777743283582
64,64,32,128,10.32619271641791
64,64,32,256,11.958992238805969
64,64,32,512,15.352491940298508
64,64,32,1024,21.373611940298506
64,64,32,2048,33.204021492537315
64,64,32,4096,56.246600597014925
64,64,32,8192,102.2910376119403
64,64,32,16384,194.26436776119402
64,64,64,16,7.25144167164179
64,64,64,32,8.218519880597015
64,64,64,64,9.27566614925373
64,64,64,128,11.278506985074626
64,64,64,256,14.569301014925372
64,64,64,512,20.78947343283582
64,64,64,1024,32.70333134328358
64,64,64,2048,55.82695164179104
64,64,64,4096,102.89002029850745
64,64,64,8192,193.4064143283582
64,64,64,16384,375.93485373134325
64,64,128,16,8.584549253731343
64,64,128,32,10.35616191044776
64,64,128,64,12.243378626865672
64,64,128,128,15.461616716417911
64,64,128,256,21.64963343283582
64,64,128,512,33.520764179104475
64,64,128,1024,57.2180919402985
64,64,128,2048,103.15119761194029
64,64,128,4096,197.38826507462687
64,64,128,8192,381.77222686567166
64,64,128,16384,753.5547223880596
64,128,0,0,6.040377313432836
64,128,1,16,7.320186268656716
64,128,1,32,7.730868537313432
64,128,1,64,8.201549373134329
64,128,1,128,9.389003462686567
64,128,1,256,9.448921791044775
64,128,1,512,9.444709253731343
64,128,1,1024,9.51947176119403
64,128,1,2048,9.785062208955223
64,128,1,4096,10.313294328358207
64,128,1,8192,12.632797611940298
64,128,1,16384,16.067158925373132
64,128,2,16,7.330757731343283
64,128,2,32,7.728802388059702
64,128,2,64,8.214247164179104
64,128,2,128,9.453194507462687
64,128,2,256,9.450867582089552
64,128,2,512,9.491709134328358
64,128,2,1024,9.712165253731342
64,128,2,2048,10.137972537313432
64,128,2,4096,12.329093731343283
64,128,2,8192,15.869891820895521
64,128,2,16384,21.720042985074627
64,128,4,16,7.304880716417911
64,128,4,32,7.7330149253731335
64,128,4,64,8.225019223880595
64,128,4,128,9.451128358208955
64,128,4,256,9.487496597014925
64,128,4,512,9.67365062686567
64,128,4,1024,10.135826149253731
64,128,4,2048,12.149158208955223
64,128,4,4096,15.872298985074625
64,128,4,8192,21.44201552238806
64,128,4,16384,33.12257910447761
64,128,8,16,7.339102567164179
64,128,8,32,7.764970029850746
64,128,8,64,8.233564656716418
64,128,8,128,9.530304000000001
64,128,8,256,9.697060298507463
64,128,8,512,10.769191164179103
64,128,8,1024,12.236959522388059
64,128,8,2048,15.692644298507462
64,128,8,4096,21.568391641791045
64,128,8,8192,33.28526328358209
64,128,8,16384,55.54029850746269
64,128,16,16,7.405580417910448
64,128,16,32,7.869822089552239
64,128,16,64,8.372658626865672
64,128,16,128,9.780508656716417
64,128,16,256,10.861124776119402
64,128,16,512,12.510834626865671
64,128,16,1024,16.08412943283582
64,128,16,2048,22.14169791044776
64,128,16,4096,33.48405492537313
64,128,16,8192,57.28870208955224
64,128,16,16384,103.37365970149254
64,128,32,16,7.540381611940298
64,128,32,32,8.092284179104478
64,128,32,64,8.612231641791045
64,128,32,128,11.08364704477612
64,128,32,256,12.84256191044776
64,128,32,512,16.38811414925373
64,128,32,1024,22.239990447761194
64,128,32,2048,34.12215402985075
64,128,32,4096,57.440554029850745
64,128,32,8192,103.69882746268657
64,128,32,16384,194.88060179104477
64,128,64,16,8.105262805970149
64,128,64,32,9.046664597014926
64,128,64,64,10.15281671641791
64,128,64,128,12.067916417910446
64,128,64,256,15.497924776119403
64,128,64,512,21.58122985074627
64,128,64,1024,33.32157134328358
64,128,64,2048,56.850197014925364
64,128,64,4096,103.13595223880597
64,128,64,8192,195.05371701492535
64,128,64,16384,378.87560597014925
64,128,128,16,9.49164895522388
64,128,128,32,11.233432835820896
64,128,128,64,13.184981014925373
64,128,128,128,16.462936835820894
64,128,128,256,22.60608
64,128,128,512,34.599173731343285
64,128,128,1024,57.416883582089554
64,128,128,2048,104.2659152238806
64,128,128,4096,197.89517373134328
64,128,128,8192,385.2345313432836
64,128,128,16384,758.2045611940298
64,256,0,0,6.055281671641791
64,256,1,16,7.377817791044776
64,256,1,32,7.747859104477612
64,256,1,64,8.214387582089552
64,256,1,128,9.416826268656717
64,256,1,256,9.47473862686567
64,256,1,512,9.478810746268657
64,256,1,1024,9.540935641791044
64,256,1,2048,9.789194507462687
64,256,1,4096,10.345389850746269
64,256,1,8192,12.658333611940298
64,256,1,16384,16.334474507462687
64,256,2,16,7.341449552238806
64,256,2,32,7.730868537313432
64,256,2,64,8.205681671641791
64,256,2,128,9.487436417910448
64,256,2,256,9.459493253731344
64,256,2,512,9.54936071641791
64,256,2,1024,9.729095641791044
64,256,2,2048,10.223567283582089
64,256,2,4096,12.333366447761193
64,256,2,8192,15.98363032835821
64,256,2,16384,21.852838208955223
64,256,4,16,7.371338507462687
64,256,4,32,7.743706746268656
64,256,4,64,8.252902208955224
64,256,4,128,9.46176
64,256,4,256,9.534376119402985
64,256,4,512,9.671524298507464
64,256,4,1024,10.1463976119403
64,256,4,2048,12.264762268656716
64,256,4,4096,15.872439402985075
64,256,4,8192,21.71382447761194
64,256,4,16384,33.12277970149254
64,256,8,16,7.399020895522387
64,256,8,32,7.769262805970149
64,256,8,64,8.259321313432835
64,256,8,128,9.57323176119403
64,256,8,256,9.718664597014925
64,256,8,512,10.833382208955223
64,256,8,1024,12.382392358208955
64,256,8,2048,15.872499582089551
64,256,8,4096,21.538502686567163
64,256,8,8192,33.14404298507463
64,256,8,16384,55.21091820895522
64,256,16,16,7.4483075820895515
64,256,16,32,7.884806686567164
64,256,16,64,8.377131940298508
64,256,16,128,9.801972537313432
64,256,16,256,10.848487164179105
64,256,16,512,12.692836298507462
64,256,16,1024,16.233915223880597
64,256,16,2048,22.27870567164179
64,256,16,4096,33.88203940298507
64,256,16,8192,56.87787940298507
64,256,16,16384,103.37145313432835
64,256,32,16,7.553139582089552
64,256,32,32,8.154409074626866
64,256,32,64,8.699892537313431
64,256,32,128,11.205549850746268
64,256,32,256,12.889762388059703
64,256,32,512,16.39224644776119
64,256,32,1024,22.24219701492537
64,256,32,2048,34.32315223880597
64,256,32,4096,58.19359522388059
64,256,32,8192,103.79732059701493
64,256,32,16384,194.54219462686567
64,256,64,16,8.120167164179104
64,256,64,32,9.179379582089553
64,256,64,64,10.206436298507462
64,256,64,128,12.181253731343283
64,256,64,256,15.628453253731344
64,256,64,512,21.47832358208955
64,256,64,1024,33.74743880597015
64,256,64,2048,56.65301014925374
64,256,64,4096,103.59170865671642
64,256,64,8192,194.9893253731343
64,256,64,16384,377.8164537313433
64,256,128,16,9.472532059701493
64,256,128,32,11.310522268656717
64,256,128,64,13.263875820895523
64,256,128,128,16.64694447761194
64,256,128,256,22.672477611940298
64,256,128,512,34.53056955223881
64,256,128,1024,57.93462447761193
64,256,128,2048,104.47333253731344
64,256,128,4096,197.4564680597015
64,256,128,8192,384.8554029850746
64,256,128,16384,757.1614567164179
64,512,0,0,6.05536191044776
64,512,1,16,7.3818297313432835
64,512,1,32,7.767056238805971
64,512,1,64,8.21872047761194
64,512,1,128,9.453274746268656
64,512,1,256,9.481017313432837
64,512,1,512,9.478951164179104
64,512,1,1024,9.583983761194029
64,512,1,2048,9.83627462686567
64,512,1,4096,10.41172728358209
64,512,1,8192,12.831789850746269
64,512,1,16384,16.37940823880597
64,512,2,16,7.375410626865671
64,512,2,32,7.756484776119403
64,512,2,64,8.220866865671642
64,512,2,128,9.485290029850747
64,512,2,256,9.461699820895523
64,512,2,512,9.487496597014925
64,512,2,1024,9.733508776119402
64,512,2,2048,10.29203104477612
64,512,2,4096,12.44243104477612
64,512,2,8192,16.161238925373134
64,512,2,16384,21.78443462686567
64,512,4,16,7.360566447761194
64,512,4,32,7.775882507462686
64,512,4,64,8.214307343283583
64,512,4,128,9.438229970149253
64,512,4,256,9.538729074626865
64,512,4,512,9.675656597014925
64,512,4,1024,10.244830567164179
64,512,4,2048,12.331159880597014
64,512,4,4096,15.985836895522388
64,512,4,8192,21.754345074626865
64,512,4,16384,33.23190447761194
64,512,8,16,7.396874507462686
64,512,8,32,7.786574328358209
64,512,8,64,8.27422567164179
64,512,8,128,9.573031164179104
64,512,8,256,9.765463880597014
64,512,8,512,10.899639402985073
64,512,8,1024,12.3505576119403
64,512,8,2048,15.878998925373134
64,512,8,4096,21.700986268656717
64,512,8,8192,33.42848955223881
64,512,8,16384,54.96919880597015
64,512,16,16,7.458999402985074
64,512,16,32,7.882660298507463
64,512,16,64,8.432637134328358
64,512,16,128,9.795693850746268
64,512,16,256,10.871896835820895
64,512,16,512,12.619959402985074
64,512,16,1024,16.217004895522386
64,512,16,2048,22.150323582089552
64,512,16,4096,34.029879402985074
64,512,16,8192,57.2393552238806
64,512,16,16384,104.34916298507463
64,512,32,16,7.640940895522388
64,512,32,32,8.167247283582089
64,512,32,64,8.710664597014924
64,512,32,128,11.18208
64,512,32,256,12.949399880597014
64,512,32,512,16.34083343283582
64,512,32,1024,22.38983641791045
64,512,32,2048,34.39155582089552
64,512,32,4096,57.91978029850747
64,512,32,8192,104.50763462686565
64,512,32,16384,195.2587271641791
64,512,64,16,8.141570865671643
64,512,64,32,9.19857671641791
64,512,64,64,10.210729074626865
64,512,64,128,12.200852059701491
64,512,64,256,15.609195940298507
64,512,64,512,21.596074029850747
64,512,64,1024,33.63410149253731
64,512,64,2048,56.81148179104477
64,512,64,4096,103.58970268656716
64,512,64,8192,194.74519880597015
64,512,64,16384,378.9177313432836
64,512,128,16,9.474538029850745
64,512,128,32,11.36201552238806
64,512,128,64,13.330413850746268
64,512,128,128,16.61699534328358
64,512,128,256,22.766557611940296
64,512,128,512,34.67820895522388
64,512,128,1024,58.00944716417911
64,512,128,2048,104.8755295522388
64,512,128,4096,198.7467080597015
64,512,128,8192,383.419128358209
64,512,128,16384,758.4813850746268
64,1024,0,0,6.384802388059701
64,1024,1,16,7.71369743283582
64,1024,1,32,8.103176597014924
64,1024,1,64,8.53313623880597
64,1024,1,128,9.756898388059701
64,1024,1,256,9.79348728358209
64,1024,1,512,9.829915701492538
64,1024,1,1024,9.89611271641791
64,1024,1,2048,10.195684298507462
64,1024,1,4096,10.790454447761194
64,1024,1,8192,13.20409791044776
64,1024,1,16384,16.828885970149255
64,1024,2,16,7.7029253731343275
64,1024,2,32,8.098843701492537
64,1024,2,64,8.56515152238806
64,1024,2,128,9.806245253731344
64,1024,2,256,9.866163582089552
64,1024,2,512,9.819023283582089
64,1024,2,1024,10.165654925373135
64,1024,2,2048,10.672824358208954
64,1024,2,4096,12.881196895522386
64,1024,2,8192,16.435114029850745
64,1024,2,16384,22.235777910447762
64,1024,4,16,7.713557014925374
64,1024,4,32,8.10305623880597
64,1024,4,64,8.607958925373135
64,1024,4,128,9.857738507462686
64,1024,4,256,9.881208358208955
64,1024,4,512,10.077853611940299
64,1024,4,1024,10.653647283582089
64,1024,4,2048,12.844768477611941
64,1024,4,4096,16.381494447761195
64,1024,4,8192,22.195257313432837
64,1024,4,16384,33.76448955223881
64,1024,8,16,7.719835701492537
64,1024,8,32,8.098763462686566
64,1024,8,64,8.642261014925374
64,1024,8,128,9.906824597014925
64,1024,8,256,10.131613611940299
64,1024,8,512,11.199190925373134
64,1024,8,1024,12.81915223880597
64,1024,8,2048,16.313010626865672
64,1024,8,4096,22.158748656716416
64,1024,8,8192,33.45857910447761
64,1024,8,16384,55.70739582089553
64,1024,16,16,7.820615641791044
64,1024,16,32,8.261527880597015
64,1024,16,64,8.768556895522387
64,1024,16,128,10.238471641791044
64,1024,16,256,11.316941373134329
64,1024,16,512,13.0800687761194
64,1024,16,1024,16.554930626865673
64,1024,16,2048,22.73446208955224
64,1024,16,4096,34.425657313432836
64,1024,16,8192,57.50454447761194
64,1024,16,16384,104.38547104477612
64,1024,32,16,7.936279880597015
64,1024,32,32,8.533196417910448
64,1024,32,64,9.085038805970148
64,1024,32,128,11.592902686567164
64,1024,32,256,13.40956943283582
64,1024,32,512,16.78174567164179
64,1024,32,1024,22.879894925373133
64,1024,32,2048,34.742399999999996
64,1024,32,4096,58.137628656716416
64,1024,32,8192,103.65148656716418
64,1024,32,16384,196.5575928358209
64,1024,64,16,8.531050029850746
64,1024,64,32,9.470385671641791
64,1024,64,64,10.589516417910447
64,1024,64,128,12.590070447761194
64,1024,64,256,15.934363701492538
64,1024,64,512,22.07971343283582
64,1024,64,1024,34.141210746268655
64,1024,64,2048,57.3912071641791
64,1024,64,4096,103.72851582089552
64,1024,64,8192,195.0791928358209
64,1024,64,16384,377.403223880597
64,1024,128,16,9.853465791044776
64,1024,128,32,11.830349373134329
64,1024,128,64,13.816320000000001
64,1024,128,128,17.13900895522388
64,1024,128,256,23.378378507462685
64,1024,128,512,35.18110567164179
64,1024,128,1024,58.33260895522388
64,1024,128,2048,105.50038925373134
64,1024,128,4096,198.43197134328358
64,1024,128,8192,384.5083701492537
64,1024,128,16384,755.9899701492536
64,2048,0,0,7.110221373134329
64,2048,1,16,8.389709373134329
64,2048,1,32,8.787814208955224
64,2048,1,64,9.241364059701493
64,2048,1,128,10.480130865671642
64,2048,1,256,10.503801313432835
64,2048,1,512,10.510220417910448
64,2048,1,1024,10.574411462686568
64,2048,1,2048,10.848226388059702
64,2048,1,4096,11.46472119402985
64,2048,1,8192,13.803281194029852
64,2048,1,16384,17.438700895522388
64,2048,2,16,8.413098985074626
64,2048,2,32,8.832687761194029
64,2048,2,64,9.282025074626866
64,2048,2,128,10.546648835820896
64,2048,2,256,10.531604059701493
64,2048,2,512,10.580830567164178
64,2048,2,1024,10.910411462686566
64,2048,2,2048,11.334072358208955
64,2048,2,4096,13.544310447761193
64,2048,2,8192,17.216038208955222
64,2048,2,16384,22.956924179104476
64,2048,4,16,8.393982089552239
64,2048,4,32,8.841173014925372
64,2048,4,64,9.343949373134329
64,2048,4,128,10.50580728358209
64,2048,4,256,10.623758328358209
64,2048,4,512,10.876169552238807
64,2048,4,1024,11.295678089552238
64,2048,4,2048,13.533538388059702
64,2048,4,4096,17.049141492537313
64,2048,4,8192,22.989019701492534
64,2048,4,16384,34.27581134328358
64,2048,8,16,8.456106985074626
64,2048,8,32,8.856217791044775
64,2048,8,64,9.316266985074627
64,2048,8,128,10.587249671641791
64,2048,8,256,10.805499223880597
64,2048,8,512,11.999512835820896
64,2048,8,1024,13.480119402985075
64,2048,8,2048,17.108979582089553
64,2048,8,4096,23.035959402985075
64,2048,8,8192,34.41943880597015
64,2048,8,16384,56.449805373134325
64,2048,16,16,8.479576835820897
64,2048,16,32,8.96748895522388
64,2048,16,64,9.452993910447761
64,2048,16,128,10.848346746268657
64,2048,16,256,11.935261611940298
64,2048,16,512,13.679111641791042
64,2048,16,1024,17.338201791044778
64,2048,16,2048,23.24778985074627
64,2048,16,4096,35.540374925373136
64,2048,16,8192,58.80120358208954
64,2048,16,16384,105.78924895522387
64,2048,32,16,8.706452059701492
64,2048,32,32,9.258495044776119
64,2048,32,64,9.885420895522389
64,2048,32,128,12.264762268656716
64,2048,32,256,14.098559999999999
64,2048,32,512,17.57777480597015
64,2048,32,1024,23.740054925373133
64,2048,32,2048,35.292236417910445
64,2048,32,4096,58.54885253731343
64,2048,32,8192,105.50660776119402
64,2048,32,16384,197.08616597014927
64,2048,64,16,9.234944955223881
64,2048,64,32,10.285611940298507
64,2048,64,64,11.274154029850747
64,2048,64,128,13.287486089552239
64,2048,64,256,16.668408358208954
64,2048,64,512,22.766557611940296
64,2048,64,1024,34.55203343283582
64,2048,64,2048,58.073638208955224
64,2048,64,4096,104.18005970149254
64,2048,64,8192,195.38490268656716
64,2048,64,16384,381.37303880597017
64,2048,128,16,10.640809074626866
64,2048,128,32,12.57723223880597
64,2048,128,64,14.581938626865671
64,2048,128,128,17.98847713432836
64,2048,128,256,24.075854328358208
64,2048,128,512,36.17586626865672
64,2048,128,1024,59.34442029850746
64,2048,128,2048,106.12083582089552
64,2048,128,4096,199.38380417910446
64,2048,128,8192,384.25361194029847
64,2048,128,16384,756.1023044776119
64,4096,0,0,12.185526447761193
64,4096,1,16,13.634117731343283
64,4096,1,32,13.991501373134328
64,4096,1,64,14.524487641791044
64,4096,1,128,15.728952358208955
64,4096,1,256,15.728952358208955
64,4096,1,512,15.816733611940297
64,4096,1,1024,15.863753552238807
64,4096,1,2048,16.09905385074627
64,4096,1,4096,16.80728167164179
64,4096,1,8192,19.096896
64,4096,1,16384,22.738674626865674
64,4096,2,16,13.565714149253731
64,4096,2,32,13.925184
64,4096,2,64,14.460176238805971
64,4096,2,128,15.694710447761192
64,4096,2,256,15.585585671641791
64,4096,2,512,15.728952358208955
64,4096,2,1024,16.03706937313433
64,4096,2,2048,16.76876704477612
64,4096,2,4096,18.673034507462685
64,4096,2,8192,22.524637611940296
64,4096,2,16384,28.1820752238806
64,4096,4,16,13.514481671641791
64,4096,4,32,13.946567641791045
64,4096,4,64,14.453817313432836
64,4096,4,128,15.701129552238807
64,4096,4,256,15.684138985074625
64,4096,4,512,16.017812059701495
64,4096,4,1024,16.46099104477612
64,4096,4,2048,18.62168167164179
64,4096,4,4096,22.186631641791042
64,4096,4,8192,27.95078686567164
64,4096,4,16384,39.404876417910444
64,4096,8,16,13.450170268656718
64,4096,8,32,14.05356608955224
64,4096,8,64,14.361683104477612
64,4096,8,128,15.707608835820894
64,4096,8,256,15.979417791044776
64,4096,8,512,17.029824
64,4096,8,1024,18.741638686567164
64,4096,8,2048,22.29134328358209
64,4096,8,4096,27.86753910447761
64,4096,8,8192,39.40908895522388
64,4096,8,16384,61.572050149253734
64,4096,16,16,13.565914746268657
64,4096,16,32,14.045000597014926
64,4096,16,64,14.541337791044777
64,4096,16,128,16.05424047761194
64,4096,16,256,17.19236776119403
64,4096,16,512,18.908475223880597
64,4096,16,1024,22.361953432835822
64,4096,16,2048,28.477354029850744
64,4096,16,4096,40.440358208955224
64,4096,16,8192,63.399288358208956
64,4096,16,16384,109.98293014925373
64,4096,32,16,13.781877492537314
64,4096,32,32,14.38721910447761
64,4096,32,64,15.110511761194028
64,4096,32,128,17.60325062686567
64,4096,32,256,19.31081265671642
64,4096,32,512,22.70016
64,4096,32,1024,28.635825671641786
64,4096,32,2048,41.23632716417911
64,4096,32,4096,63.90860417910447
64,4096,32,8192,109.85655402985074
64,4096,32,16384,203.15061492537313
64,4096,64,16,14.434419582089552
64,4096,64,32,15.542718089552237
64,4096,64,64,16.486406686567165
64,4096,64,128,18.478395223880597
64,4096,64,256,21.89335880597015
64,4096,64,512,27.713279999999997
64,4096,64,1024,40.06825074626866
64,4096,64,2048,62.87292179104477
64,4096,64,4096,108.70131582089552
64,4096,64,8192,200.7193791044776
64,4096,64,16384,383.9567283582089
64,4096,128,16,16.026437731343282
64,4096,128,32,18.06763271641791
64,4096,128,64,19.815775522388062
64,4096,128,128,23.136659104477612
64,4096,128,256,29.01655880597015
64,4096,128,512,41.05879880597015
64,4096,128,1024,65.00827701492537
64,4096,128,2048,111.61960119402985
64,4096,128,4096,205.15257313432835
64,4096,128,8192,390.50220895522386
64,4096,128,16384,762.0580298507463
64,8192,0,0,17.515589731343283
64,8192,1,16,19.092563104477613
64,8192,1,32,19.422003582089552
64,8192,1,64,19.796518208955224
64,8192,1,128,21.033198805970148
64,8192,1,256,21.065494925373134
64,8192,1,512,21.020360597014925
64,8192,1,1024,21.183044776119402
64,8192,1,2048,21.596074029850747
64,8192,1,4096,22.111407761194027
64,8192,1,8192,24.465413731343283
64,8192,1,16384,28.06011223880597
64,8192,2,16,18.876379701492535
64,8192,2,32,19.389908059701494
64,8192,2,64,19.87569385074627
64,8192,2,128,20.962588656716417
64,8192,2,256,20.97542686567164
64,8192,2,512,21.013941492537313
64,8192,2,1024,21.514631641791045
64,8192,2,2048,21.889146268656717
64,8192,2,4096,24.095111641791046
64,8192,2,8192,27.52291343283582
64,8192,2,16384,33.47141731343284
64,8192,4,16,18.844344358208954
64,8192,4,32,19.270151641791042
64,8192,4,64,19.75800358208955
64,8192,4,128,21.04403104477612
64,8192,4,256,21.02657910447761
64,8192,4,512,21.289962985074624
64,8192,4,1024,21.81653014925373
64,8192,4,2048,24.110156417910446
64,8192,4,4096,27.555008955223883
64,8192,4,8192,33.42848955223881
64,8192,4,16384,44.70043701492537
64,8192,8,16,18.902116298507462
64,8192,8,32,19.24006208955224
64,8192,8,64,19.678827940298508
64,8192,8,128,21.037611940298508
64,8192,8,256,21.379830447761194
64,8192,8,512,22.370378507462686
64,8192,8,1024,24.033127164179106
64,8192,8,2048,27.30265791044776
64,8192,8,4096,33.31735880597015
64,8192,8,8192,44.8097623880597
64,8192,8,16384,67.1352071641791
64,8192,16,16,18.996196298507463
64,8192,16,32,19.550586268656716
64,8192,16,64,19.905642985074625
64,8192,16,128,21.379830447761194
64,8192,16,256,22.627142686567165
64,8192,16,512,24.351875820895522
64,8192,16,1024,27.721905671641792
64,8192,16,2048,33.80541134328358
64,8192,16,4096,45.271536716417906
64,8192,16,8192,69.30707104477612
64,8192,16,16384,114.7436991044776
64,8192,32,16,19.081851223880594
64,8192,32,32,19.81792191044776
64,8192,32,64,20.453272835820897
64,8192,32,128,22.832554029850744
64,8192,32,256,24.784162388059702
64,8192,32,512,28.036441791044773
64,8192,32,1024,33.79417791044776
64,8192,32,2048,45.719068656716416
64,8192,32,4096,68.9796967164179
64,8192,32,8192,114.97899940298507
64,8192,32,16384,207.13045970149253
64,8192,64,16,19.893005373134326
64,8192,64,32,20.785260895522388
64,8192,64,64,21.90619701492537
64,8192,64,128,23.89190686567164
64,8192,64,256,27.103465074626865
64,8192,64,512,33.13521671641791
64,8192,64,1024,45.10504119402985
64,8192,64,2048,68.57088
64,8192,64,4096,115.39182805970148
64,8192,64,8192,206.91180895522388
64,8192,64,16384,389.5774567164179
64,8192,128,16,21.484742686567163
64,8192,128,32,23.363333731343282
64,8192,128,64,25.252757014925372
64,8192,128,128,28.52870686567164
64,8192,128,256,34.526357014925374
64,8192,128,512,46.51483701492538
64,8192,128,1024,70.34696597014926
64,8192,128,2048,117.40762746268658
64,8192,128,4096,209.91073432835822
64,8192,128,8192,394.2152597014925
64,8192,128,16384,766.120119402985
64,16384,0,0,27.82481194029851
64,16384,1,16,29.217557014925372
64,16384,1,32,29.624167164179106
64,16384,1,64,30.167785074626863
64,16384,1,128,31.517802985074628
64,16384,1,256,31.209485373134328
64,16384,1,512,31.301559402985074
64,16384,1,1024,31.513590447761192
64,16384,1,2048,31.810875223880593
64,16384,1,4096,32.35649910447761
64,16384,1,8192,34.941392238805975
64,16384,1,16384,38.17220776119403
64,16384,2,16,29.09980656716418
64,16384,2,32,29.66248119402985
64,16384,2,64,30.18282985074627
64,16384,2,128,31.301960597014926
64,16384,2,256,31.338068059701488
64,16384,2,512,31.38721432835821
64,16384,2,1024,31.616296119402982
64,16384,2,2048,32.23694328358209
64,16384,2,4096,34.41923820895522
64,16384,2,8192,38.099591641791044
64,16384,2,16384,43.759035223880595
64,16384,4,16,29.399498507462685
64,16384,4,32,29.658469253731344
64,16384,4,64,30.11201910447761
64,16384,4,128,31.41068417910448
64,16384,4,256,31.489919999999998
64,16384,4,512,31.646185074626864
64,16384,4,1024,32.315777910447764
64,16384,4,2048,34.342208955223875
64,16384,4,4096,37.89397970149254
64,16384,4,8192,43.4894328358209
64,16384,4,16384,55.07812298507463
64,16384,8,16,29.386660298507465
64,16384,8,32,29.79327044776119
64,16384,8,64,30.208305671641792
64,16384,8,128,31.532847761194027
64,16384,8,256,31.789611940298506
64,16384,8,512,32.69450507462686
64,16384,8,1024,34.30790686567164
64,16384,8,2048,37.678137313432835
64,16384,8,4096,43.65412298507463
64,16384,8,8192,54.99668059701493
64,16384,8,16384,77.11270208955223
64,16384,16,16,29.41434268656716
64,16384,16,32,30.00309492537313
64,16384,16,64,30.392253134328353
64,16384,16,128,31.97777194029851
64,16384,16,256,32.98557134328358
64,16384,16,512,34.78292059701492
64,16384,16,1024,38.06749611940298
64,16384,16,2048,44.15701970149253
64,16384,16,4096,55.91461253731343
64,16384,16,8192,79.59689552238807
64,16384,16,16384,125.8016095522388
64,16384,32,16,29.61995462686567
64,16384,32,32,30.122450149253726
64,16384,32,64,30.820327164179105
64,16384,32,128,33.27443104477612
64,16384,32,256,34.996957611940296
64,16384,32,512,38.39908298507463
64,16384,32,1024,44.31970388059701
64,16384,32,2048,55.92323820895522
64,16384,32,4096,80.03560119402985
64,16384,32,8192,125.77793910447761
64,16384,32,16384,216.3198089552239
64,16384,64,16,30.30459223880597
64,16384,64,32,31.2353623880597
64,16384,64,64,32.187395820895524
64,16384,64,128,34.28664358208955
64,16384,64,256,37.61153910447761
64,16384,64,512,43.70326925373134
64,16384,64,1024,55.39045253731343
64,16384,64,2048,79.04284656716418
64,16384,64,4096,125.09330149253731
64,16384,64,8192,218.10311641791043
64,16384,64,16384,398.88917014925374
64,16384,128,16,31.688912238805973
64,16384,128,32,33.55907820895522
64,16384,128,64,35.467558208955225
64,16384,128,128,38.89957253731343
64,16384,128,256,44.89501611940298
64,16384,128,512,56.9224119402985
64,16384,128,1024,80.96837731343284
64,16384,128,2048,126.49266626865672
64,16384,128,4096,219.1502328358209
64,16384,128,8192,407.3042149253731
64,16384,128,16384,777.9433074626866
128,0,0,0,4.668835343283582
128,0,1,16,6.012554507462686
128,0,1,32,6.397781014925373
128,0,1,64,6.8491844776119395
128,0,1,128,8.040871164179103
128,0,1,256,8.100909850746268
128,0,1,512,8.113748059701493
128,0,1,1024,8.21003462686567
128,0,1,2048,8.43249671641791
128,0,1,4096,8.890519880597015
128,0,1,8192,11.109203104477611
128,0,1,16384,14.513595223880598
128,0,2,16,5.976126089552238
128,0,2,32,6.38700895522388
128,0,2,64,6.861962507462687
128,0,2,128,8.107389134328358
128,0,2,256,8.075233432835821
128,0,2,512,8.118101014925374
128,0,2,1024,8.357674029850747
128,0,2,2048,8.744966686567164
128,0,2,4096,10.792661014925374
128,0,2,8192,14.070677014925375
128,0,2,16384,19.93767832835821
128,0,4,16,5.991090626865671
128,0,4,32,6.378443462686567
128,0,4,64,6.859956537313432
128,0,4,128,8.085865074626865
128,0,4,256,8.186424358208955
128,0,4,512,8.312599880597014
128,0,4,1024,8.723562985074626
128,0,4,2048,10.657859820895522
128,0,4,4096,14.186220895522387
128,0,4,8192,19.92275391044776
128,0,4,16384,31.09414208955224
128,0,8,16,5.982605373134328
128,0,8,32,6.391281671641791
128,0,8,64,6.8790734328358205
128,0,8,128,8.197136238805971
128,0,8,256,8.310473552238806
128,0,8,512,9.448861611940298
128,0,8,1024,10.638462089552238
128,0,8,2048,13.912466149253731
128,0,8,4096,19.75158447761194
128,0,8,8192,31.37878925373134
128,0,8,16384,53.50524179104478
128,0,16,16,6.042443462686567
128,0,16,32,6.493927164179103
128,0,16,64,7.007395343283581
128,0,16,128,8.423871044776119
128,0,16,256,9.453134328358209
128,0,16,512,10.97881504477612
128,0,16,1024,14.254684656716417
128,0,16,2048,20.271531940298505
128,0,16,4096,31.997229850746265
128,0,16,8192,55.291758805970154
128,0,16,16384,101.5351880597015
128,0,32,16,6.190082865671641
128,0,32,32,6.740059701492537
128,0,32,64,7.281410865671641
128,0,32,128,9.746206567164178
128,0,32,256,11.246130626865671
128,0,32,512,14.475020417910448
128,0,32,1024,20.626789253731342
128,0,32,2048,31.894323582089555
128,0,32,4096,55.69415641791045
128,0,32,8192,101.71291701492537
128,0,32,16384,194.16727880597014
128,0,64,16,6.710110567164178
128,0,64,32,7.617270447761194
128,0,64,64,8.456026746268657
128,0,64,128,10.48233743283582
128,0,64,256,13.557148656716418
128,0,64,512,19.672408835820896
128,0,64,1024,31.502958805970145
128,0,64,2048,54.9537528358209
128,0,64,4096,100.90611582089552
128,0,64,8192,192.528
128,0,64,16384,376.2598208955224
128,0,128,16,8.387562985074627
128,0,128,32,10.152876895522388
128,0,128,64,12.136460417910447
128,0,128,128,15.478807880597016
128,0,128,256,21.523257313432836
128,0,128,512,33.43691462686567
128,0,128,1024,56.605669253731335
128,0,128,2048,103.60835820895522
128,0,128,4096,195.55781731343282
128,0,128,8192,383.40909850746266
128,0,128,16384,755.1294089552239
128,16,0,0,6.836286089552239
128,16,1,16,8.088131820895523
128,16,1,32,8.50096047761194
128,16,1,64,8.935453611940298
128,16,1,128,10.210789253731344
128,16,1,256,10.251370029850747
128,16,1,512,10.21915414925373
128,16,1,1024,10.317647283582088
128,16,1,2048,10.527331343283581
128,16,1,4096,10.97004895522388
128,16,1,8192,13.379479880597016
128,16,1,16384,16.933457194029852
128,16,2,16,8.096436537313432
128,16,2,32,8.47107152238806
128,16,2,64,8.950237611940299
128,16,2,128,10.204229731343284
128,16,2,256,10.259875343283582
128,16,2,512,10.234118686567165
128,16,2,1024,10.462939701492537
128,16,2,2048,10.876109373134328
128,16,2,4096,12.975276895522388
128,16,2,8192,16.505664
128,16,2,16384,22.34069014925373
128,16,4,16,8.10305623880597
128,16,4,32,8.46031952238806
128,16,4,64,8.973847880597015
128,16,4,128,10.195804656716417
128,16,4,256,10.2555223880597
128,16,4,512,10.416200597014926
128,16,4,1024,10.846220417910446
128,16,4,2048,12.917504955223881
128,16,4,4096,16.31521719402985
128,16,4,8192,22.291142686567163
128,16,4,16384,33.65115223880597
128,16,8,16,8.09443056716418
128,16,8,32,8.565091343283582
128,16,8,64,8.986806447761193
128,16,8,128,10.266214208955224
128,16,8,256,10.458727164179104
128,16,8,512,11.436637611940299
128,16,8,1024,12.913172059701493
128,16,8,2048,16.33648047761194
128,16,8,4096,22.144105074626868
128,16,8,8192,33.74523223880597
128,16,8,16384,55.90618746268657
128,16,16,16,8.175792716417911
128,16,16,32,8.62721623880597
128,16,16,64,9.145077492537313
128,16,16,128,10.563639402985075
128,16,16,256,11.535190925373135
128,16,16,512,13.261869850746267
128,16,16,1024,16.51208310447761
128,16,16,2048,22.62513671641791
128,16,16,4096,34.579715820895515
128,16,16,8192,57.40605134328358
128,16,16,16384,103.98708537313433
128,16,32,16,8.321365970149253
128,16,32,32,8.847732537313432
128,16,32,64,9.421098985074627
128,16,32,128,11.813218388059703
128,16,32,256,13.477852656716417
128,16,32,512,16.828544955223883
128,16,32,1024,22.79644656716418
128,16,32,2048,34.502686567164176
128,16,32,4096,58.07343761194029
128,16,32,8192,104.18407164179105
128,16,32,16384,195.99010388059702
128,16,64,16,8.79411295522388
128,16,64,32,9.763518089552239
128,16,64,64,10.711338985074628
128,16,64,128,12.639276895522388
128,16,64,256,15.921525492537313
128,16,64,512,21.865676417910446
128,16,64,1024,33.71534328358209
128,16,64,2048,57.099940298507455
128,16,64,4096,103.71327044776119
128,16,64,8192,194.4001719402985
128,16,64,16384,378.7913552238806
128,16,128,16,10.446089552238806
128,16,128,32,12.384518686567164
128,16,128,64,14.485772417910448
128,16,128,128,17.66752191044776
128,16,128,256,23.926008358208954
128,16,128,512,35.90425791044776
128,16,128,1024,59.14783522388059
128,16,128,2048,106.34309731343284
128,16,128,4096,197.6010985074627
128,16,128,8192,383.31682388059704
128,16,128,16384,756.411223880597
128,32,0,0,6.855663761194029
128,32,1,16,8.12243391044776
128,32,1,32,8.507580179104476
128,32,1,64,8.990958805970148
128,32,1,128,10.231851940298506
128,32,1,256,10.304809074626865
128,32,1,512,10.28761791044776
128,32,1,1024,10.381758089552239
128,32,1,2048,10.55507391044776
128,32,1,4096,11.088
128,32,1,8192,13.405236537313433
128,32,1,16384,16.888804298507463
128,32,2,16,8.218600119402986
128,32,2,32,8.524510567164178
128,32,2,64,8.97176167164179
128,32,2,128,10.287678089552239
128,32,2,256,10.291830447761193
128,32,2,512,10.298389970149254
128,32,2,1024,10.499388179104477
128,32,2,2048,10.972516298507463
128,32,2,4096,13.066889552238806
128,32,2,8192,16.49910447761194
128,32,2,16384,22.33427104477612
128,32,4,16,8.17587295522388
128,32,4,32,8.560938985074626
128,32,4,64,9.050877134328358
128,32,4,128,10.270627343283582
128,32,4,256,10.293976835820894
128,32,4,512,10.443742567164179
128,32,4,1024,10.88252847761194
128,32,4,2048,12.940974805970148
128,32,4,4096,16.387913552238807
128,32,4,8192,22.35974686567164
128,32,4,16384,33.72376835820895
128,32,8,16,8.169253253731343
128,32,8,32,8.573777194029852
128,32,8,64,9.03168
128,32,8,128,10.345450029850747
128,32,8,256,10.520972417910448
128,32,8,512,11.503095402985073
128,32,8,1024,12.870364656716418
128,32,8,2048,16.38370101492537
128,32,8,4096,22.231565373134327
128,32,8,8192,33.86719522388059
128,32,8,16384,55.927450746268654
128,32,16,16,8.227145552238806
128,32,16,32,8.712871164179104
128,32,16,64,9.185738507462686
128,32,16,128,10.630037014925373
128,32,16,256,11.556594626865671
128,32,16,512,13.330333611940297
128,32,16,1024,16.809287641791045
128,32,16,2048,22.66365134328358
128,32,16,4096,34.56467104477612
128,32,16,8192,58.349659701492534
128,32,16,16384,104.19911641791046
128,32,32,16,8.368365850746269
128,32,32,32,8.920408835820895
128,32,32,64,9.485290029850747
128,32,32,128,11.879495641791044
128,32,32,256,13.484271761194028
128,32,32,512,16.912274149253733
128,32,32,1024,22.610091940298506
128,32,32,2048,34.96466149253731
128,32,32,4096,57.8766519402985
128,32,32,8192,105.06128238805971
128,32,32,16384,195.9836847761194
128,32,64,16,8.877621492537314
128,32,64,32,9.827709134328359
128,32,64,64,10.711419223880597
128,32,64,128,12.720518686567164
128,32,64,256,15.930151164179104
128,32,64,512,21.889146268656717
128,32,64,1024,34.245922388059704
128,32,64,2048,57.68407880597015
128,32,64,4096,103.4713504477612
128,32,64,8192,195.03566328358207
128,32,64,16384,378.9377910447761
128,32,128,16,10.565906149253731
128,32,128,32,12.453062686567163
128,32,128,64,14.5157416119403
128,32,128,128,17.79582376119403
128,32,128,256,23.868437014925373
128,32,128,512,35.86133014925373
128,32,128,1024,59.13700298507462
128,32,128,2048,106.47990447761195
128,32,128,4096,199.22071880597014
128,32,128,8192,385.00585074626866
128,32,128,16384,757.9879164179104
128,64,0,0,6.6929194029850745
128,64,1,16,8.006769671641791
128,64,1,32,8.42166447761194
128,64,1,64,8.877621492537314
128,64,1,128,10.080060179104478
128,64,1,256,10.103610268656716
128,64,1,512,10.144331462686567
128,64,1,1024,10.236265074626866
128,64,1,2048,10.508013850746268
128,64,1,4096,10.951052417910448
128,64,1,8192,13.289612417910446
128,64,1,16384,16.610496
128,64,2,16,7.995937432835821
128,64,2,32,8.400461373134327
128,64,2,64,8.873268537313432
128,64,2,128,10.114442507462687
128,64,2,256,10.176426985074626
128,64,2,512,10.174421014925374
128,64,2,1024,10.469619582089553
128,64,2,2048,10.796933731343282
128,64,2,4096,12.932429373134328
128,64,2,8192,16.385767164179104
128,64,2,16384,22.193050746268657
128,64,4,16,8.036778985074628
128,64,4,32,8.389829731343283
128,64,4,64,8.920348656716419
128,64,4,128,10.137832119402985
128,64,4,256,10.155163701492537
128,64,4,512,10.396802865671642
128,64,4,1024,10.732742686567164
128,64,4,2048,12.866091940298507
128,64,4,4096,16.295899701492537
128,64,4,8192,21.983226268656715
128,64,4,16384,33.59097313432836
128,64,8,16,8.051703402985074
128,64,8,32,8.47295713432836
128,64,8,64,8.941752358208955
128,64,8,128,10.223567283582089
128,64,8,256,10.439610268656716
128,64,8,512,11.400329552238805
128,64,8,1024,12.865951522388059
128,64,8,2048,16.227496119402986
128,64,8,4096,22.2036823880597
128,64,8,8192,33.55466507462687
128,64,8,16384,55.44601791044776
128,64,16,16,8.107389134328358
128,64,16,32,8.548040597014925
128,64,16,64,9.136532059701493
128,64,16,128,10.520771820895522
128,64,16,256,11.430278686567164
128,64,16,512,13.144179582089553
128,64,16,1024,16.612582208955224
128,64,16,2048,22.473284776119403
128,64,16,4096,34.074612537313435
128,64,16,8192,57.78036537313432
128,64,16,16384,104.19249671641792
128,64,32,16,8.212181014925372
128,64,32,32,8.777062208955224
128,64,32,64,9.3803176119403
128,64,32,128,11.778996537313434
128,64,32,256,13.345258029850745
128,64,32,512,16.738757731343284
128,64,32,1024,22.597454328358207
128,64,32,2048,34.79154626865672
128,64,32,4096,58.22549014925374
128,64,32,8192,104.26330746268656
128,64,32,16384,195.51930268656716
128,64,64,16,8.781274746268657
128,64,64,32,9.675797014925372
128,64,64,64,10.632183402985074
128,64,64,128,12.677871761194028
128,64,64,256,15.838077134328358
128,64,64,512,21.959555820895524
128,64,64,1024,34.05334925373134
128,64,64,2048,56.792023880597014
128,64,64,4096,103.12491940298509
128,64,64,8192,194.63125970149252
128,64,64,16384,378.6609671641791
128,64,128,16,10.431044776119403
128,64,128,32,12.35041719402985
128,64,128,64,14.278355104477612
128,64,128,128,17.716587940298506
128,64,128,256,23.799832835820894
128,64,128,512,35.675176119402984
128,64,128,1024,59.45996417910448
128,64,128,2048,106.67448358208955
128,64,128,4096,199.7492919402985
128,64,128,8192,385.89048358208953
128,64,128,16384,755.6790447761194
128,128,0,0,6.772155223880596
128,128,1,16,8.096837731343284
128,128,1,32,8.490328835820895
128,128,1,64,8.956797134328358
128,128,1,128,10.16364895522388
128,128,1,256,10.174280597014924
128,128,1,512,10.206376119402986
128,128,1,1024,10.28761791044776
128,128,1,2048,10.5509416119403
128,128,1,4096,10.98088119402985
128,128,1,8192,13.328267462686567
128,128,1,16384,16.689671641791044
128,128,2,16,8.036778985074628
128,128,2,32,8.451814208955224
128,128,2,64,8.918282507462687
128,128,2,128,10.174340776119402
128,128,2,256,10.202103402985074
128,128,2,512,10.22136071641791
128,128,2,1024,10.473972537313433
128,128,2,2048,10.79478734328358
128,128,2,4096,13.007051462686567
128,128,2,8192,16.415656119402986
128,128,2,16384,22.278505074626867
128,128,4,16,8.055976119402985
128,128,4,32,8.46031952238806
128,128,4,64,8.95886328358209
128,128,4,128,10.18711880597015
128,128,4,256,10.204430328358209
128,128,4,512,10.371066268656715
128,128,4,1024,10.779882985074625
128,128,4,2048,12.868037731343284
128,128,4,4096,16.46921552238806
128,128,4,8192,22.272085970149252
128,128,4,16384,33.48846805970149
128,128,8,16,8.090278208955224
128,128,8,32,8.460379701492538
128,128,8,64,8.980327164179105
128,128,8,128,10.247037134328359
128,128,8,256,10.445949134328359
128,128,8,512,11.400329552238805
128,128,8,1024,12.831850029850745
128,128,8,2048,16.280854925373134
128,128,8,4096,22.158748656716416
128,128,8,8192,33.59518567164179
128,128,8,16384,55.84179582089552
128,128,16,16,8.160747940298506
128,128,16,32,8.593114746268656
128,128,16,64,9.13003271641791
128,128,16,128,10.540229731343283
128,128,16,256,11.539483701492538
128,128,16,512,13.298318328358208
128,128,16,1024,16.524921313432834
128,128,16,2048,22.612298507462686
128,128,16,4096,34.355047164179105
128,128,16,8192,58.12057791044776
128,128,16,16384,104.74453970149253
128,128,32,16,8.259180895522388
128,128,32,32,8.811284059701492
128,128,32,64,9.450987940298507
128,128,32,128,11.764011940298507
128,128,32,256,13.456509134328359
128,128,32,512,16.822326447761192
128,128,32,1024,22.618717611940298
128,128,32,2048,34.5668776119403
128,128,32,4096,57.836131343283576
128,128,32,8192,103.80313791044776
128,128,32,16384,196.09902805970148
128,128,64,16,8.783541492537314
128,128,64,32,9.746346985074627
128,128,64,64,10.704919880597014
128,128,64,128,12.658474029850746
128,128,64,256,15.942909134328358
128,128,64,512,21.79707223880597
128,128,64,1024,33.822060895522384
128,128,64,2048,57.84234985074627
128,128,64,4096,102.99653731343284
128,128,64,8192,195.51047641791044
128,128,64,16384,378.61282388059703
128,128,128,16,10.482397611940298
128,128,128,32,12.380185791044777
128,128,128,64,14.325435223880596
128,128,128,128,17.73805182089552
128,128,128,256,23.791407761194026
128,128,128,512,35.73074149253731
128,128,128,1024,58.95285492537313
128,128,128,2048,106.1206352238806
128,128,128,4096,199.32141850746268
128,128,128,8192,384.5043582089552
128,128,128,16384,759.881552238806
128,256,0,0,6.911309373134328
128,256,1,16,8.154469253731344
128,256,1,32,8.560818626865672
128,256,1,64,8.990958805970148
128,256,1,128,10.197750447761194
128,256,1,256,10.28555176119403
128,256,1,512,10.274779701492536
128,256,1,1024,10.328278925373134
128,256,1,2048,10.593869373134329
128,256,1,4096,11.04079952238806
128,256,1,8192,13.48453253731343
128,256,1,16384,16.991369552238805
128,256,2,16,8.124379701492536
128,256,2,32,8.509586149253732
128,256,2,64,8.999524298507463
128,256,2,128,10.232052537313432
128,256,2,256,10.251309850746269
128,256,2,512,10.240618029850745
128,256,2,1024,10.527331343283581
128,256,2,2048,10.910411462686566
128,256,2,4096,13.159104
128,256,2,8192,16.738878089552237
128,256,2,16384,22.406887164179103
128,256,4,16,8.175792716417911
128,256,4,32,8.586555223880596
128,256,4,64,9.046664597014926
128,256,4,128,10.2555223880597
128,256,4,256,10.330345074626864
128,256,4,512,10.469499223880597
128,256,4,1024,10.940300417910446
128,256,4,2048,13.028575522388058
128,256,4,4096,16.539885850746266
128,256,4,8192,22.314813134328357
128,256,4,16384,34.30790686567164
128,256,8,16,8.124379701492536
128,256,8,32,8.590827940298508
128,256,8,64,8.99958447761194
128,256,8,128,10.296183402985074
128,256,8,256,10.540169552238805
128,256,8,512,11.447469850746268
128,256,8,1024,13.041473910447761
128,256,8,2048,16.505583761194032
128,256,8,4096,22.171586865671642
128,256,8,8192,33.71955582089552
128,256,8,16384,56.079703880597016
128,256,16,16,8.19498985074627
128,256,16,32,8.66579104477612
128,256,16,64,9.194163582089553
128,256,16,128,10.595795104477611
128,256,16,256,11.539343283582088
128,256,16,512,13.418074746268655
128,256,16,1024,16.882445373134328
128,256,16,2048,22.738674626865674
128,256,16,4096,34.628862089552236
128,256,16,8192,57.5256071641791
128,256,16,16384,103.98287283582088
128,256,32,16,8.355668059701493
128,256,32,32,8.920408835820895
128,256,32,64,9.481077492537313
128,256,32,128,11.922483582089553
128,256,32,256,13.700374925373135
128,256,32,512,17.040656238805973
128,256,32,1024,22.929241791044777
128,256,32,2048,34.89645850746268
128,256,32,4096,59.35284537313432
128,256,32,8192,104.28015761194031
128,256,32,16384,195.89562268656715
128,256,64,16,8.867050029850747
128,256,64,32,9.769877014925372
128,256,64,64,10.85035271641791
128,256,64,128,12.819011820895522
128,256,64,256,16.118230925373133
128,256,64,512,22.105189253731343
128,256,64,1024,33.83509970149254
128,256,64,2048,57.69691701492537
128,256,64,4096,103.61036417910448
128,256,64,8192,195.00136119402984
128,256,64,16384,379.4071880597015
128,256,128,16,10.57641743283582
128,256,128,32,12.547082507462685
128,256,128,64,14.472934208955223
128,256,128,128,17.945669731343283
128,256,128,256,24.080066865671643
128,256,128,512,35.89141970149254
128,256,128,1024,59.08565014925372
128,256,128,2048,105.63679522388058
128,256,128,4096,198.4891414925373
128,256,128,8192,385.4130626865671
128,256,128,16384,758.545576119403
128,512,0,0,7.191463164179104
128,512,1,16,8.421804895522387
128,512,1,32,8.886186985074627
128,512,1,64,9.284091223880596
128,512,1,128,10.486810746268656
128,512,1,256,10.531684298507463
128,512,1,512,10.54652847761194
128,512,1,1024,10.625764298507463
128,512,1,2048,10.88032191044776
128,512,1,4096,11.466727164179103
128,512,1,8192,13.867331820895522
128,512,1,16384,17.490053731343284
128,512,2,16,8.413299582089552
128,512,2,32,8.830421014925372
128,512,2,64,9.309847880597014
128,512,2,128,10.540109373134328
128,512,2,256,10.58730985074627
128,512,2,512,10.593588537313432
128,512,2,1024,10.831175641791045
128,512,2,2048,11.293351164179104
128,512,2,4096,13.510148776119403
128,512,2,8192,17.20113385074627
128,512,2,16384,23.040171940298507
128,512,4,16,8.387623164179104
128,512,4,32,8.890459701492537
128,512,4,64,9.371892537313432
128,512,4,128,10.58510328358209
128,512,4,256,10.61292608955224
128,512,4,512,10.798999880597014
128,512,4,1024,11.269740895522387
128,512,4,2048,13.478053253731343
128,512,4,4096,16.970046089552238
128,512,4,8192,22.772776119402987
128,512,4,16384,34.406199402985074
128,512,8,16,8.456167164179105
128,512,8,32,8.84558614925373
128,512,8,64,9.329165373134328
128,512,8,128,10.612845850746268
128,512,8,256,10.790574805970149
128,512,8,512,11.817571343283582
128,512,8,1024,13.529325850746268
128,512,8,2048,16.952854925373135
128,512,8,4096,22.81971582089552
128,512,8,8192,34.386942089552235
128,512,8,16384,56.44499104477612
128,512,16,16,8.477430447761195
128,512,16,32,8.971561074626866
128,512,16,64,9.425451940298508
128,512,16,128,10.897432835820895
128,512,16,256,11.911510925373134
128,512,16,512,13.743242507462687
128,512,16,1024,17.26518447761194
128,512,16,2048,23.431737313432837
128,512,16,4096,35.063154626865675
128,512,16,8192,58.1121528358209
128,512,16,16384,104.62658865671642
128,512,32,16,8.650686089552238
128,512,32,32,9.198636895522387
128,512,32,64,9.746266746268656
128,512,32,128,12.260489552238806
128,512,32,256,13.974390447761193
128,512,32,512,17.470655999999998
128,512,32,1024,23.455407761194028
128,512,32,2048,35.13155820895522
128,512,32,4096,58.46520358208956
128,512,32,8192,104.83039522388059
128,512,32,16384,195.86573373134328
128,512,64,16,9.151436417910448
128,512,64,32,10.139918328358208
128,512,64,64,11.132873552238806
128,512,64,128,13.174148776119402
128,512,64,256,16.614788776119404
128,512,64,512,22.69354029850746
128,512,64,1024,34.519737313432834
128,512,64,2048,58.00503402985074
128,512,64,4096,104.17564656716416
128,512,64,8192,195.26454447761193
128,512,64,16384,379.46536119402987
128,512,128,16,10.90591808955224
128,512,128,32,12.895980895522387
128,512,128,64,14.903014208955224
128,512,128,128,18.19388847761194
128,512,128,256,24.330411940298507
128,512,128,512,36.295622686567164
128,512,128,1024,59.406605373134326
128,512,128,2048,105.93207402985074
128,512,128,4096,198.95332298507464
128,512,128,8192,385.7139582089552
128,512,128,16384,757.6789970149254
128,1024,0,0,7.645153432835821
128,1024,1,16,8.890519880597015
128,1024,1,32,9.260701611940299
128,1024,1,64,9.793407044776119
128,1024,1,128,10.987240119402985
128,1024,1,256,11.017329671641791
128,1024,1,512,11.096565492537314
128,1024,1,1024,11.177727044776118
128,1024,1,2048,11.410901014925374
128,1024,1,4096,11.930908656716417
128,1024,1,8192,14.438511761194029
128,1024,1,16384,18.101814447761193
128,1024,2,16,8.862516537313432
128,1024,2,32,9.318473552238805
128,1024,2,64,9.765524059701493
128,1024,2,128,11.021602388059701
128,1024,2,256,11.092212537313433
128,1024,2,512,11.085793432835821
128,1024,2,1024,11.353189253731344
128,1024,2,2048,11.830349373134329
128,1024,2,4096,14.09208071641791
128,1024,2,8192,17.690991761194027
128,1024,2,16384,23.521805373134328
128,1024,4,16,8.948231641791043
128,1024,4,32,9.346216119402985
128,1024,4,64,9.769816835820896
128,1024,4,128,11.08144047761194
128,1024,4,256,11.064269373134328
128,1024,4,512,11.259109253731342
128,1024,4,1024,11.860438925373135
128,1024,4,2048,14.062051343283581
128,1024,4,4096,17.690991761194027
128,1024,4,8192,23.395429253731344
128,1024,4,16384,35.12533970149254
128,1024,8,16,8.971561074626866
128,1024,8,32,9.36974614925373
128,1024,8,64,9.786927761194029
128,1024,8,128,11.139292656716417
128,1024,8,256,11.314935402985075
128,1024,8,512,12.448709731343284
128,1024,8,1024,13.984961910447762
128,1024,8,2048,17.464317134328358
128,1024,8,4096,23.341869850746267
128,1024,8,8192,34.73999283582089
128,1024,8,16384,57.07005134328357
128,1024,16,16,9.02947343283582
128,1024,16,32,9.470124895522387
128,1024,16,64,9.973021611940299
128,1024,16,128,11.434431044776119
128,1024,16,256,12.46363414925373
128,1024,16,512,14.291273552238806
128,1024,16,1024,17.808541611940296
128,1024,16,2048,24.011663283582088
128,1024,16,4096,35.42904358208955
128,1024,16,8192,59.13900895522388
128,1024,16,16384,105.21734686567163
128,1024,32,16,9.19422376119403
128,1024,32,32,9.701333014925373
128,1024,32,64,10.300596537313432
128,1024,32,128,12.810265791044776
128,1024,32,256,14.5157416119403
128,1024,32,512,17.967013253731345
128,1024,32,1024,24.037339701492535
128,1024,32,2048,35.869755223880595
128,1024,32,4096,59.427668059701496
128,1024,32,8192,105.52987701492536
128,1024,32,16384,197.48736
128,1024,64,16,9.741994029850746
128,1024,64,32,10.69428823880597
128,1024,64,64,11.729449074626865
128,1024,64,128,13.794715701492537
128,1024,64,256,17.12831713432836
128,1024,64,512,22.978187462686567
128,1024,64,1024,34.65875104477612
128,1024,64,2048,58.133215522388056
128,1024,64,4096,104.84503880597013
128,1024,64,8192,195.93193074626865
128,1024,64,16384,379.52152835820897
128,1024,128,16,11.361754746268655
128,1024,128,32,13.392398328358208
128,1024,128,64,15.378027940298507
128,1024,128,128,18.807915940298507
128,1024,128,256,24.985160597014925
128,1024,128,512,36.811357611940295
128,1024,128,1024,60.14058985074627
128,1024,128,2048,106.8756823880597
128,1024,128,4096,199.6828943283582
128,1024,128,8192,386.15928358208953
128,1024,128,16384,759.8996059701492
128,2048,0,0,12.620019582089553
128,2048,1,16,13.724045373134327
128,2048,1,32,14.130515104477611
128,2048,1,64,14.6248663880597
128,2048,1,128,15.850915343283582
128,2048,1,256,15.765380776119402
128,2048,1,512,15.790856597014926
128,2048,1,1024,16.028564059701495
128,2048,1,2048,16.330061373134328
128,2048,1,4096,16.862847044776117
128,2048,1,8192,19.109734208955224
128,2048,1,16384,22.787820895522387
128,2048,2,16,13.631971343283581
128,2048,2,32,14.196992955223882
128,2048,2,64,14.550043701492536
128,2048,2,128,15.86997205970149
128,2048,2,256,15.754428179104478
128,2048,2,512,15.790997014925372
128,2048,2,1024,16.186774925373133
128,2048,2,2048,16.7067223880597
128,2048,2,4096,18.923379582089552
128,2048,2,8192,22.43256358208955
128,2048,2,16384,28.447264477611938
128,2048,4,16,13.86305910447761
128,2048,4,32,14.32523462686567
128,2048,4,64,14.796035820895524
128,2048,4,128,15.966459223880598
128,2048,4,256,16.022024597014926
128,2048,4,512,16.34739295522388
128,2048,4,1024,16.73681194029851
128,2048,4,2048,19.01112071641791
128,2048,4,4096,22.567364776119405
128,2048,4,8192,28.33593313432836
128,2048,4,16384,40.20906985074627
128,2048,8,16,13.843801791044777
128,2048,8,32,14.276028179104477
128,2048,8,64,14.708314746268655
128,2048,8,128,16.10974567164179
128,2048,8,256,16.31963032835821
128,2048,8,512,17.190562388059703
128,2048,8,1024,19.066886686567166
128,2048,8,2048,22.52022447761194
128,2048,8,4096,28.269736119402985
128,2048,8,8192,40.2519976119403
128,2048,8,16384,61.58890029850747
128,2048,16,16,13.873831164179105
128,2048,16,32,14.49219152238806
128,2048,16,64,15.010012656716418
128,2048,16,128,16.460650029850747
128,2048,16,256,17.569028776119403
128,2048,16,512,19.374863283582087
128,2048,16,1024,22.806877611940298
128,2048,16,2048,28.973430447761196
128,2048,16,4096,40.62430567164179
128,2048,16,8192,64.3918423880597
128,2048,16,16384,110.32715462686568
128,2048,32,16,13.918684656716419
128,2048,32,32,14.560675343283581
128,2048,32,64,15.204712119402986
128,2048,32,128,17.825993552238806
128,2048,32,256,19.531188537313433
128,2048,32,512,22.96755582089552
128,2048,32,1024,28.922278208955227
128,2048,32,2048,40.52821970149254
128,2048,32,4096,64.08192
128,2048,32,8192,111.19353313432835
128,2048,32,16384,202.7574447761194
128,2048,64,16,14.900807641791046
128,2048,64,32,15.771679522388059
128,2048,64,64,16.847942686567166
128,2048,64,128,18.818667940298507
128,2048,64,256,22.070887164179105
128,2048,64,512,28.05148656716418
128,2048,64,1024,40.324613731343284
128,2048,64,2048,63.56397850746269
128,2048,64,4096,109.59517611940299
128,2048,64,8192,201.2569791044776
128,2048,64,16384,386.7530507462686
128,2048,128,16,16.47784119402985
128,2048,128,32,18.540439880597013
128,2048,128,64,20.33953432835821
128,2048,128,128,23.72280358208955
128,2048,128,256,29.861674029850747
128,2048,128,512,41.68546388059701
128,2048,128,1024,65.28429850746268
128,2048,128,2048,111.90826029850746
128,2048,128,4096,204.94796417910447
128,2048,128,8192,390.19529552238805
128,2048,128,16384,764.0720238805969
128,4096,0,0,17.896322865671642
128,4096,1,16,19.092422686567165
128,4096,1,32,19.50972465671642
128,4096,1,64,19.92062758208955
128,4096,1,128,21.114440597014923
128,4096,1,256,21.10380895522388
128,4096,1,512,21.14673671641791
128,4096,1,1024,21.25987343283582
128,4096,1,2048,21.598280597014924
128,4096,1,4096,22.26566686567164
128,4096,1,8192,24.584969552238803
128,4096,1,16384,28.231221492537312
128,4096,2,16,18.90841504477612
128,4096,2,32,19.342908179104477
128,4096,2,64,19.929112835820895
128,4096,2,128,21.17441910447761
128,4096,2,256,21.08475223880597
128,4096,2,512,21.129485373134326
128,4096,2,1024,21.581029253731344
128,4096,2,2048,22.000277014925373
128,4096,2,4096,24.270634029850747
128,4096,2,8192,27.68981014925373
128,4096,2,16384,33.64673910447761
128,4096,4,16,19.197194507462687
128,4096,4,32,19.443527641791043
128,4096,4,64,20.320678208955222
128,4096,4,128,21.367192835820894
128,4096,4,256,21.60670567164179
128,4096,4,512,21.495374328358206
128,4096,4,1024,22.3918423880597
128,4096,4,2048,24.28347223880597
128,4096,4,4096,27.66413373134328
128,4096,4,8192,33.599598805970146
128,4096,4,16384,45.08979582089552
128,4096,8,16,19.10947343283582
128,4096,8,32,19.7172823880597
128,4096,8,64,20.282364179104476
128,4096,8,128,21.448434626865673
128,4096,8,256,21.68353432835821
128,4096,8,512,22.537275223880595
128,4096,8,1024,24.268427462686564
128,4096,8,2048,27.66413373134328
128,4096,8,4096,33.494887164179104
128,4096,8,8192,44.89722268656717
128,4096,8,16384,67.73418985074628
128,4096,16,16,19.280843462686565
128,4096,16,32,19.661717014925372
128,4096,16,64,20.307639402985075
128,4096,16,128,21.621750447761194
128,4096,16,256,22.71701014925373
128,4096,16,512,24.458794029850747
128,4096,16,1024,27.87596417910448
128,4096,16,2048,33.99978985074627
128,4096,16,4096,46.04403582089552
128,4096,16,8192,68.92814328358209
128,4096,16,16384,115.82170746268656
128,4096,32,16,19.293761910447763
128,4096,32,32,19.982531820895524
128,4096,32,64,20.679947462686567
128,4096,32,128,23.031746865671643
128,4096,32,256,24.84835343283582
128,4096,32,512,28.318882388059702
128,4096,32,1024,34.2031952238806
128,4096,32,2048,45.877139104477614
128,4096,32,4096,68.95402029850747
128,4096,32,8192,115.54347940298508
128,4096,32,16384,207.30096716417913
128,4096,64,16,20.01697432835821
128,4096,64,32,21.116647164179106
128,4096,64,64,22.184425074626866
128,4096,64,128,24.028714029850747
128,4096,64,256,27.354010746268656
128,4096,64,512,33.37292417910447
128,4096,64,1024,45.35719164179104
128,4096,64,2048,68.71851940298507
128,4096,64,4096,114.93165850746269
128,4096,64,8192,205.56981492537312
128,4096,64,16384,389.31467462686567
128,4096,128,16,21.884733134328357
128,4096,128,32,23.690708059701493
128,4096,128,64,25.883835223880595
128,4096,128,128,28.933110447761194
128,4096,128,256,35.16586029850746
128,4096,128,512,47.06487402985074
128,4096,128,1024,70.65909492537314
128,4096,128,2048,117.78815999999999
128,4096,128,4096,210.46037014925375
128,4096,128,8192,397.30044179104476
128,4096,128,16384,770.0498149253731
128,8192,0,0,27.803147462686567
128,8192,1,16,28.892389253731345
128,8192,1,32,29.37161552238806
128,8192,1,64,29.859467462686567
128,8192,1,128,30.944095522388057
128,8192,1,256,31.072678208955224
128,8192,1,512,30.888730746268656
128,8192,1,1024,31.106980298507462
128,8192,1,2048,31.489919999999998
128,8192,1,4096,32.13162985074627
128,8192,1,8192,34.41281910447761
128,8192,1,16384,38.07792716417911
128,8192,2,16,28.80894089552239
128,8192,2,32,29.11485134328358
128,8192,2,64,29.72667223880597
128,8192,2,128,30.98060417910448
128,8192,2,256,30.880105074626865
128,8192,2,512,31.076890746268656
128,8192,2,1024,31.451405373134325
128,8192,2,2048,31.784998208955223
128,8192,2,4096,34.185943880597016
128,8192,2,8192,37.630796417910446
128,8192,2,16384,43.46796895522388
128,8192,4,16,28.958586268656713
128,8192,4,32,29.523467462686565
128,8192,4,64,29.932284179104478
128,8192,4,128,31.038376119402983
128,8192,4,256,31.21149134328358
128,8192,4,512,31.579787462686568
128,8192,4,1024,31.88790447761194
128,8192,4,2048,34.02125373134328
128,8192,4,4096,37.70140656716418
128,8192,4,8192,43.60497671641791
128,8192,4,16384,55.0351952238806
128,8192,8,16,28.988675820895523
128,8192,8,32,29.478533731343283
128,8192,8,64,29.825365970149253
128,8192,8,128,31.157931940298507
128,8192,8,256,31.397845970149252
128,8192,8,512,32.581167761194024
128,8192,8,1024,34.25234149253731
128,8192,8,2048,37.58385671641791
128,8192,8,4096,43.234474029850745
128,8192,8,8192,54.94532776119403
128,8192,8,16384,76.93076059701492
128,8192,16,16,28.810946865671642
128,8192,16,32,29.489365970149255
128,8192,16,64,29.964179104477612
128,8192,16,128,31.5025576119403
128,8192,16,256,32.50193194029851
128,8192,16,512,34.50689910447761
128,8192,16,1024,37.739921194029854
128,8192,16,2048,43.934357014925375
128,8192,16,4096,55.642803582089556
128,8192,16,8192,78.6597062686567
128,8192,16,16384,125.06742447761194
128,8192,32,16,29.227988059701495
128,8192,32,32,29.82957850746269
128,8192,32,64,30.45644417910448
128,8192,32,128,32.81847402985075
128,8192,32,256,34.62906268656716
128,8192,32,512,37.889767164179105
128,8192,32,1024,43.88942328358209
128,8192,32,2048,56.26525611940298
128,8192,32,4096,78.99329910447761
128,8192,32,8192,124.59441671641792
128,8192,32,16384,218.1131462686567
128,8192,64,16,29.932083582089554
128,8192,64,32,30.818120597014925
128,8192,64,64,32.009867462686564
128,8192,64,128,33.90771582089552
128,8192,64,256,37.20713552238806
128,8192,64,512,43.14280119402985
128,8192,64,1024,55.26828895522388
128,8192,64,2048,78.07937910447761
128,8192,64,4096,124.8489743283582
128,8192,64,8192,216.6748656716418
128,8192,64,16384,399.73769552238804
128,8192,128,16,31.806662686567165
128,8192,128,32,33.67241552238806
128,8192,128,64,35.65571820895522
128,8192,128,128,38.87830925373134
128,8192,128,256,44.95499462686567
128,8192,128,512,56.89874149253731
128,8192,128,1024,80.25365014925373
128,8192,128,2048,127.29465313432834
128,8192,128,4096,220.1913313432836
128,8192,128,8192,406.01237014925374
128,8192,128,16384,777.7728
128,16384,0,0,44.73012537313433
128,16384,1,16,45.83240597014925
128,16384,1,32,46.409924776119404
128,16384,1,64,46.75033791044776
128,16384,1,128,48.03175164179104
128,16384,1,256,48.078891940298504
128,16384,1,512,47.99544358208955
128,16384,1,1024,48.275677611940296
128,16384,1,2048,48.61589014925373
128,16384,1,4096,49.00765611940298
128,16384,1,8192,51.45975402985075
128,16384,1,16384,54.91102567164179
128,16384,2,16,45.79810388059701
128,16384,2,32,46.225977313432836
128,16384,2,64,46.70099104477612
128,16384,2,128,48.036164776119406
128,16384,2,256,48.008482388059704
128,16384,2,512,48.021119999999996
128,16384,2,1024,48.333449552238804
128,16384,2,2048,48.868642388059705
128,16384,2,4096,50.99336597014925
128,16384,2,8192,54.5387176119403
128,16384,2,16384,60.30307343283582
128,16384,4,16,46.07813731343284
128,16384,4,32,46.24302805970149
128,16384,4,64,46.86568119402985
128,16384,4,128,48.02974567164179
128,16384,4,256,48.081098507462684
128,16384,4,512,48.50475940298507
128,16384,4,1024,48.97134805970149
128,16384,4,2048,51.070395223880595
128,16384,4,4096,54.54513671641791
128,16384,4,8192,60.24550208955224
128,16384,4,16384,72.23157492537314
128,16384,8,16,45.94794985074627
128,16384,8,32,46.36077850746268
128,16384,8,64,46.98343164179104
128,16384,8,128,48.06384716417911
128,16384,8,256,48.25220776119403
128,16384,8,512,49.39059582089552
128,16384,8,1024,51.121547462686564
128,16384,8,2048,54.53229850746269
128,16384,8,4096,60.04189611940298
128,16384,8,8192,71.89376955223881
128,16384,8,16384,94.04810507462686
128,16384,16,16,45.92006686567164
128,16384,16,32,46.44643343283582
128,16384,16,64,46.97259940298507
128,16384,16,128,48.543474626865674
128,16384,16,256,49.46541850746269
128,16384,16,512,51.31191402985074
128,16384,16,1024,54.78906268656716
128,16384,16,2048,60.626034626865675
128,16384,16,4096,72.73045970149253
128,16384,16,8192,95.37244656716418
128,16384,16,16384,142.2363223880597
128,16384,32,16,46.21735164179104
128,16384,32,32,46.63058149253731
128,16384,32,64,47.50558567164179
128,16384,32,128,49.67724895522388
128,16384,32,256,51.7614519402985
128,16384,32,512,55.0351952238806
128,16384,32,1024,60.90827462686567
128,16384,32,2048,72.95492776119403
128,16384,32,4096,96.06390447761194
128,16384,32,8192,142.64273194029852
128,16384,32,16384,234.0204895522388
128,16384,64,16,46.904195820895524
128,16384,64,32,47.91620776119403
128,16384,64,64,49.16372059701492
128,16384,64,128,51.0039976119403
128,16384,64,256,54.32247402985074
128,16384,64,512,60.03547701492537
128,16384,64,1024,72.03719641791044
128,16384,64,2048,95.30203701492536
128,16384,64,4096,141.9731391044776
128,16384,64,8192,233.579176119403
128,16384,64,16384,417.7613373134329
128,16384,128,16,48.84697791044776
128,16384,128,32,50.757865074626864
128,16384,128,64,52.57427104477612
128,16384,128,128,55.848214925373135
128,16384,128,256,62.05107582089552
128,16384,128,512,74.08469014925373
128,16384,128,1024,97.46948776119403
128,16384,128,2048,143.980112238806
128,16384,128,4096,237.4145910447761
128,16384,128,8192,424.2466388059702
128,16384,128,16384,798.0491462686567
256,0,0,0,8.646533731343283
256,0,1,16,9.951678089552239
256,0,1,32,10.279132656716417
256,0,1,64,10.814044656716417
256,0,1,128,12.057284776119403
256,0,1,256,12.093532656716418
256,0,1,512,12.072189134328358
256,0,1,1024,12.219828537313433
256,0,1,2048,12.423033313432835
256,0,1,4096,12.992327641791043
256,0,1,8192,15.405850746268655
256,0,1,16384,19.085802985074626
256,0,2,16,9.919522388059702
256,0,2,32,10.268300417910448
256,0,2,64,10.826882865671642
256,0,2,128,12.04651271641791
256,0,2,256,12.09995176119403
256,0,2,512,12.052871641791045
256,0,2,1024,12.311641791044776
256,0,2,2048,12.844487641791044
256,0,2,4096,15.00780608955224
256,0,2,8192,18.767194746268657
256,0,2,16384,24.403429253731343
256,0,4,16,9.968728835820896
256,0,4,32,10.345389850746269
256,0,4,64,10.867403462686568
256,0,4,128,12.149218388059701
256,0,4,256,12.097745194029851
256,0,4,512,12.27760047761194
256,0,4,1024,12.801961074626865
256,0,4,2048,14.932903164179105
256,0,4,4096,18.733093253731344
256,0,4,8192,24.512152835820896
256,0,4,16384,35.912682985074625
256,0,8,16,9.938779701492537
256,0,8,32,10.377625791044776
256,0,8,64,10.809571343283581
256,0,8,128,12.112789970149253
256,0,8,256,12.309635820895522
256,0,8,512,13.33027343283582
256,0,8,1024,14.930837014925373
256,0,8,2048,18.519317014925374
256,0,8,4096,24.3390376119403
256,0,8,8192,36.04748417910447
256,0,8,16384,58.28105552238806
256,0,16,16,10.007323701492538
256,0,16,32,10.51870567164179
256,0,16,64,10.98736047761194
256,0,16,128,12.380386388059701
256,0,16,256,13.542103880597015
256,0,16,512,15.17028967164179
256,0,16,1024,18.835798925373133
256,0,16,2048,24.88486208955224
256,0,16,4096,36.61657791044776
256,0,16,8192,59.99274985074627
256,0,16,16384,106.66144477611941
256,0,32,16,10.229785791044776
256,0,32,32,10.74552071641791
256,0,32,64,11.318887164179104
256,0,32,128,13.730404298507462
256,0,32,256,15.521394626865673
256,0,32,512,19.3812823880597
256,0,32,1024,24.927388656716417
256,0,32,2048,36.97604776119403
256,0,32,4096,59.8364847761194
256,0,32,8192,106.53546985074627
256,0,32,16384,197.83419223880597
256,0,64,16,10.71127880597015
256,0,64,32,11.648468059701493
256,0,64,64,12.651994746268656
256,0,64,128,14.66123462686567
256,0,64,256,18.189675940298507
256,0,64,512,24.161509253731342
256,0,64,1024,36.20154268656716
256,0,64,2048,59.63127402985074
256,0,64,4096,105.33730388059702
256,0,64,8192,197.07653731343285
256,0,64,16384,379.72613731343284
256,0,128,16,12.069982567164178
256,0,128,32,14.109191641791044
256,0,128,64,16.195260179104476
256,0,128,128,19.5546583880597
256,0,128,256,25.76628537313433
256,0,128,512,37.32709253731343
256,0,128,1024,61.154808358208946
256,0,128,2048,107.20506268656715
256,0,128,4096,200.40604656716417
256,0,128,8192,387.12415522388056
256,0,128,16384,760.0440358208955
256,16,0,0,8.911863402985073
256,16,1,16,10.197750447761194
256,16,1,32,10.572265074626866
256,16,1,64,11.096425074626865
256,16,1,128,12.305623880597015
256,16,1,256,12.290438686567164
256,16,1,512,12.380185791044777
256,16,1,1024,12.450856119402985
256,16,1,2048,12.714099582089553
256,16,1,4096,13.251178029850747
256,16,1,8192,15.698922985074626
256,16,1,16384,19.41779104477612
256,16,2,16,10.26208191044776
256,16,2,32,10.565845970149253
256,16,2,64,11.107116895522388
256,16,2,128,12.345943880597014
256,16,2,256,12.33531223880597
256,16,2,512,12.375772656716418
256,16,2,1024,12.645575641791044
256,16,2,2048,13.178361313432836
256,16,2,4096,15.390745791044775
256,16,2,8192,18.949056
256,16,2,16384,24.953065074626867
256,16,4,16,10.27243271641791
256,16,4,32,10.604360597014924
256,16,4,64,11.049224597014925
256,16,4,128,12.401509253731342
256,16,4,256,12.337258029850746
256,16,4,512,12.549289074626865
256,16,4,1024,13.118382805970148
256,16,4,2048,15.166137313432836
256,16,4,4096,18.94271713432836
256,16,4,8192,24.69830686567164
256,16,4,16384,36.21859343283582
256,16,8,16,10.191331343283581
256,16,8,32,10.60636656716418
256,16,8,64,11.115622208955223
256,16,8,128,12.373887044776119
256,16,8,256,12.592076417910448
256,16,8,512,13.648961910447762
256,16,8,1024,15.226256238805972
256,16,8,2048,18.99398973134328
256,16,8,4096,24.610645970149253
256,16,8,8192,36.19071044776119
256,16,8,16384,58.554669850746265
256,16,16,16,10.22348704477612
256,16,16,32,10.72606280597015
256,16,16,64,11.286791641791044
256,16,16,128,12.62631832835821
256,16,16,256,13.813852656716417
256,16,16,512,15.592064955223881
256,16,16,1024,19.034650746268657
256,16,16,2048,25.209829253731343
256,16,16,4096,37.03602626865671
256,16,16,8192,60.72232119402985
256,16,16,16384,106.82633552238806
256,16,32,16,10.420413134328358
256,16,32,32,11.010770149253732
256,16,32,64,11.509454328358208
256,16,32,128,14.038641671641791
256,16,32,256,15.776092656716418
256,16,32,512,19.396327164179105
256,16,32,1024,25.385552238805968
256,16,32,2048,37.0935976119403
256,16,32,4096,60.69042626865671
256,16,32,8192,106.15453611940298
256,16,32,16384,197.4424262686567
256,16,64,16,10.925115223880598
256,16,64,32,11.913918089552238
256,16,64,64,12.930222805970148
256,16,64,128,14.990675104477612
256,16,64,256,18.39709325373134
256,16,64,512,24.38617791044776
256,16,64,1024,36.32129910447761
256,16,64,2048,59.804389253731344
256,16,64,4096,106.11822805970148
256,16,64,8192,197.24544
256,16,64,16384,379.5415880597015
256,16,128,16,12.31404895522388
256,16,128,32,14.462182208955221
256,16,128,64,16.34731271641791
256,16,128,128,19.717222208955224
256,16,128,256,25.89025432835821
256,16,128,512,37.76118447761194
256,16,128,1024,60.80155701492537
256,16,128,2048,107.29713671641791
256,16,128,4096,201.1225791044776
256,16,128,8192,386.23751641791046
256,16,128,16384,758.5536
256,32,0,0,9.012482865671641
256,32,1,16,10.225693611940299
256,32,1,32,10.56999832835821
256,32,1,64,11.1842263880597
256,32,1,128,12.363195223880597
256,32,1,256,12.33531223880597
256,32,1,512,12.361189253731343
256,32,1,1024,12.47011343283582
256,32,1,2048,12.72894376119403
256,32,1,4096,13.293905194029849
256,32,1,8192,15.842149253731343
256,32,1,16384,19.355666149253732
256,32,2,16,10.296103164179105
256,32,2,32,10.655713432835821
256,32,2,64,11.070808835820896
256,32,2,128,12.405982567164179
256,32,2,256,12.378039402985076
256,32,2,512,12.416554029850747
256,32,2,1024,12.65612704477612
256,32,2,2048,13.206164059701493
256,32,2,4096,15.339513313432835
256,32,2,8192,19.141829731343282
256,32,2,16384,24.95105910447761
256,32,4,16,10.193477731343282
256,32,4,32,10.666405253731343
256,32,4,64,11.190645492537314
256,32,4,128,12.401709850746268
256,32,4,256,12.384659104477612
256,32,4,512,12.587663283582089
256,32,4,1024,13.109877492537311
256,32,4,2048,15.198172656716418
256,32,4,4096,18.89128405970149
256,32,4,8192,24.82709014925373
256,32,4,16384,36.5718447761194
256,32,8,16,10.2555223880597
256,32,8,32,10.706925850746268
256,32,8,64,11.134939701492538
256,32,8,128,12.47232
256,32,8,256,12.622105791044776
256,32,8,512,13.779610746268656
256,32,8,1024,15.20886447761194
256,32,8,2048,18.84414376119403
256,32,8,4096,24.8355152238806
256,32,8,8192,36.02381373134328
256,32,8,16384,58.43491343283582
256,32,16,16,10.31536047761194
256,32,16,32,10.807625552238806
256,32,16,64,11.22059462686567
256,32,16,128,12.741781970149253
256,32,16,256,13.807293134328358
256,32,16,512,15.61982758208955
256,32,16,1024,19.26373253731343
256,32,16,2048,25.235706268656717
256,32,16,4096,36.939739701492535
256,32,16,8192,59.94801671641791
256,32,16,16384,107.21148179104478
256,32,32,16,10.413853611940297
256,32,32,32,10.965976835820895
256,32,32,64,11.584136597014925
256,32,32,128,14.042653611940299
256,32,32,256,15.803775044776119
256,32,32,512,19.362025074626867
256,32,32,1024,25.49006328358209
256,32,32,2048,37.1473576119403
256,32,32,4096,60.461143880597014
256,32,32,8192,106.60166686567165
256,32,32,16384,197.4338005970149
256,32,64,16,11.004551641791045
256,32,64,32,12.005671164179104
256,32,64,64,12.964324298507462
256,32,64,128,15.007605492537314
256,32,64,256,18.476248835820897
256,32,64,512,24.582762985074627
256,32,64,1024,36.736334328358204
256,32,64,2048,59.28664835820895
256,32,64,4096,106.46686567164178
256,32,64,8192,196.32971462686567
256,32,64,16384,380.5786746268657
256,32,128,16,12.395350925373133
256,32,128,32,14.586271522388058
256,32,128,64,16.358024597014925
256,32,128,128,19.82861373134328
256,32,128,256,25.890454925373135
256,32,128,512,37.669311044776116
256,32,128,1024,61.59090626865672
256,32,128,2048,107.90053253731344
256,32,128,4096,200.89590447761194
256,32,128,8192,386.6467343283582
256,32,128,16384,759.8975999999999
256,64,0,0,8.939666149253732
256,64,1,16,10.236325253731342
256,64,1,32,10.636516298507463
256,64,1,64,11.079173731343284
256,64,1,128,12.348150447761194
256,64,1,256,12.43587152238806
256,64,1,512,12.423113552238807
256,64,1,1024,12.487424955223881
256,64,1,2048,12.752614208955224
256,64,1,4096,13.23833982089552
256,64,1,8192,15.722392835820894
256,64,1,16384,19.443527641791043
256,64,2,16,10.27899223880597
256,64,2,32,10.668491462686568
256,64,2,64,11.149984477611941
256,64,2,128,12.46355391044776
256,64,2,256,12.455128835820895
256,64,2,512,12.474466388059701
256,64,2,1024,12.722604895522387
256,64,2,2048,13.21057719402985
256,64,2,4096,15.371608835820895
256,64,2,8192,19.130937313432835
256,64,2,16384,25.057977313432836
256,64,4,16,10.289684059701491
256,64,4,32,10.623617910447761
256,64,4,64,11.113415641791045
256,64,4,128,12.354629731343284
256,64,4,256,12.457335402985075
256,64,4,512,12.570612537313432
256,64,4,1024,13.129134805970148
256,64,4,2048,15.153299104477611
256,64,4,4096,18.923379582089552
256,64,4,8192,24.976735522388058
256,64,4,16384,36.54155462686567
256,64,8,16,10.257528358208955
256,64,8,32,10.640728835820894
256,64,8,64,11.164969074626866
256,64,8,128,12.450795940298507
256,64,8,256,12.645575641791044
256,64,8,512,13.71748585074627
256,64,8,1024,15.27953480597015
256,64,8,2048,18.910741970149253
256,64,8,4096,24.681456716417912
256,64,8,8192,36.291209552238804
256,64,8,16384,58.70491701492537
256,64,16,16,10.34524943283582
256,64,16,32,10.779943164179103
256,64,16,64,11.333931940298507
256,64,16,128,12.741721791044775
256,64,16,256,13.85228704477612
256,64,16,512,15.598363701492536
256,64,16,1024,19.231637014925372
256,64,16,2048,25.31694805970149
256,64,16,4096,36.90985074626865
256,64,16,8192,60.3329623880597
256,64,16,16384,106.5824095522388
256,64,32,16,10.529477731343283
256,64,32,32,11.066536119402985
256,64,32,64,11.63998280597015
256,64,32,128,14.136934208955223
256,64,32,256,15.904334328358209
256,64,32,512,19.31287880597015
256,64,32,1024,25.167102089552237
256,64,32,2048,37.098010746268656
256,64,32,4096,60.36927044776119
256,64,32,8192,107.2734662686567
256,64,32,16384,200.33523582089552
256,64,64,16,11.006617791044777
256,64,64,32,12.063643701492538
256,64,64,64,13.013671164179105
256,64,64,128,15.067583999999998
256,64,64,256,18.4805416119403
256,64,64,512,24.321986865671644
256,64,64,1024,36.518285373134326
256,64,64,2048,60.04610865671641
256,64,64,4096,106.65101373134328
256,64,64,8192,197.5214614925373
256,64,64,16384,382.5144358208955
256,64,128,16,12.519460298507463
256,64,128,32,14.526373253731343
256,64,128,64,16.42006925373134
256,64,128,128,19.824260776119402
256,64,128,256,26.005798208955223
256,64,128,512,38.10761552238806
256,64,128,1024,61.18449671641791
256,64,128,2048,107.94546626865672
256,64,128,4096,201.078447761194
256,64,128,8192,387.8844179104478
256,64,128,16384,759.5385313432836
256,128,0,0,9.076553552238806
256,128,1,16,10.35828823880597
256,128,1,32,10.751939820895522
256,128,1,64,11.152130865671642
256,128,1,128,12.391018029850745
256,128,1,256,12.43587152238806
256,128,1,512,12.459541970149253
256,128,1,1024,12.560041074626866
256,128,1,2048,12.750487880597014
256,128,1,4096,13.383772656716419
256,128,1,8192,15.852921313432836
256,128,1,16384,19.42206376119403
256,128,2,16,10.330405253731342
256,128,2,32,10.758278686567165
256,128,2,64,11.246411462686567
256,128,2,128,12.425179701492537
256,128,2,256,12.515047164179105
256,128,2,512,12.450856119402985
256,128,2,1024,12.806053253731344
256,128,2,2048,13.334826985074628
256,128,2,4096,15.523400597014923
256,128,2,8192,19.04113002985075
256,128,2,16384,24.912343880597014
256,128,4,16,10.330485492537314
256,128,4,32,10.726183164179105
256,128,4,64,11.244004298507463
256,128,4,128,12.525738985074627
256,128,4,256,12.515047164179105
256,128,4,512,12.73544310447761
256,128,4,1024,13.178361313432836
256,128,4,2048,15.350084776119404
256,128,4,4096,19.05611462686567
256,128,4,8192,24.918963582089553
256,128,4,16384,36.52009074626865
256,128,8,16,10.326072358208956
256,128,8,32,10.715431164179105
256,128,8,64,11.229079880597014
256,128,8,128,12.519259701492537
256,128,8,256,12.70982686567164
256,128,8,512,13.876097910447761
256,128,8,1024,15.34587223880597
256,128,8,2048,18.966247164179105
256,128,8,4096,24.784162388059702
256,128,8,8192,36.42821731343283
256,128,8,16384,58.53761910447761
256,128,16,16,10.384105074626865
256,128,16,32,10.854565253731343
256,128,16,64,11.39364967164179
256,128,16,128,12.863885373134329
256,128,16,256,13.848074507462687
256,128,16,512,15.788930865671642
256,128,16,1024,19.396266985074625
256,128,16,2048,25.30190328358209
256,128,16,4096,37.194297313432834
256,128,16,8192,60.519116417910446
256,128,16,16384,106.90115820895521
256,128,32,16,10.544382089552238
256,128,32,32,11.07289504477612
256,128,32,64,11.61436656716418
256,128,32,128,14.072883582089553
256,128,32,256,15.925798208955223
256,128,32,512,19.44768
256,128,32,1024,25.458168358208955
256,128,32,2048,37.10643582089552
256,128,32,4096,60.60035820895523
256,128,32,8192,107.0211152238806
256,128,32,16384,199.07949850746266
256,128,64,16,11.051431164179105
256,128,64,32,12.114916298507463
256,128,64,64,13.054251940298506
256,128,64,128,15.042027940298507
256,128,64,256,18.576828179104474
256,128,64,512,24.591388656716415
256,128,64,1024,36.421798208955224
256,128,64,2048,59.80659582089552
256,128,64,4096,106.01973492537313
256,128,64,8192,197.0145528358209
256,128,64,16384,380.55861492537315
256,128,128,16,12.482951641791045
256,128,128,32,14.552109850746268
256,128,128,64,16.51208310447761
256,128,128,128,19.830679880597014
256,128,128,256,26.057351641791044
256,128,128,512,38.02456835820895
256,128,128,1024,61.18670328358209
256,128,128,2048,108.0331271641791
256,128,128,4096,201.78254328358207
256,128,128,8192,387.42505074626865
256,128,128,16384,761.1172298507463
256,256,0,0,9.138658388059701
256,256,1,16,10.39473671641791
256,256,1,32,10.811838089552237
256,256,1,64,11.265387940298508
256,256,1,128,12.487103999999999
256,256,1,256,12.577031641791045
256,256,1,512,12.551355223880597
256,256,1,1024,12.64356967164179
256,256,1,2048,12.915097791044778
256,256,1,4096,13.407362865671642
256,256,1,8192,15.914965970149252
256,256,1,16384,19.591046686567164
256,256,2,16,10.353955343283582
256,256,2,32,10.762691820895522
256,256,2,64,11.316680597014924
256,256,2,128,12.493723701492536
256,256,2,256,12.551415402985075
256,256,2,512,12.551415402985075
256,256,2,1024,12.831789850746269
256,256,2,2048,13.345318208955225
256,256,2,4096,15.660408358208956
256,256,2,8192,19.413438089552237
256,256,2,16384,24.970316417910446
256,256,4,16,10.39038376119403
256,256,4,32,10.794727164179104
256,256,4,64,11.306109134328358
256,256,4,128,12.596349134328358
256,256,4,256,12.613480119402984
256,256,4,512,12.77622447761194
256,256,4,1024,13.353943880597015
256,256,4,2048,15.442158805970148
256,256,4,4096,19.045623402985072
256,256,4,8192,24.968109850746266
256,256,4,16384,36.259314626865674
256,256,8,16,10.398949253731343
256,256,8,32,10.85035271641791
256,256,8,64,11.336138507462687
256,256,8,128,12.63265719402985
256,256,8,256,12.76974519402985
256,256,8,512,13.950860417910448
256,256,8,1024,15.457203582089551
256,256,8,2048,19.180284179104476
256,256,8,4096,24.86961671641791
256,256,8,8192,36.364026268656716
256,256,8,16384,58.5185623880597
256,256,16,16,10.512226388059702
256,256,16,32,10.98736047761194
256,256,16,64,11.515873432835821
256,256,16,128,12.940974805970148
256,256,16,256,13.993707940298508
256,256,16,512,15.730958328358208
256,256,16,1024,19.451892537313434
256,256,16,2048,25.31052895522388
256,256,16,4096,37.28617074626866
256,256,16,8192,61.00917492537313
256,256,16,16384,107.75068656716417
256,256,32,16,10.696294208955223
256,256,32,32,11.188358686567165
256,256,32,64,11.883908776119403
256,256,32,128,14.18616071641791
256,256,32,256,16.09891343283582
256,256,32,512,19.69776429850746
256,256,32,1024,25.62486447761194
256,256,32,2048,37.39750208955224
256,256,32,4096,60.84007164179105
256,256,32,8192,106.75813253731343
256,256,32,16384,199.03436417910447
256,256,64,16,11.177666865671641
256,256,64,32,12.217621970149255
256,256,64,64,13.218942089552238
256,256,64,128,15.07841623880597
256,256,64,256,18.52539510447761
256,256,64,512,24.610645970149253
256,256,64,1024,36.63382925373134
256,256,64,2048,60.003381492537315
256,256,64,4096,105.88894567164179
256,256,64,8192,197.33109492537315
256,256,64,16384,381.032023880597
256,256,128,16,12.59201623880597
256,256,128,32,14.633411820895521
256,256,128,64,16.63831880597015
256,256,128,128,20.098216119402984
256,256,128,256,26.168281791044777
256,256,128,512,38.15074388059701
256,256,128,1024,61.55038567164179
256,256,128,2048,108.15729671641792
256,256,128,4096,201.1526686567164
256,256,128,8192,387.03589253731343
256,256,128,16384,757.0511283582089
256,512,0,0,13.06929671641791
256,512,1,16,14.455763104477612
256,512,1,32,14.798182208955225
256,512,1,64,15.343725850746269
256,512,1,128,16.50993671641791
256,512,1,256,16.556936597014925
256,512,1,512,16.546304955223878
256,512,1,1024,16.67683343283582
256,512,1,2048,16.978330746268654
256,512,1,4096,17.421108537313433
256,512,1,8192,19.967426865671644
256,512,1,16384,23.393222686567164
256,512,2,16,14.31660895522388
256,512,2,32,14.890055641791045
256,512,2,64,15.253597611940297
256,512,2,128,16.578340298507463
256,512,2,256,16.422075223880597
256,512,2,512,16.526987462686566
256,512,2,1024,16.822326447761192
256,512,2,2048,17.357318686567165
256,512,2,4096,19.54817910447761
256,512,2,8192,23.23294567164179
256,512,2,16384,29.23882029850746
256,512,4,16,14.348764656716417
256,512,4,32,14.808874029850745
256,512,4,64,15.270989373134329
256,512,4,128,16.449817791044776
256,512,4,256,16.477781014925373
256,512,4,512,16.691737791044776
256,512,4,1024,17.36141086567164
256,512,4,2048,19.511931223880598
256,512,4,4096,23.10456358208955
256,512,4,8192,28.96500537313433
256,512,4,16384,40.16634268656716
256,512,8,16,14.402203701492537
256,512,8,32,14.875211462686568
256,512,8,64,15.24743928358209
256,512,8,128,16.505664
256,512,8,256,16.60842985074627
256,512,8,512,17.969079402985074
256,512,8,1024,19.546233313432833
256,512,8,2048,22.85802985074627
256,512,8,4096,28.79810865671642
256,512,8,8192,40.02732895522388
256,512,8,16384,62.58165492537313
256,512,16,16,14.344491940298507
256,512,16,32,15.039821373134329
256,512,16,64,15.439952238805969
256,512,16,128,16.83075152238806
256,512,16,256,17.851389134328357
256,512,16,512,19.869194507462684
256,512,16,1024,23.356714029850746
256,512,16,2048,29.31605014925373
256,512,16,4096,41.19339940298508
256,512,16,8192,64.16296119402985
256,512,16,16384,110.45754268656717
256,512,32,16,14.703961791044776
256,512,32,32,15.223849074626866
256,512,32,64,15.752482388059702
256,512,32,128,18.332902208955222
256,512,32,256,20.065920000000002
256,512,32,512,23.31619343283582
256,512,32,1024,29.33310089552239
256,512,32,2048,41.16130388059701
256,512,32,4096,64.52022447761195
256,512,32,8192,111.34117253731343
256,512,32,16384,202.96205373134327
256,512,64,16,15.202505552238804
256,512,64,32,16.19124823880597
256,512,64,64,17.280088835820894
256,512,64,128,19.165239402985073
256,512,64,256,22.573783880597016
256,512,64,512,28.644050149253733
256,512,64,1024,40.082693731343284
256,512,64,2048,63.58744835820895
256,512,64,4096,110.51511402985075
256,512,64,8192,201.95706268656716
256,512,64,16384,384.9777671641791
256,512,128,16,16.664055402985074
256,512,128,32,18.675180895522388
256,512,128,64,20.607531940298507
256,512,128,128,23.92179582089552
256,512,128,256,29.99848119402985
256,512,128,512,41.92297074626866
256,512,128,1024,65.43815641791045
256,512,128,2048,111.86332656716418
256,512,128,4096,205.49960597014925
256,512,128,8192,390.9094208955224
256,512,128,16384,761.5625552238806
256,1024,0,0,16.77953910447761
256,1024,1,16,17.990543283582088
256,1024,1,32,18.33952191044776
256,1024,1,64,18.69885134328358
256,1024,1,128,19.9847383880597
256,1024,1,256,20.219978507462688
256,1024,1,512,20.12389253731343
256,1024,1,1024,20.30563343283582
256,1024,1,2048,20.6588847761194
256,1024,1,4096,21.227978507462687
256,1024,1,8192,23.500140895522385
256,1024,1,16384,27.105872238805972
256,1024,2,16,17.85568191044776
256,1024,2,32,18.262151641791046
256,1024,2,64,18.792730746268656
256,1024,2,128,20.08317134328358
256,1024,2,256,19.911921671641792
256,1024,2,512,20.094003582089552
256,1024,2,1024,20.465910447761196
256,1024,2,2048,21.009528358208954
256,1024,2,4096,23.110782089552238
256,1024,2,8192,26.84670089552239
256,1024,2,16384,32.41627701492537
256,1024,4,16,17.896202507462686
256,1024,4,32,18.478395223880597
256,1024,4,64,18.9361576119403
256,1024,4,128,20.05314197014925
256,1024,4,256,20.04245014925373
256,1024,4,512,20.359192835820895
256,1024,4,1024,21.003109253731342
256,1024,4,2048,23.11940776119403
256,1024,4,4096,26.615613134328356
256,1024,4,8192,32.47625552238806
256,1024,4,16384,43.955820895522386
256,1024,8,16,18.04825504477612
256,1024,8,32,18.431254925373135
256,1024,8,64,18.87852608955224
256,1024,8,128,20.27574447761194
256,1024,8,256,20.45748537313433
256,1024,8,512,21.35214805970149
256,1024,8,1024,23.24778985074627
256,1024,8,2048,26.54700895522388
256,1024,8,4096,32.46141134328359
256,1024,8,8192,43.91068656716418
256,1024,8,16384,66.04616597014925
256,1024,16,16,18.135915940298506
256,1024,16,32,18.519256835820894
256,1024,16,64,19.060327164179103
256,1024,16,128,20.754970746268654
256,1024,16,256,21.52947582089552
256,1024,16,512,23.4401623880597
256,1024,16,1024,26.840281791044774
256,1024,16,2048,32.94485014925373
256,1024,16,4096,44.52250746268656
256,1024,16,8192,67.96949014925373
256,1024,16,16384,114.07129791044775
256,1024,32,16,18.358578626865672
256,1024,32,32,19.051761671641792
256,1024,32,64,19.661576597014925
256,1024,32,128,21.96617552238806
256,1024,32,256,23.804045373134326
256,1024,32,512,27.19112597014925
256,1024,32,1024,33.047555820895525
256,1024,32,2048,45.10062805970149
256,1024,32,4096,68.23487999999999
256,1024,32,8192,114.24902686567162
256,1024,32,16384,206.21373134328357
256,1024,64,16,18.88494519402985
256,1024,64,32,19.899163701492537
256,1024,64,64,20.924074029850747
256,1024,64,128,22.877688358208957
256,1024,64,256,25.988747462686565
256,1024,64,512,32.1468752238806
256,1024,64,1024,44.09503522388059
256,1024,64,2048,67.248343880597
256,1024,64,4096,113.98564298507462
256,1024,64,8192,205.24284179104475
256,1024,64,16384,388.2795940298507
256,1024,128,16,20.10443462686567
256,1024,128,32,22.056042985074626
256,1024,128,64,24.069435223880596
256,1024,128,128,27.400950447761193
256,1024,128,256,33.5889671641791
256,1024,128,512,45.43000835820895
256,1024,128,1024,68.43387223880598
256,1024,128,2048,115.28892179104479
256,1024,128,4096,208.45640597014926
256,1024,128,8192,393.8341253731343
256,1024,128,16384,767.2013373134329
256,2048,0,0,19.332196298507462
256,2048,1,16,20.33993552238806
256,2048,1,32,20.900403582089552
256,2048,1,64,21.23219104477612
256,2048,1,128,22.509592835820893
256,2048,1,256,22.541688358208955
256,2048,1,512,22.52664358208955
256,2048,1,1024,22.69153432835821
256,2048,1,2048,23.05942925373134
256,2048,1,4096,23.58358925373134
256,2048,1,8192,26.05273791044776
256,2048,1,16384,29.373822089552235
256,2048,2,16,20.41054567164179
256,2048,2,32,20.695192835820897
256,2048,2,64,21.12727880597015
256,2048,2,128,22.460245970149252
256,2048,2,256,22.52243104477612
256,2048,2,512,22.597253731343283
256,2048,2,1024,22.888119402985073
256,2048,2,2048,23.48529671641791
256,2048,2,4096,25.558667462686564
256,2048,2,8192,29.11685731343284
256,2048,2,16384,35.037678805970145
256,2048,4,16,20.279957014925373
256,2048,4,32,20.73792
256,2048,4,64,21.22777791044776
256,2048,4,128,22.379004179104477
256,2048,4,256,22.67849552238806
256,2048,4,512,22.873275223880597
256,2048,4,1024,23.28409791044776
256,2048,4,2048,25.4688
256,2048,4,4096,28.860293731343287
256,2048,4,8192,34.70348417910448
256,2048,4,16384,46.27733014925373
256,2048,8,16,20.376243582089554
256,2048,8,32,20.87051462686567
256,2048,8,64,21.276924179104476
256,2048,8,128,22.665657313432835
256,2048,8,256,23.0100823880597
256,2048,8,512,23.91317014925373
256,2048,8,1024,25.66558567164179
256,2048,8,2048,29.008133731343285
256,2048,8,4096,34.96907462686567
256,2048,8,8192,46.645225074626865
256,2048,8,16384,68.44650985074627
256,2048,16,16,20.485368358208955
256,2048,16,32,21.13369791044776
256,2048,16,64,21.46327880597015
256,2048,16,128,22.95251104477612
256,2048,16,256,23.934634029850745
256,2048,16,512,25.97590925373134
256,2048,16,1024,29.332900298507464
256,2048,16,2048,35.39895402985074
256,2048,16,4096,47.23598328358209
256,2048,16,8192,70.10263880597016
256,2048,16,16384,116.60905074626864
256,2048,32,16,20.757177313432837
256,2048,32,32,21.315639402985074
256,2048,32,64,21.97480119402985
256,2048,32,128,24.634316417910448
256,2048,32,256,26.18974567164179
256,2048,32,512,29.583445970149253
256,2048,32,1024,35.34760119402985
256,2048,32,2048,47.434774925373134
256,2048,32,4096,70.30825074626866
256,2048,32,8192,116.77374089552238
256,2048,32,16384,209.4333134328358
256,2048,64,16,21.311226268656718
256,2048,64,32,22.36416
256,2048,64,64,23.344076417910447
256,2048,64,128,25.46238089552239
256,2048,64,256,28.50282985074627
256,2048,64,512,34.686634029850744
256,2048,64,1024,46.7585623880597
256,2048,64,2048,69.99993313432836
256,2048,64,4096,115.90515582089553
256,2048,64,8192,207.6520119402985
256,2048,64,16384,389.86230447761193
256,2048,128,16,22.50538029850746
256,2048,128,32,24.527398208955223
256,2048,128,64,26.45934805970149
256,2048,128,128,29.808114626865674
256,2048,128,256,35.84207283582089
256,2048,128,512,47.87989970149254
256,2048,128,1024,71.2731223880597
256,2048,128,2048,117.49067462686568
256,2048,128,4096,210.71914029850745
256,2048,128,8192,395.9604537313433
256,2048,128,16384,766.8302328358209
256,4096,0,0,28.845048358208953
256,4096,1,16,30.13990208955224
256,4096,1,32,30.51622208955224
256,4096,1,64,30.95272119402985
256,4096,1,128,32.176764179104474
256,4096,1,256,32.12942328358209
256,4096,1,512,32.23874865671642
256,4096,1,1024,32.34787343283582
256,4096,1,2048,32.63011343283582
256,4096,1,4096,33.23370985074627
256,4096,1,8192,35.610784477611936
256,4096,1,16384,39.23557253731343
256,4096,2,16,29.902194626865672
256,4096,2,32,30.325654925373133
256,4096,2,64,30.854428656716415
256,4096,2,128,32.15108776119403
256,4096,2,256,32.076064477611936
256,4096,2,512,32.054600597014925
256,4096,2,1024,32.52760835820895
256,4096,2,2048,33.00041552238806
256,4096,2,4096,35.227844776119404
256,4096,2,8192,38.916623283582084
256,4096,2,16384,44.53975880597015
256,4096,4,16,29.981430447761195
256,4096,4,32,30.334280597014924
256,4096,4,64,30.839383880597016
256,4096,4,128,32.14667462686567
256,4096,4,256,32.14868059701492
256,4096,4,512,32.49330626865672
256,4096,4,1024,33.02388537313433
256,4096,4,2048,35.08662447761194
256,4096,4,4096,38.5467223880597
256,4096,4,8192,44.27878208955224
256,4096,4,16384,56.081308656716416
256,4096,8,16,30.034789253731343
256,4096,8,32,30.50137791044776
256,4096,8,64,31.038576716417907
256,4096,8,128,32.31156537313433
256,4096,8,256,32.572542089552236
256,4096,8,512,33.661382686567165
256,4096,8,1024,35.33496358208955
256,4096,8,2048,38.72625671641791
256,4096,8,4096,44.56764179104478
256,4096,8,8192,55.80087402985074
256,4096,8,16384,78.31929313432835
256,4096,16,16,30.114025074626866
256,4096,16,32,30.533272835820892
256,4096,16,64,31.11741134328358
256,4096,16,128,32.7011247761194
256,4096,16,256,33.732394029850745
256,4096,16,512,35.48681552238806
256,4096,16,1024,38.749927164179105
256,4096,16,2048,44.95499462686567
256,4096,16,4096,56.69112358208955
256,4096,16,8192,79.71203820895522
256,4096,16,16384,126.98412895522387
256,4096,32,16,30.488539701492538
256,4096,32,32,31.074884776119404
256,4096,32,64,31.633146268656713
256,4096,32,128,33.86699462686567
256,4096,32,256,35.81639641791045
256,4096,32,512,39.19926447761194
256,4096,32,1024,45.13252298507463
256,4096,32,2048,56.866445373134326
256,4096,32,4096,79.98826029850746
256,4096,32,8192,125.88886925373134
256,4096,32,16384,218.5344
256,4096,64,16,31.02333134328358
256,4096,64,32,31.93283820895522
256,4096,64,64,33.03893014925373
256,4096,64,128,34.932565970149255
256,4096,64,256,38.1870519402985
256,4096,64,512,44.094834626865676
256,4096,64,1024,56.31460298507463
256,4096,64,2048,79.66068537313433
256,4096,64,4096,125.87382447761193
256,4096,64,8192,218.01886567164178
256,4096,64,16384,400.7045731343283
256,4096,128,16,32.084890746268655
256,4096,128,32,34.08524417910448
256,4096,128,64,36.12010029850746
256,4096,128,128,39.374786865671645
256,4096,128,256,45.4430471641791
256,4096,128,512,57.40163820895522
256,4096,128,1024,81.19725850746269
256,4096,128,2048,127.13196895522388
256,4096,128,4096,220.72893134328356
256,4096,128,8192,406.69640597014927
256,4096,128,16384,778.4568358208954
256,8192,0,0,45.07896358208955
256,8192,1,16,46.58925850746268
256,8192,1,32,46.95113552238806
256,8192,1,64,47.139496119402985
256,8192,1,128,48.41910447761194
256,8192,1,256,48.50696597014925
256,8192,1,512,48.59863880597015
256,8192,1,1024,48.56674388059701
256,8192,1,2048,49.07605970149254
256,8192,1,4096,49.71114985074627
256,8192,1,8192,52.08020059701492
256,8192,1,16384,55.426559999999995
256,8192,2,16,46.24924656716418
256,8192,2,32,46.720248358208956
256,8192,2,64,47.2036871641791
256,8192,2,128,48.46825074626866
256,8192,2,256,48.48770865671642
256,8192,2,512,48.53886089552239
256,8192,2,1024,49.024506268656715
256,8192,2,2048,49.36933253731343
256,8192,2,4096,51.39114985074626
256,8192,2,8192,55.10781134328358
256,8192,2,16384,60.95561552238805
256,8192,4,16,46.42918208955224
256,8192,4,32,46.77802029850746
256,8192,4,64,47.233776716417914
256,8192,4,128,48.48108895522388
256,8192,4,256,48.45340656716418
256,8192,4,512,48.857609552238806
256,8192,4,1024,49.21948656716418
256,8192,4,2048,51.459352835820894
256,8192,4,4096,54.942920597014925
256,8192,4,8192,60.70948298507463
256,8192,4,16384,72.19968
256,8192,8,16,46.37562268656716
256,8192,8,32,47.02194626865671
256,8192,8,64,47.40067343283582
256,8192,8,128,48.68449432835821
256,8192,8,256,48.96472835820895
256,8192,8,512,49.78637373134328
256,8192,8,1024,51.69264716417911
256,8192,8,2048,54.87451701492537
256,8192,8,4096,60.686013134328356
256,8192,8,8192,72.1760095522388
256,8192,8,16384,94.49964895522388
256,8192,16,16,46.66026985074627
256,8192,16,32,46.97259940298507
256,8192,16,64,47.74309253731343
256,8192,16,128,49.02691343283582
256,8192,16,256,50.10732895522388
256,8192,16,512,51.76345791044776
256,8192,16,1024,55.31302208955224
256,8192,16,2048,61.135149850746274
256,8192,16,4096,73.17979701492537
256,8192,16,8192,96.09780537313434
256,8192,16,16384,142.74944955223881
256,8192,32,16,46.84221134328358
256,8192,32,32,47.507591641791045
256,8192,32,64,48.08531104477612
256,8192,32,128,50.50310686567164
256,8192,32,256,52.11209552238806
256,8192,32,512,55.644809552238804
256,8192,32,1024,61.68739343283582
256,8192,32,2048,73.26083820895522
256,8192,32,4096,97.00951880597015
256,8192,32,8192,142.805416119403
256,8192,32,16384,234.57213134328356
256,8192,64,16,47.45603820895523
256,8192,64,32,48.27387223880597
256,8192,64,64,49.45879880597015
256,8192,64,128,51.55363343283582
256,8192,64,256,54.59207641791045
256,8192,64,512,60.63445970149253
256,8192,64,1024,72.39245373134328
256,8192,64,2048,95.73412298507462
256,8192,64,4096,142.16551164179103
256,8192,64,8192,232.8931343283582
256,8192,64,16384,417.29595223880597
256,8192,128,16,48.40165253731343
256,8192,128,32,50.39398208955224
256,8192,128,64,52.454514626865674
256,8192,128,128,55.64701611940298
256,8192,128,256,61.837038805970145
256,8192,128,512,74.17877014925374
256,8192,128,1024,97.82675104477612
256,8192,128,2048,143.57952
256,8192,128,4096,238.09461492537315
256,8192,128,8192,424.47933134328355
256,8192,128,16384,792.8436537313432
256,16384,0,0,77.73515462686566
256,16384,1,16,79.11726805970149
256,16384,1,32,79.41254686567163
256,16384,1,64,80.23399164179104
256,16384,1,128,81.56074029850745
256,16384,1,256,81.49213611940299
256,16384,1,512,81.44519641791045
256,16384,1,1024,81.42814567164179
256,16384,1,2048,81.85601910447761
256,16384,1,4096,82.52360597014925
256,16384,1,8192,84.76828656716417
256,16384,1,16384,88.42075701492537
256,16384,2,16,78.81978268656717
256,16384,2,32,79.46791164179103
256,16384,2,64,79.97321552238806
256,16384,2,128,81.01511641791045
256,16384,2,256,81.1800071641791
256,16384,2,512,81.29334447761194
256,16384,2,1024,81.65482029850746
256,16384,2,2048,82.05902328358209
256,16384,2,4096,84.33800597014925
256,16384,2,8192,87.64805731343283
256,16384,2,16384,93.57930985074627
256,16384,4,16,78.95658985074627
256,16384,4,32,79.48295641791046
256,16384,4,64,79.83620776119403
256,16384,4,128,81.00869731343283
256,16384,4,256,81.11561552238805
256,16384,4,512,81.38742447761194
256,16384,4,1024,81.80887880597015
256,16384,4,2048,83.91013253731343
256,16384,4,4096,87.57323462686567
256,16384,4,8192,93.32695880597014
256,16384,4,16384,104.91986149253731
256,16384,8,16,79.03161313432837
256,16384,8,32,79.56219223880596
256,16384,8,64,79.91965611940299
256,16384,8,128,81.28692537313434
256,16384,8,256,81.58862328358208
256,16384,8,512,82.33323940298507
256,16384,8,1024,84.24613253731343
256,16384,8,2048,87.58807880597014
256,16384,8,4096,93.40619462686567
256,16384,8,8192,104.54334089552238
256,16384,8,16384,127.08703522388059
256,16384,16,16,79.11726805970149
256,16384,16,32,79.47693850746269
256,16384,16,64,80.12306149253732
256,16384,16,128,81.68691582089552
256,16384,16,256,82.73563701492537
256,16384,16,512,84.29507820895522
256,16384,16,1024,87.92628537313432
256,16384,16,2048,93.97107582089552
256,16384,16,4096,105.74772537313432
256,16384,16,8192,129.22660298507463
256,16384,16,16384,174.9839856716418
256,16384,32,16,79.28637134328358
256,16384,32,32,80.01152955223881
256,16384,32,64,80.76677731343284
256,16384,32,128,82.98999402985073
256,16384,32,256,84.74240955223881
256,16384,32,512,87.8857647761194
256,16384,32,1024,93.98792597014925
256,16384,32,2048,106.33407044776118
256,16384,32,4096,129.54755820895522
256,16384,32,8192,175.06542805970147
256,16384,32,16384,268.3306029850746
256,16384,64,16,79.81895641791044
256,16384,64,32,80.96376358208954
256,16384,64,64,82.10857074626865
256,16384,64,128,83.92517731343284
256,16384,64,256,87.1624119402985
256,16384,64,512,92.95465074626865
256,16384,64,1024,105.22557134328358
256,16384,64,2048,128.39211940298506
256,16384,64,4096,174.14107701492537
256,16384,64,8192,265.54230447761194
256,16384,64,16384,449.5479402985075
256,16384,128,16,81.11982805970149
256,16384,128,32,83.03071522388059
256,16384,128,64,85.11692417910447
256,16384,128,128,88.2857552238806
256,16384,128,256,94.29604298507462
256,16384,128,512,106.34710925373135
256,16384,128,1024,130.01414686567162
256,16384,128,2048,176.19960358208954
256,16384,128,4096,269.96346268656714
256,16384,128,8192,455.7463880597014
256,16384,128,16384,828.8929432835821
512,0,0,0,16.394252417910447
512,0,1,16,17.917866985074625
512,0,1,32,18.21735832835821
512,0,1,64,18.632313313432835
512,0,1,128,19.802937313432835
512,0,1,256,19.879906388059702
512,0,1,512,19.933385552238807
512,0,1,1024,20.016633313432838
512,0,1,2048,20.33130985074627
512,0,1,4096,21.039617910447763
512,0,1,8192,23.301148656716418
512,0,1,16384,26.878796417910447
512,0,2,16,17.862161194029852
512,0,2,32,18.249453850746267
512,0,2,64,18.78637182089552
512,0,2,128,19.946103402985074
512,0,2,256,19.963274507462685
512,0,2,512,20.033764298507464
512,0,2,1024,20.27574447761194
512,0,2,2048,20.79990447761194
512,0,2,4096,23.132245970149253
512,0,2,8192,26.51912597014925
512,0,2,16384,32.399426865671636
512,0,4,16,17.746617313432836
512,0,4,32,18.34766614925373
512,0,4,64,18.700857313432834
512,0,4,128,19.9420112238806
512,0,4,256,20.046923462686568
512,0,4,512,20.24585552238806
512,0,4,1024,20.836413134328357
512,0,4,2048,22.926834626865674
512,0,4,4096,26.401576119402986
512,0,4,8192,32.381974925373136
512,0,4,16384,43.83145074626866
512,0,8,16,17.714521791044774
512,0,8,32,18.236736
512,0,8,64,18.6944983880597
512,0,8,128,20.01677373134328
512,0,8,256,20.33130985074627
512,0,8,512,21.159173731343284
512,0,8,1024,22.939672835820893
512,0,8,2048,26.215622686567162
512,0,8,4096,32.21287164179105
512,0,8,8192,43.61540776119403
512,0,8,16384,66.20844895522389
512,0,16,16,17.872933253731343
512,0,16,32,18.302872835820896
512,0,16,64,18.910681791044777
512,0,16,128,20.4279976119403
512,0,16,256,21.407512835820892
512,0,16,512,23.232745074626866
512,0,16,1024,26.525745671641793
512,0,16,2048,32.80583641791045
512,0,16,4096,44.661721791044776
512,0,16,8192,67.22908656716417
512,0,16,16384,114.49495880597014
512,0,32,16,17.900675820895522
512,0,32,32,18.606777313432836
512,0,32,64,19.20997253731343
512,0,32,128,21.66427701492537
512,0,32,256,23.433943880597013
512,0,32,512,26.82744358208955
512,0,32,1024,32.74365134328358
512,0,32,2048,44.97625791044776
512,0,32,4096,67.84532059701492
512,0,32,8192,114.45203104477612
512,0,32,16384,206.98602985074623
512,0,64,16,18.748138029850743
512,0,64,32,19.665989731343284
512,0,64,64,20.669516417910447
512,0,64,128,22.82412895522388
512,0,64,256,25.954445373134327
512,0,64,512,31.778579104477608
512,0,64,1024,44.09262805970149
512,0,64,2048,67.06218985074626
512,0,64,4096,113.92165253731343
512,0,64,8192,204.60694925373133
512,0,64,16384,387.11813731343284
512,0,128,16,19.997717014925374
512,0,128,32,22.077306268656717
512,0,128,64,23.97094208955224
512,0,128,128,27.327933134328358
512,0,128,256,33.25717970149253
512,0,128,512,45.19029492537313
512,0,128,1024,68.66475940298508
512,0,128,2048,115.4536119402985
512,0,128,4096,209.252776119403
512,0,128,8192,396.1550328358209
512,0,128,16384,767.5082507462686
512,16,0,0,17.49191928358209
512,16,1,16,18.90406208955224
512,16,1,32,19.415724895522388
512,16,1,64,19.700031044776118
512,16,1,128,20.84684417910448
512,16,1,256,21.101602388059703
512,16,1,512,20.93911880597015
512,16,1,1024,21.146536119402985
512,16,1,2048,21.36699223880597
512,16,1,4096,21.97038805970149
512,16,1,8192,24.379758805970148
512,16,1,16384,28.021597611940297
512,16,2,16,18.876580298507463
512,16,2,32,19.27857671641791
512,16,2,64,19.755797014925374
512,16,2,128,21.125272835820894
512,16,2,256,21.135904477611938
512,16,2,512,21.146536119402985
512,16,2,1024,21.37561791044776
512,16,2,2048,21.959756417910445
512,16,2,4096,23.95830447761194
512,16,2,8192,27.704854925373134
512,16,2,16384,33.58876656716418
512,16,4,16,19.045482985074628
512,16,4,32,19.372716895522387
512,16,4,64,19.899163701492537
512,16,4,128,21.088764179104476
512,16,4,256,21.097389850746268
512,16,4,512,21.3838423880597
512,16,4,1024,21.985432835820895
512,16,4,2048,24.07144119402985
512,16,4,4096,27.57406567164179
512,16,4,8192,33.417857910447765
512,16,4,16384,45.11747820895522
512,16,8,16,18.891364298507465
512,16,8,32,19.325656835820894
512,16,8,64,19.87340704477612
512,16,8,128,21.24302328358209
512,16,8,256,21.264085970149253
512,16,8,512,22.34690865671642
512,16,8,1024,23.999025671641792
512,16,8,2048,27.475773134328357
512,16,8,4096,33.09469611940298
512,16,8,8192,44.69823044776119
512,16,8,16384,66.76490507462687
512,16,16,16,18.95982805970149
512,16,16,32,19.66799570149254
512,16,16,64,20.00828847761194
512,16,16,128,21.68353432835821
512,16,16,256,22.554526567164178
512,16,16,512,24.34545671641791
512,16,16,1024,27.9828823880597
512,16,16,2048,33.71313671641791
512,16,16,4096,45.51987582089552
512,16,16,8192,68.74620179104478
512,16,16,16384,115.081303880597
512,16,32,16,19.01539343283582
512,16,32,32,19.625067940298507
512,16,32,64,20.24585552238806
512,16,32,128,22.9673552238806
512,16,32,256,24.51877253731343
512,16,32,512,27.940155223880595
512,16,32,1024,33.93118567164179
512,16,32,2048,45.83842388059701
512,16,32,4096,69.1313480597015
512,16,32,8192,114.71962746268656
512,16,32,16384,207.8205134328358
512,16,64,16,19.740752238805968
512,16,64,32,20.725081791044776
512,16,64,64,21.97660656716418
512,16,64,128,23.908957611940295
512,16,64,256,27.148398805970146
512,16,64,512,33.032511044776115
512,16,64,1024,44.702442985074626
512,16,64,2048,68.81039283582089
512,16,64,4096,116.18097671641792
512,16,64,8192,205.65607164179104
512,16,64,16384,388.1211223880597
512,16,128,16,21.324265074626865
512,16,128,32,23.275271641791043
512,16,128,64,25.113342089552237
512,16,128,128,28.562808358208958
512,16,128,256,34.58392835820896
512,16,128,512,46.465690746268656
512,16,128,1024,69.86332656716418
512,16,128,2048,116.17877014925372
512,16,128,4096,209.09229850746266
512,16,128,8192,395.75383880597013
512,16,128,16384,765.566471641791
512,32,0,0,17.506903880597015
512,32,1,16,18.947050029850747
512,32,1,32,19.460518208955225
512,32,1,64,19.835032835820893
512,32,1,128,20.94995104477612
512,32,1,256,21.03741134328358
512,32,1,512,21.04824358208955
512,32,1,1024,21.097389850746268
512,32,1,2048,21.52526328358209
512,32,1,4096,22.18643104477612
512,32,1,8192,24.57654447761194
512,32,1,16384,28.185886567164175
512,32,2,16,18.94271713432836
512,32,2,32,19.394180776119402
512,32,2,64,19.78574614925373
512,32,2,128,21.06529432835821
512,32,2,256,21.035405373134328
512,32,2,512,21.080138507462685
512,32,2,1024,21.46327880597015
512,32,2,2048,21.948924179104477
512,32,2,4096,24.18939223880597
512,32,2,8192,27.719699104477613
512,32,2,16384,33.47101611940298
512,32,4,16,18.88927808955224
512,32,4,32,19.544026746268656
512,32,4,64,19.84351808955224
512,32,4,128,21.20872119402985
512,32,4,256,21.343321791044776
512,32,4,512,21.448434626865673
512,32,4,1024,21.79265910447761
512,32,4,2048,24.17214089552239
512,32,4,4096,27.541970149253732
512,32,4,8192,33.4647976119403
512,32,4,16384,44.736544477611936
512,32,8,16,18.99413014925373
512,32,8,32,19.48192191044776
512,32,8,64,19.860649074626867
512,32,8,128,21.041623880597015
512,32,8,256,21.508011940298505
512,32,8,512,22.430557611940298
512,32,8,1024,24.16110805970149
512,32,8,2048,27.46955462686567
512,32,8,4096,33.28305671641791
512,32,8,8192,44.90986029850746
512,32,8,16384,66.83752119402985
512,32,16,16,19.038923462686565
512,32,16,32,19.50972465671642
512,32,16,64,20.070333134328358
512,32,16,128,21.649432835820896
512,32,16,256,22.736267462686566
512,32,16,512,24.546655522388058
512,32,16,1024,27.84166208955224
512,32,16,2048,33.79237253731343
512,32,16,4096,45.6161623880597
512,32,16,8192,69.08220179104477
512,32,16,16384,116.13804895522388
512,32,32,16,19.171798925373135
512,32,32,32,19.728054447761192
512,32,32,64,20.356986268656716
512,32,32,128,22.828341492537316
512,32,32,256,24.471832835820894
512,32,32,512,28.096219701492533
512,32,32,1024,33.83289313432836
512,32,32,2048,45.87513313432836
512,32,32,4096,69.77125253731343
512,32,32,8192,115.1689647761194
512,32,32,16384,207.59383880597017
512,32,64,16,19.751644656716415
512,32,64,32,20.86409552238806
512,32,64,64,21.979013731343283
512,32,64,128,23.949678805970148
512,32,64,256,27.2168023880597
512,32,64,512,33.14805492537314
512,32,64,1024,44.93553671641791
512,32,64,2048,68.34821731343283
512,32,64,4096,114.78381850746268
512,32,64,8192,206.09136716417913
512,32,64,16384,391.0919641791045
512,32,128,16,21.304807164179103
512,32,128,32,23.232745074626866
512,32,128,64,25.124374925373136
512,32,128,128,28.50924895522388
512,32,128,256,34.750624477611936
512,32,128,512,46.57682149253731
512,32,128,1024,69.57205970149253
512,32,128,2048,116.04196298507462
512,32,128,4096,208.8395462686567
512,32,128,8192,396.9333492537313
512,32,128,16384,769.3617671641791
512,64,0,0,18.512556895522387
512,64,1,16,19.72384191044776
512,64,1,32,20.224391641791044
512,64,1,64,20.748351044776122
512,64,1,128,21.842005970149255
512,64,1,256,21.967980895522388
512,64,1,512,21.908202985074627
512,64,1,1024,22.013115223880597
512,64,1,2048,22.244202985074626
512,64,1,4096,22.98661253731343
512,64,1,8192,25.26118208955224
512,64,1,16384,28.860293731343287
512,64,2,16,19.734393313432836
512,64,2,32,20.235223880597015
512,64,2,64,20.626588656716415
512,64,2,128,21.935885373134326
512,64,2,256,21.89335880597015
512,64,2,512,21.95313671641791
512,64,2,1024,22.21852656716418
512,64,2,2048,22.75351880597015
512,64,2,4096,25.042932537313433
512,64,2,8192,28.654681791044776
512,64,2,16384,34.38052298507463
512,64,4,16,19.657303880597013
512,64,4,32,20.25006805970149
512,64,4,64,20.785060298507464
512,64,4,128,21.880319999999998
512,64,4,256,21.97700776119403
512,64,4,512,22.299968955223882
512,64,4,1024,22.75131223880597
512,64,4,2048,24.861191641791045
512,64,4,4096,28.329514029850746
512,64,4,8192,34.14522268656716
512,64,4,16384,45.782858507462684
512,64,8,16,19.824341014925373
512,64,8,32,20.187882985074626
512,64,8,64,20.851257313432836
512,64,8,128,22.113814925373134
512,64,8,256,22.22494567164179
512,64,8,512,23.207068656716416
512,64,8,1024,24.77112358208955
512,64,8,2048,28.359402985074627
512,64,8,4096,34.179324179104476
512,64,8,8192,45.77864597014925
512,64,8,16384,68.21963462686567
512,64,16,16,19.87776
512,64,16,32,20.24364895522388
512,64,16,64,20.921867462686567
512,64,16,128,22.34249552238806
512,64,16,256,23.562325970149253
512,64,16,512,25.203610746268655
512,64,16,1024,28.67614567164179
512,64,16,2048,34.84069253731343
512,64,16,4096,46.49337313432836
512,64,16,8192,70.1156776119403
512,64,16,16384,116.2686376119403
512,64,32,16,19.87982614925373
512,64,32,32,20.53672119402985
512,64,32,64,21.289962985074624
512,64,32,128,23.64998686567164
512,64,32,256,25.36589373134328
512,64,32,512,28.860293731343287
512,64,32,1024,34.75303164179104
512,64,32,2048,46.41634388059701
512,64,32,4096,70.070743880597
512,64,32,8192,116.52118925373134
512,64,32,16384,209.25077014925375
512,64,64,16,20.5623976119403
512,64,64,32,21.649232238805972
512,64,64,64,22.744893134328358
512,64,64,128,24.62549014925373
512,64,64,256,27.790309253731344
512,64,64,512,33.946230447761195
512,64,64,1024,45.82999880597015
512,64,64,2048,69.43104
512,64,64,4096,115.75310328358209
512,64,64,8192,208.62891940298508
512,64,64,16384,391.7579462686567
512,64,128,16,22.02595343283582
512,64,128,32,24.099524776119402
512,64,128,64,26.046519402985073
512,64,128,128,29.33530746268657
512,64,128,256,35.377690746268655
512,64,128,512,47.38562865671642
512,64,128,1024,70.66330746268656
512,64,128,2048,117.83931223880596
512,64,128,4096,210.9137194029851
512,64,128,8192,399.041623880597
512,64,128,16384,770.0678686567164
512,128,0,0,18.70533062686567
512,128,1,16,20.07675223880597
512,128,1,32,20.464105074626865
512,128,1,64,20.95195701492537
512,128,1,128,22.07931223880597
512,128,1,256,22.13287164179104
512,128,1,512,22.173592835820894
512,128,1,1024,22.263660895522385
512,128,1,2048,22.75131223880597
512,128,1,4096,23.260628059701492
512,128,1,8192,25.49226985074627
512,128,1,16384,29.136315223880594
512,128,2,16,20.040444179104476
512,128,2,32,20.517463880597013
512,128,2,64,20.926280597014923
512,128,2,128,22.102982686567167
512,128,2,256,22.201275223880597
512,128,2,512,22.22935880597015
512,128,2,1024,22.47308417910448
512,128,2,2048,23.01449552238806
512,128,2,4096,25.25897552238806
512,128,2,8192,28.810946865671642
512,128,2,16384,34.765669253731346
512,128,4,16,19.997516417910447
512,128,4,32,20.346154029850744
512,128,4,64,20.977432835820895
512,128,4,128,22.184425074626866
512,128,4,256,22.21852656716418
512,128,4,512,22.449814925373136
512,128,4,1024,22.939672835820893
512,128,4,2048,25.11374328358209
512,128,4,4096,28.63341850746269
512,128,4,8192,34.496066865671644
512,128,4,16384,45.53913313432836
512,128,8,16,20.094003582089552
512,128,8,32,20.50021253731343
512,128,8,64,20.960382089552237
512,128,8,128,22.212308059701492
512,128,8,256,22.379004179104477
512,128,8,512,23.498335522388057
512,128,8,1024,25.128587462686568
512,128,8,2048,28.5070423880597
512,128,8,4096,34.440300895522384
512,128,8,8192,45.981850746268655
512,128,8,16384,68.27339462686567
512,128,16,16,20.117272835820895
512,128,16,32,20.62217552238806
512,128,16,64,21.11022805970149
512,128,16,128,22.646600597014924
512,128,16,256,23.626517014925373
512,128,16,512,25.35305552238806
512,128,16,1024,29.097800597014928
512,128,16,2048,34.925946268656716
512,128,16,4096,46.62797373134328
512,128,16,8192,70.2611104477612
512,128,16,16384,116.50835104477612
512,128,32,16,20.23281671641791
512,128,32,32,20.825580895522386
512,128,32,64,21.52305671641791
512,128,32,128,23.838347462686567
512,128,32,256,25.635696716417907
512,128,32,512,29.138321194029853
512,128,32,1024,35.140183880597014
512,128,32,2048,46.82074746268657
512,128,32,4096,69.98508895522389
512,128,32,8192,116.46582447761193
512,128,32,16384,208.30595820895522
512,128,64,16,20.810536119402983
512,128,64,32,21.880319999999998
512,128,64,64,22.941879402985073
512,128,64,128,24.940427462686568
512,128,64,256,28.153991641791045
512,128,64,512,34.42345074626866
512,128,64,1024,46.10180776119403
512,128,64,2048,69.70686089552238
512,128,64,4096,115.05101373134328
512,128,64,8192,206.4283701492537
512,128,64,16384,389.4550925373134
512,128,128,16,22.415312238805967
512,128,128,32,24.24054447761194
512,128,128,64,26.296864477611937
512,128,128,128,29.60049671641791
512,128,128,256,35.779887761194026
512,128,128,512,47.59745910447761
512,128,128,1024,70.68276537313433
512,128,128,2048,117.51394388059701
512,128,128,4096,211.20859701492537
512,128,128,8192,396.01862686567165
512,128,128,16384,769.0227582089552
512,256,0,0,18.921453850746268
512,256,1,16,20.198715223880598
512,256,1,32,20.551565373134327
512,256,1,64,21.06950686567164
512,256,1,128,22.111608358208954
512,256,1,256,22.122239999999998
512,256,1,512,22.299768358208954
512,256,1,1024,22.430156417910446
512,256,1,2048,22.605879402985074
512,256,1,4096,23.35912119402985
512,256,1,8192,25.742614925373136
512,256,1,16384,29.26870925373134
512,256,2,16,20.100222089552236
512,256,2,32,20.590280597014925
512,256,2,64,21.17000597014925
512,256,2,128,22.231364776119403
512,256,2,256,22.325444776119404
512,256,2,512,22.413306268656715
512,256,2,1024,22.702165970149252
512,256,2,2048,23.32702567164179
512,256,2,4096,25.408821492537314
512,256,2,8192,29.13390805970149
512,256,2,16384,34.66717611940298
512,256,4,16,20.20292776119403
512,256,4,32,20.493994029850747
512,256,4,64,21.0075223880597
512,256,4,128,22.269879402985076
512,256,4,256,22.344902686567163
512,256,4,512,22.635768358208953
512,256,4,1024,23.12983880597015
512,256,4,2048,25.30190328358209
512,256,4,4096,28.704028656716414
512,256,4,8192,34.641499701492535
512,256,4,16384,46.260078805970146
512,256,8,16,20.303426865671643
512,256,8,32,20.754970746268654
512,256,8,64,21.29417552238806
512,256,8,128,22.443195223880597
512,256,8,256,22.734261492537314
512,256,8,512,23.812470447761193
512,256,8,1024,25.29969671641791
512,256,8,2048,28.796102686567163
512,256,8,4096,34.53879402985075
512,256,8,8192,46.059080597014926
512,256,8,16384,68.26677492537313
512,256,16,16,20.203128358208957
512,256,16,32,20.686567164179102
512,256,16,64,21.13811104477612
512,256,16,128,22.58441552238806
512,256,16,256,23.80825791044776
512,256,16,512,25.53941014925373
512,256,16,1024,28.984262686567167
512,256,16,2048,35.08441791044776
512,256,16,4096,46.89336358208955
512,256,16,8192,70.49641074626865
512,256,16,16384,117.02829850746268
512,256,32,16,20.45748537313433
512,256,32,32,20.94774447761194
512,256,32,64,21.762970746268657
512,256,32,128,24.289690746268658
512,256,32,256,25.85815880597015
512,256,32,512,29.196093134328358
512,256,32,1024,35.031059104477606
512,256,32,2048,47.15233432835821
512,256,32,4096,70.09401313432836
512,256,32,8192,116.989783880597
512,256,32,16384,207.83254925373132
512,256,64,16,21.078132537313433
512,256,64,32,22.083725373134328
512,256,64,64,23.12803343283582
512,256,64,128,25.15847641791045
512,256,64,256,28.34676537313433
512,256,64,512,34.476809552238805
512,256,64,1024,46.39267343283582
512,256,64,2048,69.96583164179104
512,256,64,4096,115.92862567164178
512,256,64,8192,207.09435223880598
512,256,64,16384,391.29657313432836
512,256,128,16,22.46686567164179
512,256,128,32,24.527398208955223
512,256,128,64,26.363061492537312
512,256,128,128,29.80169552238806
512,256,128,256,35.78410029850746
512,256,128,512,47.62955462686567
512,256,128,1024,71.38445373134329
512,256,128,2048,117.31715820895522
512,256,128,4096,210.95785074626866
512,256,128,8192,395.571295522388
512,256,128,16384,770.0317611940297
512,512,0,0,21.495173731343286
512,512,1,16,22.629349253731345
512,512,1,32,23.044384477611942
512,512,1,64,23.57937671641791
512,512,1,128,24.692088358208956
512,512,1,256,24.655780298507462
512,512,1,512,24.762698507462684
512,512,1,1024,24.7304023880597
512,512,1,2048,25.214242388059702
512,512,1,4096,25.915930746268653
512,512,1,8192,28.252484776119406
512,512,1,16384,31.675873432835818
512,512,2,16,22.809084179104477
512,512,2,32,22.945891343283584
512,512,2,64,23.52601791044776
512,512,2,128,24.7992071641791
512,512,2,256,24.781755223880598
512,512,2,512,24.75607880597015
512,512,2,1024,25.32958567164179
512,512,2,2048,25.590562388059702
512,512,2,4096,28.081174925373134
512,512,2,8192,31.506970746268657
512,512,2,16384,37.33772417910448
512,512,4,16,22.62513671641791
512,512,4,32,23.16213492537313
512,512,4,64,23.62009791044776
512,512,4,128,24.7691176119403
512,512,4,256,24.876236417910448
512,512,4,512,25.04955223880597
512,512,4,1024,25.72977671641791
512,512,4,2048,27.820198208955226
512,512,4,4096,31.213697910447763
512,512,4,8192,37.13211223880597
512,512,4,16384,48.92200119402985
512,512,8,16,22.580202985074624
512,512,8,32,23.19402985074627
512,512,8,64,23.613879402985074
512,512,8,128,24.843940298507462
512,512,8,256,25.17352119402985
512,512,8,512,26.330965970149254
512,512,8,1024,27.841461492537313
512,512,8,2048,31.179596417910446
512,512,8,4096,37.19630328358209
512,512,8,8192,48.7057576119403
512,512,8,16384,71.33310089552238
512,512,16,16,22.77698865671642
512,512,16,32,23.391016119402984
512,512,16,64,23.84897910447761
512,512,16,128,25.278232835820894
512,512,16,256,26.271188059701494
512,512,16,512,28.19912597014925
512,512,16,1024,31.52843462686567
512,512,16,2048,37.395295522388054
512,512,16,4096,49.13162507462686
512,512,16,8192,72.6851247761194
512,512,16,16384,119.09946268656716
512,512,32,16,22.9547176119403
512,512,32,32,23.54728119402985
512,512,32,64,24.122794029850745
512,512,32,128,26.50006925373134
512,512,32,256,28.27816119402985
512,512,32,512,31.62452059701492
512,512,32,1024,37.66710447761194
512,512,32,2048,49.42690388059702
512,512,32,4096,72.98481671641791
512,512,32,8192,119.43526208955224
512,512,32,16384,211.1163223880597
512,512,64,16,23.564532537313433
512,512,64,32,24.56571223880597
512,512,64,64,25.515739701492535
512,512,64,128,27.576472835820898
512,512,64,256,30.70678925373134
512,512,64,512,36.87735402985074
512,512,64,1024,48.75711044776119
512,512,64,2048,72.46065671641792
512,512,64,4096,118.65433791044775
512,512,64,8192,209.96088358208956
512,512,64,16384,391.8361791044776
512,512,128,16,24.96590328358209
512,512,128,32,26.898053731343282
512,512,128,64,28.885769552238806
512,512,128,128,32.29230805970149
512,512,128,256,38.31543402985075
512,512,128,512,50.310533731343284
512,512,128,1024,73.77015402985074
512,512,128,2048,120.59511402985075
512,512,128,4096,212.64687761194028
512,512,128,8192,400.3033791044776
512,512,128,16384,772.326591044776
512,1024,0,0,25.783336119402982
512,1024,1,16,27.2318471641791
512,1024,1,32,27.6041552238806
512,1024,1,64,28.11126447761194
512,1024,1,128,29.196093134328358
512,1024,1,256,29.330894328358205
512,1024,1,512,29.328888358208953
512,1024,1,1024,29.412136119402984
512,1024,1,2048,29.805707462686566
512,1024,1,4096,30.432974328358206
512,1024,1,8192,32.6046376119403
512,1024,1,16384,36.30404776119403
512,1024,2,16,27.161437611940297
512,1024,2,32,27.655508059701496
512,1024,2,64,28.121896119402987
512,1024,2,128,29.262490746268657
512,1024,2,256,29.29438567164179
512,1024,2,512,29.399498507462685
512,1024,2,1024,29.752549253731342
512,1024,2,2048,30.32164298507463
512,1024,2,4096,32.418282985074626
512,1024,2,8192,35.801351641791044
512,1024,2,16384,41.68546388059701
512,1024,4,16,27.210182686567162
512,1024,4,32,27.681385074626867
512,1024,4,64,28.213970149253733
512,1024,4,128,29.367402985074627
512,1024,4,256,29.337112835820893
512,1024,4,512,29.660274626865675
512,1024,4,1024,30.107605970149255
512,1024,4,2048,32.34145432835821
512,1024,4,4096,35.74137313432836
512,1024,4,8192,41.700508656716416
512,1024,4,16384,53.21417552238806
512,1024,8,16,27.30265791044776
512,1024,8,32,27.756007164179103
512,1024,8,64,28.153991641791045
512,1024,8,128,29.45927641791045
512,1024,8,256,29.604709253731343
512,1024,8,512,30.734471641791046
512,1024,8,1024,32.50393791044776
512,1024,8,2048,35.747992835820895
512,1024,8,4096,41.57413253731343
512,1024,8,8192,53.27816597014925
512,1024,8,16384,75.69147223880597
512,1024,16,16,27.263942686567162
512,1024,16,32,27.809566567164175
512,1024,16,64,28.35318447761194
512,1024,16,128,29.874311641791042
512,1024,16,256,30.78803104477612
512,1024,16,512,32.591799402985075
512,1024,16,1024,36.18027940298507
512,1024,16,2048,41.955066268656715
512,1024,16,4096,53.547768358208955
512,1024,16,8192,77.07157970149254
512,1024,16,16384,124.24758447761194
512,1024,32,16,27.402956417910445
512,1024,32,32,28.040654328358208
512,1024,32,64,28.838629253731344
512,1024,32,128,31.168964776119402
512,1024,32,256,32.78878567164179
512,1024,32,512,36.321499701492534
512,1024,32,1024,42.158271044776114
512,1024,32,2048,53.920076417910444
512,1024,32,4096,77.7520047761194
512,1024,32,8192,123.46445373134328
512,1024,32,16384,215.60367761194027
512,1024,64,16,28.092007164179105
512,1024,64,32,29.061291940298506
512,1024,64,64,30.14411462686567
512,1024,64,128,32.223703880597014
512,1024,64,256,35.29002985074627
512,1024,64,512,41.2766471641791
512,1024,64,1024,53.23563940298508
512,1024,64,2048,77.31349970149253
512,1024,64,4096,122.80328597014925
512,1024,64,8192,214.50841791044775
512,1024,64,16384,397.8520835820895
512,1024,128,16,29.514841791044773
512,1024,128,32,31.489919999999998
512,1024,128,64,33.51193791044776
512,1024,128,128,36.74074746268657
512,1024,128,256,43.01000597014925
512,1024,128,512,55.0478328358209
512,1024,128,1024,78.5331295522388
512,1024,128,2048,125.26601552238806
512,1024,128,4096,217.47524776119405
512,1024,128,8192,403.3344
512,1024,128,16384,777.1609791044775
512,2048,0,0,35.68801432835821
512,2048,1,16,36.93312
512,2048,1,32,37.37623880597015
512,2048,1,64,37.86830328358209
512,2048,1,128,39.10739104477612
512,2048,1,256,39.118022686567166
512,2048,1,512,39.01090388059701
512,2048,1,1024,39.077301492537316
512,2048,1,2048,39.415508059701494
512,2048,1,4096,40.1619295522388
512,2048,1,8192,42.38935880597015
512,2048,1,16384,45.949955820895525
512,2048,2,16,36.93532656716418
512,2048,2,32,37.26912
512,2048,2,64,37.6992
512,2048,2,128,39.04921791044776
512,2048,2,256,38.94450626865672
512,2048,2,512,38.953131940298505
512,2048,2,1024,39.41510686567164
512,2048,2,2048,39.894333134328356
512,2048,2,4096,42.201198805970144
512,2048,2,8192,45.620374925373135
512,2048,2,16384,51.67579701492537
512,2048,4,16,36.94174567164179
512,2048,4,32,37.30322149253732
512,2048,4,64,37.87672835820895
512,2048,4,128,39.06245731343284
512,2048,4,256,38.961356417910444
512,2048,4,512,39.38100537313432
512,2048,4,1024,39.965344477611936
512,2048,4,2048,41.94644059701493
512,2048,4,4096,45.41496358208955
512,2048,4,8192,51.31191402985074
512,2048,4,16384,62.60311880597015
512,2048,8,16,36.83482746268657
512,2048,8,32,37.23923104477612
512,2048,8,64,37.87251582089552
512,2048,8,128,39.152124179104476
512,2048,8,256,39.38100537313432
512,2048,8,512,40.33945791044776
512,2048,8,1024,42.04493373134328
512,2048,8,2048,45.42338865671642
512,2048,8,4096,51.17731343283582
512,2048,8,8192,62.66309731343283
512,2048,8,16384,84.90730029850747
512,2048,16,16,36.952377313432834
512,2048,16,32,37.50442029850746
512,2048,16,64,38.03720597014925
512,2048,16,128,39.496549253731345
512,2048,16,256,40.52781850746268
512,2048,16,512,42.367894925373136
512,2048,16,1024,45.86430089552239
512,2048,16,2048,51.78692776119403
512,2048,16,4096,63.41613850746268
512,2048,16,8192,87.10905313432836
512,2048,16,16384,132.8876991044776
512,2048,32,16,37.061702686567166
512,2048,32,32,37.686361791044774
512,2048,32,64,38.34331701492537
512,2048,32,128,40.634937313432836
512,2048,32,256,42.67400597014925
512,2048,32,512,45.89218388059701
512,2048,32,1024,52.02242865671642
512,2048,32,2048,63.63900179104477
512,2048,32,4096,86.3584191044776
512,2048,32,8192,134.03712000000002
512,2048,32,16384,225.22431044776118
512,2048,64,16,37.82778268656716
512,2048,64,32,38.81411820895522
512,2048,64,64,39.851806567164175
512,2048,64,128,41.777537910447755
512,2048,64,256,44.97826388059701
512,2048,64,512,51.10429611940298
512,2048,64,1024,62.77864119402985
512,2048,64,2048,86.2127856716418
512,2048,64,4096,132.53083701492537
512,2048,64,8192,223.53929552238804
512,2048,64,16384,406.90101492537315
512,2048,128,16,39.04941850746268
512,2048,128,32,41.135627462686564
512,2048,128,64,43.035682388059705
512,2048,128,128,46.343727761194025
512,2048,128,256,52.54037014925373
512,2048,128,512,64.2913432835821
512,2048,128,1024,87.95657552238805
512,2048,128,2048,134.46278686567163
512,2048,128,4096,227.57530746268657
512,2048,128,8192,414.6861850746269
512,2048,128,16384,785.987247761194
512,4096,0,0,54.05708417910448
512,4096,1,16,55.40950925373134
512,4096,1,32,55.83537671641791
512,4096,1,64,56.34669850746268
512,4096,1,128,57.59401074626866
512,4096,1,256,57.53864597014925
512,4096,1,512,57.572747462686564
512,4096,1,1024,57.812460895522385
512,4096,1,2048,58.18677492537313
512,4096,1,4096,58.64473791044776
512,4096,1,8192,61.13314388059701
512,4096,1,16384,64.40688716417911
512,4096,2,16,55.49315820895522
512,4096,2,32,55.925244179104475
512,4096,2,64,56.4108895522388
512,4096,2,128,57.536439402985074
512,4096,2,256,57.5065504477612
512,4096,2,512,57.67765970149253
512,4096,2,1024,57.99861492537313
512,4096,2,2048,58.44373970149253
512,4096,2,4096,60.81018268656717
512,4096,2,8192,64.19525731343283
512,4096,2,16384,70.09220776119403
512,4096,4,16,55.636384477611934
512,4096,4,32,55.758347462686565
512,4096,4,64,56.43014686567164
512,4096,4,128,57.534232835820895
512,4096,4,256,57.72259343283582
512,4096,4,512,57.88106507462686
512,4096,4,1024,58.4094376119403
512,4096,4,2048,60.56625671641791
512,4096,4,4096,63.91482268656716
512,4096,4,8192,69.8952214925373
512,4096,4,16384,81.07950805970148
512,4096,8,16,55.32606089552239
512,4096,8,32,55.86325970149254
512,4096,8,64,56.50517014925373
512,4096,8,128,57.76933253731344
512,4096,8,256,57.95789373134328
512,4096,8,512,59.094075223880594
512,4096,8,1024,60.441886567164175
512,4096,8,2048,63.89135283582089
512,4096,8,4096,69.6619271641791
512,4096,8,8192,81.44539701492536
512,4096,8,16384,103.3836895522388
512,4096,16,16,55.48653850746269
512,4096,16,32,56.130655522388054
512,4096,16,64,56.4923319402985
512,4096,16,128,57.89370268656717
512,4096,16,256,59.254552835820895
512,4096,16,512,61.019806567164174
512,4096,16,1024,64.14370388059702
512,4096,16,2048,70.12851582089552
512,4096,16,4096,81.924823880597
512,4096,16,8192,105.49577552238806
512,4096,16,16384,152.4681743283582
512,4096,32,16,55.66848
512,4096,32,32,56.280300895522394
512,4096,32,64,56.77477253731343
512,4096,32,128,59.21182567164179
512,4096,32,256,61.071159402985074
512,4096,32,512,64.6361695522388
512,4096,32,1024,70.57805373134327
512,4096,32,2048,81.94187462686567
512,4096,32,4096,105.7182376119403
512,4096,32,8192,151.83930268656715
512,4096,32,16384,242.64415522388057
512,4096,64,16,56.28471402985075
512,4096,64,32,57.30755820895522
512,4096,64,64,58.46941611940298
512,4096,64,128,60.42924895522388
512,4096,64,256,63.619543880597014
512,4096,64,512,69.70485492537314
512,4096,64,1024,81.45402268656716
512,4096,64,2048,104.71886328358208
512,4096,64,4096,151.0112382089552
512,4096,64,8192,242.77855522388057
512,4096,64,16384,424.8825313432836
512,4096,128,16,57.69691701492537
512,4096,128,32,59.718934925373134
512,4096,128,64,61.71086328358209
512,4096,128,128,65.07226746268655
512,4096,128,256,71.04243582089552
512,4096,128,512,82.7548943283582
512,4096,128,1024,106.42634507462687
512,4096,128,2048,153.3455856716418
512,4096,128,4096,245.76745074626865
512,4096,128,8192,432.3026149253731
512,4096,128,16384,802.929671641791
512,8192,0,0,90.99481791044776
512,8192,1,16,92.4174519402985
512,8192,1,32,92.85635820895521
512,8192,1,64,93.3464167164179
512,8192,1,128,94.74578149253732
512,8192,1,256,94.5939295522388
512,8192,1,512,94.50586746268657
512,8192,1,1024,94.59613611940298
512,8192,1,2048,94.83544835820895
512,8192,1,4096,95.60373492537313
512,8192,1,8192,97.99164179104477
512,8192,1,16384,101.39156059701493
512,8192,2,16,92.33861731343283
512,8192,2,32,92.84352
512,8192,2,64,93.25875582089552
512,8192,2,128,94.51469373134327
512,8192,2,256,94.49122388059702
512,8192,2,512,94.39894925373133
512,8192,2,1024,94.86573850746268
512,8192,2,2048,95.5822710447761
512,8192,2,4096,97.65584238805971
512,8192,2,8192,101.35083940298507
512,8192,2,16384,106.96554985074627
512,8192,4,16,92.3534614925373
512,8192,4,32,92.98895283582088
512,8192,4,64,93.51331343283582
512,8192,4,128,94.39493731343283
512,8192,4,256,94.49102328358208
512,8192,4,512,94.71789850746269
512,8192,4,1024,95.20575044776119
512,8192,4,2048,97.34311164179104
512,8192,4,4096,100.9486423880597
512,8192,4,8192,106.71099223880597
512,8192,4,16384,118.3574543283582
512,8192,8,16,92.36008119402985
512,8192,8,32,92.80299940298508
512,8192,8,64,93.34220417910447
512,8192,8,128,94.57025910447761
512,8192,8,256,94.74999402985074
512,8192,8,512,95.74916776119403
512,8192,8,1024,97.43739223880597
512,8192,8,2048,100.83751164179104
512,8192,8,4096,106.61450507462686
512,8192,8,8192,118.2760119402985
512,8192,8,16384,140.04098865671642
512,8192,16,16,92.21464835820896
512,8192,16,32,92.88203462686567
512,8192,16,64,93.36768000000001
512,8192,16,128,94.83143641791044
512,8192,16,256,95.94194149253731
512,8192,16,512,97.64300417910448
512,8192,16,1024,101.09868895522388
512,8192,16,2048,107.20947582089552
512,8192,16,4096,118.86436298507462
512,8192,16,8192,142.26219940298506
512,8192,16,16384,188.8368143283582
512,8192,32,16,92.56509134328357
512,8192,32,32,93.24391164179104
512,8192,32,64,94.02904835820895
512,8192,32,128,96.14715223880597
512,8192,32,256,98.13908059701492
512,8192,32,512,101.50509850746268
512,8192,32,1024,107.33986388059701
512,8192,32,2048,119.00117014925372
512,8192,32,4096,142.56810985074628
512,8192,32,8192,188.11787462686567
512,8192,32,16384,280.0534925373134
512,8192,64,16,93.26938746268657
512,8192,64,32,94.06535641791045
512,8192,64,64,95.18007402985074
512,8192,64,128,97.11423044776119
512,8192,64,256,100.58295402985074
512,8192,64,512,106.28913671641791
512,8192,64,1024,118.29506865671642
512,8192,64,2048,141.69912358208953
512,8192,64,4096,187.97003462686567
512,8192,64,8192,279.3614328358209
512,8192,64,16384,463.1925492537314
512,8192,128,16,94.2428847761194
512,8192,128,32,96.59628895522387
512,8192,128,64,98.53525970149254
512,8192,128,128,101.96928
512,8192,128,256,108.26220895522388
512,8192,128,512,119.78650746268656
512,8192,128,1024,143.7297671641791
512,8192,128,2048,190.13768597014925
512,8192,128,4096,283.1567283582089
512,8192,128,8192,469.51737313432835
512,8192,128,16384,843.0270089552239
512,16384,0,0,164.23659940298506
512,16384,1,16,165.90155462686567
512,16384,1,32,166.1944262686567
512,16384,1,64,166.93482985074627
512,16384,1,128,168.10731940298507
512,16384,1,256,168.07281671641792
512,16384,1,512,168.03029014925372
512,16384,1,1024,168.27421611940298
512,16384,1,2048,168.28926089552237
512,16384,1,4096,169.11511880597013
512,16384,1,8192,171.65287164179105
512,16384,1,16384,174.8883008955224
512,16384,2,16,165.9374614925373
512,16384,2,32,166.32922746268656
512,16384,2,64,166.87063880597015
512,16384,2,128,167.98535641791045
512,16384,2,256,167.88906985074627
512,16384,2,512,167.97051223880595
512,16384,2,1024,168.35325134328357
512,16384,2,2048,169.01662567164178
512,16384,2,4096,171.19270208955226
512,16384,2,8192,174.60345313432836
512,16384,2,16384,180.04885970149255
512,16384,4,16,165.73866985074625
512,16384,4,32,166.15591164179105
512,16384,4,64,166.66302089552238
512,16384,4,128,167.67723940298507
512,16384,4,256,167.84413611940298
512,16384,4,512,168.3470328358209
512,16384,4,1024,168.72596059701493
512,16384,4,2048,170.88899820895523
512,16384,4,4096,174.49432835820895
512,16384,4,8192,180.25226507462685
512,16384,4,16384,191.67827104477612
512,16384,8,16,165.7729719402985
512,16384,8,32,166.3633289552239
512,16384,8,64,166.69090388059703
512,16384,8,128,167.9652967164179
512,16384,8,256,168.2569647761194
512,16384,8,512,169.12996298507463
512,16384,8,1024,170.80113671641791
512,16384,8,2048,174.09413731343284
512,16384,8,4096,179.76842507462686
512,16384,8,8192,191.36794746268654
512,16384,8,16384,213.42920597014924
512,16384,16,16,165.74488835820895
512,16384,16,32,166.24597970149253
512,16384,16,64,166.88127044776118
512,16384,16,128,168.30631164179104
512,16384,16,256,169.3464071641791
512,16384,16,512,170.80113671641791
512,16384,16,1024,174.60565970149253
512,16384,16,2048,180.37442865671642
512,16384,16,4096,192.09130029850746
512,16384,16,8192,216.21148656716414
512,16384,16,16384,262.0117970149254
512,16384,32,16,166.10255283582092
512,16384,32,32,166.62250029850748
512,16384,32,64,167.47804656716417
512,16384,32,128,169.80196298507462
512,16384,32,256,171.31707223880596
512,16384,32,512,174.65279999999998
512,16384,32,1024,180.63520477611942
512,16384,32,2048,192.7480549253731
512,16384,32,4096,216.27367164179105
512,16384,32,8192,261.8112
512,16384,32,16384,353.8571462686567
512,16384,64,16,166.55810865671643
512,16384,64,32,167.5231808955224
512,16384,64,64,168.72977194029852
512,16384,64,128,170.66874268656716
512,16384,64,256,173.82473552238807
512,16384,64,512,179.7963080597015
512,16384,64,1024,191.79381492537314
512,16384,64,2048,215.54550447761193
512,16384,64,4096,261.92152835820895
512,16384,64,8192,353.14101492537316
512,16384,64,16384,534.9481074626866
512,16384,128,16,168.0411223880597
512,16384,128,32,169.93034507462687
512,16384,128,64,172.0123414925373
512,16384,128,128,175.2196871641791
512,16384,128,256,181.52324776119403
512,16384,128,512,193.40701611940298
512,16384,128,1024,217.0780656716418
512,16384,128,2048,263.73492537313433
512,16384,128,4096,356.8661014925373
512,16384,128,8192,541.4173611940299
512,16384,128,16384,914.6200835820895
1024,0,0,0,33.494887164179104
1024,0,1,16,34.80438447761194
1024,0,1,32,35.31129313432836
1024,0,1,64,35.7116847761194
1024,0,1,128,36.70644537313432
1024,0,1,256,36.847866268656716
1024,0,1,512,37.00393074626866
1024,0,1,1024,36.986679402985075
1024,0,1,2048,37.49178268656716
1024,0,1,4096,37.92166208955224
1024,0,1,8192,40.26924895522388
1024,0,1,16384,43.8872167164179
1024,0,2,16,34.958242388059695
1024,0,2,32,35.300661492537316
1024,0,2,64,35.94678447761194
1024,0,2,128,37.115061492537315
1024,0,2,256,36.988885970149255
1024,0,2,512,37.02098149253731
1024,0,2,1024,37.562392835820894
1024,0,2,2048,37.89177313432836
1024,0,2,4096,39.99102089552239
1024,0,2,8192,43.585518805970146
1024,0,2,16384,49.52319044776119
1024,0,4,16,34.96044895522388
1024,0,4,32,35.300661492537316
1024,0,4,64,35.747992835820895
1024,0,4,128,36.91406328358209
1024,0,4,256,37.194297313432834
1024,0,4,512,37.3355176119403
1024,0,4,1024,37.79969910447761
1024,0,4,2048,39.965344477611936
1024,0,4,4096,43.52132776119403
1024,0,4,8192,49.180971940298505
1024,0,4,16384,60.705270447761194
1024,0,8,16,34.87920716417911
1024,0,8,32,35.304874029850744
1024,0,8,64,35.843878208955225
1024,0,8,128,37.078753432835825
1024,0,8,256,37.279751641791044
1024,0,8,512,38.32205373134328
1024,0,8,1024,39.78540895522388
1024,0,8,2048,43.43366686567164
1024,0,8,4096,49.249375522388064
1024,0,8,8192,60.73094686567163
1024,0,8,16384,82.62430567164179
1024,0,16,16,34.97128119402985
1024,0,16,32,35.382103880597015
1024,0,16,64,36.03905910447761
1024,0,16,128,37.243443582089554
1024,0,16,256,38.44381611940298
1024,0,16,512,40.1619295522388
1024,0,16,1024,43.67338029850747
1024,0,16,2048,49.52539701492537
1024,0,16,4096,61.298034626865665
1024,0,16,8192,84.81963940298508
1024,0,16,16384,132.1326519402985
1024,0,32,16,35.014008358208955
1024,0,32,32,35.69222686567164
1024,0,32,64,36.274158805970146
1024,0,32,128,38.749927164179105
1024,0,32,256,40.50675582089552
1024,0,32,512,43.713900895522386
1024,0,32,1024,49.65598567164179
1024,0,32,2048,61.57385552238805
1024,0,32,4096,85.77387940298507
1024,0,32,8192,130.9705934328358
1024,0,32,16384,223.7278567164179
1024,0,64,16,35.84207283582089
1024,0,64,32,36.87976119402985
1024,0,64,64,37.9838471641791
1024,0,64,128,40.031541492537315
1024,0,64,256,43.114918208955224
1024,0,64,512,48.956102686567164
1024,0,64,1024,61.16744597014926
1024,0,64,2048,84.4174423880597
1024,0,64,4096,130.93869850746268
1024,0,64,8192,221.73793432835822
1024,0,64,16384,407.1377194029851
1024,0,128,16,37.23080597014925
1024,0,128,32,39.37659223880597
1024,0,128,64,41.03914029850746
1024,0,128,128,44.65530268656716
1024,0,128,256,50.629482985074624
1024,0,128,512,62.53030208955224
1024,0,128,1024,85.9022614925373
1024,0,128,2048,132.60325253731344
1024,0,128,4096,224.73284776119402
1024,0,128,8192,412.7002746268657
1024,0,128,16384,785.4195582089552
1024,16,0,0,34.50248597014925
1024,16,1,16,36.03243940298508
1024,16,1,32,36.29762865671642
1024,16,1,64,36.89259940298507
1024,16,1,128,37.851252537313435
1024,16,1,256,37.98805970149254
1024,16,1,512,37.98605373134328
1024,16,1,1024,38.163582089552236
1024,16,1,2048,38.45244179104478
1024,16,1,4096,38.94891940298507
1024,16,1,8192,41.5185671641791
1024,16,1,16384,44.97645850746268
1024,16,2,16,35.976673432835824
1024,16,2,32,36.406954029850745
1024,16,2,64,36.83482746268657
1024,16,2,128,38.13569910447761
1024,16,2,256,38.253449552238806
1024,16,2,512,38.12707343283582
1024,16,2,1024,38.57661134328358
1024,16,2,2048,39.115816119402986
1024,16,2,4096,41.208444179104475
1024,16,2,8192,44.578474029850746
1024,16,2,16384,50.52898388059701
1024,16,4,16,36.038858507462685
1024,16,4,32,36.29542208955224
1024,16,4,64,36.78989373134328
1024,16,4,128,38.144324776119404
1024,16,4,256,38.15295044776119
1024,16,4,512,38.33248477611941
1024,16,4,1024,39.06446328358209
1024,16,4,2048,41.037134328358206
1024,16,4,4096,44.29824
1024,16,4,8192,50.2656
1024,16,4,16384,61.75579701492538
1024,16,8,16,35.983293134328356
1024,16,8,32,36.35560119402985
1024,16,8,64,36.97604776119403
1024,16,8,128,38.11423522388059
1024,16,8,256,38.43539104477612
1024,16,8,512,39.361948656716415
1024,16,8,1024,41.01807761194029
1024,16,8,2048,44.394325970149254
1024,16,8,4096,50.171720597014925
1024,16,8,8192,61.550586268656716
1024,16,8,16384,84.64211104477612
1024,16,16,16,35.95099701492537
1024,16,16,32,36.4240047761194
1024,16,16,64,37.19209074626866
1024,16,16,128,38.65985910447761
1024,16,16,256,39.45803462686567
1024,16,16,512,41.44374447761194
1024,16,16,1024,44.73674507462687
1024,16,16,2048,50.78795462686567
1024,16,16,4096,62.45547940298508
1024,16,16,8192,85.66254805970149
1024,16,16,16384,132.20968119402986
1024,16,32,16,36.06874746268657
1024,16,32,32,36.74496
1024,16,32,64,37.224186268656716
1024,16,32,128,39.89894686567164
1024,16,32,256,41.54203701492538
1024,16,32,512,44.86292059701492
1024,16,32,1024,50.63148895522388
1024,16,32,2048,62.53270925373134
1024,16,32,4096,86.03084417910448
1024,16,32,8192,132.43635582089553
1024,16,32,16384,223.83818507462684
1024,16,64,16,37.05969671641791
1024,16,64,32,38.02878089552239
1024,16,64,64,38.967976119402984
1024,16,64,128,41.13342089552239
1024,16,64,256,44.237860298507464
1024,16,64,512,50.16530149253732
1024,16,64,1024,61.86933492537313
1024,16,64,2048,85.40377791044776
1024,16,64,4096,132.47286447761195
1024,16,64,8192,222.37182089552238
1024,16,64,16384,405.27818507462683
1024,16,128,16,38.54230925373135
1024,16,128,32,40.292718805970146
1024,16,128,64,42.284647164179106
1024,16,128,128,45.57544119402985
1024,16,128,256,51.72293731343284
1024,16,128,512,63.62796895522388
1024,16,128,1024,86.79030447761194
1024,16,128,2048,133.98556656716417
1024,16,128,4096,225.96250746268657
1024,16,128,8192,412.87479402985076
1024,16,128,16384,785.0444417910447
1024,32,0,0,34.9068895522388
1024,32,1,16,36.32350567164179
1024,32,1,32,36.785480597014924
1024,32,1,64,37.2564823880597
1024,32,1,128,38.30038925373134
1024,32,1,256,38.48012417910448
1024,32,1,512,38.43117850746269
1024,32,1,1024,38.48874985074627
1024,32,1,2048,38.82053731343284
1024,32,1,4096,39.38341253731343
1024,32,1,8192,41.6513623880597
1024,32,1,16384,45.275949850746265
1024,32,2,16,36.12672
1024,32,2,32,36.612365373134324
1024,32,2,64,37.19630328358209
1024,32,2,128,38.46748656716417
1024,32,2,256,38.3284728358209
1024,32,2,512,38.47169910447761
1024,32,2,1024,38.79927402985075
1024,32,2,2048,39.39825671641791
1024,32,2,4096,41.621272835820896
1024,32,2,8192,44.893010149253726
1024,32,2,16384,50.590968358208954
1024,32,4,16,36.12451343283582
1024,32,4,32,36.74496
1024,32,4,64,37.239030447761195
1024,32,4,128,38.495168955223875
1024,32,4,256,38.45685492537313
1024,32,4,512,38.83558208955224
1024,32,4,1024,39.25683582089552
1024,32,4,2048,41.28106029850746
1024,32,4,4096,44.62340776119403
1024,32,4,8192,50.751445970149256
1024,32,4,16384,62.06371343283582
1024,32,8,16,36.169447164179104
1024,32,8,32,36.68718805970149
1024,32,8,64,37.30562865671642
1024,32,8,128,38.63057194029851
1024,32,8,256,38.90157850746269
1024,32,8,512,39.5523152238806
1024,32,8,1024,41.42027462686568
1024,32,8,2048,44.721700298507464
1024,32,8,4096,50.721557014925374
1024,32,8,8192,62.00834865671642
1024,32,8,16384,84.69125731343284
1024,32,16,16,36.2635271641791
1024,32,16,32,36.95679044776119
1024,32,16,64,37.51104
1024,32,16,128,39.03216716417911
1024,32,16,256,39.89674029850746
1024,32,16,512,41.79659462686567
1024,32,16,1024,45.03001791044776
1024,32,16,2048,51.02947343283582
1024,32,16,4096,63.007522388059705
1024,32,16,8192,86.54617791044775
1024,32,16,16384,133.02490746268657
1024,32,32,16,36.47315104477612
1024,32,32,32,37.24765611940298
1024,32,32,64,37.73570865671641
1024,32,32,128,40.234746268656714
1024,32,32,256,41.81825910447761
1024,32,32,512,45.30804537313433
1024,32,32,1024,51.55804656716418
1024,32,32,2048,62.75095880597015
1024,32,32,4096,86.14839402985073
1024,32,32,8192,132.31659940298508
1024,32,32,16384,224.03276417910445
1024,32,64,16,37.40412179104477
1024,32,64,32,38.37761910447761
1024,32,64,64,39.34670328358209
1024,32,64,128,41.47162746268657
1024,32,64,256,44.56964776119403
1024,32,64,512,50.37051223880597
1024,32,64,1024,62.46831761194029
1024,32,64,2048,86.36022447761194
1024,32,64,4096,131.88010029850744
1024,32,64,8192,223.40890746268656
1024,32,64,16384,407.4666985074627
1024,32,128,16,38.88673432835821
1024,32,128,32,40.804040597014925
1024,32,128,64,42.64853014925373
1024,32,128,128,46.153361194029856
1024,32,128,256,52.08882626865671
1024,32,128,512,64.19084417910447
1024,32,128,1024,87.33592835820895
1024,32,128,2048,134.4262782089552
1024,32,128,4096,226.92136119402986
1024,32,128,8192,413.0613492537313
1024,32,128,16384,786.9481074626866
1024,64,0,0,35.32433194029851
1024,64,1,16,36.94615880597015
1024,64,1,32,37.005936716417914
1024,64,1,64,37.58786865671642
1024,64,1,128,38.82454925373134
1024,64,1,256,39.05784358208955
1024,64,1,512,38.931668059701494
1024,64,1,1024,39.04059223880597
1024,64,1,2048,39.295350447761194
1024,64,1,4096,39.943880597014925
1024,64,1,8192,42.22908179104478
1024,64,1,16384,45.59068656716418
1024,64,2,16,36.64466149253731
1024,64,2,32,37.230605373134324
1024,64,2,64,37.61153910447761
1024,64,2,128,38.7348823880597
1024,64,2,256,38.81853134328358
1024,64,2,512,38.965769552238804
1024,64,2,1024,39.27629373134328
1024,64,2,2048,39.796241194029854
1024,64,2,4096,41.7731247761194
1024,64,2,8192,45.26973134328358
1024,64,2,16384,51.21803462686567
1024,64,4,16,36.605946268656716
1024,64,4,32,37.102423880597016
1024,64,4,64,37.669311044776116
1024,64,4,128,38.93387462686567
1024,64,4,256,38.95734447761194
1024,64,4,512,39.13507343283582
1024,64,4,1024,39.76615164179105
1024,64,4,2048,41.9723176119403
1024,64,4,4096,45.43442149253731
1024,64,4,8192,51.17490626865671
1024,64,4,16384,62.81494925373134
1024,64,8,16,36.76221134328358
1024,64,8,32,37.070328358208954
1024,64,8,64,37.71003223880597
1024,64,8,128,39.09435223880597
1024,64,8,256,39.17118089552238
1024,64,8,512,40.1729623880597
1024,64,8,1024,41.97011104477612
1024,64,8,2048,45.28658149253731
1024,64,8,4096,51.0190423880597
1024,64,8,8192,62.53050268656716
1024,64,8,16384,84.76828656716417
1024,64,16,16,36.96120358208955
1024,64,16,32,37.29920955223881
1024,64,16,64,37.778435820895524
1024,64,16,128,39.50076179104477
1024,64,16,256,40.36954746268657
1024,64,16,512,42.23951283582089
1024,64,16,1024,45.517869850746266
1024,64,16,2048,51.54099582089552
1024,64,16,4096,64.24019104477613
1024,64,16,8192,86.67054805970149
1024,64,16,16384,132.8772680597015
1024,64,32,16,36.98246686567164
1024,64,32,32,37.596694925373136
1024,64,32,64,38.2620752238806
1024,64,32,128,40.70554746268657
1024,64,32,256,42.614228059701496
1024,64,32,512,45.80010985074627
1024,64,32,1024,52.02664119402984
1024,64,32,2048,63.617337313432834
1024,64,32,4096,87.35097313432836
1024,64,32,8192,133.33061731343284
1024,64,32,16384,224.9755701492537
1024,64,64,16,37.69278089552238
1024,64,64,32,38.76276537313433
1024,64,64,64,39.8369623880597
1024,64,64,128,41.85015402985074
1024,64,64,256,45.17545074626866
1024,64,64,512,51.18794507462687
1024,64,64,1024,62.77001552238806
1024,64,64,2048,86.24468059701492
1024,64,64,4096,132.8876991044776
1024,64,64,8192,223.77800597014922
1024,64,64,16384,407.9100179104478
1024,64,128,16,39.32965253731343
1024,64,128,32,41.29189253731343
1024,64,128,64,43.270982686567166
1024,64,128,128,46.555558208955226
1024,64,128,256,52.49523582089552
1024,64,128,512,64.4391832835821
1024,64,128,1024,87.87071999999999
1024,64,128,2048,135.1454185074627
1024,64,128,4096,226.6926805970149
1024,64,128,8192,414.97303880597013
1024,64,128,16384,785.1447402985075
1024,128,0,0,35.96824835820895
1024,128,1,16,37.316260298507466
1024,128,1,32,37.72908895522388
1024,128,1,64,38.25144358208955
1024,128,1,128,39.39605014925373
1024,128,1,256,39.490330746268654
1024,128,1,512,39.385217910447764
1024,128,1,1024,39.52222567164179
1024,128,1,2048,39.815498507462685
1024,128,1,4096,40.46162149253731
1024,128,1,8192,42.66558089552239
1024,128,1,16384,46.27091104477612
1024,128,2,16,37.21576119402985
1024,128,2,32,37.62217074626865
1024,128,2,64,38.165788656716416
1024,128,2,128,39.49454328358209
1024,128,2,256,39.46024119402985
1024,128,2,512,39.60346746268657
1024,128,2,1024,39.97818268656716
1024,128,2,2048,40.36754149253731
1024,128,2,4096,42.46217552238806
1024,128,2,8192,46.03781731343283
1024,128,2,16384,52.02222805970149
1024,128,4,16,37.286371343283584
1024,128,4,32,37.60070686567164
1024,128,4,64,38.24923701492537
1024,128,4,128,39.288931343283586
1024,128,4,256,39.44519641791045
1024,128,4,512,39.76835820895522
1024,128,4,1024,40.273260895522384
1024,128,4,2048,42.31894925373134
1024,128,4,4096,45.60533014925373
1024,128,4,8192,51.714512238805966
1024,128,4,16384,62.956370149253736
1024,128,8,16,37.24364417910447
1024,128,8,32,37.77622925373134
1024,128,8,64,38.251242985074626
1024,128,8,128,39.63556298507462
1024,128,8,256,39.815498507462685
1024,128,8,512,40.74185552238806
1024,128,8,1024,42.53499223880597
1024,128,8,2048,45.753170149253734
1024,128,8,4096,51.64149492537314
1024,128,8,8192,63.02477373134328
1024,128,8,16384,85.37810149253731
1024,128,16,16,37.221979701492536
1024,128,16,32,37.75496597014925
1024,128,16,64,38.386244776119405
1024,128,16,128,39.92662925373134
1024,128,16,256,40.81266626865671
1024,128,16,512,42.731978507462685
1024,128,16,1024,46.26248597014925
1024,128,16,2048,52.13817313432836
1024,128,16,4096,63.728668656716415
1024,128,16,8192,87.58627343283581
1024,128,16,16384,133.13383164179103
1024,128,32,16,37.61153910447761
1024,128,32,32,38.16779462686567
1024,128,32,64,38.745514029850746
1024,128,32,128,41.182567164179105
1024,128,32,256,43.26235701492537
1024,128,32,512,46.303006567164175
1024,128,32,1024,52.20196298507463
1024,128,32,2048,63.89335880597015
1024,128,32,4096,87.9672071641791
1024,128,32,8192,133.99419223880597
1024,128,32,16384,224.52422686567164
1024,128,64,16,38.41834029850747
1024,128,64,32,39.39384358208955
1024,128,64,64,40.382586268656716
1024,128,64,128,42.37230805970149
1024,128,64,256,45.41937671641791
1024,128,64,512,51.624243582089555
1024,128,64,1024,63.79486567164179
1024,128,64,2048,86.56563582089552
1024,128,64,4096,133.58537552238806
1024,128,64,8192,225.01769552238807
1024,128,64,16384,407.0193671641791
1024,128,128,16,39.783202388059706
1024,128,128,32,41.869611940298505
1024,128,128,64,43.7163080597015
1024,128,128,128,47.088343880597016
1024,128,128,256,53.060117014925375
1024,128,128,512,65.02532776119402
1024,128,128,1024,88.79527164179103
1024,128,128,2048,134.72597014925373
1024,128,128,4096,228.34359402985072
1024,128,128,8192,413.6450865671642
1024,128,128,16384,786.7334686567164
1024,256,0,0,39.214309253731344
1024,256,1,16,40.70334089552239
1024,256,1,32,40.89170149253731
1024,256,1,64,41.52498626865672
1024,256,1,128,42.646122985074626
1024,256,1,256,42.69526925373135
1024,256,1,512,42.71252059701492
1024,256,1,1024,42.90529432835821
1024,256,1,2048,43.022844179104474
1024,256,1,4096,43.80597492537313
1024,256,1,8192,46.161986865671636
1024,256,1,16384,49.675242985074625
1024,256,2,16,40.440358208955224
1024,256,2,32,41.056391641791045
1024,256,2,64,41.51014208955224
1024,256,2,128,42.71252059701492
1024,256,2,256,42.860360597014925
1024,256,2,512,42.78954985074627
1024,256,2,1024,43.28382089552239
1024,256,2,2048,43.53837850746269
1024,256,2,4096,45.8833576119403
1024,256,2,8192,49.503933134328356
1024,256,2,16384,54.86167880597015
1024,256,4,16,40.452995820895524
1024,256,4,32,41.039340895522386
1024,256,4,64,41.593590447761194
1024,256,4,128,42.87721074626865
1024,256,4,256,42.72535880597015
1024,256,4,512,43.08262208955224
1024,256,4,1024,43.8017623880597
1024,256,4,2048,45.65046447761194
1024,256,4,4096,49.198022686567164
1024,256,4,8192,55.03078208955223
1024,256,4,16384,66.64073552238806
1024,256,8,16,40.37175402985075
1024,256,8,32,41.002832238805965
1024,256,8,64,41.52338149253731
1024,256,8,128,42.710514626865674
1024,256,8,256,43.02705671641791
1024,256,8,512,43.99012298507463
1024,256,8,1024,45.579653731343285
1024,256,8,2048,48.977566567164175
1024,256,8,4096,54.8747176119403
1024,256,8,8192,66.52539223880596
1024,256,8,16384,88.78022686567164
1024,256,16,16,40.750481194029845
1024,256,16,32,41.08427462686567
1024,256,16,64,41.68987701492537
1024,256,16,128,43.155639402985074
1024,256,16,256,44.360224477611936
1024,256,16,512,45.87733970149254
1024,256,16,1024,49.36271283582089
1024,256,16,2048,55.66647402985075
1024,256,16,4096,67.78112955223881
1024,256,16,8192,91.1382447761194
1024,256,16,16384,138.1728286567164
1024,256,32,16,40.71196656716418
1024,256,32,32,41.50131582089552
1024,256,32,64,42.132394029850744
1024,256,32,128,44.60415044776119
1024,256,32,256,46.29237492537313
1024,256,32,512,49.651572537313434
1024,256,32,1024,55.56798089552238
1024,256,32,2048,67.56288
1024,256,32,4096,91.30072835820894
1024,256,32,8192,138.06811701492535
1024,256,32,16384,227.96245970149255
1024,256,64,16,41.60843462686567
1024,256,64,32,42.684637611940296
1024,256,64,64,43.74599641791045
1024,256,64,128,45.89418985074627
1024,256,64,256,48.98398567164179
1024,256,64,512,54.988054925373135
1024,256,64,1024,66.5422423880597
1024,256,64,2048,90.15812776119402
1024,256,64,4096,137.26793552238806
1024,256,64,8192,227.7779104477612
1024,256,64,16384,410.6341253731343
1024,256,128,16,43.35864358208955
1024,256,128,32,45.19250149253731
1024,256,128,64,46.974805970149255
1024,256,128,128,50.32778507462686
1024,256,128,256,56.280300895522394
1024,256,128,512,68.29265194029851
1024,256,128,1024,92.14403820895522
1024,256,128,2048,138.38265313432836
1024,256,128,4096,231.7316776119403
1024,256,128,8192,418.18259104477613
1024,256,128,16384,789.7203582089552
1024,512,0,0,45.32088358208955
1024,512,1,16,46.718041791044776
1024,512,1,32,46.99827582089552
1024,512,1,64,47.55453134328358
1024,512,1,128,48.769948656716416
1024,512,1,256,48.68870686567164
1024,512,1,512,48.90254328358209
1024,512,1,1024,49.11016119402985
1024,512,1,2048,49.108155223880594
1024,512,1,4096,49.927594029850745
1024,512,1,8192,52.13777194029851
1024,512,1,16384,55.741296716417914
1024,512,2,16,46.59407283582089
1024,512,2,32,47.03498507462686
1024,512,2,64,47.56095044776119
1024,512,2,128,48.80204417910448
1024,512,2,256,48.90695641791044
1024,512,2,512,48.812876417910445
1024,512,2,1024,49.34124895522388
1024,512,2,2048,49.73502089552239
1024,512,2,4096,51.86175044776119
1024,512,2,8192,55.47590686567163
1024,512,2,16384,61.413377910447764
1024,512,4,16,46.64321910447761
1024,512,4,32,47.06026029850746
1024,512,4,64,47.612704477611935
1024,512,4,128,48.769948656716416
1024,512,4,256,49.05018268656716
1024,512,4,512,49.16813373134328
1024,512,4,1024,49.843945074626866
1024,512,4,2048,51.73356895522389
1024,512,4,4096,55.221148656716416
1024,512,4,8192,61.05812059701493
1024,512,4,16384,72.35173253731344
1024,512,8,16,46.67752119402985
1024,512,8,32,47.02194626865671
1024,512,8,64,47.58040835820895
1024,512,8,128,48.975560597014926
1024,512,8,256,49.19782208955224
1024,512,8,512,50.27843820895522
1024,512,8,1024,51.69726089552238
1024,512,8,2048,55.16337671641791
1024,512,8,4096,61.163233432835824
1024,512,8,8192,72.70458268656716
1024,512,8,16384,94.5187056716418
1024,512,16,16,46.61333014925373
1024,512,16,32,47.16096
1024,512,16,64,47.824334328358205
1024,512,16,128,49.40343402985075
1024,512,16,256,50.383149850746264
1024,512,16,512,52.02443462686567
1024,512,16,1024,55.33669253731343
1024,512,16,2048,61.267945074626866
1024,512,16,4096,73.16254567164178
1024,512,16,8192,96.36760835820895
1024,512,16,16384,143.51352358208956
1024,512,32,16,46.927866268656715
1024,512,32,32,47.51621731343283
1024,512,32,64,48.1025623880597
1024,512,32,128,50.46459223880597
1024,512,32,256,52.366853731343284
1024,512,32,512,55.76256
1024,512,32,1024,61.56121791044776
1024,512,32,2048,73.61629611940297
1024,512,32,4096,96.92807641791045
1024,512,32,8192,143.3937671641791
1024,512,32,16384,234.41165373134328
1024,512,64,16,47.77518805970149
1024,512,64,32,48.778774925373135
1024,512,64,64,49.67283582089552
1024,512,64,128,51.84469970149254
1024,512,64,256,55.04582686567164
1024,512,64,512,60.73957253731343
1024,512,64,1024,73.09193552238806
1024,512,64,2048,96.26690865671641
1024,512,64,4096,142.563496119403
1024,512,64,8192,233.98438208955224
1024,512,64,16384,417.19765970149257
1024,512,128,16,49.11678089552239
1024,512,128,32,50.993165373134325
1024,512,128,64,53.07094925373134
1024,512,128,128,56.25883701492537
1024,512,128,256,62.53250865671642
1024,512,128,512,74.36071164179104
1024,512,128,1024,97.8676728358209
1024,512,128,2048,144.28802865671642
1024,512,128,4096,237.59512835820897
1024,512,128,8192,424.95474626865666
1024,512,128,16384,795.0863283582089
1024,1024,0,0,55.76897910447761
1024,1024,1,16,57.112778507462686
1024,1024,1,32,57.70534208955224
1024,1024,1,64,58.1097456716418
1024,1024,1,128,59.05756656716417
1024,1024,1,256,59.36789014925373
1024,1024,1,512,59.42566208955224
1024,1024,1,1024,59.536993432835814
1024,1024,1,2048,59.9518280597015
1024,1024,1,4096,60.36505791044777
1024,1024,1,8192,62.87272119402985
1024,1024,1,16384,66.28126567164179
1024,1024,2,16,57.04638089552238
1024,1024,2,32,57.733225074626866
1024,1024,2,64,57.91295999999999
1024,1024,2,128,59.235295522388064
1024,1024,2,256,59.31653731343283
1024,1024,2,512,59.41081791044776
1024,1024,2,1024,59.70389014925372
1024,1024,2,2048,60.17870328358209
1024,1024,2,4096,62.38506985074627
1024,1024,2,8192,65.76131820895522
1024,1024,2,16384,71.53209313432836
1024,1024,4,16,57.27546268656716
1024,1024,4,32,57.56191522388059
1024,1024,4,64,57.863813731343285
1024,1024,4,128,59.17531701492537
1024,1024,4,256,59.3636776119403
1024,1024,4,512,59.552038208955224
1024,1024,4,1024,60.01621970149253
1024,1024,4,2048,62.254280597014926
1024,1024,4,4096,65.74647402985075
1024,1024,4,8192,71.45927641791044
1024,1024,4,16384,83.2449528358209
1024,1024,8,16,56.99502805970149
1024,1024,8,32,57.701129552238804
1024,1024,8,64,57.91095402985074
1024,1024,8,128,59.34020776119402
1024,1024,8,256,59.59055283582089
1024,1024,8,512,60.82723343283582
1024,1024,8,1024,62.23301731343283
1024,1024,8,2048,65.72059701492537
1024,1024,8,4096,71.48294686567164
1024,1024,8,8192,83.02650268656716
1024,1024,8,16384,105.05045014925372
1024,1024,16,16,57.18118208955224
1024,1024,16,32,57.62630686567164
1024,1024,16,64,58.21686447761194
1024,1024,16,128,59.78112
1024,1024,16,256,60.6966447761194
1024,1024,16,512,62.609537910447756
1024,1024,16,1024,66.0371391044776
1024,1024,16,2048,71.96859223880597
1024,1024,16,4096,83.55708179104477
1024,1024,16,8192,107.55390089552237
1024,1024,16,16384,153.38189373134327
1024,1024,32,16,57.32039641791045
1024,1024,32,32,57.78899104477611
1024,1024,32,64,58.52919402985074
1024,1024,32,128,60.95782208955224
1024,1024,32,256,62.63742089552238
1024,1024,32,512,65.98598686567163
1024,1024,32,1024,72.54631164179104
1024,1024,32,2048,83.75607402985074
1024,1024,32,4096,107.19242507462685
1024,1024,32,8192,153.74557611940298
1024,1024,32,16384,245.14760597014924
1024,1024,64,16,58.103326567164174
1024,1024,64,32,59.123964179104476
1024,1024,64,64,60.358638805970145
1024,1024,64,128,62.158395223880596
1024,1024,64,256,65.43173731343283
1024,1024,64,512,71.26670328358209
1024,1024,64,1024,83.25558447761193
1024,1024,64,2048,106.88631402985075
1024,1024,64,4096,153.55500895522388
1024,1024,64,8192,244.67820895522388
1024,1024,64,16384,428.1723223880596
1024,1024,128,16,59.530574328358206
1024,1024,128,32,61.59331343283582
1024,1024,128,64,63.574610149253736
1024,1024,128,128,66.53602388059701
1024,1024,128,256,72.97659223880598
1024,1024,128,512,84.53298626865671
1024,1024,128,1024,108.03954626865672
1024,1024,128,2048,155.13852179104478
1024,1024,128,4096,247.20573134328356
1024,1024,128,8192,434.5894208955224
1024,1024,128,16384,807.3769074626865
1024,2048,0,0,74.38418149253732
1024,2048,1,16,75.41565134328359
1024,2048,1,32,75.74101970149253
1024,2048,1,64,76.50890507462687
1024,2048,1,128,77.64949970149253
1024,2048,1,256,77.70085253731344
1024,2048,1,512,77.89141970149254
1024,2048,1,1024,77.86774925373135
1024,2048,1,2048,78.20796179104477
1024,2048,1,4096,78.7513791044776
1024,2048,1,8192,81.26345552238806
1024,2048,1,16384,84.63368597014924
1024,2048,2,16,75.4284895522388
1024,2048,2,32,75.91634149253731
1024,2048,2,64,76.3977743283582
1024,2048,2,128,77.5915271641791
1024,2048,2,256,77.78851343283583
1024,2048,2,512,77.57046447761194
1024,2048,2,1024,78.12030089552239
1024,2048,2,2048,78.62299701492537
1024,2048,2,4096,80.61512597014925
1024,2048,2,8192,84.26117731343284
1024,2048,2,16384,89.93767164179104
1024,2048,4,16,75.50331223880596
1024,2048,4,32,75.84151880597015
1024,2048,4,64,76.5582519402985
1024,2048,4,128,77.88279402985074
1024,2048,4,256,77.64508656716417
1024,2048,4,512,77.9425719402985
1024,2048,4,1024,78.58247641791044
1024,2048,4,2048,80.57239880597015
1024,2048,4,4096,84.12216358208954
1024,2048,4,8192,90.03175164179105
1024,2048,4,16384,101.1518471641791
1024,2048,8,16,75.65937671641791
1024,2048,8,32,75.9526495522388
1024,2048,8,64,76.47480358208955
1024,2048,8,128,78.07957970149253
1024,2048,8,256,78.2183928358209
1024,2048,8,512,78.74295402985075
1024,2048,8,1024,80.67510447761194
1024,2048,8,2048,83.84373492537313
1024,2048,8,4096,89.93987820895522
1024,2048,8,8192,101.63127402985074
1024,2048,8,16384,123.5886232835821
1024,2048,16,16,75.48405492537314
1024,2048,16,32,76.25655402985075
1024,2048,16,64,76.71672358208956
1024,2048,16,128,78.2936167164179
1024,2048,16,256,79.49398925373134
1024,2048,16,512,81.13066029850746
1024,2048,16,1024,84.46237611940299
1024,2048,16,2048,90.65881791044775
1024,2048,16,4096,102.58772059701492
1024,2048,16,8192,125.34083820895523
1024,2048,16,16384,172.2582734328358
1024,2048,32,16,75.91212895522388
1024,2048,32,32,76.37651104477611
1024,2048,32,64,77.24068298507461
1024,2048,32,128,79.60090746268656
1024,2048,32,256,81.28692537313434
1024,2048,32,512,84.75966089552239
1024,2048,32,1024,90.77636776119402
1024,2048,32,2048,102.24750805970149
1024,2048,32,4096,125.46741492537313
1024,2048,32,8192,171.93310567164178
1024,2048,32,16384,263.49822089552237
1024,2048,64,16,76.73798686567164
1024,2048,64,32,77.54458746268656
1024,2048,64,64,78.67655641791045
1024,2048,64,128,80.73708895522387
1024,2048,64,256,83.88666268656716
1024,2048,64,512,89.90798328358208
1024,2048,64,1024,101.61602865671641
1024,2048,64,2048,125.57012059701492
1024,2048,64,4096,171.14556179104477
1024,2048,64,8192,263.43001791044776
1024,2048,64,16384,446.81982089552235
1024,2048,128,16,77.99171820895522
1024,2048,128,32,80.04823880597014
1024,2048,128,64,82.21147701492538
1024,2048,128,128,85.27338985074627
1024,2048,128,256,91.46983164179105
1024,2048,128,512,103.53995462686566
1024,2048,128,1024,126.4088167164179
1024,2048,128,2048,173.56135164179105
1024,2048,128,4096,266.1842149253731
1024,2048,128,8192,452.2459701492537
1024,2048,128,16384,823.9081074626865
1024,4096,0,0,111.20617074626865
1024,4096,1,16,112.62479283582088
1024,4096,1,32,112.94594865671641
1024,4096,1,64,113.73951044776119
1024,4096,1,128,114.77098029850747
1024,4096,1,256,115.04479522388058
1024,4096,1,512,114.8756919402985
1024,4096,1,1024,115.04920835820896
1024,4096,1,2048,115.64197253731344
1024,4096,1,4096,116.08509134328358
1024,4096,1,8192,118.41763343283583
1024,4096,1,16384,121.82116298507462
1024,4096,2,16,112.61195462686567
1024,4096,2,32,113.1876680597015
1024,4096,2,64,113.42738149253731
1024,4096,2,128,114.72825313432836
1024,4096,2,256,114.75834268656715
1024,4096,2,512,114.94229014925372
1024,4096,2,1024,115.22693731343283
1024,4096,2,2048,115.26745791044775
1024,4096,2,4096,117.81363582089553
1024,4096,2,8192,121.25848835820896
1024,4096,2,16384,127.30969791044775
1024,4096,4,16,112.59069134328358
1024,4096,4,32,112.96741253731342
1024,4096,4,64,113.43580656716418
1024,4096,4,128,114.9057814925373
1024,4096,4,256,114.79886328358208
1024,4096,4,512,115.01269970149254
1024,4096,4,1024,115.4449862686567
1024,4096,4,2048,117.8222614925373
1024,4096,4,4096,121.10021731343282
1024,4096,4,8192,126.87099223880597
1024,4096,4,16384,138.66489313432834
1024,4096,8,16,112.72970507462686
1024,4096,8,32,113.08696835820895
1024,4096,8,64,113.34172656716419
1024,4096,8,128,115.06625910447761
1024,4096,8,256,115.20968597014924
1024,4096,8,512,115.92641910447762
1024,4096,8,1024,117.60180537313433
1024,4096,8,2048,120.89259940298507
1024,4096,8,4096,126.84972895522388
1024,4096,8,8192,138.37824
1024,4096,8,16384,160.21162029850746
1024,4096,16,16,112.46872835820895
1024,4096,16,32,112.74053731343282
1024,4096,16,64,113.7268728358209
1024,4096,16,128,115.25682626865671
1024,4096,16,256,116.3051462686567
1024,4096,16,512,118.01884656716418
1024,4096,16,1024,121.25427582089551
1024,4096,16,2048,127.60477611940298
1024,4096,16,4096,139.21292417910448
1024,4096,16,8192,162.77284298507462
1024,4096,16,16384,209.00403582089552
1024,4096,32,16,112.53933850746269
1024,4096,32,32,113.50200358208956
1024,4096,32,64,113.99206208955223
1024,4096,32,128,116.36933731343284
1024,4096,32,256,118.11954626865672
1024,4096,32,512,121.26069492537313
1024,4096,32,1024,127.6840119402985
1024,4096,32,2048,139.72805731343283
1024,4096,32,4096,162.3836847761194
1024,4096,32,8192,208.69912835820898
1024,4096,32,16384,300.4261253731343
1024,4096,64,16,113.52567402985073
1024,4096,64,32,114.44781850746267
1024,4096,64,64,115.53926686567164
1024,4096,64,128,117.70029850746269
1024,4096,64,256,120.766423880597
1024,4096,64,512,126.66758686567164
1024,4096,64,1024,138.79327522388058
1024,4096,64,2048,162.31929313432838
1024,4096,64,4096,208.25781492537314
1024,4096,64,8192,299.9567283582089
1024,4096,64,16384,483.3826388059701
1024,4096,128,16,114.9057814925373
1024,4096,128,32,116.89149134328358
1024,4096,128,64,118.95844298507464
1024,4096,128,128,122.34752955223881
1024,4096,128,256,128.35801791044776
1024,4096,128,512,140.2076847761194
1024,4096,128,1024,163.84704
1024,4096,128,2048,210.59477014925372
1024,4096,128,4096,303.6477134328358
1024,4096,128,8192,489.69542686567166
1024,4096,128,16384,862.5832119402985
1024,8192,0,0,184.54825074626865
1024,8192,1,16,186.2065862686567
1024,8192,1,32,186.15342805970147
1024,8192,1,64,186.93194507462687
1024,8192,1,128,188.1409432835821
1024,8192,1,256,188.23502328358208
1024,8192,1,512,188.14956895522388
1024,8192,1,1024,188.45989253731344
1024,8192,1,2048,188.6478519402985
1024,8192,1,4096,189.26228059701492
1024,8192,1,8192,191.8513862686567
1024,8192,1,16384,195.34759164179104
1024,8192,2,16,185.6697886567164
1024,8192,2,32,186.30969313432834
1024,8192,2,64,186.69644417910447
1024,8192,2,128,188.07053373134326
1024,8192,2,256,188.32308537313432
1024,8192,2,512,188.2801576119403
1024,8192,2,1024,188.77884179104478
1024,8192,2,2048,188.83861970149255
1024,8192,2,4096,191.36554029850745
1024,8192,2,8192,194.95602626865673
1024,8192,2,16384,200.51717731343282
1024,8192,4,16,185.79817074626865
1024,8192,4,32,186.04430328358208
1024,8192,4,64,186.70547104477612
1024,8192,4,128,187.71066268656716
1024,8192,4,256,187.71306985074628
1024,8192,4,512,188.30362746268656
1024,8192,4,1024,188.90261014925372
1024,8192,4,2048,190.48170985074626
1024,8192,4,4096,194.31431641791042
1024,8192,4,8192,200.36512477611942
1024,8192,4,16384,211.55763582089554
1024,8192,8,16,185.7873385074627
1024,8192,8,32,186.18773014925372
1024,8192,8,64,186.63245373134328
1024,8192,8,128,188.11526686567166
1024,8192,8,256,187.8073504477612
1024,8192,8,512,188.96038208955224
1024,8192,8,1024,190.9224214925373
1024,8192,8,2048,194.23929313432836
1024,8192,8,4096,200.26442507462687
1024,8192,8,8192,211.60979104477613
1024,8192,8,16384,233.76974328358207
1024,8192,16,16,185.5542447761194
1024,8192,16,32,186.19194268656716
1024,8192,16,64,186.82964059701493
1024,8192,16,128,188.2887832835821
1024,8192,16,256,189.12968597014924
1024,8192,16,512,191.12823402985074
1024,8192,16,1024,194.48341970149255
1024,8192,16,2048,200.37796298507462
1024,8192,16,4096,212.23164179104478
1024,8192,16,8192,235.82586268656715
1024,8192,16,16384,282.0394029850746
1024,8192,32,16,185.78753910447762
1024,8192,32,32,186.66053731343283
1024,8192,32,64,187.11208119402983
1024,8192,32,128,189.94270567164176
1024,8192,32,256,191.36152835820897
1024,8192,32,512,194.77428537313432
1024,8192,32,1024,200.7153671641791
1024,8192,32,2048,212.64286567164177
1024,8192,32,4096,236.3253492537313
1024,8192,32,8192,281.76057313432835
1024,8192,32,16384,374.5427104477612
1024,8192,64,16,186.62844179104476
1024,8192,64,32,187.56121791044777
1024,8192,64,64,188.79027582089552
1024,8192,64,128,190.60166686567163
1024,8192,64,256,193.96969074626864
1024,8192,64,512,199.92862567164178
1024,8192,64,1024,211.8043701492537
1024,8192,64,2048,235.00742686567162
1024,8192,64,4096,282.1577552238806
1024,8192,64,8192,373.5738268656716
1024,8192,64,16384,556.9957253731343
1024,8192,128,16,188.0105552238806
1024,8192,128,32,190.19064358208956
1024,8192,128,64,192.23211940298506
1024,8192,128,128,195.4159952238806
1024,8192,128,256,201.24895522388059
1024,8192,128,512,213.3269014925373
1024,8192,128,1024,237.5590208955224
1024,8192,128,2048,282.64921791044776
1024,8192,128,4096,375.66003582089553
1024,8192,128,8192,562.0628059701492
1024,8192,128,16384,933.5464119402985
1024,16384,0,0,331.4344119402985
1024,16384,1,16,333.83957014925375
1024,16384,1,32,333.1073910447761
1024,16384,1,64,334.33303880597015
1024,16384,1,128,335.18958805970146
1024,16384,1,256,335.4002149253731
1024,16384,1,512,335.26982686567163
1024,16384,1,1024,335.723176119403
1024,16384,1,2048,336.43930746268654
1024,16384,1,4096,336.2748179104477
1024,16384,1,8192,338.67997611940297
1024,16384,1,16384,342.5494925373134
1024,16384,2,16,332.4795223880597
1024,16384,2,32,333.70115820895523
1024,16384,2,64,334.0742686567164
1024,16384,2,128,335.5005134328358
1024,16384,2,256,335.57874626865674
1024,16384,2,512,335.09530746268655
1024,16384,2,1024,335.1334208955224
1024,16384,2,2048,335.76329552238803
1024,16384,2,4096,337.93576119402985
1024,16384,2,8192,342.01991641791045
1024,16384,2,16384,347.6145671641791
1024,16384,4,16,332.25084179104476
1024,16384,4,32,332.798471641791
1024,16384,4,64,333.41229850746265
1024,16384,4,128,335.0371343283582
1024,16384,4,256,335.067223880597
1024,16384,4,512,335.3099462686567
1024,16384,4,1024,335.3420417910448
1024,16384,4,2048,338.0902208955224
1024,16384,4,4096,341.5063880597015
1024,16384,4,8192,347.7188776119403
1024,16384,4,16384,359.1689552238806
1024,16384,8,16,332.8024835820895
1024,16384,8,32,333.4423880597015
1024,16384,8,64,333.9980417910448
1024,16384,8,128,335.72919402985076
1024,16384,8,256,336.04613731343284
1024,16384,8,512,335.6750328358209
1024,16384,8,1024,337.7110925373134
1024,16384,8,2048,341.43016119402984
1024,16384,8,4096,346.9505910447761
1024,16384,8,8192,358.62333134328355
1024,16384,8,16384,380.53855522388056
1024,16384,16,16,333.4925373134328
1024,16384,16,32,333.5426865671642
1024,16384,16,64,333.74328358208953
1024,16384,16,128,335.5827582089552
1024,16384,16,256,336.3249671641791
1024,16384,16,512,338.4653373134328
1024,16384,16,1024,341.1974686567164
1024,16384,16,2048,347.19531940298504
1024,16384,16,4096,358.91018507462684
1024,16384,16,8192,382.9397014925373
1024,16384,16,16384,429.45814925373134
1024,16384,32,16,332.9549373134328
1024,16384,32,32,333.8154985074627
1024,16384,32,64,334.50555223880593
1024,16384,32,128,336.73017313432837
1024,16384,32,256,338.39111641791044
1024,16384,32,512,341.70698507462686
1024,16384,32,1024,347.5945074626865
1024,16384,32,2048,358.91219104477614
1024,16384,32,4096,382.56659104477615
1024,16384,32,8192,427.72900298507466
1024,16384,32,16384,519.3998328358209
1024,16384,64,16,333.92181492537316
1024,16384,64,32,334.3430686567164
1024,16384,64,64,335.80140895522385
1024,16384,64,128,337.4824119402985
1024,16384,64,256,341.2275582089552
1024,16384,64,512,346.6376597014925
1024,16384,64,1024,359.646376119403
1024,16384,64,2048,382.24563582089553
1024,16384,64,4096,428.73600000000005
1024,16384,64,8192,521.0688
1024,16384,64,16384,703.5358567164179
1024,16384,128,16,334.98297313432835
1024,16384,128,32,337.4402865671642
1024,16384,128,64,339.26772537313434
1024,16384,128,128,342.38299701492537
1024,16384,128,256,348.6396179104477
1024,16384,128,512,360.35047164179105
1024,16384,128,1024,384.4120835820895
1024,16384,128,2048,431.65468656716416
1024,16384,128,4096,523.1189014925372
1024,16384,128,8192,711.2789014925373
1024,16384,128,16384,1082.7243940298508
2048,0,0,0,63.7198423880597
2048,0,1,16,65.25641552238805
2048,0,1,32,65.67145074626866
2048,0,1,64,66.07806089552238
2048,0,1,128,67.37251343283582
2048,0,1,256,67.42607283582089
2048,0,1,512,67.48785671641791
2048,0,1,1024,67.60360119402985
2048,0,1,2048,67.98092417910448
2048,0,1,4096,68.48301850746269
2048,0,1,8192,70.84966208955224
2048,0,1,16384,74.51256358208956
2048,0,2,16,65.18139223880597
2048,0,2,32,65.61588537313433
2048,0,2,64,66.10995582089552
2048,0,2,128,67.56729313432837
2048,0,2,256,67.45174925373134
2048,0,2,512,67.48805731343283
2048,0,2,1024,68.02505552238806
2048,0,2,2048,68.3803128358209
2048,0,2,4096,70.42379462686567
2048,0,2,8192,74.05700776119403
2048,0,2,16384,79.98164059701493
2048,0,4,16,65.27567283582088
2048,0,4,32,65.80645253731343
2048,0,4,64,66.17434746268657
2048,0,4,128,67.50932059701492
2048,0,4,256,67.62486447761194
2048,0,4,512,67.79176119402985
2048,0,4,1024,68.1660752238806
2048,0,4,2048,70.48357253731344
2048,0,4,4096,73.93925731343283
2048,0,4,8192,79.9988919402985
2048,0,4,16384,91.61526447761194
2048,0,8,16,65.27146029850746
2048,0,8,32,65.90253850746268
2048,0,8,64,66.21065552238805
2048,0,8,128,67.47963223880598
2048,0,8,256,67.68925611940298
2048,0,8,512,68.831656119403
2048,0,8,1024,70.29320597014926
2048,0,8,2048,73.78519880597014
2048,0,8,4096,79.79127402985074
2048,0,8,8192,91.34987462686567
2048,0,8,16384,113.02719044776119
2048,0,16,16,65.46824597014925
2048,0,16,32,65.76131820895522
2048,0,16,64,66.50593432835821
2048,0,16,128,68.04852537313432
2048,0,16,256,68.87237731343284
2048,0,16,512,70.79189014925373
2048,0,16,1024,74.2046471641791
2048,0,16,2048,80.28554507462687
2048,0,16,4096,92.16730746268657
2048,0,16,8192,115.63334686567164
2048,0,16,16384,161.4697647761194
2048,0,32,16,65.7912071641791
2048,0,32,32,66.08448
2048,0,32,64,66.76490507462687
2048,0,32,128,69.24247880597015
2048,0,32,256,71.1276895522388
2048,0,32,512,74.21086567164178
2048,0,32,1024,80.42696597014925
2048,0,32,2048,91.93842626865671
2048,0,32,4096,115.75751641791045
2048,0,32,8192,163.12810029850746
2048,0,32,16384,254.41318208955224
2048,0,64,16,66.18297313432836
2048,0,64,32,67.1478447761194
2048,0,64,64,68.31411582089551
2048,0,64,128,70.23764059701492
2048,0,64,256,73.44277970149253
2048,0,64,512,79.37623880597015
2048,0,64,1024,91.44616119402986
2048,0,64,2048,115.11560597014925
2048,0,64,4096,160.85573731343283
2048,0,64,8192,252.72014328358208
2048,0,64,16384,436.04374925373133
2048,0,128,16,67.84772776119402
2048,0,128,32,69.58269134328357
2048,0,128,64,71.67331343283583
2048,0,128,128,75.11395343283581
2048,0,128,256,81.13948656716418
2048,0,128,512,93.04030567164179
2048,0,128,1024,116.09552238805969
2048,0,128,2048,163.09801074626864
2048,0,128,4096,256.35496119402984
2048,0,128,8192,444.1599044776119
2048,0,128,16384,813.1741611940298
2048,16,0,0,66.09731820895522
2048,16,1,16,67.45194985074626
2048,16,1,32,68.12776119402984
2048,16,1,64,68.42745313432836
2048,16,1,128,69.68760358208955
2048,16,1,256,69.75600716417911
2048,16,1,512,69.87837134328358
2048,16,1,1024,69.67275940298508
2048,16,1,2048,70.05369313432836
2048,16,1,4096,70.70182208955224
2048,16,1,8192,73.1840095522388
2048,16,1,16384,76.49426149253732
2048,16,2,16,67.6056071641791
2048,16,2,32,68.03809432835821
2048,16,2,64,68.28402626865672
2048,16,2,128,69.68118447761195
2048,16,2,256,69.76904597014925
2048,16,2,512,69.85470089552238
2048,16,2,1024,70.04928
2048,16,2,2048,70.56501492537313
2048,16,2,4096,72.79445014925373
2048,16,2,8192,76.31653253731344
2048,16,2,16384,82.54085731343284
2048,16,4,16,67.51594029850746
2048,16,4,32,67.82405731343283
2048,16,4,64,68.60297552238806
2048,16,4,128,69.79030925373134
2048,16,4,256,69.73895641791044
2048,16,4,512,69.99150805970149
2048,16,4,1024,70.55418268656716
2048,16,4,2048,72.62334089552239
2048,16,4,4096,76.13258507462686
2048,16,4,8192,81.93525492537313
2048,16,4,16384,93.64791402985074
2048,16,8,16,67.65495402985074
2048,16,8,32,68.05514507462686
2048,16,8,64,68.53437134328358
2048,16,8,128,69.84607522388059
2048,16,8,256,70.11146507462686
2048,16,8,512,71.11926447761194
2048,16,8,1024,72.69836417910449
2048,16,8,2048,75.89066507462687
2048,16,8,4096,82.23915940298507
2048,16,8,8192,93.48101731343283
2048,16,8,16384,115.72963343283583
2048,16,16,16,67.56488597014925
2048,16,16,32,68.19415880597015
2048,16,16,64,68.84248835820895
2048,16,16,128,70.33593313432836
2048,16,16,256,71.44242626865672
2048,16,16,512,73.08551641791044
2048,16,16,1024,76.7273552238806
2048,16,16,2048,82.44236417910447
2048,16,16,4096,94.18731940298508
2048,16,16,8192,117.77311522388061
2048,16,16,16384,164.13369313432835
2048,16,32,16,67.65716059701492
2048,16,32,32,68.4958567164179
2048,16,32,64,68.91510447761195
2048,16,32,128,71.44864477611941
2048,16,32,256,73.28029611940298
2048,16,32,512,76.52836298507462
2048,16,32,1024,82.6907032835821
2048,16,32,2048,93.96245014925373
2048,16,32,4096,117.81804895522387
2048,16,32,8192,164.49316298507463
2048,16,32,16384,255.24967164179105
2048,16,64,16,68.20278447761194
2048,16,64,32,69.61699343283581
2048,16,64,64,70.63542447761193
2048,16,64,128,72.54851820895523
2048,16,64,256,75.92476656716418
2048,16,64,512,82.00807164179105
2048,16,64,1024,93.5281576119403
2048,16,64,2048,117.25497313432835
2048,16,64,4096,163.24785671641789
2048,16,64,8192,255.5505671641791
2048,16,64,16384,436.7117373134328
2048,16,128,16,70.20755104477611
2048,16,128,32,72.09918089552238
2048,16,128,64,74.0654328358209
2048,16,128,128,77.40557373134328
2048,16,128,256,83.52097432835821
2048,16,128,512,95.22280119402986
2048,16,128,1024,118.87940776119403
2048,16,128,2048,165.252823880597
2048,16,128,4096,258.28871641791045
2048,16,128,8192,444.35448358208953
2048,16,128,16384,815.8661731343284
2048,32,0,0,66.08006686567164
2048,32,1,16,67.47321313432836
2048,32,1,32,67.78754865671641
2048,32,1,64,68.4743928358209
2048,32,1,128,69.60836776119402
2048,32,1,256,69.8524943283582
2048,32,1,512,69.9638256716418
2048,32,1,1024,70.08358208955224
2048,32,1,2048,70.05770507462687
2048,32,1,4096,70.6613014925373
2048,32,1,8192,73.25682626865672
2048,32,1,16384,76.92634746268656
2048,32,2,16,67.56508656716417
2048,32,2,32,68.08724059701493
2048,32,2,64,68.45092298507463
2048,32,2,128,69.7796776119403
2048,32,2,256,69.8524943283582
2048,32,2,512,69.81177313432835
2048,32,2,1024,70.15419223880596
2048,32,2,2048,70.5134614925373
2048,32,2,4096,72.39646567164178
2048,32,2,8192,76.33338268656716
2048,32,2,16384,82.08931343283582
2048,32,4,16,67.31674746268656
2048,32,4,32,67.8902543283582
2048,32,4,64,68.29666388059701
2048,32,4,128,69.39653731343283
2048,32,4,256,69.53996417910447
2048,32,4,512,69.88659582089552
2048,32,4,1024,70.53291940298507
2048,32,4,2048,72.37720835820896
2048,32,4,4096,75.97832597014926
2048,32,4,8192,81.95892537313432
2048,32,4,16384,93.51311283582089
2048,32,8,16,67.36188179104478
2048,32,8,32,67.97811582089552
2048,32,8,64,68.46155462686566
2048,32,8,128,69.78409074626866
2048,32,8,256,69.74958805970148
2048,32,8,512,70.93952955223881
2048,32,8,1024,72.59325134328358
2048,32,8,2048,76.07481313432837
2048,32,8,4096,81.87527641791044
2048,32,8,8192,93.64149492537314
2048,32,8,16384,115.59683820895522
2048,32,16,16,67.5929695522388
2048,32,16,32,67.72135164179105
2048,32,16,64,68.69284298507462
2048,32,16,128,70.11347104477612
2048,32,16,256,71.00793313432835
2048,32,16,512,73.05542686567163
2048,32,16,1024,76.26939223880596
2048,32,16,2048,82.53885134328358
2048,32,16,4096,94.34779701492536
2048,32,16,8192,117.27643701492536
2048,32,16,16384,164.72645731343283
2048,32,32,16,67.62285850746268
2048,32,32,32,68.3052895522388
2048,32,32,64,68.93877492537314
2048,32,32,128,71.55114985074626
2048,32,32,256,73.08752238805971
2048,32,32,512,76.62886208955224
2048,32,32,1024,82.66061373134328
2048,32,32,2048,93.88762746268657
2048,32,32,4096,117.34102925373134
2048,32,32,8192,163.72066388059702
2048,32,32,16384,256.90058507462686
2048,32,64,16,68.45533611940299
2048,32,64,32,69.19995223880598
2048,32,64,64,70.57765253731344
2048,32,64,128,72.28312835820896
2048,32,64,256,75.55687164179105
2048,32,64,512,81.89453373134329
2048,32,64,1024,93.85994507462686
2048,32,64,2048,117.16089313432836
2048,32,64,4096,164.30279641791043
2048,32,64,8192,255.09721791044777
2048,32,64,16384,439.64446567164174
2048,32,128,16,70.03644179104477
2048,32,128,32,71.97942447761194
2048,32,128,64,73.95851462686566
2048,32,128,128,77.23225791044776
2048,32,128,256,83.45437611940298
2048,32,128,512,95.38107223880597
2048,32,128,1024,118.37851701492536
2048,32,128,2048,165.60366805970148
2048,32,128,4096,258.41308656716416
2048,32,128,8192,444.83391044776124
2048,32,128,16384,816.3375761194029
2048,64,0,0,66.30473552238806
2048,64,1,16,68.17490149253732
2048,64,1,32,68.17068895522388
2048,64,1,64,68.77829731343283
2048,64,1,128,69.84607522388059
2048,64,1,256,69.97646328358209
2048,64,1,512,69.91447880597015
2048,64,1,1024,70.25469134328358
2048,64,1,2048,70.33813970149254
2048,64,1,4096,70.77885134328358
2048,64,1,8192,73.49433313432836
2048,64,1,16384,76.90488358208955
2048,64,2,16,67.74883343283582
2048,64,2,32,68.15143164179104
2048,64,2,64,68.48743164179105
2048,64,2,128,69.87596417910447
2048,64,2,256,70.08358208955224
2048,64,2,512,69.92731701492538
2048,64,2,1024,70.40233074626866
2048,64,2,2048,70.79610268656717
2048,64,2,4096,73.01069373134328
2048,64,2,8192,76.69746626865671
2048,64,2,16384,82.45941492537312
2048,64,4,16,67.59076298507462
2048,64,4,32,68.1684823880597
2048,64,4,64,68.72915104477612
2048,64,4,128,70.2248023880597
2048,64,4,256,69.83744955223881
2048,64,4,512,70.58407164179104
2048,64,4,1024,70.86029373134329
2048,64,4,2048,72.92082626865671
2048,64,4,4096,76.41482507462686
2048,64,4,8192,82.3888047761194
2048,64,4,16384,93.91952238805969
2048,64,8,16,67.83047641791045
2048,64,8,32,68.22625432835821
2048,64,8,64,68.8767904477612
2048,64,8,128,70.00434626865672
2048,64,8,256,70.29962507462686
2048,64,8,512,71.36740298507462
2048,64,8,1024,73.06625910447761
2048,64,8,2048,76.41703164179104
2048,64,8,4096,82.34627820895521
2048,64,8,8192,93.389143880597
2048,64,8,16384,115.90936835820895
2048,64,16,16,67.8198447761194
2048,64,16,32,68.31411582089551
2048,64,16,64,68.93014925373134
2048,64,16,128,70.34235223880597
2048,64,16,256,71.48936597014925
2048,64,16,512,73.21169194029851
2048,64,16,1024,76.70809791044776
2048,64,16,2048,82.60906029850746
2048,64,16,4096,94.39052417910447
2048,64,16,8192,118.0126280597015
2048,64,16,16384,164.1080167164179
2048,64,32,16,68.17068895522388
2048,64,32,32,68.57088
2048,64,32,64,69.3433791044776
2048,64,32,128,71.75475582089553
2048,64,32,256,73.36795701492537
2048,64,32,512,76.79776477611941
2048,64,32,1024,82.73984955223881
2048,64,32,2048,94.48239761194029
2048,64,32,4096,117.40722626865671
2048,64,32,8192,163.84704
2048,64,32,16384,254.94275820895524
2048,64,64,16,68.70568119402985
2048,64,64,32,69.84366805970149
2048,64,64,64,70.92669134328358
2048,64,64,128,72.94008358208956
2048,64,64,256,76.03609791044775
2048,64,64,512,82.07868179104477
2048,64,64,1024,94.08661970149254
2048,64,64,2048,117.10312119402985
2048,64,64,4096,163.42759164179105
2048,64,64,8192,254.74817910447763
2048,64,64,16384,438.36866865671647
2048,64,128,16,70.25689791044775
2048,64,128,32,72.50398567164179
2048,64,128,64,74.23874865671641
2048,64,128,128,77.88279402985074
2048,64,128,256,83.68987701492537
2048,64,128,512,95.55238208955222
2048,64,128,1024,119.26856597014925
2048,64,128,2048,166.00586507462685
2048,64,128,4096,257.7350686567164
2048,64,128,8192,444.58316417910453
2048,64,128,16384,817.8320238805969
2048,128,0,0,69.70686089552238
2048,128,1,16,70.67614567164179
2048,128,1,32,71.49357850746269
2048,128,1,64,71.78685134328357
2048,128,1,128,73.2243295522388
2048,128,1,256,73.32944238805969
2048,128,1,512,73.17317731343283
2048,128,1,1024,73.19243462686566
2048,128,1,2048,73.71659462686567
2048,128,1,4096,74.03313671641791
2048,128,1,8192,76.59456
2048,128,1,16384,80.18905791044776
2048,128,2,16,70.86671283582089
2048,128,2,32,71.52567402985075
2048,128,2,64,71.88293731343283
2048,128,2,128,73.12403104477612
2048,128,2,256,73.08130388059702
2048,128,2,512,73.19464119402986
2048,128,2,1024,73.26103880597014
2048,128,2,2048,73.98840358208955
2048,128,2,4096,76.54762029850745
2048,128,2,8192,79.88314746268657
2048,128,2,16384,85.69905671641791
2048,128,4,16,70.9435414925373
2048,128,4,32,71.70540895522387
2048,128,4,64,71.94712835820896
2048,128,4,128,73.06405253731343
2048,128,4,256,73.23094925373134
2048,128,4,512,73.57336835820895
2048,128,4,1024,74.1382495522388
2048,128,4,2048,76.40619940298508
2048,128,4,4096,79.54092895522388
2048,128,4,8192,85.52774686567163
2048,128,4,16384,96.95595940298507
2048,128,8,16,71.08476179104477
2048,128,8,32,71.5577695522388
2048,128,8,64,72.08213014925373
2048,128,8,128,73.31881074626865
2048,128,8,256,73.59463164179104
2048,128,8,512,74.51276417910448
2048,128,8,1024,76.08745074626866
2048,128,8,2048,79.4723247761194
2048,128,8,4096,85.30749134328357
2048,128,8,8192,97.4843319402985
2048,128,8,16384,119.51891104477612
2048,128,16,16,71.09338746268656
2048,128,16,32,71.91924537313433
2048,128,16,64,72.12906985074626
2048,128,16,128,73.6267271641791
2048,128,16,256,74.8465576119403
2048,128,16,512,76.49626746268657
2048,128,16,1024,80.0588704477612
2048,128,16,2048,85.87016597014924
2048,128,16,4096,97.83096358208955
2048,128,16,8192,121.3142543283582
2048,128,16,16384,167.0694304477612
2048,128,32,16,71.12127044776119
2048,128,32,32,71.82957850746268
2048,128,32,64,72.71320835820895
2048,128,32,128,74.92338626865671
2048,128,32,256,76.76787582089553
2048,128,32,512,79.92808119402986
2048,128,32,1024,86.3812871641791
2048,128,32,2048,98.23978029850747
2048,128,32,4096,120.60173373134329
2048,128,32,8192,167.94664119402987
2048,128,32,16384,259.10314029850747
2048,128,64,16,72.03498985074627
2048,128,64,32,72.86726686567164
2048,128,64,64,74.21748537313432
2048,128,64,128,75.99758328358209
2048,128,64,256,79.23501850746268
2048,128,64,512,85.45934328358209
2048,128,64,1024,96.92607044776119
2048,128,64,2048,120.9955056716418
2048,128,64,4096,167.85035462686568
2048,128,64,8192,258.89451940298505
2048,128,64,16384,441.4618746268656
2048,128,128,16,73.47066268656717
2048,128,128,32,75.77070805970149
2048,128,128,64,77.45692656716417
2048,128,128,128,80.88472835820896
2048,128,128,256,87.13693611940298
2048,128,128,512,98.76394029850746
2048,128,128,1024,122.11443582089552
2048,128,128,2048,168.62265313432837
2048,128,128,4096,263.0328358208955
2048,128,128,8192,447.99331343283586
2048,128,128,16384,820.3735880597014
2048,256,0,0,74.7952047761194
2048,256,1,16,76.07661850746268
2048,256,1,32,76.65253253731343
2048,256,1,64,76.6372871641791
2048,256,1,128,78.43463641791044
2048,256,1,256,78.5054471641791
2048,256,1,512,78.46051343283581
2048,256,1,1024,78.19733014925373
2048,256,1,2048,78.74716656716419
2048,256,1,4096,79.28637134328358
2048,256,1,8192,81.89894686567165
2048,256,1,16384,85.51510925373134
2048,256,2,16,76.2736047761194
2048,256,2,32,76.38714268656716
2048,256,2,64,76.8792071641791
2048,256,2,128,78.45830686567164
2048,256,2,256,78.51607880597014
2048,256,2,512,78.62099104477612
2048,256,2,1024,78.98246686567164
2048,256,2,2048,79.12168119402985
2048,256,2,4096,81.40888835820896
2048,256,2,8192,85.1598519402985
2048,256,2,16384,90.93704597014926
2048,256,4,16,76.09607641791045
2048,256,4,32,76.46196537313433
2048,256,4,64,77.24068298507461
2048,256,4,128,78.34055641791043
2048,256,4,256,78.28679641791045
2048,256,4,512,78.68939462686568
2048,256,4,1024,79.50000716417911
2048,256,4,2048,81.38742447761194
2048,256,4,4096,84.95845253731343
2048,256,4,8192,90.7847928358209
2048,256,4,16384,102.40156656716417
2048,256,8,16,75.90129671641792
2048,256,8,32,76.7464119402985
2048,256,8,64,77.37989731343283
2048,256,8,128,78.3275176119403
2048,256,8,256,78.90142567164179
2048,256,8,512,79.68876895522388
2048,256,8,1024,81.50296835820896
2048,256,8,2048,84.9416023880597
2048,256,8,4096,90.55611223880597
2048,256,8,8192,102.38652179104477
2048,256,8,16384,124.80183402985075
2048,256,16,16,76.54962626865671
2048,256,16,32,76.78713313432836
2048,256,16,64,77.56384477611941
2048,256,16,128,78.99971820895522
2048,256,16,256,79.85345910447761
2048,256,16,512,81.7982471641791
2048,256,16,1024,85.20899820895522
2048,256,16,2048,91.09110447761195
2048,256,16,4096,103.14377552238805
2048,256,16,8192,125.5572823880597
2048,256,16,16384,172.54693253731344
2048,256,32,16,76.62464955223881
2048,256,32,32,77.13797731343283
2048,256,32,64,77.48260298507462
2048,256,32,128,80.34331701492538
2048,256,32,256,82.06343641791045
2048,256,32,512,85.39093970149254
2048,256,32,1024,90.89191164179105
2048,256,32,2048,103.4199976119403
2048,256,32,4096,126.68925134328359
2048,256,32,8192,172.63479402985075
2048,256,32,16384,265.1150328358209
2048,256,64,16,77.1851176119403
2048,256,64,32,78.09883701492537
2048,256,64,64,78.91827582089552
2048,256,64,128,81.24620417910447
2048,256,64,256,84.46658865671643
2048,256,64,512,90.14749611940299
2048,256,64,1024,102.41641074626865
2048,256,64,2048,125.3390328358209
2048,256,64,4096,172.13390328358207
2048,256,64,8192,262.9947223880597
2048,256,64,16384,450.04742686567164
2048,256,128,16,78.51607880597014
2048,256,128,32,80.69837373134328
2048,256,128,64,82.36954746268657
2048,256,128,128,85.99854805970149
2048,256,128,256,92.09469134328359
2048,256,128,512,103.4049528358209
2048,256,128,1024,127.26897671641791
2048,256,128,2048,174.01269492537313
2048,256,128,4096,267.2794746268657
2048,256,128,8192,453.17272835820893
2048,256,128,16384,826.8829611940298
2048,512,0,0,86.21459104477613
2048,512,1,16,87.61395582089553
2048,512,1,32,87.90040835820896
2048,512,1,64,88.31985671641792
2048,512,1,128,89.6574376119403
2048,512,1,256,89.90136358208954
2048,512,1,512,89.93767164179104
2048,512,1,1024,90.02974567164179
2048,512,1,2048,90.08751761194029
2048,512,1,4096,90.78920597014925
2048,512,1,8192,93.27781253731342
2048,512,1,16384,96.75476059701492
2048,512,2,16,87.61194985074626
2048,512,2,32,88.16599880597015
2048,512,2,64,88.36920358208955
2048,512,2,128,89.7942447761194
2048,512,2,256,90.1176071641791
2048,512,2,512,90.01670686567165
2048,512,2,1024,90.41067940298508
2048,512,2,2048,90.62230925373133
2048,512,2,4096,92.8521456716418
2048,512,2,8192,96.62858507462686
2048,512,2,16384,101.99274985074626
2048,512,4,16,87.41496358208956
2048,512,4,32,88.11905910447761
2048,512,4,64,88.65605731343284
2048,512,4,128,90.03817074626865
2048,512,4,256,89.79223880597014
2048,512,4,512,90.03415880597015
2048,512,4,1024,90.68650029850747
2048,512,4,2048,92.81122388059701
2048,512,4,4096,96.1814543283582
2048,512,4,8192,102.2238376119403
2048,512,4,16384,113.39307940298508
2048,512,8,16,87.44284656716418
2048,512,8,32,88.1102328358209
2048,512,8,64,88.53409432835821
2048,512,8,128,89.95712955223881
2048,512,8,256,90.2780847761194
2048,512,8,512,91.69028776119403
2048,512,8,1024,92.70189850746269
2048,512,8,2048,96.18125373134329
2048,512,8,4096,102.09124298507463
2048,512,8,8192,113.92807164179105
2048,512,8,16384,136.01179701492535
2048,512,16,16,87.62679402985074
2048,512,16,32,88.16399283582089
2048,512,16,64,88.64763223880597
2048,512,16,128,90.32923701492537
2048,512,16,256,91.24736955223881
2048,512,16,512,92.97170149253732
2048,512,16,1024,96.78043701492537
2048,512,16,2048,102.79714388059702
2048,512,16,4096,114.35153194029851
2048,512,16,8192,137.51166089552237
2048,512,16,16384,184.42869492537312
2048,512,32,16,87.85146268656716
2048,512,32,32,88.51704358208954
2048,512,32,64,88.99626985074626
2048,512,32,128,91.57053134328358
2048,512,32,256,93.54741492537313
2048,512,32,512,96.61795343283582
2048,512,32,1024,102.75221014925373
2048,512,32,2048,114.27450268656716
2048,512,32,4096,137.52028656716416
2048,512,32,8192,183.60925611940297
2048,512,32,16384,275.49994029850745
2048,512,64,16,88.7395056716418
2048,512,64,32,89.57198328358209
2048,512,64,64,90.57737552238805
2048,512,64,128,92.52236417910447
2048,512,64,256,96.09579940298507
2048,512,64,512,101.99274985074626
2048,512,64,1024,113.88735044776118
2048,512,64,2048,137.48598447761194
2048,512,64,4096,183.2734567164179
2048,512,64,8192,274.7958447761194
2048,512,64,16384,458.3501373134328
2048,512,128,16,90.22011223880597
2048,512,128,32,92.31073432835821
2048,512,128,64,94.1528167164179
2048,512,128,128,97.26628298507462
2048,512,128,256,103.5291223880597
2048,512,128,512,115.80024358208955
2048,512,128,1024,139.09938626865673
2048,512,128,2048,185.44491940298508
2048,512,128,4096,279.51589253731345
2048,512,128,8192,466.376023880597
2048,512,128,16384,837.833552238806
2048,1024,0,0,108.77132417910448
2048,1024,1,16,110.1558447761194
2048,1024,1,32,110.67579223880597
2048,1024,1,64,110.95602626865671
2048,1024,1,128,112.46411462686568
2048,1024,1,256,112.6398376119403
2048,1024,1,512,112.56280835820895
2048,1024,1,1024,112.4516776119403
2048,1024,1,2048,112.99489432835821
2048,1024,1,4096,113.62837970149253
2048,1024,1,8192,116.02491223880597
2048,1024,1,16384,119.52753671641791
2048,1024,2,16,110.15143164179105
2048,1024,2,32,110.71210029850747
2048,1024,2,64,111.22342208955223
2048,1024,2,128,112.66551402985074
2048,1024,2,256,112.3726423880597
2048,1024,2,512,112.50724298507461
2048,1024,2,1024,112.80693492537313
2048,1024,2,2048,113.29899940298506
2048,1024,2,4096,115.57096119402985
2048,1024,2,8192,119.17468656716419
2048,1024,2,16384,124.76552597014926
2048,1024,4,16,110.19215283582089
2048,1024,4,32,110.66275343283583
2048,1024,4,64,111.2318471641791
2048,1024,4,128,112.31246328358208
2048,1024,4,256,112.56060179104479
2048,1024,4,512,112.4944047761194
2048,1024,4,1024,113.41013014925375
2048,1024,4,2048,115.50075223880596
2048,1024,4,4096,118.96265552238806
2048,1024,4,8192,124.91316537313432
2048,1024,4,16384,136.18069970149253
2048,1024,8,16,110.32254089552238
2048,1024,8,32,110.72493850746268
2048,1024,8,64,111.32833432835821
2048,1024,8,128,112.57143402985075
2048,1024,8,256,112.85588059701493
2048,1024,8,512,113.84642865671641
2048,1024,8,1024,115.51780298507462
2048,1024,8,2048,118.87720119402984
2048,1024,8,4096,124.69491582089553
2048,1024,8,8192,136.14218507462684
2048,1024,8,16384,158.33944835820895
2048,1024,16,16,110.5899367164179
2048,1024,16,32,110.88962865671641
2048,1024,16,64,111.55701492537314
2048,1024,16,128,112.82157850746268
2048,1024,16,256,113.72266029850746
2048,1024,16,512,115.59683820895522
2048,1024,16,1024,119.27297910447761
2048,1024,16,2048,125.2790543283582
2048,1024,16,4096,137.1114698507463
2048,1024,16,8192,160.56888358208957
2048,1024,16,16384,207.28893134328356
2048,1024,32,16,110.20057791044778
2048,1024,32,32,111.21900895522388
2048,1024,32,64,111.79030925373134
2048,1024,32,128,114.02857074626866
2048,1024,32,256,115.85801552238806
2048,1024,32,512,119.00558328358207
2048,1024,32,1024,125.08668179104477
2048,1024,32,2048,137.20133731343284
2048,1024,32,4096,160.6009791044776
2048,1024,32,8192,208.00105074626867
2048,1024,32,16384,298.8995820895522
2048,1024,64,16,111.05652537313432
2048,1024,64,32,112.21838328358209
2048,1024,64,64,113.25607164179105
2048,1024,64,128,114.96355343283581
2048,1024,64,256,118.43187582089553
2048,1024,64,512,123.94388059701492
2048,1024,64,1024,136.28781850746267
2048,1024,64,2048,159.48425552238805
2048,1024,64,4096,206.10741492537312
2048,1024,64,8192,297.3790567164179
2048,1024,64,16384,479.73177313432836
2048,1024,128,16,112.63562507462686
2048,1024,128,32,114.63417313432836
2048,1024,128,64,116.78878567164179
2048,1024,128,128,120.35780776119404
2048,1024,128,256,126.01504477611941
2048,1024,128,512,138.2155558208955
2048,1024,128,1024,161.40978626865672
2048,1024,128,2048,207.84458507462688
2048,1024,128,4096,301.91656119402984
2048,1024,128,8192,486.34946865671645
2048,1024,128,16384,859.3495880597014
2048,2048,0,0,145.55259223880597
2048,2048,1,16,147.10601552238805
2048,2048,1,32,147.4526471641791
2048,2048,1,64,148.05162985074625
2048,2048,1,128,149.4766710447761
2048,2048,1,256,149.51317970149253
2048,2048,1,512,149.69933373134327
2048,2048,1,1024,149.81066507462685
2048,2048,1,2048,149.86422447761194
2048,2048,1,4096,150.6599928358209
2048,2048,1,8192,152.93014925373134
2048,2048,1,16384,156.22756298507463
2048,2048,2,16,147.10180298507464
2048,2048,2,32,147.57240358208955
2048,2048,2,64,148.08613253731343
2048,2048,2,128,149.34628298507462
2048,2048,2,256,149.60505313432836
2048,2048,2,512,149.5514937313433
2048,2048,2,1024,149.90474507462687
2048,2048,2,2048,150.2449576119403
2048,2048,2,4096,152.59434985074628
2048,2048,2,8192,155.9878495522388
2048,2048,2,16384,161.96383522388058
2048,2048,4,16,147.0376119402985
2048,2048,4,32,147.49336835820895
2048,2048,4,64,148.0560429850746
2048,2048,4,128,149.12602746268655
2048,2048,4,256,149.3438758208955
2048,2048,4,512,149.6092656716418
2048,2048,4,1024,150.21707462686567
2048,2048,4,2048,152.40819582089551
2048,2048,4,4096,155.68615164179104
2048,2048,4,8192,161.62823641791044
2048,2048,4,16384,173.17600477611938
2048,2048,8,16,147.12326686567164
2048,2048,8,32,147.48253611940297
2048,2048,8,64,147.83338029850745
2048,2048,8,128,149.23495164179104
2048,2048,8,256,149.3699534328358
2048,2048,8,512,150.49109014925372
2048,2048,8,1024,152.2926519402985
2048,2048,8,2048,155.71182805970147
2048,2048,8,4096,161.22583880597014
2048,2048,8,8192,173.13127164179105
2048,2048,8,16384,195.02884298507462
2048,2048,16,16,147.21092776119403
2048,2048,16,32,147.63659462686567
2048,2048,16,64,148.0133158208955
2048,2048,16,128,149.87485611940298
2048,2048,16,256,150.85477253731344
2048,2048,16,512,152.6112
2048,2048,16,1024,156.0177385074627
2048,2048,16,2048,162.08599880597015
2048,2048,16,4096,173.8756871641791
2048,2048,16,8192,197.35657074626866
2048,2048,16,16384,243.4284895522388
2048,2048,32,16,147.18725731343284
2048,2048,32,32,147.99405850746268
2048,2048,32,64,148.64880716417912
2048,2048,32,128,150.9681098507463
2048,2048,32,256,152.79133611940298
2048,2048,32,512,156.00710686567166
2048,2048,32,1024,161.9576167164179
2048,2048,32,2048,174.31639880597015
2048,2048,32,4096,197.44864477611938
2048,2048,32,8192,243.79357611940296
2048,2048,32,16384,334.8987223880597
2048,2048,64,16,147.90860417910446
2048,2048,64,32,148.91178985074626
2048,2048,64,64,149.9667295522388
2048,2048,64,128,151.9889480597015
2048,2048,64,256,155.2177576119403
2048,2048,64,512,161.32854447761193
2048,2048,64,1024,173.18262447761194
2048,2048,64,2048,196.31246328358208
2048,2048,64,4096,243.04133731343282
2048,2048,64,8192,334.2227104477612
2048,2048,64,16384,518.5091820895522
2048,2048,128,16,149.70996537313434
2048,2048,128,32,151.62085253731343
2048,2048,128,64,153.72631880597015
2048,2048,128,128,156.54009313432834
2048,2048,128,256,163.1088429850746
2048,2048,128,512,174.73163462686566
2048,2048,128,1024,198.30900537313434
2048,2048,128,2048,246.1425671641791
2048,2048,128,4096,338.8264119402985
2048,2048,128,8192,522.9945313432836
2048,2048,128,16384,898.4639999999999
2048,4096,0,0,218.79317014925374
2048,4096,1,16,220.424023880597
2048,4096,1,32,220.44007164179106
2048,4096,1,64,221.27054328358207
2048,4096,1,128,222.47613134328355
2048,4096,1,256,222.961576119403
2048,4096,1,512,222.8352
2048,4096,1,1024,222.81915223880597
2048,4096,1,2048,223.13007761194027
2048,4096,1,4096,223.8622567164179
2048,4096,1,8192,226.0347223880597
2048,4096,1,16384,229.80995820895524
2048,4096,2,16,220.2715701492537
2048,4096,2,32,220.79111641791044
2048,4096,2,64,221.44506268656718
2048,4096,2,128,222.96759402985074
2048,4096,2,256,222.63660895522386
2048,4096,2,512,222.71684776119403
2048,4096,2,1024,222.72286567164178
2048,4096,2,2048,223.6937552238806
2048,4096,2,4096,225.68969552238804
2048,4096,2,8192,229.38669850746268
2048,4096,2,16384,234.9211701492537
2048,4096,4,16,220.08902686567166
2048,4096,4,32,220.67878208955221
2048,4096,4,64,221.35078208955224
2048,4096,4,128,222.32568358208954
2048,4096,4,256,222.558376119403
2048,4096,4,512,222.72085970149251
2048,4096,4,1024,223.52324776119403
2048,4096,4,2048,225.38278208955222
2048,4096,4,4096,228.86715223880597
2048,4096,4,8192,234.35749253731342
2048,4096,4,16384,245.83364776119402
2048,4096,8,16,220.11911641791042
2048,4096,8,32,220.8533014925373
2048,4096,8,64,221.230423880597
2048,4096,8,128,222.44202985074628
2048,4096,8,256,222.67472238805968
2048,4096,8,512,223.6395940298507
2048,4096,8,1024,225.50314029850747
2048,4096,8,2048,228.98349850746268
2048,4096,8,4096,234.47383880597016
2048,4096,8,8192,245.97205970149255
2048,4096,8,16384,268.1179701492537
2048,4096,16,16,220.36183880597014
2048,4096,16,32,220.91548656716418
2048,4096,16,64,221.34075223880598
2048,4096,16,128,222.9816358208955
2048,4096,16,256,223.93246567164178
2048,4096,16,512,225.61547462686568
2048,4096,16,1024,229.1339462686567
2048,4096,16,2048,235.04955223880597
2048,4096,16,4096,246.82058507462688
2048,4096,16,8192,270.3385791044776
2048,4096,16,16384,316.8369671641791
2048,4096,32,16,220.5945313432836
2048,4096,32,32,221.24647164179106
2048,4096,32,64,221.97664477611937
2048,4096,32,128,224.27548656716417
2048,4096,32,256,226.1209791044776
2048,4096,32,512,229.24427462686566
2048,4096,32,1024,235.40661492537313
2048,4096,32,2048,247.06531343283584
2048,4096,32,4096,270.6053731343284
2048,4096,32,8192,316.32343880597017
2048,4096,32,16384,408.18282985074626
2048,4096,64,16,220.9977313432836
2048,4096,64,32,221.9987104477612
2048,4096,64,64,223.00771343283583
2048,4096,64,128,225.08589850746267
2048,4096,64,256,228.52011940298507
2048,4096,64,512,234.16491940298505
2048,4096,64,1024,245.7514029850746
2048,4096,64,2048,270.0697791044776
2048,4096,64,4096,316.4979582089552
2048,4096,64,8192,408.0845373134328
2048,4096,64,16384,591.1393432835821
2048,4096,128,16,223.07190447761192
2048,4096,128,32,224.60847761194032
2048,4096,128,64,226.69067462686564
2048,4096,128,128,229.89420895522386
2048,4096,128,256,236.00439402985074
2048,4096,128,512,247.93590447761193
2048,4096,128,1024,271.1449791044776
2048,4096,128,2048,317.81387462686564
2048,4096,128,4096,410.88888358208953
2048,4096,128,8192,597.4521313432836
2048,4096,128,16384,970.0630925373134
2048,8192,0,0,366.00329552238804
2048,8192,1,16,367.592023880597
2048,8192,1,32,367.8648358208955
2048,8192,1,64,368.6471641791045
2048,8192,1,128,370.24391641791044
2048,8192,1,256,369.83269253731345
2048,8192,1,512,369.91293134328356
2048,8192,1,1024,370.3602626865671
2048,8192,1,2048,370.1376
2048,8192,1,4096,370.6310686567164
2048,8192,1,8192,373.24685373134326
2048,8192,1,16384,376.85559402985075
2048,8192,2,16,367.3834029850746
2048,8192,2,32,368.08148059701495
2048,8192,2,64,368.0955223880597
2048,8192,2,128,369.90089552238805
2048,8192,2,256,369.5157492537313
2048,8192,2,512,369.5197611940298
2048,8192,2,1024,369.979128358209
2048,8192,2,2048,370.8136119402985
2048,8192,2,4096,372.8717373134328
2048,8192,2,8192,376.3139820895522
2048,8192,2,16384,382.1633910447761
2048,8192,4,16,367.3513074626866
2048,8192,4,32,367.575976119403
2048,8192,4,64,368.2078567164179
2048,8192,4,128,369.6361074626866
2048,8192,4,256,369.8286805970149
2048,8192,4,512,369.8346985074627
2048,8192,4,1024,369.9550567164179
2048,8192,4,2048,372.80152835820894
2048,8192,4,4096,375.6439880597015
2048,8192,4,8192,381.67594029850744
2048,8192,4,16384,393.07386268656717
2048,8192,8,16,367.24900298507464
2048,8192,8,32,368.08148059701495
2048,8192,8,64,368.55488955223876
2048,8192,8,128,369.2309014925373
2048,8192,8,256,369.4415283582089
2048,8192,8,512,370.75142686567165
2048,8192,8,1024,372.5989253731343
2048,8192,8,2048,375.4734805970149
2048,8192,8,4096,381.2185791044776
2048,8192,8,8192,393.14005970149253
2048,8192,8,16384,415.3401313432836
2048,8192,16,16,367.24699701492534
2048,8192,16,32,368.1677373134328
2048,8192,16,64,368.0433671641791
2048,8192,16,128,369.92697313432836
2048,8192,16,256,370.95001791044774
2048,8192,16,512,372.61898507462683
2048,8192,16,1024,375.8826985074627
2048,8192,16,2048,382.35797014925373
2048,8192,16,4096,394.24936119402986
2048,8192,16,8192,417.31199999999995
2048,8192,16,16384,463.3650626865671
2048,8192,32,16,367.584
2048,8192,32,32,368.24797611940295
2048,8192,32,64,368.5187820895522
2048,8192,32,128,371.0422925373134
2048,8192,32,256,372.7172776119403
2048,8192,32,512,375.9569194029851
2048,8192,32,1024,382.02698507462685
2048,8192,32,2048,393.56131343283585
2048,8192,32,4096,417.462447761194
2048,8192,32,8192,463.008
2048,8192,32,16384,554.6206567164179
2048,8192,64,16,368.0152835820895
2048,8192,64,32,368.8196776119403
2048,8192,64,64,370.1355940298508
2048,8192,64,128,371.92090746268656
2048,8192,64,256,375.2949492537314
2048,8192,64,512,381.3750447761194
2048,8192,64,1024,393.16613731343284
2048,8192,64,2048,417.2197253731343
2048,8192,64,4096,463.3409910447761
2048,8192,64,8192,554.6046089552239
2048,8192,64,16384,737.2903164179104
2048,8192,128,16,369.67422089552235
2048,8192,128,32,371.758423880597
2048,8192,128,64,373.55978507462686
2048,8192,128,128,377.18056119402985
2048,8192,128,256,382.80730746268654
2048,8192,128,512,395.127976119403
2048,8192,128,1024,418.10636417910445
2048,8192,128,2048,465.4292059701492
2048,8192,128,4096,558.0649074626865
2048,8192,128,8192,743.3122388059701
2048,8192,128,16384,1113.6805253731343
2048,16384,0,0,661.4726686567165
2048,16384,1,16,663.2399283582089
2048,16384,1,32,663.5669014925373
2048,16384,1,64,665.2117970149253
2048,16384,1,128,665.2499104477612
2048,16384,1,256,665.7955343283583
2048,16384,1,512,665.7112835820895
2048,16384,1,1024,665.7273313432836
2048,16384,1,2048,666.2930149253732
2048,16384,1,4096,667.1114507462687
2048,16384,1,8192,669.1073910447761
2048,16384,1,16384,672.2086208955224
2048,16384,2,16,662.5799641791044
2048,16384,2,32,664.6561432835821
2048,16384,2,64,664.2088119402985
2048,16384,2,128,666.9529791044777
2048,16384,2,256,665.7734686567164
2048,16384,2,512,665.9178985074626
2048,16384,2,1024,665.2017671641792
2048,16384,2,2048,665.8557134328357
2048,16384,2,4096,668.7744
2048,16384,2,8192,672.1243701492537
2048,16384,2,16384,677.6006686567164
2048,16384,4,16,662.971128358209
2048,16384,4,32,663.0714268656716
2048,16384,4,64,663.3281910447761
2048,16384,4,128,665.406376119403
2048,16384,4,256,664.8968597014925
2048,16384,4,512,664.5899462686567
2048,16384,4,1024,665.7493970149254
2048,16384,4,2048,668.0101253731343
2048,16384,4,4096,671.7953910447761
2048,16384,4,8192,677.4843223880597
2048,16384,4,16384,689.1390089552239
2048,16384,8,16,663.3783402985074
2048,16384,8,32,663.6772298507462
2048,16384,8,64,663.7233671641791
2048,16384,8,128,665.5387701492538
2048,16384,8,256,665.2358686567164
2048,16384,8,512,666.0121791044776
2048,16384,8,1024,667.3702208955224
2048,16384,8,2048,671.9237731343284
2048,16384,8,4096,678.3829970149254
2048,16384,8,8192,688.2624000000001
2048,16384,8,16384,710.3521432835821
2048,16384,16,16,663.4224716417909
2048,16384,16,32,663.7133373134328
2048,16384,16,64,664.1666865671641
2048,16384,16,128,665.035271641791
2048,16384,16,256,667.3802507462686
2048,16384,16,512,668.6460179104478
2048,16384,16,1024,671.975928358209
2048,16384,16,2048,677.8193194029851
2048,16384,16,4096,690.3867223880596
2048,16384,16,8192,712.027128358209
2048,16384,16,16384,759.257695522388
2048,16384,32,16,663.0293014925373
2048,16384,32,32,663.572919402985
2048,16384,32,64,664.2328835820896
2048,16384,32,128,666.3592119402986
2048,16384,32,256,668.8726925373134
2048,16384,32,512,672.3109253731343
2048,16384,32,1024,677.5023761194029
2048,16384,32,2048,689.9594507462687
2048,16384,32,4096,712.6890985074627
2048,16384,32,8192,759.2877850746269
2048,16384,32,16384,850.4952358208955
2048,16384,64,16,664.734376119403
2048,16384,64,32,665.0372776119402
2048,16384,64,64,665.8296358208954
2048,16384,64,128,667.7252776119403
2048,16384,64,256,671.2577910447761
2048,16384,64,512,676.9045970149253
2048,16384,64,1024,688.5733253731343
2048,16384,64,2048,712.1013492537313
2048,16384,64,4096,758.9828776119402
2048,16384,64,8192,850.4470925373134
2048,16384,64,16384,1033.7646805970148
2048,16384,128,16,665.5668537313433
2048,16384,128,32,667.6029134328357
2048,16384,128,64,670.1825910447761
2048,16384,128,128,671.8535641791044
2048,16384,128,256,678.1282388059701
2048,16384,128,512,690.4970507462687
2048,16384,128,1024,713.6900776119403
2048,16384,128,2048,760.3910686567164
2048,16384,128,4096,854.5412776119402
2048,16384,128,8192,1039.5980417910448
2048,16384,128,16384,1412.885014925373
