pc,n_label,skew_rate_label,kv_big_label,kp_label,alpha,n_samples
0,n<=128,sr<=15%,kvB<=16k,kp=0,0.2027,4
0,n<=128,sr<=15%,kvB<=1k,kp=0,0.1694,4
0,n<=128,sr<=15%,kvB<=4k,kp=0,0.1896,4
0,n<=128,sr<=40%,kvB<=16k,kp=0,0.2608,2
0,n<=128,sr<=40%,kvB<=1k,kp=0,0.2388,2
0,n<=128,sr<=40%,kvB<=4k,kp=0,0.2547,2
0,n<=128,sr<=5%,kvB<=16k,kp=0,0.2265,8
0,n<=128,sr<=5%,kvB<=1k,kp=0,0.1954,8
0,n<=128,sr<=5%,kvB<=4k,kp=0,0.2182,8
0,n<=128,sr<=70%,kvB<=16k,kp=0,0.0414,2
0,n<=128,sr<=70%,kvB<=1k,kp=0,0.0004,2
0,n<=128,sr<=70%,kvB<=4k,kp=0,0.0363,2
0,n<=128,sr>70%,kvB<=16k,kp=0,0.7363,4
0,n<=128,sr>70%,kvB<=1k,kp=0,0.7609,4
0,n<=128,sr>70%,kvB<=4k,kp=0,0.7685,4
0,n<=16,sr<=15%,kvB<=16k,kp=0,0.0118,4
0,n<=16,sr<=15%,kvB<=1k,kp=0,0.0206,4
0,n<=16,sr<=15%,kvB<=4k,kp=0,0.0006,4
0,n<=16,sr<=40%,kvB<=16k,kp=0,-0.006,4
0,n<=16,sr<=40%,kvB<=1k,kp=0,0.0771,4
0,n<=16,sr<=40%,kvB<=4k,kp=0,-0.0129,4
0,n<=16,sr<=70%,kvB<=16k,kp=0,-0.0359,2
0,n<=16,sr<=70%,kvB<=1k,kp=0,-0.1384,2
0,n<=16,sr<=70%,kvB<=4k,kp=0,-0.0571,2
0,n<=16,sr>70%,kvB<=16k,kp=0,0.0875,4
0,n<=16,sr>70%,kvB<=1k,kp=0,0.1989,4
0,n<=16,sr>70%,kvB<=4k,kp=0,0.0583,4
0,n<=2,sr<=70%,kvB<=16k,kp=0,0.0501,2
0,n<=2,sr<=70%,kvB<=1k,kp=0,0.2975,2
0,n<=2,sr<=70%,kvB<=4k,kp=0,0.0705,2
0,n<=256,sr<=15%,kvB<=16k,kp=0,0.0274,4
0,n<=256,sr<=15%,kvB<=1k,kp=0,0.011,4
0,n<=256,sr<=15%,kvB<=4k,kp=0,0.021,4
0,n<=256,sr<=40%,kvB<=16k,kp=0,0.0056,2
0,n<=256,sr<=40%,kvB<=1k,kp=0,-0.0216,2
0,n<=256,sr<=40%,kvB<=4k,kp=0,-0.0027,2
0,n<=256,sr<=5%,kvB<=16k,kp=0,0.0376,8
0,n<=256,sr<=5%,kvB<=1k,kp=0,0.0137,8
0,n<=256,sr<=5%,kvB<=4k,kp=0,0.0319,8
0,n<=256,sr<=70%,kvB<=16k,kp=0,-0.1012,2
0,n<=256,sr<=70%,kvB<=1k,kp=0,-0.1101,2
0,n<=256,sr<=70%,kvB<=4k,kp=0,-0.1025,2
0,n<=256,sr>70%,kvB<=16k,kp=0,0.0124,4
0,n<=256,sr>70%,kvB<=1k,kp=0,-0.0331,4
0,n<=256,sr>70%,kvB<=4k,kp=0,0.0444,4
0,n<=32,sr<=15%,kvB<=16k,kp=0,0.1168,6
0,n<=32,sr<=15%,kvB<=1k,kp=0,0.0895,6
0,n<=32,sr<=15%,kvB<=4k,kp=0,0.1163,6
0,n<=32,sr<=40%,kvB<=16k,kp=0,0.061,2
0,n<=32,sr<=40%,kvB<=1k,kp=0,0.0408,2
0,n<=32,sr<=40%,kvB<=4k,kp=0,0.056,2
0,n<=32,sr<=5%,kvB<=16k,kp=0,-0.0116,2
0,n<=32,sr<=5%,kvB<=1k,kp=0,-0.0107,2
0,n<=32,sr<=5%,kvB<=4k,kp=0,-0.0052,2
0,n<=32,sr<=70%,kvB<=16k,kp=0,0.0589,2
0,n<=32,sr<=70%,kvB<=1k,kp=0,-0.0455,2
0,n<=32,sr<=70%,kvB<=4k,kp=0,0.0462,2
0,n<=32,sr>70%,kvB<=16k,kp=0,0.4809,4
0,n<=32,sr>70%,kvB<=1k,kp=0,0.5424,4
0,n<=32,sr>70%,kvB<=4k,kp=0,0.4715,4
0,n<=4,sr<=40%,kvB<=16k,kp=0,0.0254,2
0,n<=4,sr<=40%,kvB<=1k,kp=0,0.0802,4
0,n<=4,sr<=40%,kvB<=4k,kp=0,0.0457,3
0,n<=4,sr<=70%,kvB<=16k,kp=0,0.0445,2
0,n<=4,sr<=70%,kvB<=1k,kp=0,0.2676,2
0,n<=4,sr<=70%,kvB<=4k,kp=0,-0.037,2
0,n<=4,sr>70%,kvB<=16k,kp=0,-0.0472,2
0,n<=4,sr>70%,kvB<=1k,kp=0,0.1706,2
0,n<=4,sr>70%,kvB<=4k,kp=0,0.0178,2
0,n<=64,sr<=15%,kvB<=16k,kp=0,0.1275,4
0,n<=64,sr<=15%,kvB<=1k,kp=0,0.1935,4
0,n<=64,sr<=15%,kvB<=4k,kp=0,0.1334,4
0,n<=64,sr<=40%,kvB<=16k,kp=0,0.7357,2
0,n<=64,sr<=40%,kvB<=1k,kp=0,0.7235,2
0,n<=64,sr<=40%,kvB<=4k,kp=0,0.7273,2
0,n<=64,sr<=5%,kvB<=16k,kp=0,0.0208,6
0,n<=64,sr<=5%,kvB<=1k,kp=0,0.0862,6
0,n<=64,sr<=5%,kvB<=4k,kp=0,0.0257,6
0,n<=64,sr<=70%,kvB<=16k,kp=0,0.6363,2
0,n<=64,sr<=70%,kvB<=1k,kp=0,0.6611,2
0,n<=64,sr<=70%,kvB<=4k,kp=0,0.6313,2
0,n<=64,sr>70%,kvB<=16k,kp=0,0.6573,4
0,n<=64,sr>70%,kvB<=1k,kp=0,0.5873,4
0,n<=64,sr>70%,kvB<=4k,kp=0,0.6157,4
0,n<=8,sr<=15%,kvB<=16k,kp=0,0.0254,2
0,n<=8,sr<=15%,kvB<=1k,kp=0,0.0032,2
0,n<=8,sr<=15%,kvB<=4k,kp=0,0.0317,2
0,n<=8,sr<=40%,kvB<=16k,kp=0,0.014,4
0,n<=8,sr<=40%,kvB<=1k,kp=0,-0.0061,4
0,n<=8,sr<=40%,kvB<=4k,kp=0,0.0434,4
0,n<=8,sr<=70%,kvB<=16k,kp=0,0.0381,2
0,n<=8,sr<=70%,kvB<=1k,kp=0,-0.0154,2
0,n<=8,sr<=70%,kvB<=4k,kp=0,0.0602,2
0,n<=8,sr>70%,kvB<=16k,kp=0,0.0486,4
0,n<=8,sr>70%,kvB<=1k,kp=0,0.2152,4
0,n<=8,sr>70%,kvB<=4k,kp=0,0.1082,4
16,n<=128,sr<=15%,kvB<=16k,kp<=1k,0.2265,4
16,n<=128,sr<=15%,kvB<=16k,kp<=2k,0.2424,4
16,n<=128,sr<=15%,kvB<=16k,kp<=4k,0.2342,4
16,n<=128,sr<=15%,kvB<=16k,kp<=512,0.2261,4
16,n<=128,sr<=15%,kvB<=16k,kp<=8k,0.2335,4
16,n<=128,sr<=15%,kvB<=16k,kp=0,0.2329,4
16,n<=128,sr<=15%,kvB<=1k,kp<=1k,0.2132,4
16,n<=128,sr<=15%,kvB<=1k,kp<=2k,0.2061,4
16,n<=128,sr<=15%,kvB<=1k,kp<=4k,0.2166,4
16,n<=128,sr<=15%,kvB<=1k,kp<=512,0.212,4
16,n<=128,sr<=15%,kvB<=1k,kp<=8k,0.2112,4
16,n<=128,sr<=15%,kvB<=1k,kp=0,0.2081,4
16,n<=128,sr<=15%,kvB<=4k,kp<=1k,0.2124,4
16,n<=128,sr<=15%,kvB<=4k,kp<=2k,0.2088,4
16,n<=128,sr<=15%,kvB<=4k,kp<=4k,0.2134,4
16,n<=128,sr<=15%,kvB<=4k,kp<=512,0.2122,4
16,n<=128,sr<=15%,kvB<=4k,kp<=8k,0.2201,4
16,n<=128,sr<=15%,kvB<=4k,kp=0,0.2125,4
16,n<=128,sr<=40%,kvB<=16k,kp<=1k,0.2406,2
16,n<=128,sr<=40%,kvB<=16k,kp<=2k,0.2458,2
16,n<=128,sr<=40%,kvB<=16k,kp<=4k,0.2409,2
16,n<=128,sr<=40%,kvB<=16k,kp<=512,0.2433,2
16,n<=128,sr<=40%,kvB<=16k,kp<=8k,0.2517,2
16,n<=128,sr<=40%,kvB<=16k,kp=0,0.2597,2
16,n<=128,sr<=40%,kvB<=1k,kp<=1k,0.201,2
16,n<=128,sr<=40%,kvB<=1k,kp<=2k,0.2037,2
16,n<=128,sr<=40%,kvB<=1k,kp<=4k,0.2135,2
16,n<=128,sr<=40%,kvB<=1k,kp<=512,0.2228,2
16,n<=128,sr<=40%,kvB<=1k,kp<=8k,0.2067,2
16,n<=128,sr<=40%,kvB<=1k,kp=0,0.1999,2
16,n<=128,sr<=40%,kvB<=4k,kp<=1k,0.2505,2
16,n<=128,sr<=40%,kvB<=4k,kp<=2k,0.2531,2
16,n<=128,sr<=40%,kvB<=4k,kp<=4k,0.2309,2
16,n<=128,sr<=40%,kvB<=4k,kp<=512,0.2475,2
16,n<=128,sr<=40%,kvB<=4k,kp<=8k,0.2433,2
16,n<=128,sr<=40%,kvB<=4k,kp=0,0.2515,2
16,n<=128,sr<=5%,kvB<=16k,kp<=1k,0.2149,8
16,n<=128,sr<=5%,kvB<=16k,kp<=2k,0.2136,8
16,n<=128,sr<=5%,kvB<=16k,kp<=4k,0.2141,8
16,n<=128,sr<=5%,kvB<=16k,kp<=512,0.2171,8
16,n<=128,sr<=5%,kvB<=16k,kp<=8k,0.2137,8
16,n<=128,sr<=5%,kvB<=16k,kp=0,0.2147,8
16,n<=128,sr<=5%,kvB<=1k,kp<=1k,0.1881,8
16,n<=128,sr<=5%,kvB<=1k,kp<=2k,0.1836,8
16,n<=128,sr<=5%,kvB<=1k,kp<=4k,0.1864,8
16,n<=128,sr<=5%,kvB<=1k,kp<=512,0.1882,8
16,n<=128,sr<=5%,kvB<=1k,kp<=8k,0.1833,8
16,n<=128,sr<=5%,kvB<=1k,kp=0,0.182,8
16,n<=128,sr<=5%,kvB<=4k,kp<=1k,0.2044,8
16,n<=128,sr<=5%,kvB<=4k,kp<=2k,0.2035,8
16,n<=128,sr<=5%,kvB<=4k,kp<=4k,0.2061,8
16,n<=128,sr<=5%,kvB<=4k,kp<=512,0.2025,8
16,n<=128,sr<=5%,kvB<=4k,kp<=8k,0.2038,8
16,n<=128,sr<=5%,kvB<=4k,kp=0,0.2042,8
16,n<=128,sr<=70%,kvB<=16k,kp<=1k,0.0399,2
16,n<=128,sr<=70%,kvB<=16k,kp<=2k,0.0402,2
16,n<=128,sr<=70%,kvB<=16k,kp<=4k,0.0415,2
16,n<=128,sr<=70%,kvB<=16k,kp<=512,0.0412,2
16,n<=128,sr<=70%,kvB<=16k,kp<=8k,0.0402,2
16,n<=128,sr<=70%,kvB<=16k,kp=0,0.0443,2
16,n<=128,sr<=70%,kvB<=1k,kp<=1k,-0.0088,2
16,n<=128,sr<=70%,kvB<=1k,kp<=2k,0.0042,2
16,n<=128,sr<=70%,kvB<=1k,kp<=4k,0.0042,2
16,n<=128,sr<=70%,kvB<=1k,kp<=512,-0.0069,2
16,n<=128,sr<=70%,kvB<=1k,kp<=8k,0.0215,2
16,n<=128,sr<=70%,kvB<=1k,kp=0,-0.0128,2
16,n<=128,sr<=70%,kvB<=4k,kp<=1k,0.0343,2
16,n<=128,sr<=70%,kvB<=4k,kp<=2k,0.036,2
16,n<=128,sr<=70%,kvB<=4k,kp<=4k,0.0417,2
16,n<=128,sr<=70%,kvB<=4k,kp<=512,0.036,2
16,n<=128,sr<=70%,kvB<=4k,kp<=8k,0.0417,2
16,n<=128,sr<=70%,kvB<=4k,kp=0,0.0338,2
16,n<=128,sr>70%,kvB<=16k,kp<=1k,0.7432,4
16,n<=128,sr>70%,kvB<=16k,kp<=2k,0.7281,4
16,n<=128,sr>70%,kvB<=16k,kp<=4k,0.737,4
16,n<=128,sr>70%,kvB<=16k,kp<=512,0.7315,4
16,n<=128,sr>70%,kvB<=16k,kp<=8k,0.7387,4
16,n<=128,sr>70%,kvB<=16k,kp=0,0.7862,4
16,n<=128,sr>70%,kvB<=1k,kp<=1k,0.7388,4
16,n<=128,sr>70%,kvB<=1k,kp<=2k,0.8262,4
16,n<=128,sr>70%,kvB<=1k,kp<=4k,0.7625,4
16,n<=128,sr>70%,kvB<=1k,kp<=512,0.7496,4
16,n<=128,sr>70%,kvB<=1k,kp<=8k,0.8053,4
16,n<=128,sr>70%,kvB<=1k,kp=0,0.6848,4
16,n<=128,sr>70%,kvB<=4k,kp<=1k,0.7423,4
16,n<=128,sr>70%,kvB<=4k,kp<=2k,0.7134,4
16,n<=128,sr>70%,kvB<=4k,kp<=4k,0.7693,4
16,n<=128,sr>70%,kvB<=4k,kp<=512,0.7448,4
16,n<=128,sr>70%,kvB<=4k,kp<=8k,0.7004,4
16,n<=128,sr>70%,kvB<=4k,kp=0,0.7721,4
16,n<=16,sr<=15%,kvB<=16k,kp<=1k,0.006,4
16,n<=16,sr<=15%,kvB<=16k,kp<=2k,0.0051,4
16,n<=16,sr<=15%,kvB<=16k,kp<=4k,0.0082,4
16,n<=16,sr<=15%,kvB<=16k,kp<=512,0.0062,4
16,n<=16,sr<=15%,kvB<=16k,kp<=8k,0.0036,4
16,n<=16,sr<=15%,kvB<=16k,kp=0,0.0052,4
16,n<=16,sr<=15%,kvB<=1k,kp<=1k,0.0181,4
16,n<=16,sr<=15%,kvB<=1k,kp<=2k,0.018,4
16,n<=16,sr<=15%,kvB<=1k,kp<=4k,0.0352,4
16,n<=16,sr<=15%,kvB<=1k,kp<=512,0.0217,4
16,n<=16,sr<=15%,kvB<=1k,kp<=8k,0.0252,4
16,n<=16,sr<=15%,kvB<=1k,kp=0,0.0168,4
16,n<=16,sr<=15%,kvB<=4k,kp<=1k,0.0099,4
16,n<=16,sr<=15%,kvB<=4k,kp<=2k,0.0007,4
16,n<=16,sr<=15%,kvB<=4k,kp<=4k,0.0063,4
16,n<=16,sr<=15%,kvB<=4k,kp<=512,-0.0002,4
16,n<=16,sr<=15%,kvB<=4k,kp<=8k,0.002,4
16,n<=16,sr<=15%,kvB<=4k,kp=0,0.005,4
16,n<=16,sr<=40%,kvB<=16k,kp<=1k,-0.0104,4
16,n<=16,sr<=40%,kvB<=16k,kp<=2k,0.002,4
16,n<=16,sr<=40%,kvB<=16k,kp<=4k,-0.016,4
16,n<=16,sr<=40%,kvB<=16k,kp<=512,-0.0072,4
16,n<=16,sr<=40%,kvB<=16k,kp<=8k,0.0009,4
16,n<=16,sr<=40%,kvB<=16k,kp=0,-0.0051,4
16,n<=16,sr<=40%,kvB<=1k,kp<=1k,0.0749,4
16,n<=16,sr<=40%,kvB<=1k,kp<=2k,0.0675,4
16,n<=16,sr<=40%,kvB<=1k,kp<=4k,0.0742,4
16,n<=16,sr<=40%,kvB<=1k,kp<=512,0.0744,4
16,n<=16,sr<=40%,kvB<=1k,kp<=8k,0.081,4
16,n<=16,sr<=40%,kvB<=1k,kp=0,0.0617,4
16,n<=16,sr<=40%,kvB<=4k,kp<=1k,-0.0098,4
16,n<=16,sr<=40%,kvB<=4k,kp<=2k,-0.0117,4
16,n<=16,sr<=40%,kvB<=4k,kp<=4k,-0.0128,4
16,n<=16,sr<=40%,kvB<=4k,kp<=512,-0.01,4
16,n<=16,sr<=40%,kvB<=4k,kp<=8k,-0.0154,4
16,n<=16,sr<=40%,kvB<=4k,kp=0,-0.012,4
16,n<=16,sr<=70%,kvB<=16k,kp<=1k,-0.0539,2
16,n<=16,sr<=70%,kvB<=16k,kp<=2k,-0.0531,2
16,n<=16,sr<=70%,kvB<=16k,kp<=4k,-0.0603,2
16,n<=16,sr<=70%,kvB<=16k,kp<=512,-0.0364,2
16,n<=16,sr<=70%,kvB<=16k,kp<=8k,-0.0241,2
16,n<=16,sr<=70%,kvB<=16k,kp=0,-0.0682,2
16,n<=16,sr<=70%,kvB<=1k,kp<=1k,-0.1663,2
16,n<=16,sr<=70%,kvB<=1k,kp<=2k,-0.1169,2
16,n<=16,sr<=70%,kvB<=1k,kp<=4k,-0.1368,2
16,n<=16,sr<=70%,kvB<=1k,kp<=512,-0.157,2
16,n<=16,sr<=70%,kvB<=1k,kp<=8k,-0.127,2
16,n<=16,sr<=70%,kvB<=1k,kp=0,-0.1426,2
16,n<=16,sr<=70%,kvB<=4k,kp<=1k,-0.0818,2
16,n<=16,sr<=70%,kvB<=4k,kp<=2k,-0.0253,2
16,n<=16,sr<=70%,kvB<=4k,kp<=4k,-0.0268,2
16,n<=16,sr<=70%,kvB<=4k,kp<=512,-0.0426,2
16,n<=16,sr<=70%,kvB<=4k,kp<=8k,-0.0761,2
16,n<=16,sr<=70%,kvB<=4k,kp=0,-0.0601,2
16,n<=16,sr>70%,kvB<=16k,kp<=1k,0.0958,4
16,n<=16,sr>70%,kvB<=16k,kp<=2k,0.047,4
16,n<=16,sr>70%,kvB<=16k,kp<=4k,0.0959,4
16,n<=16,sr>70%,kvB<=16k,kp<=512,0.0974,4
16,n<=16,sr>70%,kvB<=16k,kp<=8k,0.1227,4
16,n<=16,sr>70%,kvB<=16k,kp=0,0.046,4
16,n<=16,sr>70%,kvB<=1k,kp<=1k,0.1563,4
16,n<=16,sr>70%,kvB<=1k,kp<=2k,0.1368,4
16,n<=16,sr>70%,kvB<=1k,kp<=4k,0.1849,4
16,n<=16,sr>70%,kvB<=1k,kp<=512,0.1382,4
16,n<=16,sr>70%,kvB<=1k,kp<=8k,0.1296,4
16,n<=16,sr>70%,kvB<=1k,kp=0,0.1556,4
16,n<=16,sr>70%,kvB<=4k,kp<=1k,-0.0944,4
16,n<=16,sr>70%,kvB<=4k,kp<=2k,0.0026,4
16,n<=16,sr>70%,kvB<=4k,kp<=4k,0.0018,4
16,n<=16,sr>70%,kvB<=4k,kp<=512,-0.0087,4
16,n<=16,sr>70%,kvB<=4k,kp<=8k,0.0885,4
16,n<=16,sr>70%,kvB<=4k,kp=0,-0.0208,4
16,n<=2,sr<=70%,kvB<=16k,kp<=1k,0.0526,2
16,n<=2,sr<=70%,kvB<=16k,kp<=2k,0.0365,2
16,n<=2,sr<=70%,kvB<=16k,kp<=4k,0.0602,2
16,n<=2,sr<=70%,kvB<=16k,kp<=512,0.0437,2
16,n<=2,sr<=70%,kvB<=16k,kp<=8k,0.0704,2
16,n<=2,sr<=70%,kvB<=16k,kp=0,0.0464,2
16,n<=2,sr<=70%,kvB<=1k,kp<=1k,0.1485,1
16,n<=2,sr<=70%,kvB<=1k,kp<=2k,0.2056,2
16,n<=2,sr<=70%,kvB<=1k,kp<=4k,0.2976,2
16,n<=2,sr<=70%,kvB<=1k,kp<=512,0.1506,2
16,n<=2,sr<=70%,kvB<=1k,kp<=8k,0.3923,1
16,n<=2,sr<=70%,kvB<=1k,kp=0,0.2041,1
16,n<=2,sr<=70%,kvB<=4k,kp<=1k,0.0035,2
16,n<=2,sr<=70%,kvB<=4k,kp<=2k,0.1475,2
16,n<=2,sr<=70%,kvB<=4k,kp<=4k,0.0609,2
16,n<=2,sr<=70%,kvB<=4k,kp<=512,0.0806,2
16,n<=2,sr<=70%,kvB<=4k,kp<=8k,-0.0284,2
16,n<=2,sr<=70%,kvB<=4k,kp=0,0.0802,2
16,n<=32,sr<=15%,kvB<=16k,kp<=1k,0.1114,6
16,n<=32,sr<=15%,kvB<=16k,kp<=2k,0.1122,6
16,n<=32,sr<=15%,kvB<=16k,kp<=4k,0.1123,6
16,n<=32,sr<=15%,kvB<=16k,kp<=512,0.1114,6
16,n<=32,sr<=15%,kvB<=16k,kp<=8k,0.1054,6
16,n<=32,sr<=15%,kvB<=16k,kp=0,0.1168,6
16,n<=32,sr<=15%,kvB<=1k,kp<=1k,0.0674,6
16,n<=32,sr<=15%,kvB<=1k,kp<=2k,0.0665,6
16,n<=32,sr<=15%,kvB<=1k,kp<=4k,0.0746,6
16,n<=32,sr<=15%,kvB<=1k,kp<=512,0.0806,6
16,n<=32,sr<=15%,kvB<=1k,kp<=8k,0.055,6
16,n<=32,sr<=15%,kvB<=1k,kp=0,0.0724,6
16,n<=32,sr<=15%,kvB<=4k,kp<=1k,0.1111,6
16,n<=32,sr<=15%,kvB<=4k,kp<=2k,0.1005,6
16,n<=32,sr<=15%,kvB<=4k,kp<=4k,0.1056,6
16,n<=32,sr<=15%,kvB<=4k,kp<=512,0.1076,6
16,n<=32,sr<=15%,kvB<=4k,kp<=8k,0.1062,6
16,n<=32,sr<=15%,kvB<=4k,kp=0,0.1108,6
16,n<=32,sr<=40%,kvB<=16k,kp<=1k,0.0514,2
16,n<=32,sr<=40%,kvB<=16k,kp<=2k,0.0459,2
16,n<=32,sr<=40%,kvB<=16k,kp<=4k,0.0453,2
16,n<=32,sr<=40%,kvB<=16k,kp<=512,0.0582,2
16,n<=32,sr<=40%,kvB<=16k,kp<=8k,0.0515,2
16,n<=32,sr<=40%,kvB<=16k,kp=0,0.0589,2
16,n<=32,sr<=40%,kvB<=1k,kp<=1k,0.0193,2
16,n<=32,sr<=40%,kvB<=1k,kp<=2k,0.0271,2
16,n<=32,sr<=40%,kvB<=1k,kp<=4k,0.0312,2
16,n<=32,sr<=40%,kvB<=1k,kp<=512,0.0374,2
16,n<=32,sr<=40%,kvB<=1k,kp<=8k,-0.0027,2
16,n<=32,sr<=40%,kvB<=1k,kp=0,0.0278,2
16,n<=32,sr<=40%,kvB<=4k,kp<=1k,0.0375,2
16,n<=32,sr<=40%,kvB<=4k,kp<=2k,0.0537,2
16,n<=32,sr<=40%,kvB<=4k,kp<=4k,0.0468,2
16,n<=32,sr<=40%,kvB<=4k,kp<=512,0.0515,2
16,n<=32,sr<=40%,kvB<=4k,kp<=8k,0.0372,2
16,n<=32,sr<=40%,kvB<=4k,kp=0,0.0561,2
16,n<=32,sr<=5%,kvB<=16k,kp<=1k,-0.0073,2
16,n<=32,sr<=5%,kvB<=16k,kp<=2k,-0.0066,2
16,n<=32,sr<=5%,kvB<=16k,kp<=4k,-0.0084,2
16,n<=32,sr<=5%,kvB<=16k,kp<=512,-0.007,2
16,n<=32,sr<=5%,kvB<=16k,kp<=8k,-0.0099,2
16,n<=32,sr<=5%,kvB<=16k,kp=0,-0.0122,2
16,n<=32,sr<=5%,kvB<=1k,kp<=1k,-0.0173,2
16,n<=32,sr<=5%,kvB<=1k,kp<=2k,0.0079,2
16,n<=32,sr<=5%,kvB<=1k,kp<=4k,0.0077,2
16,n<=32,sr<=5%,kvB<=1k,kp<=512,-0.0087,2
16,n<=32,sr<=5%,kvB<=1k,kp<=8k,-0.0042,2
16,n<=32,sr<=5%,kvB<=1k,kp=0,-0.0056,2
16,n<=32,sr<=5%,kvB<=4k,kp<=1k,-0.0029,2
16,n<=32,sr<=5%,kvB<=4k,kp<=2k,-0.0035,2
16,n<=32,sr<=5%,kvB<=4k,kp<=4k,-0.005,2
16,n<=32,sr<=5%,kvB<=4k,kp<=512,-0.0074,2
16,n<=32,sr<=5%,kvB<=4k,kp<=8k,-0.0043,2
16,n<=32,sr<=5%,kvB<=4k,kp=0,0.0004,2
16,n<=32,sr<=70%,kvB<=16k,kp<=1k,0.0594,2
16,n<=32,sr<=70%,kvB<=16k,kp<=2k,0.0616,2
16,n<=32,sr<=70%,kvB<=16k,kp<=4k,0.0594,2
16,n<=32,sr<=70%,kvB<=16k,kp<=512,0.0496,2
16,n<=32,sr<=70%,kvB<=16k,kp<=8k,0.0549,2
16,n<=32,sr<=70%,kvB<=16k,kp=0,0.07,2
16,n<=32,sr<=70%,kvB<=1k,kp<=1k,-0.0198,2
16,n<=32,sr<=70%,kvB<=1k,kp<=2k,-0.0599,2
16,n<=32,sr<=70%,kvB<=1k,kp<=4k,-0.0453,2
16,n<=32,sr<=70%,kvB<=1k,kp<=512,-0.0897,2
16,n<=32,sr<=70%,kvB<=1k,kp<=8k,-0.0813,2
16,n<=32,sr<=70%,kvB<=1k,kp=0,-0.0676,2
16,n<=32,sr<=70%,kvB<=4k,kp<=1k,0.0415,2
16,n<=32,sr<=70%,kvB<=4k,kp<=2k,0.0415,2
16,n<=32,sr<=70%,kvB<=4k,kp<=4k,0.0405,2
16,n<=32,sr<=70%,kvB<=4k,kp<=512,0.0633,2
16,n<=32,sr<=70%,kvB<=4k,kp<=8k,0.0707,2
16,n<=32,sr<=70%,kvB<=4k,kp=0,0.0399,2
16,n<=32,sr>70%,kvB<=16k,kp<=1k,0.4194,4
16,n<=32,sr>70%,kvB<=16k,kp<=2k,0.4253,4
16,n<=32,sr>70%,kvB<=16k,kp<=4k,0.4255,4
16,n<=32,sr>70%,kvB<=16k,kp<=512,0.4585,4
16,n<=32,sr>70%,kvB<=16k,kp<=8k,0.4357,4
16,n<=32,sr>70%,kvB<=16k,kp=0,0.4415,4
16,n<=32,sr>70%,kvB<=1k,kp<=1k,0.559,4
16,n<=32,sr>70%,kvB<=1k,kp<=2k,0.501,4
16,n<=32,sr>70%,kvB<=1k,kp<=4k,0.4209,4
16,n<=32,sr>70%,kvB<=1k,kp<=512,0.4415,4
16,n<=32,sr>70%,kvB<=1k,kp<=8k,0.4345,4
16,n<=32,sr>70%,kvB<=1k,kp=0,0.4952,4
16,n<=32,sr>70%,kvB<=4k,kp<=1k,0.4276,4
16,n<=32,sr>70%,kvB<=4k,kp<=2k,0.4881,4
16,n<=32,sr>70%,kvB<=4k,kp<=4k,0.4238,4
16,n<=32,sr>70%,kvB<=4k,kp<=512,0.443,4
16,n<=32,sr>70%,kvB<=4k,kp<=8k,0.4682,4
16,n<=32,sr>70%,kvB<=4k,kp=0,0.4622,4
16,n<=4,sr<=40%,kvB<=16k,kp<=1k,0.0036,2
16,n<=4,sr<=40%,kvB<=16k,kp<=2k,-0.0015,2
16,n<=4,sr<=40%,kvB<=16k,kp<=4k,0.0149,2
16,n<=4,sr<=40%,kvB<=16k,kp<=512,-0.0014,2
16,n<=4,sr<=40%,kvB<=16k,kp<=8k,0.0045,2
16,n<=4,sr<=40%,kvB<=16k,kp=0,-0.0112,2
16,n<=4,sr<=40%,kvB<=1k,kp<=1k,0.0705,2
16,n<=4,sr<=40%,kvB<=1k,kp<=2k,0.1539,2
16,n<=4,sr<=40%,kvB<=1k,kp<=4k,0.0491,2
16,n<=4,sr<=40%,kvB<=1k,kp<=512,-0.0429,2
16,n<=4,sr<=40%,kvB<=1k,kp<=8k,-0.0481,2
16,n<=4,sr<=40%,kvB<=1k,kp=0,0.0407,4
16,n<=4,sr<=40%,kvB<=4k,kp<=1k,0.0491,2
16,n<=4,sr<=40%,kvB<=4k,kp<=2k,0.0526,2
16,n<=4,sr<=40%,kvB<=4k,kp<=4k,0.0355,2
16,n<=4,sr<=40%,kvB<=4k,kp<=512,0.033,2
16,n<=4,sr<=40%,kvB<=4k,kp<=8k,0.0318,2
16,n<=4,sr<=40%,kvB<=4k,kp=0,0.0436,3
16,n<=4,sr<=70%,kvB<=16k,kp<=1k,0.0579,2
16,n<=4,sr<=70%,kvB<=16k,kp<=2k,0.0598,2
16,n<=4,sr<=70%,kvB<=16k,kp<=4k,0.0543,2
16,n<=4,sr<=70%,kvB<=16k,kp<=512,0.0223,2
16,n<=4,sr<=70%,kvB<=16k,kp<=8k,0.037,2
16,n<=4,sr<=70%,kvB<=16k,kp=0,0.0556,2
16,n<=4,sr<=70%,kvB<=1k,kp<=1k,0.0766,2
16,n<=4,sr<=70%,kvB<=1k,kp<=2k,0.2136,2
16,n<=4,sr<=70%,kvB<=1k,kp<=4k,0.3416,2
16,n<=4,sr<=70%,kvB<=1k,kp<=512,0.2036,2
16,n<=4,sr<=70%,kvB<=1k,kp<=8k,0.1313,2
16,n<=4,sr<=70%,kvB<=1k,kp=0,0.1671,3
16,n<=4,sr<=70%,kvB<=4k,kp<=1k,-0.0751,2
16,n<=4,sr<=70%,kvB<=4k,kp<=2k,-0.0991,2
16,n<=4,sr<=70%,kvB<=4k,kp<=4k,-0.0191,2
16,n<=4,sr<=70%,kvB<=4k,kp<=512,-0.0695,2
16,n<=4,sr<=70%,kvB<=4k,kp<=8k,0.0011,2
16,n<=4,sr<=70%,kvB<=4k,kp=0,-0.0516,2
16,n<=4,sr>70%,kvB<=16k,kp<=1k,-0.053,2
16,n<=4,sr>70%,kvB<=16k,kp<=2k,-0.0203,2
16,n<=4,sr>70%,kvB<=16k,kp<=4k,-0.0021,2
16,n<=4,sr>70%,kvB<=16k,kp<=512,0.0744,2
16,n<=4,sr>70%,kvB<=16k,kp<=8k,-0.0169,2
16,n<=4,sr>70%,kvB<=16k,kp=0,0.0029,2
16,n<=4,sr>70%,kvB<=1k,kp<=1k,0.0123,2
16,n<=4,sr>70%,kvB<=1k,kp<=2k,-0.1052,2
16,n<=4,sr>70%,kvB<=1k,kp<=4k,0.2986,2
16,n<=4,sr>70%,kvB<=1k,kp<=512,0.0205,2
16,n<=4,sr>70%,kvB<=1k,kp<=8k,0.242,2
16,n<=4,sr>70%,kvB<=1k,kp=0,0.0902,2
16,n<=4,sr>70%,kvB<=4k,kp<=1k,-0.0501,2
16,n<=4,sr>70%,kvB<=4k,kp<=2k,-0.0305,2
16,n<=4,sr>70%,kvB<=4k,kp<=4k,-0.0007,2
16,n<=4,sr>70%,kvB<=4k,kp<=512,0.025,2
16,n<=4,sr>70%,kvB<=4k,kp<=8k,0.0108,2
16,n<=4,sr>70%,kvB<=4k,kp=0,-0.0077,2
16,n<=64,sr<=15%,kvB<=16k,kp<=1k,0.1245,4
16,n<=64,sr<=15%,kvB<=16k,kp<=2k,0.1241,4
16,n<=64,sr<=15%,kvB<=16k,kp<=4k,0.1229,4
16,n<=64,sr<=15%,kvB<=16k,kp<=512,0.1237,4
16,n<=64,sr<=15%,kvB<=16k,kp<=8k,0.1221,4
16,n<=64,sr<=15%,kvB<=16k,kp=0,0.1217,4
16,n<=64,sr<=15%,kvB<=1k,kp<=1k,0.1781,4
16,n<=64,sr<=15%,kvB<=1k,kp<=2k,0.1824,4
16,n<=64,sr<=15%,kvB<=1k,kp<=4k,0.1842,4
16,n<=64,sr<=15%,kvB<=1k,kp<=512,0.1876,4
16,n<=64,sr<=15%,kvB<=1k,kp<=8k,0.1976,4
16,n<=64,sr<=15%,kvB<=1k,kp=0,0.1818,4
16,n<=64,sr<=15%,kvB<=4k,kp<=1k,0.1267,4
16,n<=64,sr<=15%,kvB<=4k,kp<=2k,0.1337,4
16,n<=64,sr<=15%,kvB<=4k,kp<=4k,0.1296,4
16,n<=64,sr<=15%,kvB<=4k,kp<=512,0.1261,4
16,n<=64,sr<=15%,kvB<=4k,kp<=8k,0.1302,4
16,n<=64,sr<=15%,kvB<=4k,kp=0,0.1288,4
16,n<=64,sr<=40%,kvB<=16k,kp<=1k,0.7235,2
16,n<=64,sr<=40%,kvB<=16k,kp<=2k,0.7235,2
16,n<=64,sr<=40%,kvB<=16k,kp<=4k,0.7235,2
16,n<=64,sr<=40%,kvB<=16k,kp<=512,0.7306,2
16,n<=64,sr<=40%,kvB<=16k,kp<=8k,0.7275,2
16,n<=64,sr<=40%,kvB<=16k,kp=0,0.7351,2
16,n<=64,sr<=40%,kvB<=1k,kp<=1k,0.7164,2
16,n<=64,sr<=40%,kvB<=1k,kp<=2k,0.7591,2
16,n<=64,sr<=40%,kvB<=1k,kp<=4k,0.7162,2
16,n<=64,sr<=40%,kvB<=1k,kp<=512,0.7272,2
16,n<=64,sr<=40%,kvB<=1k,kp<=8k,0.7097,2
16,n<=64,sr<=40%,kvB<=1k,kp=0,0.749,2
16,n<=64,sr<=40%,kvB<=4k,kp<=1k,0.7205,2
16,n<=64,sr<=40%,kvB<=4k,kp<=2k,0.7171,2
16,n<=64,sr<=40%,kvB<=4k,kp<=4k,0.7183,2
16,n<=64,sr<=40%,kvB<=4k,kp<=512,0.713,2
16,n<=64,sr<=40%,kvB<=4k,kp<=8k,0.7011,2
16,n<=64,sr<=40%,kvB<=4k,kp=0,0.7208,2
16,n<=64,sr<=5%,kvB<=16k,kp<=1k,0.0192,6
16,n<=64,sr<=5%,kvB<=16k,kp<=2k,0.0211,6
16,n<=64,sr<=5%,kvB<=16k,kp<=4k,0.0193,6
16,n<=64,sr<=5%,kvB<=16k,kp<=512,0.021,6
16,n<=64,sr<=5%,kvB<=16k,kp<=8k,0.0183,6
16,n<=64,sr<=5%,kvB<=16k,kp=0,0.021,6
16,n<=64,sr<=5%,kvB<=1k,kp<=1k,0.0842,6
16,n<=64,sr<=5%,kvB<=1k,kp<=2k,0.0836,6
16,n<=64,sr<=5%,kvB<=1k,kp<=4k,0.0829,6
16,n<=64,sr<=5%,kvB<=1k,kp<=512,0.0811,6
16,n<=64,sr<=5%,kvB<=1k,kp<=8k,0.0805,6
16,n<=64,sr<=5%,kvB<=1k,kp=0,0.0856,6
16,n<=64,sr<=5%,kvB<=4k,kp<=1k,0.032,6
16,n<=64,sr<=5%,kvB<=4k,kp<=2k,0.032,6
16,n<=64,sr<=5%,kvB<=4k,kp<=4k,0.0313,6
16,n<=64,sr<=5%,kvB<=4k,kp<=512,0.03,6
16,n<=64,sr<=5%,kvB<=4k,kp<=8k,0.0316,6
16,n<=64,sr<=5%,kvB<=4k,kp=0,0.033,6
16,n<=64,sr<=70%,kvB<=16k,kp<=1k,0.6293,2
16,n<=64,sr<=70%,kvB<=16k,kp<=2k,0.6146,2
16,n<=64,sr<=70%,kvB<=16k,kp<=4k,0.627,2
16,n<=64,sr<=70%,kvB<=16k,kp<=512,0.6211,2
16,n<=64,sr<=70%,kvB<=16k,kp<=8k,0.6114,2
16,n<=64,sr<=70%,kvB<=16k,kp=0,0.6326,2
16,n<=64,sr<=70%,kvB<=1k,kp<=1k,0.6237,2
16,n<=64,sr<=70%,kvB<=1k,kp<=2k,0.6272,2
16,n<=64,sr<=70%,kvB<=1k,kp<=4k,0.6105,2
16,n<=64,sr<=70%,kvB<=1k,kp<=512,0.6366,2
16,n<=64,sr<=70%,kvB<=1k,kp<=8k,0.6648,2
16,n<=64,sr<=70%,kvB<=1k,kp=0,0.6621,2
16,n<=64,sr<=70%,kvB<=4k,kp<=1k,0.5945,2
16,n<=64,sr<=70%,kvB<=4k,kp<=2k,0.5994,2
16,n<=64,sr<=70%,kvB<=4k,kp<=4k,0.6151,2
16,n<=64,sr<=70%,kvB<=4k,kp<=512,0.6425,2
16,n<=64,sr<=70%,kvB<=4k,kp<=8k,0.6155,2
16,n<=64,sr<=70%,kvB<=4k,kp=0,0.6372,2
16,n<=64,sr>70%,kvB<=16k,kp<=1k,0.5884,4
16,n<=64,sr>70%,kvB<=16k,kp<=2k,0.6049,4
16,n<=64,sr>70%,kvB<=16k,kp<=4k,0.5971,4
16,n<=64,sr>70%,kvB<=16k,kp<=512,0.6041,4
16,n<=64,sr>70%,kvB<=16k,kp<=8k,0.6285,4
16,n<=64,sr>70%,kvB<=16k,kp=0,0.656,4
16,n<=64,sr>70%,kvB<=1k,kp<=1k,0.6468,4
16,n<=64,sr>70%,kvB<=1k,kp<=2k,0.6241,4
16,n<=64,sr>70%,kvB<=1k,kp<=4k,0.5986,4
16,n<=64,sr>70%,kvB<=1k,kp<=512,0.6471,4
16,n<=64,sr>70%,kvB<=1k,kp<=8k,0.6477,4
16,n<=64,sr>70%,kvB<=1k,kp=0,0.6625,4
16,n<=64,sr>70%,kvB<=4k,kp<=1k,0.6292,4
16,n<=64,sr>70%,kvB<=4k,kp<=2k,0.5985,4
16,n<=64,sr>70%,kvB<=4k,kp<=4k,0.6015,4
16,n<=64,sr>70%,kvB<=4k,kp<=512,0.5741,4
16,n<=64,sr>70%,kvB<=4k,kp<=8k,0.5695,4
16,n<=64,sr>70%,kvB<=4k,kp=0,0.6783,4
16,n<=8,sr<=15%,kvB<=16k,kp<=1k,0.0168,2
16,n<=8,sr<=15%,kvB<=16k,kp<=2k,0.0153,2
16,n<=8,sr<=15%,kvB<=16k,kp<=4k,0.0202,2
16,n<=8,sr<=15%,kvB<=16k,kp<=512,0.0127,2
16,n<=8,sr<=15%,kvB<=16k,kp<=8k,0.0169,2
16,n<=8,sr<=15%,kvB<=16k,kp=0,0.0142,2
16,n<=8,sr<=15%,kvB<=1k,kp<=1k,0.0058,2
16,n<=8,sr<=15%,kvB<=1k,kp<=2k,-0.0004,2
16,n<=8,sr<=15%,kvB<=1k,kp<=4k,-0.0384,2
16,n<=8,sr<=15%,kvB<=1k,kp<=512,-0.013,2
16,n<=8,sr<=15%,kvB<=1k,kp<=8k,0.0221,2
16,n<=8,sr<=15%,kvB<=1k,kp=0,-0.0028,4
16,n<=8,sr<=15%,kvB<=4k,kp<=1k,0.0321,2
16,n<=8,sr<=15%,kvB<=4k,kp<=2k,0.0216,2
16,n<=8,sr<=15%,kvB<=4k,kp<=4k,0.0292,2
16,n<=8,sr<=15%,kvB<=4k,kp<=512,0.0386,2
16,n<=8,sr<=15%,kvB<=4k,kp<=8k,0.0363,2
16,n<=8,sr<=15%,kvB<=4k,kp=0,0.0265,3
16,n<=8,sr<=40%,kvB<=16k,kp<=1k,0.0117,4
16,n<=8,sr<=40%,kvB<=16k,kp<=2k,0.0155,4
16,n<=8,sr<=40%,kvB<=16k,kp<=4k,0.0157,4
16,n<=8,sr<=40%,kvB<=16k,kp<=512,-0.0013,4
16,n<=8,sr<=40%,kvB<=16k,kp<=8k,0.0224,4
16,n<=8,sr<=40%,kvB<=16k,kp=0,0.0185,4
16,n<=8,sr<=40%,kvB<=1k,kp<=1k,0.0096,4
16,n<=8,sr<=40%,kvB<=1k,kp<=2k,-0.0055,4
16,n<=8,sr<=40%,kvB<=1k,kp<=4k,0.0032,4
16,n<=8,sr<=40%,kvB<=1k,kp<=512,-0.0182,4
16,n<=8,sr<=40%,kvB<=1k,kp<=8k,-0.0025,4
16,n<=8,sr<=40%,kvB<=1k,kp=0,0.0162,4
16,n<=8,sr<=40%,kvB<=4k,kp<=1k,0.0401,4
16,n<=8,sr<=40%,kvB<=4k,kp<=2k,0.0269,4
16,n<=8,sr<=40%,kvB<=4k,kp<=4k,0.0317,4
16,n<=8,sr<=40%,kvB<=4k,kp<=512,0.0215,4
16,n<=8,sr<=40%,kvB<=4k,kp<=8k,0.0292,4
16,n<=8,sr<=40%,kvB<=4k,kp=0,0.0276,4
16,n<=8,sr<=70%,kvB<=16k,kp<=1k,0.0071,2
16,n<=8,sr<=70%,kvB<=16k,kp<=2k,0.0264,2
16,n<=8,sr<=70%,kvB<=16k,kp<=4k,-0.0146,2
16,n<=8,sr<=70%,kvB<=16k,kp<=512,-0.0009,2
16,n<=8,sr<=70%,kvB<=16k,kp<=8k,-0.0303,2
16,n<=8,sr<=70%,kvB<=16k,kp=0,0.0246,2
16,n<=8,sr<=70%,kvB<=1k,kp<=1k,0.0114,2
16,n<=8,sr<=70%,kvB<=1k,kp<=2k,-0.008,2
16,n<=8,sr<=70%,kvB<=1k,kp<=4k,0.0033,2
16,n<=8,sr<=70%,kvB<=1k,kp<=512,-0.008,2
16,n<=8,sr<=70%,kvB<=1k,kp<=8k,-0.0201,2
16,n<=8,sr<=70%,kvB<=1k,kp=0,-0.0052,2
16,n<=8,sr<=70%,kvB<=4k,kp<=1k,0.0681,2
16,n<=8,sr<=70%,kvB<=4k,kp<=2k,0.0788,2
16,n<=8,sr<=70%,kvB<=4k,kp<=4k,0.0709,2
16,n<=8,sr<=70%,kvB<=4k,kp<=512,0.0694,2
16,n<=8,sr<=70%,kvB<=4k,kp<=8k,0.0491,2
16,n<=8,sr<=70%,kvB<=4k,kp=0,0.1019,2
16,n<=8,sr>70%,kvB<=16k,kp<=1k,0.0641,4
16,n<=8,sr>70%,kvB<=16k,kp<=2k,0.0877,4
16,n<=8,sr>70%,kvB<=16k,kp<=4k,0.0728,4
16,n<=8,sr>70%,kvB<=16k,kp<=512,-0.0029,4
16,n<=8,sr>70%,kvB<=16k,kp<=8k,0.1396,4
16,n<=8,sr>70%,kvB<=16k,kp=0,0.0599,4
16,n<=8,sr>70%,kvB<=1k,kp<=1k,0.2552,4
16,n<=8,sr>70%,kvB<=1k,kp<=2k,0.2409,4
16,n<=8,sr>70%,kvB<=1k,kp<=4k,0.2723,4
16,n<=8,sr>70%,kvB<=1k,kp<=512,0.2923,4
16,n<=8,sr>70%,kvB<=1k,kp<=8k,0.179,4
16,n<=8,sr>70%,kvB<=1k,kp=0,0.3071,4
16,n<=8,sr>70%,kvB<=4k,kp<=1k,0.0744,4
16,n<=8,sr>70%,kvB<=4k,kp<=2k,0.1377,4
16,n<=8,sr>70%,kvB<=4k,kp<=4k,0.043,4
16,n<=8,sr>70%,kvB<=4k,kp<=512,0.1039,4
16,n<=8,sr>70%,kvB<=4k,kp<=8k,0.1275,4
16,n<=8,sr>70%,kvB<=4k,kp=0,0.1035,4
32,n<=128,sr<=15%,kvB<=16k,kp<=1k,0.2238,4
32,n<=128,sr<=15%,kvB<=16k,kp<=2k,0.2217,4
32,n<=128,sr<=15%,kvB<=16k,kp<=4k,0.2259,4
32,n<=128,sr<=15%,kvB<=16k,kp<=512,0.2252,4
32,n<=128,sr<=15%,kvB<=16k,kp<=8k,0.2234,4
32,n<=128,sr<=15%,kvB<=16k,kp=0,0.2183,4
32,n<=128,sr<=15%,kvB<=1k,kp<=1k,0.1977,4
32,n<=128,sr<=15%,kvB<=1k,kp<=2k,0.2017,4
32,n<=128,sr<=15%,kvB<=1k,kp<=4k,0.201,4
32,n<=128,sr<=15%,kvB<=1k,kp<=512,0.198,4
32,n<=128,sr<=15%,kvB<=1k,kp<=8k,0.1951,4
32,n<=128,sr<=15%,kvB<=1k,kp=0,0.2023,4
32,n<=128,sr<=15%,kvB<=4k,kp<=1k,0.2124,4
32,n<=128,sr<=15%,kvB<=4k,kp<=2k,0.2055,4
32,n<=128,sr<=15%,kvB<=4k,kp<=4k,0.2142,4
32,n<=128,sr<=15%,kvB<=4k,kp<=512,0.213,4
32,n<=128,sr<=15%,kvB<=4k,kp<=8k,0.2117,4
32,n<=128,sr<=15%,kvB<=4k,kp=0,0.2108,4
32,n<=128,sr<=40%,kvB<=16k,kp<=1k,0.2445,2
32,n<=128,sr<=40%,kvB<=16k,kp<=2k,0.255,2
32,n<=128,sr<=40%,kvB<=16k,kp<=4k,0.2503,2
32,n<=128,sr<=40%,kvB<=16k,kp<=512,0.264,2
32,n<=128,sr<=40%,kvB<=16k,kp<=8k,0.2484,2
32,n<=128,sr<=40%,kvB<=16k,kp=0,0.2546,2
32,n<=128,sr<=40%,kvB<=1k,kp<=1k,0.2117,2
32,n<=128,sr<=40%,kvB<=1k,kp<=2k,0.198,2
32,n<=128,sr<=40%,kvB<=1k,kp<=4k,0.2387,2
32,n<=128,sr<=40%,kvB<=1k,kp<=512,0.209,2
32,n<=128,sr<=40%,kvB<=1k,kp<=8k,0.2203,2
32,n<=128,sr<=40%,kvB<=1k,kp=0,0.2123,2
32,n<=128,sr<=40%,kvB<=4k,kp<=1k,0.2531,2
32,n<=128,sr<=40%,kvB<=4k,kp<=2k,0.2523,2
32,n<=128,sr<=40%,kvB<=4k,kp<=4k,0.2408,2
32,n<=128,sr<=40%,kvB<=4k,kp<=512,0.2486,2
32,n<=128,sr<=40%,kvB<=4k,kp<=8k,0.247,2
32,n<=128,sr<=40%,kvB<=4k,kp=0,0.264,2
32,n<=128,sr<=5%,kvB<=16k,kp<=1k,0.214,8
32,n<=128,sr<=5%,kvB<=16k,kp<=2k,0.2124,8
32,n<=128,sr<=5%,kvB<=16k,kp<=4k,0.2153,8
32,n<=128,sr<=5%,kvB<=16k,kp<=512,0.2136,8
32,n<=128,sr<=5%,kvB<=16k,kp<=8k,0.2147,8
32,n<=128,sr<=5%,kvB<=16k,kp=0,0.214,8
32,n<=128,sr<=5%,kvB<=1k,kp<=1k,0.1771,8
32,n<=128,sr<=5%,kvB<=1k,kp<=2k,0.1777,8
32,n<=128,sr<=5%,kvB<=1k,kp<=4k,0.1845,8
32,n<=128,sr<=5%,kvB<=1k,kp<=512,0.1852,8
32,n<=128,sr<=5%,kvB<=1k,kp<=8k,0.1743,8
32,n<=128,sr<=5%,kvB<=1k,kp=0,0.1782,8
32,n<=128,sr<=5%,kvB<=4k,kp<=1k,0.2033,8
32,n<=128,sr<=5%,kvB<=4k,kp<=2k,0.2039,8
32,n<=128,sr<=5%,kvB<=4k,kp<=4k,0.2039,8
32,n<=128,sr<=5%,kvB<=4k,kp<=512,0.2001,8
32,n<=128,sr<=5%,kvB<=4k,kp<=8k,0.2028,8
32,n<=128,sr<=5%,kvB<=4k,kp=0,0.2034,8
32,n<=128,sr<=70%,kvB<=16k,kp<=1k,0.0504,2
32,n<=128,sr<=70%,kvB<=16k,kp<=2k,0.0543,2
32,n<=128,sr<=70%,kvB<=16k,kp<=4k,0.0534,2
32,n<=128,sr<=70%,kvB<=16k,kp<=512,0.0453,2
32,n<=128,sr<=70%,kvB<=16k,kp<=8k,0.0558,2
32,n<=128,sr<=70%,kvB<=16k,kp=0,0.047,2
32,n<=128,sr<=70%,kvB<=1k,kp<=1k,-0.0092,2
32,n<=128,sr<=70%,kvB<=1k,kp<=2k,0.0061,2
32,n<=128,sr<=70%,kvB<=1k,kp<=4k,0.0394,2
32,n<=128,sr<=70%,kvB<=1k,kp<=512,0.0176,2
32,n<=128,sr<=70%,kvB<=1k,kp<=8k,0.0163,2
32,n<=128,sr<=70%,kvB<=1k,kp=0,0.0167,2
32,n<=128,sr<=70%,kvB<=4k,kp<=1k,0.0303,2
32,n<=128,sr<=70%,kvB<=4k,kp<=2k,0.0434,2
32,n<=128,sr<=70%,kvB<=4k,kp<=4k,0.0441,2
32,n<=128,sr<=70%,kvB<=4k,kp<=512,0.0489,2
32,n<=128,sr<=70%,kvB<=4k,kp<=8k,0.0508,2
32,n<=128,sr<=70%,kvB<=4k,kp=0,0.0331,2
32,n<=128,sr>70%,kvB<=16k,kp<=1k,0.7199,4
32,n<=128,sr>70%,kvB<=16k,kp<=2k,0.734,4
32,n<=128,sr>70%,kvB<=16k,kp<=4k,0.7461,4
32,n<=128,sr>70%,kvB<=16k,kp<=512,0.7218,4
32,n<=128,sr>70%,kvB<=16k,kp<=8k,0.7651,4
32,n<=128,sr>70%,kvB<=16k,kp=0,0.7728,4
32,n<=128,sr>70%,kvB<=1k,kp<=1k,0.7271,4
32,n<=128,sr>70%,kvB<=1k,kp<=2k,0.7018,4
32,n<=128,sr>70%,kvB<=1k,kp<=4k,0.693,4
32,n<=128,sr>70%,kvB<=1k,kp<=512,0.7385,4
32,n<=128,sr>70%,kvB<=1k,kp<=8k,0.7792,4
32,n<=128,sr>70%,kvB<=1k,kp=0,0.7034,4
32,n<=128,sr>70%,kvB<=4k,kp<=1k,0.7608,4
32,n<=128,sr>70%,kvB<=4k,kp<=2k,0.7642,4
32,n<=128,sr>70%,kvB<=4k,kp<=4k,0.7649,4
32,n<=128,sr>70%,kvB<=4k,kp<=512,0.717,4
32,n<=128,sr>70%,kvB<=4k,kp<=8k,0.8001,4
32,n<=128,sr>70%,kvB<=4k,kp=0,0.8233,4
32,n<=16,sr<=15%,kvB<=16k,kp<=1k,0.0019,4
32,n<=16,sr<=15%,kvB<=16k,kp<=2k,0.007,4
32,n<=16,sr<=15%,kvB<=16k,kp<=4k,0.0026,4
32,n<=16,sr<=15%,kvB<=16k,kp<=512,0.006,4
32,n<=16,sr<=15%,kvB<=16k,kp<=8k,0.0076,4
32,n<=16,sr<=15%,kvB<=16k,kp=0,0.0055,4
32,n<=16,sr<=15%,kvB<=1k,kp<=1k,0.0243,4
32,n<=16,sr<=15%,kvB<=1k,kp<=2k,0.0166,4
32,n<=16,sr<=15%,kvB<=1k,kp<=4k,0.0038,4
32,n<=16,sr<=15%,kvB<=1k,kp<=512,0.0236,4
32,n<=16,sr<=15%,kvB<=1k,kp<=8k,0.0047,4
32,n<=16,sr<=15%,kvB<=1k,kp=0,0.0134,4
32,n<=16,sr<=15%,kvB<=4k,kp<=1k,0.0077,4
32,n<=16,sr<=15%,kvB<=4k,kp<=2k,0.007,4
32,n<=16,sr<=15%,kvB<=4k,kp<=4k,-0.0044,4
32,n<=16,sr<=15%,kvB<=4k,kp<=512,-0.0024,4
32,n<=16,sr<=15%,kvB<=4k,kp<=8k,0.0016,4
32,n<=16,sr<=15%,kvB<=4k,kp=0,0.0061,4
32,n<=16,sr<=40%,kvB<=16k,kp<=1k,-0.0145,4
32,n<=16,sr<=40%,kvB<=16k,kp<=2k,-0.0123,4
32,n<=16,sr<=40%,kvB<=16k,kp<=4k,-0.004,4
32,n<=16,sr<=40%,kvB<=16k,kp<=512,-0.0128,4
32,n<=16,sr<=40%,kvB<=16k,kp<=8k,0.0,4
32,n<=16,sr<=40%,kvB<=16k,kp=0,-0.0099,4
32,n<=16,sr<=40%,kvB<=1k,kp<=1k,0.0654,4
32,n<=16,sr<=40%,kvB<=1k,kp<=2k,0.0425,4
32,n<=16,sr<=40%,kvB<=1k,kp<=4k,0.0461,4
32,n<=16,sr<=40%,kvB<=1k,kp<=512,0.0621,4
32,n<=16,sr<=40%,kvB<=1k,kp<=8k,0.0444,4
32,n<=16,sr<=40%,kvB<=1k,kp=0,0.052,4
32,n<=16,sr<=40%,kvB<=4k,kp<=1k,-0.0148,4
32,n<=16,sr<=40%,kvB<=4k,kp<=2k,-0.0149,4
32,n<=16,sr<=40%,kvB<=4k,kp<=4k,-0.0135,4
32,n<=16,sr<=40%,kvB<=4k,kp<=512,-0.0112,4
32,n<=16,sr<=40%,kvB<=4k,kp<=8k,-0.0042,4
32,n<=16,sr<=40%,kvB<=4k,kp=0,-0.0192,4
32,n<=16,sr<=70%,kvB<=16k,kp<=1k,-0.0447,2
32,n<=16,sr<=70%,kvB<=16k,kp<=2k,-0.0495,2
32,n<=16,sr<=70%,kvB<=16k,kp<=4k,-0.0565,2
32,n<=16,sr<=70%,kvB<=16k,kp<=512,-0.0245,2
32,n<=16,sr<=70%,kvB<=16k,kp<=8k,-0.0311,2
32,n<=16,sr<=70%,kvB<=16k,kp=0,-0.0438,2
32,n<=16,sr<=70%,kvB<=1k,kp<=1k,-0.129,2
32,n<=16,sr<=70%,kvB<=1k,kp<=2k,-0.0919,2
32,n<=16,sr<=70%,kvB<=1k,kp<=4k,-0.115,2
32,n<=16,sr<=70%,kvB<=1k,kp<=512,-0.1427,2
32,n<=16,sr<=70%,kvB<=1k,kp<=8k,-0.1521,2
32,n<=16,sr<=70%,kvB<=1k,kp=0,-0.1274,2
32,n<=16,sr<=70%,kvB<=4k,kp<=1k,-0.0783,2
32,n<=16,sr<=70%,kvB<=4k,kp<=2k,-0.0646,2
32,n<=16,sr<=70%,kvB<=4k,kp<=4k,-0.0397,2
32,n<=16,sr<=70%,kvB<=4k,kp<=512,-0.0179,2
32,n<=16,sr<=70%,kvB<=4k,kp<=8k,-0.0491,2
32,n<=16,sr<=70%,kvB<=4k,kp=0,-0.0689,2
32,n<=16,sr>70%,kvB<=16k,kp<=1k,0.0734,4
32,n<=16,sr>70%,kvB<=16k,kp<=2k,0.0724,4
32,n<=16,sr>70%,kvB<=16k,kp<=4k,0.0563,4
32,n<=16,sr>70%,kvB<=16k,kp<=512,0.0402,4
32,n<=16,sr>70%,kvB<=16k,kp<=8k,0.0641,4
32,n<=16,sr>70%,kvB<=16k,kp=0,0.0695,4
32,n<=16,sr>70%,kvB<=1k,kp<=1k,0.1525,4
32,n<=16,sr>70%,kvB<=1k,kp<=2k,0.1743,4
32,n<=16,sr>70%,kvB<=1k,kp<=4k,0.1807,4
32,n<=16,sr>70%,kvB<=1k,kp<=512,0.1525,4
32,n<=16,sr>70%,kvB<=1k,kp<=8k,0.1562,4
32,n<=16,sr>70%,kvB<=1k,kp=0,0.134,4
32,n<=16,sr>70%,kvB<=4k,kp<=1k,0.0428,4
32,n<=16,sr>70%,kvB<=4k,kp<=2k,0.0678,4
32,n<=16,sr>70%,kvB<=4k,kp<=4k,0.0572,4
32,n<=16,sr>70%,kvB<=4k,kp<=512,0.027,4
32,n<=16,sr>70%,kvB<=4k,kp<=8k,0.0114,4
32,n<=16,sr>70%,kvB<=4k,kp=0,0.0876,4
32,n<=2,sr<=70%,kvB<=16k,kp<=1k,0.0447,2
32,n<=2,sr<=70%,kvB<=16k,kp<=2k,0.0522,2
32,n<=2,sr<=70%,kvB<=16k,kp<=4k,0.0675,2
32,n<=2,sr<=70%,kvB<=16k,kp<=512,0.0303,2
32,n<=2,sr<=70%,kvB<=16k,kp<=8k,0.0883,2
32,n<=2,sr<=70%,kvB<=16k,kp=0,0.0805,2
32,n<=2,sr<=70%,kvB<=1k,kp<=1k,0.1731,1
32,n<=2,sr<=70%,kvB<=1k,kp<=2k,0.0528,1
32,n<=2,sr<=70%,kvB<=1k,kp<=4k,0.4469,2
32,n<=2,sr<=70%,kvB<=1k,kp<=512,0.3009,1
32,n<=2,sr<=70%,kvB<=1k,kp<=8k,-0.585,2
32,n<=2,sr<=70%,kvB<=1k,kp=0,0.1906,1
32,n<=2,sr<=70%,kvB<=4k,kp<=1k,-0.0139,2
32,n<=2,sr<=70%,kvB<=4k,kp<=2k,0.0321,2
32,n<=2,sr<=70%,kvB<=4k,kp<=4k,0.1949,2
32,n<=2,sr<=70%,kvB<=4k,kp<=512,0.0885,2
32,n<=2,sr<=70%,kvB<=4k,kp<=8k,-0.0347,2
32,n<=2,sr<=70%,kvB<=4k,kp=0,0.1598,2
32,n<=32,sr<=15%,kvB<=16k,kp<=1k,0.1086,6
32,n<=32,sr<=15%,kvB<=16k,kp<=2k,0.1101,6
32,n<=32,sr<=15%,kvB<=16k,kp<=4k,0.1078,6
32,n<=32,sr<=15%,kvB<=16k,kp<=512,0.1099,6
32,n<=32,sr<=15%,kvB<=16k,kp<=8k,0.1093,6
32,n<=32,sr<=15%,kvB<=16k,kp=0,0.1166,6
32,n<=32,sr<=15%,kvB<=1k,kp<=1k,0.0651,6
32,n<=32,sr<=15%,kvB<=1k,kp<=2k,0.0508,6
32,n<=32,sr<=15%,kvB<=1k,kp<=4k,0.0529,6
32,n<=32,sr<=15%,kvB<=1k,kp<=512,0.0673,6
32,n<=32,sr<=15%,kvB<=1k,kp<=8k,0.0477,6
32,n<=32,sr<=15%,kvB<=1k,kp=0,0.0603,6
32,n<=32,sr<=15%,kvB<=4k,kp<=1k,0.1036,6
32,n<=32,sr<=15%,kvB<=4k,kp<=2k,0.0994,6
32,n<=32,sr<=15%,kvB<=4k,kp<=4k,0.0957,6
32,n<=32,sr<=15%,kvB<=4k,kp<=512,0.1112,6
32,n<=32,sr<=15%,kvB<=4k,kp<=8k,0.1007,6
32,n<=32,sr<=15%,kvB<=4k,kp=0,0.121,6
32,n<=32,sr<=40%,kvB<=16k,kp<=1k,0.0509,2
32,n<=32,sr<=40%,kvB<=16k,kp<=2k,0.0404,2
32,n<=32,sr<=40%,kvB<=16k,kp<=4k,0.0397,2
32,n<=32,sr<=40%,kvB<=16k,kp<=512,0.0468,2
32,n<=32,sr<=40%,kvB<=16k,kp<=8k,0.0494,2
32,n<=32,sr<=40%,kvB<=16k,kp=0,0.0533,2
32,n<=32,sr<=40%,kvB<=1k,kp<=1k,0.0109,2
32,n<=32,sr<=40%,kvB<=1k,kp<=2k,0.0113,2
32,n<=32,sr<=40%,kvB<=1k,kp<=4k,0.0053,2
32,n<=32,sr<=40%,kvB<=1k,kp<=512,0.014,2
32,n<=32,sr<=40%,kvB<=1k,kp<=8k,0.0487,2
32,n<=32,sr<=40%,kvB<=1k,kp=0,0.0274,2
32,n<=32,sr<=40%,kvB<=4k,kp<=1k,0.0413,2
32,n<=32,sr<=40%,kvB<=4k,kp<=2k,0.0406,2
32,n<=32,sr<=40%,kvB<=4k,kp<=4k,0.0373,2
32,n<=32,sr<=40%,kvB<=4k,kp<=512,0.0394,2
32,n<=32,sr<=40%,kvB<=4k,kp<=8k,0.0513,2
32,n<=32,sr<=40%,kvB<=4k,kp=0,0.0526,2
32,n<=32,sr<=5%,kvB<=16k,kp<=1k,-0.009,2
32,n<=32,sr<=5%,kvB<=16k,kp<=2k,-0.0105,2
32,n<=32,sr<=5%,kvB<=16k,kp<=4k,-0.0044,2
32,n<=32,sr<=5%,kvB<=16k,kp<=512,-0.0067,2
32,n<=32,sr<=5%,kvB<=16k,kp<=8k,-0.0032,2
32,n<=32,sr<=5%,kvB<=16k,kp=0,-0.0078,2
32,n<=32,sr<=5%,kvB<=1k,kp<=1k,-0.007,2
32,n<=32,sr<=5%,kvB<=1k,kp<=2k,-0.0038,2
32,n<=32,sr<=5%,kvB<=1k,kp<=4k,-0.0014,2
32,n<=32,sr<=5%,kvB<=1k,kp<=512,-0.0026,2
32,n<=32,sr<=5%,kvB<=1k,kp<=8k,-0.006,2
32,n<=32,sr<=5%,kvB<=1k,kp=0,0.0075,2
32,n<=32,sr<=5%,kvB<=4k,kp<=1k,-0.0003,2
32,n<=32,sr<=5%,kvB<=4k,kp<=2k,-0.0048,2
32,n<=32,sr<=5%,kvB<=4k,kp<=4k,-0.011,2
32,n<=32,sr<=5%,kvB<=4k,kp<=512,-0.0014,2
32,n<=32,sr<=5%,kvB<=4k,kp<=8k,-0.0064,2
32,n<=32,sr<=5%,kvB<=4k,kp=0,-0.0041,2
32,n<=32,sr<=70%,kvB<=16k,kp<=1k,0.0647,2
32,n<=32,sr<=70%,kvB<=16k,kp<=2k,0.0702,2
32,n<=32,sr<=70%,kvB<=16k,kp<=4k,0.0645,2
32,n<=32,sr<=70%,kvB<=16k,kp<=512,0.07,2
32,n<=32,sr<=70%,kvB<=16k,kp<=8k,0.0771,2
32,n<=32,sr<=70%,kvB<=16k,kp=0,0.0878,2
32,n<=32,sr<=70%,kvB<=1k,kp<=1k,-0.038,2
32,n<=32,sr<=70%,kvB<=1k,kp<=2k,-0.0693,2
32,n<=32,sr<=70%,kvB<=1k,kp<=4k,-0.0277,2
32,n<=32,sr<=70%,kvB<=1k,kp<=512,-0.069,2
32,n<=32,sr<=70%,kvB<=1k,kp<=8k,-0.048,2
32,n<=32,sr<=70%,kvB<=1k,kp=0,-0.0513,2
32,n<=32,sr<=70%,kvB<=4k,kp<=1k,0.0571,2
32,n<=32,sr<=70%,kvB<=4k,kp<=2k,0.0293,2
32,n<=32,sr<=70%,kvB<=4k,kp<=4k,0.027,2
32,n<=32,sr<=70%,kvB<=4k,kp<=512,0.0495,2
32,n<=32,sr<=70%,kvB<=4k,kp<=8k,0.0469,2
32,n<=32,sr<=70%,kvB<=4k,kp=0,0.0422,2
32,n<=32,sr>70%,kvB<=16k,kp<=1k,0.3979,4
32,n<=32,sr>70%,kvB<=16k,kp<=2k,0.4464,4
32,n<=32,sr>70%,kvB<=16k,kp<=4k,0.455,4
32,n<=32,sr>70%,kvB<=16k,kp<=512,0.4697,4
32,n<=32,sr>70%,kvB<=16k,kp<=8k,0.4543,4
32,n<=32,sr>70%,kvB<=16k,kp=0,0.4987,4
32,n<=32,sr>70%,kvB<=1k,kp<=1k,0.3651,4
32,n<=32,sr>70%,kvB<=1k,kp<=2k,0.3897,4
32,n<=32,sr>70%,kvB<=1k,kp<=4k,0.4346,4
32,n<=32,sr>70%,kvB<=1k,kp<=512,0.5283,4
32,n<=32,sr>70%,kvB<=1k,kp<=8k,0.4716,4
32,n<=32,sr>70%,kvB<=1k,kp=0,0.4879,4
32,n<=32,sr>70%,kvB<=4k,kp<=1k,0.479,4
32,n<=32,sr>70%,kvB<=4k,kp<=2k,0.4124,4
32,n<=32,sr>70%,kvB<=4k,kp<=4k,0.4375,4
32,n<=32,sr>70%,kvB<=4k,kp<=512,0.4063,4
32,n<=32,sr>70%,kvB<=4k,kp<=8k,0.4288,4
32,n<=32,sr>70%,kvB<=4k,kp=0,0.4786,4
32,n<=4,sr<=40%,kvB<=16k,kp<=1k,0.0192,2
32,n<=4,sr<=40%,kvB<=16k,kp<=2k,0.005,2
32,n<=4,sr<=40%,kvB<=16k,kp<=4k,-0.0014,2
32,n<=4,sr<=40%,kvB<=16k,kp<=512,0.0266,2
32,n<=4,sr<=40%,kvB<=16k,kp<=8k,0.0291,2
32,n<=4,sr<=40%,kvB<=16k,kp=0,0.0191,2
32,n<=4,sr<=40%,kvB<=1k,kp<=1k,0.1007,2
32,n<=4,sr<=40%,kvB<=1k,kp<=2k,0.0564,2
32,n<=4,sr<=40%,kvB<=1k,kp<=4k,0.1103,2
32,n<=4,sr<=40%,kvB<=1k,kp<=512,-0.0008,2
32,n<=4,sr<=40%,kvB<=1k,kp<=8k,-0.1481,2
32,n<=4,sr<=40%,kvB<=1k,kp=0,0.1382,2
32,n<=4,sr<=40%,kvB<=4k,kp<=1k,0.0361,2
32,n<=4,sr<=40%,kvB<=4k,kp<=2k,0.0541,2
32,n<=4,sr<=40%,kvB<=4k,kp<=4k,0.0104,2
32,n<=4,sr<=40%,kvB<=4k,kp<=512,0.0336,2
32,n<=4,sr<=40%,kvB<=4k,kp<=8k,0.0099,2
32,n<=4,sr<=40%,kvB<=4k,kp=0,0.0571,2
32,n<=4,sr<=70%,kvB<=16k,kp<=1k,0.0528,2
32,n<=4,sr<=70%,kvB<=16k,kp<=2k,0.0559,2
32,n<=4,sr<=70%,kvB<=16k,kp<=4k,0.0405,2
32,n<=4,sr<=70%,kvB<=16k,kp<=512,0.0649,2
32,n<=4,sr<=70%,kvB<=16k,kp<=8k,0.0407,2
32,n<=4,sr<=70%,kvB<=16k,kp=0,0.0798,2
32,n<=4,sr<=70%,kvB<=1k,kp<=1k,0.2019,2
32,n<=4,sr<=70%,kvB<=1k,kp<=2k,0.1294,2
32,n<=4,sr<=70%,kvB<=1k,kp<=4k,0.0136,2
32,n<=4,sr<=70%,kvB<=1k,kp<=512,0.1943,2
32,n<=4,sr<=70%,kvB<=1k,kp<=8k,0.3007,2
32,n<=4,sr<=70%,kvB<=1k,kp=0,0.1766,2
32,n<=4,sr<=70%,kvB<=4k,kp<=1k,-0.0476,2
32,n<=4,sr<=70%,kvB<=4k,kp<=2k,-0.0288,2
32,n<=4,sr<=70%,kvB<=4k,kp<=4k,-0.0264,2
32,n<=4,sr<=70%,kvB<=4k,kp<=512,-0.0461,2
32,n<=4,sr<=70%,kvB<=4k,kp<=8k,0.0096,2
32,n<=4,sr<=70%,kvB<=4k,kp=0,-0.0246,2
32,n<=4,sr>70%,kvB<=16k,kp<=1k,-0.0174,2
32,n<=4,sr>70%,kvB<=16k,kp<=2k,-0.0084,2
32,n<=4,sr>70%,kvB<=16k,kp<=4k,-0.0395,2
32,n<=4,sr>70%,kvB<=16k,kp<=512,0.0372,2
32,n<=4,sr>70%,kvB<=16k,kp<=8k,-0.0133,2
32,n<=4,sr>70%,kvB<=16k,kp=0,-0.0095,2
32,n<=4,sr>70%,kvB<=1k,kp<=1k,0.1615,2
32,n<=4,sr>70%,kvB<=1k,kp<=2k,-0.1855,2
32,n<=4,sr>70%,kvB<=1k,kp<=4k,0.1755,2
32,n<=4,sr>70%,kvB<=1k,kp<=512,-0.017,2
32,n<=4,sr>70%,kvB<=1k,kp<=8k,0.4476,1
32,n<=4,sr>70%,kvB<=1k,kp=0,-0.0219,2
32,n<=4,sr>70%,kvB<=4k,kp<=1k,0.0142,2
32,n<=4,sr>70%,kvB<=4k,kp<=2k,0.0955,2
32,n<=4,sr>70%,kvB<=4k,kp<=4k,0.0248,2
32,n<=4,sr>70%,kvB<=4k,kp<=512,0.0341,2
32,n<=4,sr>70%,kvB<=4k,kp<=8k,0.0172,2
32,n<=4,sr>70%,kvB<=4k,kp=0,-0.0185,2
32,n<=64,sr<=15%,kvB<=16k,kp<=1k,0.1221,4
32,n<=64,sr<=15%,kvB<=16k,kp<=2k,0.1233,4
32,n<=64,sr<=15%,kvB<=16k,kp<=4k,0.1216,4
32,n<=64,sr<=15%,kvB<=16k,kp<=512,0.119,4
32,n<=64,sr<=15%,kvB<=16k,kp<=8k,0.1214,4
32,n<=64,sr<=15%,kvB<=16k,kp=0,0.1238,4
32,n<=64,sr<=15%,kvB<=1k,kp<=1k,0.1789,4
32,n<=64,sr<=15%,kvB<=1k,kp<=2k,0.1803,4
32,n<=64,sr<=15%,kvB<=1k,kp<=4k,0.188,4
32,n<=64,sr<=15%,kvB<=1k,kp<=512,0.1791,4
32,n<=64,sr<=15%,kvB<=1k,kp<=8k,0.1754,4
32,n<=64,sr<=15%,kvB<=1k,kp=0,0.1821,4
32,n<=64,sr<=15%,kvB<=4k,kp<=1k,0.1235,4
32,n<=64,sr<=15%,kvB<=4k,kp<=2k,0.1296,4
32,n<=64,sr<=15%,kvB<=4k,kp<=4k,0.1245,4
32,n<=64,sr<=15%,kvB<=4k,kp<=512,0.13,4
32,n<=64,sr<=15%,kvB<=4k,kp<=8k,0.1239,4
32,n<=64,sr<=15%,kvB<=4k,kp=0,0.1313,4
32,n<=64,sr<=40%,kvB<=16k,kp<=1k,0.7243,2
32,n<=64,sr<=40%,kvB<=16k,kp<=2k,0.7217,2
32,n<=64,sr<=40%,kvB<=16k,kp<=4k,0.7237,2
32,n<=64,sr<=40%,kvB<=16k,kp<=512,0.7178,2
32,n<=64,sr<=40%,kvB<=16k,kp<=8k,0.719,2
32,n<=64,sr<=40%,kvB<=16k,kp=0,0.7387,2
32,n<=64,sr<=40%,kvB<=1k,kp<=1k,0.7273,2
32,n<=64,sr<=40%,kvB<=1k,kp<=2k,0.7424,2
32,n<=64,sr<=40%,kvB<=1k,kp<=4k,0.6715,2
32,n<=64,sr<=40%,kvB<=1k,kp<=512,0.7155,2
32,n<=64,sr<=40%,kvB<=1k,kp<=8k,0.681,2
32,n<=64,sr<=40%,kvB<=1k,kp=0,0.7437,2
32,n<=64,sr<=40%,kvB<=4k,kp<=1k,0.7135,2
32,n<=64,sr<=40%,kvB<=4k,kp<=2k,0.7255,2
32,n<=64,sr<=40%,kvB<=4k,kp<=4k,0.6985,2
32,n<=64,sr<=40%,kvB<=4k,kp<=512,0.7052,2
32,n<=64,sr<=40%,kvB<=4k,kp<=8k,0.7095,2
32,n<=64,sr<=40%,kvB<=4k,kp=0,0.7362,2
32,n<=64,sr<=5%,kvB<=16k,kp<=1k,0.0213,6
32,n<=64,sr<=5%,kvB<=16k,kp<=2k,0.022,6
32,n<=64,sr<=5%,kvB<=16k,kp<=4k,0.0239,6
32,n<=64,sr<=5%,kvB<=16k,kp<=512,0.0218,6
32,n<=64,sr<=5%,kvB<=16k,kp<=8k,0.0207,6
32,n<=64,sr<=5%,kvB<=16k,kp=0,0.0209,6
32,n<=64,sr<=5%,kvB<=1k,kp<=1k,0.0826,6
32,n<=64,sr<=5%,kvB<=1k,kp<=2k,0.0788,6
32,n<=64,sr<=5%,kvB<=1k,kp<=4k,0.0831,6
32,n<=64,sr<=5%,kvB<=1k,kp<=512,0.0842,6
32,n<=64,sr<=5%,kvB<=1k,kp<=8k,0.0846,6
32,n<=64,sr<=5%,kvB<=1k,kp=0,0.081,6
32,n<=64,sr<=5%,kvB<=4k,kp<=1k,0.0273,6
32,n<=64,sr<=5%,kvB<=4k,kp<=2k,0.028,6
32,n<=64,sr<=5%,kvB<=4k,kp<=4k,0.0246,6
32,n<=64,sr<=5%,kvB<=4k,kp<=512,0.0259,6
32,n<=64,sr<=5%,kvB<=4k,kp<=8k,0.028,6
32,n<=64,sr<=5%,kvB<=4k,kp=0,0.0275,6
32,n<=64,sr<=70%,kvB<=16k,kp<=1k,0.6098,2
32,n<=64,sr<=70%,kvB<=16k,kp<=2k,0.6114,2
32,n<=64,sr<=70%,kvB<=16k,kp<=4k,0.6206,2
32,n<=64,sr<=70%,kvB<=16k,kp<=512,0.6251,2
32,n<=64,sr<=70%,kvB<=16k,kp<=8k,0.6091,2
32,n<=64,sr<=70%,kvB<=16k,kp=0,0.6336,2
32,n<=64,sr<=70%,kvB<=1k,kp<=1k,0.6277,2
32,n<=64,sr<=70%,kvB<=1k,kp<=2k,0.6607,2
32,n<=64,sr<=70%,kvB<=1k,kp<=4k,0.6074,2
32,n<=64,sr<=70%,kvB<=1k,kp<=512,0.6186,2
32,n<=64,sr<=70%,kvB<=1k,kp<=8k,0.5637,2
32,n<=64,sr<=70%,kvB<=1k,kp=0,0.6523,2
32,n<=64,sr<=70%,kvB<=4k,kp<=1k,0.6111,2
32,n<=64,sr<=70%,kvB<=4k,kp<=2k,0.6241,2
32,n<=64,sr<=70%,kvB<=4k,kp<=4k,0.5915,2
32,n<=64,sr<=70%,kvB<=4k,kp<=512,0.6288,2
32,n<=64,sr<=70%,kvB<=4k,kp<=8k,0.6282,2
32,n<=64,sr<=70%,kvB<=4k,kp=0,0.6257,2
32,n<=64,sr>70%,kvB<=16k,kp<=1k,0.5849,4
32,n<=64,sr>70%,kvB<=16k,kp<=2k,0.6046,4
32,n<=64,sr>70%,kvB<=16k,kp<=4k,0.5805,4
32,n<=64,sr>70%,kvB<=16k,kp<=512,0.5738,4
32,n<=64,sr>70%,kvB<=16k,kp<=8k,0.6244,4
32,n<=64,sr>70%,kvB<=16k,kp=0,0.6585,4
32,n<=64,sr>70%,kvB<=1k,kp<=1k,0.5923,4
32,n<=64,sr>70%,kvB<=1k,kp<=2k,0.6939,4
32,n<=64,sr>70%,kvB<=1k,kp<=4k,0.6554,4
32,n<=64,sr>70%,kvB<=1k,kp<=512,0.6215,4
32,n<=64,sr>70%,kvB<=1k,kp<=8k,0.6274,4
32,n<=64,sr>70%,kvB<=1k,kp=0,0.6104,4
32,n<=64,sr>70%,kvB<=4k,kp<=1k,0.6208,4
32,n<=64,sr>70%,kvB<=4k,kp<=2k,0.6174,4
32,n<=64,sr>70%,kvB<=4k,kp<=4k,0.5371,4
32,n<=64,sr>70%,kvB<=4k,kp<=512,0.5768,4
32,n<=64,sr>70%,kvB<=4k,kp<=8k,0.6363,4
32,n<=64,sr>70%,kvB<=4k,kp=0,0.6336,4
32,n<=8,sr<=15%,kvB<=16k,kp<=1k,0.0137,2
32,n<=8,sr<=15%,kvB<=16k,kp<=2k,0.0226,2
32,n<=8,sr<=15%,kvB<=16k,kp<=4k,0.0201,2
32,n<=8,sr<=15%,kvB<=16k,kp<=512,0.0159,2
32,n<=8,sr<=15%,kvB<=16k,kp<=8k,0.0148,2
32,n<=8,sr<=15%,kvB<=16k,kp=0,0.0229,2
32,n<=8,sr<=15%,kvB<=1k,kp<=1k,0.0138,2
32,n<=8,sr<=15%,kvB<=1k,kp<=2k,-0.0034,2
32,n<=8,sr<=15%,kvB<=1k,kp<=4k,-0.0062,2
32,n<=8,sr<=15%,kvB<=1k,kp<=512,0.0072,2
32,n<=8,sr<=15%,kvB<=1k,kp<=8k,0.0602,2
32,n<=8,sr<=15%,kvB<=1k,kp=0,-0.0034,2
32,n<=8,sr<=15%,kvB<=4k,kp<=1k,0.0272,2
32,n<=8,sr<=15%,kvB<=4k,kp<=2k,0.0274,2
32,n<=8,sr<=15%,kvB<=4k,kp<=4k,0.0212,2
32,n<=8,sr<=15%,kvB<=4k,kp<=512,0.0184,2
32,n<=8,sr<=15%,kvB<=4k,kp<=8k,0.0452,2
32,n<=8,sr<=15%,kvB<=4k,kp=0,0.0303,2
32,n<=8,sr<=40%,kvB<=16k,kp<=1k,0.0112,4
32,n<=8,sr<=40%,kvB<=16k,kp<=2k,0.0069,4
32,n<=8,sr<=40%,kvB<=16k,kp<=4k,0.0089,4
32,n<=8,sr<=40%,kvB<=16k,kp<=512,0.0187,4
32,n<=8,sr<=40%,kvB<=16k,kp<=8k,0.0137,4
32,n<=8,sr<=40%,kvB<=16k,kp=0,0.0085,4
32,n<=8,sr<=40%,kvB<=1k,kp<=1k,0.0013,4
32,n<=8,sr<=40%,kvB<=1k,kp<=2k,-0.0019,4
32,n<=8,sr<=40%,kvB<=1k,kp<=4k,-0.0041,4
32,n<=8,sr<=40%,kvB<=1k,kp<=512,-0.0015,4
32,n<=8,sr<=40%,kvB<=1k,kp<=8k,-0.0519,4
32,n<=8,sr<=40%,kvB<=1k,kp=0,-0.0053,4
32,n<=8,sr<=40%,kvB<=4k,kp<=1k,0.0345,4
32,n<=8,sr<=40%,kvB<=4k,kp<=2k,0.0165,4
32,n<=8,sr<=40%,kvB<=4k,kp<=4k,0.0376,4
32,n<=8,sr<=40%,kvB<=4k,kp<=512,0.0293,4
32,n<=8,sr<=40%,kvB<=4k,kp<=8k,0.0264,4
32,n<=8,sr<=40%,kvB<=4k,kp=0,0.0253,4
32,n<=8,sr<=70%,kvB<=16k,kp<=1k,0.0263,2
32,n<=8,sr<=70%,kvB<=16k,kp<=2k,0.0257,2
32,n<=8,sr<=70%,kvB<=16k,kp<=4k,0.0336,2
32,n<=8,sr<=70%,kvB<=16k,kp<=512,0.0252,2
32,n<=8,sr<=70%,kvB<=16k,kp<=8k,-0.0097,2
32,n<=8,sr<=70%,kvB<=16k,kp=0,0.0217,2
32,n<=8,sr<=70%,kvB<=1k,kp<=1k,-0.0212,2
32,n<=8,sr<=70%,kvB<=1k,kp<=2k,-0.0797,2
32,n<=8,sr<=70%,kvB<=1k,kp<=4k,-0.0397,2
32,n<=8,sr<=70%,kvB<=1k,kp<=512,-0.0364,2
32,n<=8,sr<=70%,kvB<=1k,kp<=8k,0.1903,2
32,n<=8,sr<=70%,kvB<=1k,kp=0,-0.0149,2
32,n<=8,sr<=70%,kvB<=4k,kp<=1k,0.0847,2
32,n<=8,sr<=70%,kvB<=4k,kp<=2k,0.0646,2
32,n<=8,sr<=70%,kvB<=4k,kp<=4k,0.0481,2
32,n<=8,sr<=70%,kvB<=4k,kp<=512,0.0964,2
32,n<=8,sr<=70%,kvB<=4k,kp<=8k,0.0474,2
32,n<=8,sr<=70%,kvB<=4k,kp=0,0.0693,2
32,n<=8,sr>70%,kvB<=16k,kp<=1k,0.0339,4
32,n<=8,sr>70%,kvB<=16k,kp<=2k,0.0991,4
32,n<=8,sr>70%,kvB<=16k,kp<=4k,0.0347,4
32,n<=8,sr>70%,kvB<=16k,kp<=512,0.0689,4
32,n<=8,sr>70%,kvB<=16k,kp<=8k,0.0408,4
32,n<=8,sr>70%,kvB<=16k,kp=0,0.0404,4
32,n<=8,sr>70%,kvB<=1k,kp<=1k,0.1878,4
32,n<=8,sr>70%,kvB<=1k,kp<=2k,0.1544,4
32,n<=8,sr>70%,kvB<=1k,kp<=4k,0.2102,4
32,n<=8,sr>70%,kvB<=1k,kp<=512,0.167,4
32,n<=8,sr>70%,kvB<=1k,kp<=8k,0.1654,4
32,n<=8,sr>70%,kvB<=1k,kp=0,0.1955,4
32,n<=8,sr>70%,kvB<=4k,kp<=1k,0.1293,4
32,n<=8,sr>70%,kvB<=4k,kp<=2k,0.0846,4
32,n<=8,sr>70%,kvB<=4k,kp<=4k,0.135,4
32,n<=8,sr>70%,kvB<=4k,kp<=512,0.0818,4
32,n<=8,sr>70%,kvB<=4k,kp<=8k,0.1231,4
32,n<=8,sr>70%,kvB<=4k,kp=0,0.1083,4
64,n<=128,sr<=15%,kvB<=16k,kp<=1k,0.2208,4
64,n<=128,sr<=15%,kvB<=16k,kp<=2k,0.2219,4
64,n<=128,sr<=15%,kvB<=16k,kp<=4k,0.2218,4
64,n<=128,sr<=15%,kvB<=16k,kp<=512,0.2274,4
64,n<=128,sr<=15%,kvB<=16k,kp<=8k,0.2214,4
64,n<=128,sr<=15%,kvB<=16k,kp=0,0.2217,4
64,n<=128,sr<=15%,kvB<=1k,kp<=1k,0.2082,4
64,n<=128,sr<=15%,kvB<=1k,kp<=2k,0.1965,4
64,n<=128,sr<=15%,kvB<=1k,kp<=4k,0.1968,4
64,n<=128,sr<=15%,kvB<=1k,kp<=512,0.2057,4
64,n<=128,sr<=15%,kvB<=1k,kp<=8k,0.2009,4
64,n<=128,sr<=15%,kvB<=1k,kp=0,0.1967,4
64,n<=128,sr<=15%,kvB<=4k,kp<=1k,0.2068,4
64,n<=128,sr<=15%,kvB<=4k,kp<=2k,0.2173,4
64,n<=128,sr<=15%,kvB<=4k,kp<=4k,0.211,4
64,n<=128,sr<=15%,kvB<=4k,kp<=512,0.2128,4
64,n<=128,sr<=15%,kvB<=4k,kp<=8k,0.2196,4
64,n<=128,sr<=15%,kvB<=4k,kp=0,0.21,4
64,n<=128,sr<=40%,kvB<=16k,kp<=1k,0.2642,2
64,n<=128,sr<=40%,kvB<=16k,kp<=2k,0.2656,2
64,n<=128,sr<=40%,kvB<=16k,kp<=4k,0.2586,2
64,n<=128,sr<=40%,kvB<=16k,kp<=512,0.2636,2
64,n<=128,sr<=40%,kvB<=16k,kp<=8k,0.2554,2
64,n<=128,sr<=40%,kvB<=16k,kp=0,0.2549,2
64,n<=128,sr<=40%,kvB<=1k,kp<=1k,0.2101,2
64,n<=128,sr<=40%,kvB<=1k,kp<=2k,0.2024,2
64,n<=128,sr<=40%,kvB<=1k,kp<=4k,0.1929,2
64,n<=128,sr<=40%,kvB<=1k,kp<=512,0.2149,2
64,n<=128,sr<=40%,kvB<=1k,kp<=8k,0.2039,2
64,n<=128,sr<=40%,kvB<=1k,kp=0,0.2422,2
64,n<=128,sr<=40%,kvB<=4k,kp<=1k,0.2678,2
64,n<=128,sr<=40%,kvB<=4k,kp<=2k,0.2532,2
64,n<=128,sr<=40%,kvB<=4k,kp<=4k,0.2493,2
64,n<=128,sr<=40%,kvB<=4k,kp<=512,0.2477,2
64,n<=128,sr<=40%,kvB<=4k,kp<=8k,0.2666,2
64,n<=128,sr<=40%,kvB<=4k,kp=0,0.2606,2
64,n<=128,sr<=5%,kvB<=16k,kp<=1k,0.2103,8
64,n<=128,sr<=5%,kvB<=16k,kp<=2k,0.2101,8
64,n<=128,sr<=5%,kvB<=16k,kp<=4k,0.2106,8
64,n<=128,sr<=5%,kvB<=16k,kp<=512,0.2102,8
64,n<=128,sr<=5%,kvB<=16k,kp<=8k,0.21,8
64,n<=128,sr<=5%,kvB<=16k,kp=0,0.2134,8
64,n<=128,sr<=5%,kvB<=1k,kp<=1k,0.1801,8
64,n<=128,sr<=5%,kvB<=1k,kp<=2k,0.1768,8
64,n<=128,sr<=5%,kvB<=1k,kp<=4k,0.1796,8
64,n<=128,sr<=5%,kvB<=1k,kp<=512,0.1782,8
64,n<=128,sr<=5%,kvB<=1k,kp<=8k,0.1767,8
64,n<=128,sr<=5%,kvB<=1k,kp=0,0.1843,8
64,n<=128,sr<=5%,kvB<=4k,kp<=1k,0.2003,8
64,n<=128,sr<=5%,kvB<=4k,kp<=2k,0.2007,8
64,n<=128,sr<=5%,kvB<=4k,kp<=4k,0.2005,8
64,n<=128,sr<=5%,kvB<=4k,kp<=512,0.204,8
64,n<=128,sr<=5%,kvB<=4k,kp<=8k,0.2011,8
64,n<=128,sr<=5%,kvB<=4k,kp=0,0.2055,8
64,n<=128,sr<=70%,kvB<=16k,kp<=1k,0.0563,2
64,n<=128,sr<=70%,kvB<=16k,kp<=2k,0.0499,2
64,n<=128,sr<=70%,kvB<=16k,kp<=4k,0.0481,2
64,n<=128,sr<=70%,kvB<=16k,kp<=512,0.0533,2
64,n<=128,sr<=70%,kvB<=16k,kp<=8k,0.0466,2
64,n<=128,sr<=70%,kvB<=16k,kp=0,0.0522,2
64,n<=128,sr<=70%,kvB<=1k,kp<=1k,-0.0042,2
64,n<=128,sr<=70%,kvB<=1k,kp<=2k,0.0065,2
64,n<=128,sr<=70%,kvB<=1k,kp<=4k,0.0034,2
64,n<=128,sr<=70%,kvB<=1k,kp<=512,0.023,2
64,n<=128,sr<=70%,kvB<=1k,kp<=8k,0.0163,2
64,n<=128,sr<=70%,kvB<=1k,kp=0,-0.0076,2
64,n<=128,sr<=70%,kvB<=4k,kp<=1k,0.0397,2
64,n<=128,sr<=70%,kvB<=4k,kp<=2k,0.0407,2
64,n<=128,sr<=70%,kvB<=4k,kp<=4k,0.0251,2
64,n<=128,sr<=70%,kvB<=4k,kp<=512,0.0394,2
64,n<=128,sr<=70%,kvB<=4k,kp<=8k,0.033,2
64,n<=128,sr<=70%,kvB<=4k,kp=0,0.0403,2
64,n<=128,sr>70%,kvB<=16k,kp<=1k,0.744,4
64,n<=128,sr>70%,kvB<=16k,kp<=2k,0.7635,4
64,n<=128,sr>70%,kvB<=16k,kp<=4k,0.7625,4
64,n<=128,sr>70%,kvB<=16k,kp<=512,0.7812,4
64,n<=128,sr>70%,kvB<=16k,kp<=8k,0.763,4
64,n<=128,sr>70%,kvB<=16k,kp=0,0.7542,4
64,n<=128,sr>70%,kvB<=1k,kp<=1k,0.7054,4
64,n<=128,sr>70%,kvB<=1k,kp<=2k,0.7466,4
64,n<=128,sr>70%,kvB<=1k,kp<=4k,0.6865,4
64,n<=128,sr>70%,kvB<=1k,kp<=512,0.7444,4
64,n<=128,sr>70%,kvB<=1k,kp<=8k,0.7287,4
64,n<=128,sr>70%,kvB<=1k,kp=0,0.7005,4
64,n<=128,sr>70%,kvB<=4k,kp<=1k,0.7511,4
64,n<=128,sr>70%,kvB<=4k,kp<=2k,0.8108,4
64,n<=128,sr>70%,kvB<=4k,kp<=4k,0.7854,4
64,n<=128,sr>70%,kvB<=4k,kp<=512,0.752,4
64,n<=128,sr>70%,kvB<=4k,kp<=8k,0.8183,4
64,n<=128,sr>70%,kvB<=4k,kp=0,0.7956,4
64,n<=16,sr<=15%,kvB<=16k,kp<=1k,0.0085,4
64,n<=16,sr<=15%,kvB<=16k,kp<=2k,0.0093,4
64,n<=16,sr<=15%,kvB<=16k,kp<=4k,-0.0007,4
64,n<=16,sr<=15%,kvB<=16k,kp<=512,0.0114,4
64,n<=16,sr<=15%,kvB<=16k,kp<=8k,0.0083,4
64,n<=16,sr<=15%,kvB<=16k,kp=0,0.0107,4
64,n<=16,sr<=15%,kvB<=1k,kp<=1k,0.0164,4
64,n<=16,sr<=15%,kvB<=1k,kp<=2k,0.0161,4
64,n<=16,sr<=15%,kvB<=1k,kp<=4k,0.0111,4
64,n<=16,sr<=15%,kvB<=1k,kp<=512,0.0297,4
64,n<=16,sr<=15%,kvB<=1k,kp<=8k,-0.0153,4
64,n<=16,sr<=15%,kvB<=1k,kp=0,0.0146,4
64,n<=16,sr<=15%,kvB<=4k,kp<=1k,-0.006,4
64,n<=16,sr<=15%,kvB<=4k,kp<=2k,0.0004,4
64,n<=16,sr<=15%,kvB<=4k,kp<=4k,-0.0017,4
64,n<=16,sr<=15%,kvB<=4k,kp<=512,0.0008,4
64,n<=16,sr<=15%,kvB<=4k,kp<=8k,-0.0011,4
64,n<=16,sr<=15%,kvB<=4k,kp=0,0.0036,4
64,n<=16,sr<=40%,kvB<=16k,kp<=1k,-0.0089,4
64,n<=16,sr<=40%,kvB<=16k,kp<=2k,-0.0103,4
64,n<=16,sr<=40%,kvB<=16k,kp<=4k,-0.0037,4
64,n<=16,sr<=40%,kvB<=16k,kp<=512,-0.0068,4
64,n<=16,sr<=40%,kvB<=16k,kp<=8k,-0.0092,4
64,n<=16,sr<=40%,kvB<=16k,kp=0,-0.0098,4
64,n<=16,sr<=40%,kvB<=1k,kp<=1k,0.0558,4
64,n<=16,sr<=40%,kvB<=1k,kp<=2k,0.0314,4
64,n<=16,sr<=40%,kvB<=1k,kp<=4k,0.0418,4
64,n<=16,sr<=40%,kvB<=1k,kp<=512,0.0505,4
64,n<=16,sr<=40%,kvB<=1k,kp<=8k,0.0612,4
64,n<=16,sr<=40%,kvB<=1k,kp=0,0.0673,4
64,n<=16,sr<=40%,kvB<=4k,kp<=1k,-0.0109,4
64,n<=16,sr<=40%,kvB<=4k,kp<=2k,-0.0103,4
64,n<=16,sr<=40%,kvB<=4k,kp<=4k,-0.0159,4
64,n<=16,sr<=40%,kvB<=4k,kp<=512,-0.0154,4
64,n<=16,sr<=40%,kvB<=4k,kp<=8k,-0.0135,4
64,n<=16,sr<=40%,kvB<=4k,kp=0,-0.0162,4
64,n<=16,sr<=70%,kvB<=16k,kp<=1k,-0.0692,2
64,n<=16,sr<=70%,kvB<=16k,kp<=2k,-0.0595,2
64,n<=16,sr<=70%,kvB<=16k,kp<=4k,-0.0718,2
64,n<=16,sr<=70%,kvB<=16k,kp<=512,-0.0258,2
64,n<=16,sr<=70%,kvB<=16k,kp<=8k,-0.0461,2
64,n<=16,sr<=70%,kvB<=16k,kp=0,-0.064,2
64,n<=16,sr<=70%,kvB<=1k,kp<=1k,-0.0918,2
64,n<=16,sr<=70%,kvB<=1k,kp<=2k,-0.1264,2
64,n<=16,sr<=70%,kvB<=1k,kp<=4k,-0.1075,2
64,n<=16,sr<=70%,kvB<=1k,kp<=512,-0.1005,2
64,n<=16,sr<=70%,kvB<=1k,kp<=8k,-0.1352,2
64,n<=16,sr<=70%,kvB<=1k,kp=0,-0.0963,2
64,n<=16,sr<=70%,kvB<=4k,kp<=1k,-0.0586,2
64,n<=16,sr<=70%,kvB<=4k,kp<=2k,-0.0416,2
64,n<=16,sr<=70%,kvB<=4k,kp<=4k,-0.072,2
64,n<=16,sr<=70%,kvB<=4k,kp<=512,-0.0515,2
64,n<=16,sr<=70%,kvB<=4k,kp<=8k,-0.0803,2
64,n<=16,sr<=70%,kvB<=4k,kp=0,-0.0771,2
64,n<=16,sr>70%,kvB<=16k,kp<=1k,0.0734,4
64,n<=16,sr>70%,kvB<=16k,kp<=2k,0.0792,4
64,n<=16,sr>70%,kvB<=16k,kp<=4k,0.0785,4
64,n<=16,sr>70%,kvB<=16k,kp<=512,0.0731,4
64,n<=16,sr>70%,kvB<=16k,kp<=8k,0.0899,4
64,n<=16,sr>70%,kvB<=16k,kp=0,0.0706,4
64,n<=16,sr>70%,kvB<=1k,kp<=1k,0.1277,4
64,n<=16,sr>70%,kvB<=1k,kp<=2k,0.1548,4
64,n<=16,sr>70%,kvB<=1k,kp<=4k,0.2188,4
64,n<=16,sr>70%,kvB<=1k,kp<=512,0.1374,4
64,n<=16,sr>70%,kvB<=1k,kp<=8k,0.1404,4
64,n<=16,sr>70%,kvB<=1k,kp=0,0.1695,4
64,n<=16,sr>70%,kvB<=4k,kp<=1k,0.1081,4
64,n<=16,sr>70%,kvB<=4k,kp<=2k,0.0424,4
64,n<=16,sr>70%,kvB<=4k,kp<=4k,0.0791,4
64,n<=16,sr>70%,kvB<=4k,kp<=512,0.0504,4
64,n<=16,sr>70%,kvB<=4k,kp<=8k,0.0211,4
64,n<=16,sr>70%,kvB<=4k,kp=0,-0.0322,4
64,n<=2,sr<=70%,kvB<=16k,kp<=1k,0.0561,2
64,n<=2,sr<=70%,kvB<=16k,kp<=2k,0.0336,2
64,n<=2,sr<=70%,kvB<=16k,kp<=4k,0.0561,2
64,n<=2,sr<=70%,kvB<=16k,kp<=512,0.0903,2
64,n<=2,sr<=70%,kvB<=16k,kp<=8k,0.1094,2
64,n<=2,sr<=70%,kvB<=16k,kp=0,0.1125,2
64,n<=2,sr<=70%,kvB<=1k,kp<=1k,0.079,1
64,n<=2,sr<=70%,kvB<=1k,kp<=2k,0.2026,1
64,n<=2,sr<=70%,kvB<=1k,kp<=4k,-0.0797,2
64,n<=2,sr<=70%,kvB<=1k,kp<=512,0.1735,2
64,n<=2,sr<=70%,kvB<=1k,kp<=8k,0.1758,2
64,n<=2,sr<=70%,kvB<=1k,kp=0,0.101,1
64,n<=2,sr<=70%,kvB<=4k,kp<=1k,0.137,2
64,n<=2,sr<=70%,kvB<=4k,kp<=2k,0.0475,2
64,n<=2,sr<=70%,kvB<=4k,kp<=4k,0.0908,2
64,n<=2,sr<=70%,kvB<=4k,kp<=512,0.0525,2
64,n<=2,sr<=70%,kvB<=4k,kp<=8k,0.1091,2
64,n<=2,sr<=70%,kvB<=4k,kp=0,0.116,2
64,n<=32,sr<=15%,kvB<=16k,kp<=1k,0.108,6
64,n<=32,sr<=15%,kvB<=16k,kp<=2k,0.1105,6
64,n<=32,sr<=15%,kvB<=16k,kp<=4k,0.1154,6
64,n<=32,sr<=15%,kvB<=16k,kp<=512,0.1134,6
64,n<=32,sr<=15%,kvB<=16k,kp<=8k,0.1129,6
64,n<=32,sr<=15%,kvB<=16k,kp=0,0.1155,6
64,n<=32,sr<=15%,kvB<=1k,kp<=1k,0.0567,6
64,n<=32,sr<=15%,kvB<=1k,kp<=2k,0.0528,6
64,n<=32,sr<=15%,kvB<=1k,kp<=4k,0.0431,6
64,n<=32,sr<=15%,kvB<=1k,kp<=512,0.0555,6
64,n<=32,sr<=15%,kvB<=1k,kp<=8k,0.0487,6
64,n<=32,sr<=15%,kvB<=1k,kp=0,0.0564,6
64,n<=32,sr<=15%,kvB<=4k,kp<=1k,0.0994,6
64,n<=32,sr<=15%,kvB<=4k,kp<=2k,0.104,6
64,n<=32,sr<=15%,kvB<=4k,kp<=4k,0.1007,6
64,n<=32,sr<=15%,kvB<=4k,kp<=512,0.0989,6
64,n<=32,sr<=15%,kvB<=4k,kp<=8k,0.0989,6
64,n<=32,sr<=15%,kvB<=4k,kp=0,0.1023,6
64,n<=32,sr<=40%,kvB<=16k,kp<=1k,0.057,2
64,n<=32,sr<=40%,kvB<=16k,kp<=2k,0.0586,2
64,n<=32,sr<=40%,kvB<=16k,kp<=4k,0.0506,2
64,n<=32,sr<=40%,kvB<=16k,kp<=512,0.0496,2
64,n<=32,sr<=40%,kvB<=16k,kp<=8k,0.0559,2
64,n<=32,sr<=40%,kvB<=16k,kp=0,0.0602,2
64,n<=32,sr<=40%,kvB<=1k,kp<=1k,0.0043,2
64,n<=32,sr<=40%,kvB<=1k,kp<=2k,0.0138,2
64,n<=32,sr<=40%,kvB<=1k,kp<=4k,0.0395,2
64,n<=32,sr<=40%,kvB<=1k,kp<=512,0.0046,2
64,n<=32,sr<=40%,kvB<=1k,kp<=8k,0.0211,2
64,n<=32,sr<=40%,kvB<=1k,kp=0,0.0125,2
64,n<=32,sr<=40%,kvB<=4k,kp<=1k,0.033,2
64,n<=32,sr<=40%,kvB<=4k,kp<=2k,0.0497,2
64,n<=32,sr<=40%,kvB<=4k,kp<=4k,0.0324,2
64,n<=32,sr<=40%,kvB<=4k,kp<=512,0.051,2
64,n<=32,sr<=40%,kvB<=4k,kp<=8k,0.0341,2
64,n<=32,sr<=40%,kvB<=4k,kp=0,0.0473,2
64,n<=32,sr<=5%,kvB<=16k,kp<=1k,-0.006,2
64,n<=32,sr<=5%,kvB<=16k,kp<=2k,-0.0082,2
64,n<=32,sr<=5%,kvB<=16k,kp<=4k,-0.0059,2
64,n<=32,sr<=5%,kvB<=16k,kp<=512,-0.0073,2
64,n<=32,sr<=5%,kvB<=16k,kp<=8k,-0.0051,2
64,n<=32,sr<=5%,kvB<=16k,kp=0,-0.0095,2
64,n<=32,sr<=5%,kvB<=1k,kp<=1k,0.0081,2
64,n<=32,sr<=5%,kvB<=1k,kp<=2k,-0.008,2
64,n<=32,sr<=5%,kvB<=1k,kp<=4k,-0.0229,2
64,n<=32,sr<=5%,kvB<=1k,kp<=512,-0.0071,2
64,n<=32,sr<=5%,kvB<=1k,kp<=8k,-0.0074,2
64,n<=32,sr<=5%,kvB<=1k,kp=0,-0.0012,2
64,n<=32,sr<=5%,kvB<=4k,kp<=1k,-0.0028,2
64,n<=32,sr<=5%,kvB<=4k,kp<=2k,0.0022,2
64,n<=32,sr<=5%,kvB<=4k,kp<=4k,0.0003,2
64,n<=32,sr<=5%,kvB<=4k,kp<=512,-0.0061,2
64,n<=32,sr<=5%,kvB<=4k,kp<=8k,-0.0092,2
64,n<=32,sr<=5%,kvB<=4k,kp=0,-0.003,2
64,n<=32,sr<=70%,kvB<=16k,kp<=1k,0.0681,2
64,n<=32,sr<=70%,kvB<=16k,kp<=2k,0.0678,2
64,n<=32,sr<=70%,kvB<=16k,kp<=4k,0.0637,2
64,n<=32,sr<=70%,kvB<=16k,kp<=512,0.0813,2
64,n<=32,sr<=70%,kvB<=16k,kp<=8k,0.0813,2
64,n<=32,sr<=70%,kvB<=16k,kp=0,0.0622,2
64,n<=32,sr<=70%,kvB<=1k,kp<=1k,-0.0779,2
64,n<=32,sr<=70%,kvB<=1k,kp<=2k,-0.0701,2
64,n<=32,sr<=70%,kvB<=1k,kp<=4k,-0.0982,2
64,n<=32,sr<=70%,kvB<=1k,kp<=512,-0.0574,2
64,n<=32,sr<=70%,kvB<=1k,kp<=8k,-0.0104,2
64,n<=32,sr<=70%,kvB<=1k,kp=0,-0.0356,2
64,n<=32,sr<=70%,kvB<=4k,kp<=1k,0.0144,2
64,n<=32,sr<=70%,kvB<=4k,kp<=2k,0.0559,2
64,n<=32,sr<=70%,kvB<=4k,kp<=4k,0.0338,2
64,n<=32,sr<=70%,kvB<=4k,kp<=512,0.0457,2
64,n<=32,sr<=70%,kvB<=4k,kp<=8k,0.0047,2
64,n<=32,sr<=70%,kvB<=4k,kp=0,0.0295,2
64,n<=32,sr>70%,kvB<=16k,kp<=1k,0.4713,4
64,n<=32,sr>70%,kvB<=16k,kp<=2k,0.4487,4
64,n<=32,sr>70%,kvB<=16k,kp<=4k,0.4643,4
64,n<=32,sr>70%,kvB<=16k,kp<=512,0.474,4
64,n<=32,sr>70%,kvB<=16k,kp<=8k,0.4333,4
64,n<=32,sr>70%,kvB<=16k,kp=0,0.4909,4
64,n<=32,sr>70%,kvB<=1k,kp<=1k,0.3777,4
64,n<=32,sr>70%,kvB<=1k,kp<=2k,0.4,4
64,n<=32,sr>70%,kvB<=1k,kp<=4k,0.3725,4
64,n<=32,sr>70%,kvB<=1k,kp<=512,0.3672,4
64,n<=32,sr>70%,kvB<=1k,kp<=8k,0.273,4
64,n<=32,sr>70%,kvB<=1k,kp=0,0.4144,4
64,n<=32,sr>70%,kvB<=4k,kp<=1k,0.4719,4
64,n<=32,sr>70%,kvB<=4k,kp<=2k,0.4127,4
64,n<=32,sr>70%,kvB<=4k,kp<=4k,0.4577,4
64,n<=32,sr>70%,kvB<=4k,kp<=512,0.4177,4
64,n<=32,sr>70%,kvB<=4k,kp<=8k,0.4261,4
64,n<=32,sr>70%,kvB<=4k,kp=0,0.4456,4
64,n<=4,sr<=40%,kvB<=16k,kp<=1k,0.0076,2
64,n<=4,sr<=40%,kvB<=16k,kp<=2k,0.01,2
64,n<=4,sr<=40%,kvB<=16k,kp<=4k,0.0203,2
64,n<=4,sr<=40%,kvB<=16k,kp<=512,0.0032,2
64,n<=4,sr<=40%,kvB<=16k,kp<=8k,-0.0163,2
64,n<=4,sr<=40%,kvB<=16k,kp=0,-0.0042,2
64,n<=4,sr<=40%,kvB<=1k,kp<=1k,0.0178,2
64,n<=4,sr<=40%,kvB<=1k,kp<=2k,0.028,2
64,n<=4,sr<=40%,kvB<=1k,kp<=4k,0.0582,2
64,n<=4,sr<=40%,kvB<=1k,kp<=512,0.0778,2
64,n<=4,sr<=40%,kvB<=1k,kp<=8k,0.1099,2
64,n<=4,sr<=40%,kvB<=1k,kp=0,0.0253,2
64,n<=4,sr<=40%,kvB<=4k,kp<=1k,0.0482,2
64,n<=4,sr<=40%,kvB<=4k,kp<=2k,0.0383,2
64,n<=4,sr<=40%,kvB<=4k,kp<=4k,0.0118,2
64,n<=4,sr<=40%,kvB<=4k,kp<=512,0.0231,2
64,n<=4,sr<=40%,kvB<=4k,kp<=8k,0.0235,2
64,n<=4,sr<=40%,kvB<=4k,kp=0,0.0371,2
64,n<=4,sr<=70%,kvB<=16k,kp<=1k,0.0704,2
64,n<=4,sr<=70%,kvB<=16k,kp<=2k,0.0585,2
64,n<=4,sr<=70%,kvB<=16k,kp<=4k,0.058,2
64,n<=4,sr<=70%,kvB<=16k,kp<=512,0.0503,2
64,n<=4,sr<=70%,kvB<=16k,kp<=8k,0.0628,2
64,n<=4,sr<=70%,kvB<=16k,kp=0,0.0553,2
64,n<=4,sr<=70%,kvB<=1k,kp<=1k,0.0699,2
64,n<=4,sr<=70%,kvB<=1k,kp<=2k,0.194,2
64,n<=4,sr<=70%,kvB<=1k,kp<=4k,-0.2699,2
64,n<=4,sr<=70%,kvB<=1k,kp<=512,0.145,2
64,n<=4,sr<=70%,kvB<=1k,kp<=8k,0.3455,2
64,n<=4,sr<=70%,kvB<=1k,kp=0,-0.0343,2
64,n<=4,sr<=70%,kvB<=4k,kp<=1k,-0.0655,2
64,n<=4,sr<=70%,kvB<=4k,kp<=2k,-0.0434,2
64,n<=4,sr<=70%,kvB<=4k,kp<=4k,-0.0587,2
64,n<=4,sr<=70%,kvB<=4k,kp<=512,-0.0573,2
64,n<=4,sr<=70%,kvB<=4k,kp<=8k,-0.075,2
64,n<=4,sr<=70%,kvB<=4k,kp=0,-0.1189,2
64,n<=4,sr>70%,kvB<=16k,kp<=1k,-0.04,2
64,n<=4,sr>70%,kvB<=16k,kp<=2k,-0.0171,2
64,n<=4,sr>70%,kvB<=16k,kp<=4k,0.0466,2
64,n<=4,sr>70%,kvB<=16k,kp<=512,0.0231,2
64,n<=4,sr>70%,kvB<=16k,kp<=8k,0.0325,2
64,n<=4,sr>70%,kvB<=16k,kp=0,-0.0126,2
64,n<=4,sr>70%,kvB<=1k,kp<=1k,0.1522,2
64,n<=4,sr>70%,kvB<=1k,kp<=2k,0.0713,2
64,n<=4,sr>70%,kvB<=1k,kp<=4k,0.2257,1
64,n<=4,sr>70%,kvB<=1k,kp<=512,0.1136,2
64,n<=4,sr>70%,kvB<=1k,kp<=8k,-0.1783,2
64,n<=4,sr>70%,kvB<=1k,kp=0,-0.2274,2
64,n<=4,sr>70%,kvB<=4k,kp<=1k,0.0322,2
64,n<=4,sr>70%,kvB<=4k,kp<=2k,-0.0274,2
64,n<=4,sr>70%,kvB<=4k,kp<=4k,0.0179,2
64,n<=4,sr>70%,kvB<=4k,kp<=512,-0.0393,2
64,n<=4,sr>70%,kvB<=4k,kp<=8k,0.02,2
64,n<=4,sr>70%,kvB<=4k,kp=0,0.049,2
64,n<=64,sr<=15%,kvB<=16k,kp<=1k,0.1241,4
64,n<=64,sr<=15%,kvB<=16k,kp<=2k,0.1214,4
64,n<=64,sr<=15%,kvB<=16k,kp<=4k,0.1266,4
64,n<=64,sr<=15%,kvB<=16k,kp<=512,0.1222,4
64,n<=64,sr<=15%,kvB<=16k,kp<=8k,0.1278,4
64,n<=64,sr<=15%,kvB<=16k,kp=0,0.1217,4
64,n<=64,sr<=15%,kvB<=1k,kp<=1k,0.1846,4
64,n<=64,sr<=15%,kvB<=1k,kp<=2k,0.1814,4
64,n<=64,sr<=15%,kvB<=1k,kp<=4k,0.1767,4
64,n<=64,sr<=15%,kvB<=1k,kp<=512,0.1815,4
64,n<=64,sr<=15%,kvB<=1k,kp<=8k,0.1791,4
64,n<=64,sr<=15%,kvB<=1k,kp=0,0.1897,4
64,n<=64,sr<=15%,kvB<=4k,kp<=1k,0.1245,4
64,n<=64,sr<=15%,kvB<=4k,kp<=2k,0.1287,4
64,n<=64,sr<=15%,kvB<=4k,kp<=4k,0.1268,4
64,n<=64,sr<=15%,kvB<=4k,kp<=512,0.1234,4
64,n<=64,sr<=15%,kvB<=4k,kp<=8k,0.1282,4
64,n<=64,sr<=15%,kvB<=4k,kp=0,0.1263,4
64,n<=64,sr<=40%,kvB<=16k,kp<=1k,0.736,2
64,n<=64,sr<=40%,kvB<=16k,kp<=2k,0.7404,2
64,n<=64,sr<=40%,kvB<=16k,kp<=4k,0.742,2
64,n<=64,sr<=40%,kvB<=16k,kp<=512,0.7401,2
64,n<=64,sr<=40%,kvB<=16k,kp<=8k,0.7292,2
64,n<=64,sr<=40%,kvB<=16k,kp=0,0.7391,2
64,n<=64,sr<=40%,kvB<=1k,kp<=1k,0.7364,2
64,n<=64,sr<=40%,kvB<=1k,kp<=2k,0.6916,2
64,n<=64,sr<=40%,kvB<=1k,kp<=4k,0.7163,2
64,n<=64,sr<=40%,kvB<=1k,kp<=512,0.7245,2
64,n<=64,sr<=40%,kvB<=1k,kp<=8k,0.7445,2
64,n<=64,sr<=40%,kvB<=1k,kp=0,0.7264,2
64,n<=64,sr<=40%,kvB<=4k,kp<=1k,0.728,2
64,n<=64,sr<=40%,kvB<=4k,kp<=2k,0.7177,2
64,n<=64,sr<=40%,kvB<=4k,kp<=4k,0.7264,2
64,n<=64,sr<=40%,kvB<=4k,kp<=512,0.7251,2
64,n<=64,sr<=40%,kvB<=4k,kp<=8k,0.7289,2
64,n<=64,sr<=40%,kvB<=4k,kp=0,0.7271,2
64,n<=64,sr<=5%,kvB<=16k,kp<=1k,0.0199,6
64,n<=64,sr<=5%,kvB<=16k,kp<=2k,0.021,6
64,n<=64,sr<=5%,kvB<=16k,kp<=4k,0.0217,6
64,n<=64,sr<=5%,kvB<=16k,kp<=512,0.021,6
64,n<=64,sr<=5%,kvB<=16k,kp<=8k,0.02,6
64,n<=64,sr<=5%,kvB<=16k,kp=0,0.0217,6
64,n<=64,sr<=5%,kvB<=1k,kp<=1k,0.0806,6
64,n<=64,sr<=5%,kvB<=1k,kp<=2k,0.0806,6
64,n<=64,sr<=5%,kvB<=1k,kp<=4k,0.0844,6
64,n<=64,sr<=5%,kvB<=1k,kp<=512,0.0805,6
64,n<=64,sr<=5%,kvB<=1k,kp<=8k,0.0873,6
64,n<=64,sr<=5%,kvB<=1k,kp=0,0.0824,6
64,n<=64,sr<=5%,kvB<=4k,kp<=1k,0.0223,6
64,n<=64,sr<=5%,kvB<=4k,kp<=2k,0.0276,6
64,n<=64,sr<=5%,kvB<=4k,kp<=4k,0.0295,6
64,n<=64,sr<=5%,kvB<=4k,kp<=512,0.0254,6
64,n<=64,sr<=5%,kvB<=4k,kp<=8k,0.0288,6
64,n<=64,sr<=5%,kvB<=4k,kp=0,0.0316,6
64,n<=64,sr<=70%,kvB<=16k,kp<=1k,0.633,2
64,n<=64,sr<=70%,kvB<=16k,kp<=2k,0.6332,2
64,n<=64,sr<=70%,kvB<=16k,kp<=4k,0.6426,2
64,n<=64,sr<=70%,kvB<=16k,kp<=512,0.6465,2
64,n<=64,sr<=70%,kvB<=16k,kp<=8k,0.6356,2
64,n<=64,sr<=70%,kvB<=16k,kp=0,0.6358,2
64,n<=64,sr<=70%,kvB<=1k,kp<=1k,0.644,2
64,n<=64,sr<=70%,kvB<=1k,kp<=2k,0.6406,2
64,n<=64,sr<=70%,kvB<=1k,kp<=4k,0.6287,2
64,n<=64,sr<=70%,kvB<=1k,kp<=512,0.6477,2
64,n<=64,sr<=70%,kvB<=1k,kp<=8k,0.5892,2
64,n<=64,sr<=70%,kvB<=1k,kp=0,0.6382,2
64,n<=64,sr<=70%,kvB<=4k,kp<=1k,0.6124,2
64,n<=64,sr<=70%,kvB<=4k,kp<=2k,0.6203,2
64,n<=64,sr<=70%,kvB<=4k,kp<=4k,0.6304,2
64,n<=64,sr<=70%,kvB<=4k,kp<=512,0.6249,2
64,n<=64,sr<=70%,kvB<=4k,kp<=8k,0.6226,2
64,n<=64,sr<=70%,kvB<=4k,kp=0,0.6371,2
64,n<=64,sr>70%,kvB<=16k,kp<=1k,0.645,4
64,n<=64,sr>70%,kvB<=16k,kp<=2k,0.6264,4
64,n<=64,sr>70%,kvB<=16k,kp<=4k,0.6961,4
64,n<=64,sr>70%,kvB<=16k,kp<=512,0.629,4
64,n<=64,sr>70%,kvB<=16k,kp<=8k,0.6179,4
64,n<=64,sr>70%,kvB<=16k,kp=0,0.6737,4
64,n<=64,sr>70%,kvB<=1k,kp<=1k,0.6139,4
64,n<=64,sr>70%,kvB<=1k,kp<=2k,0.592,4
64,n<=64,sr>70%,kvB<=1k,kp<=4k,0.6124,4
64,n<=64,sr>70%,kvB<=1k,kp<=512,0.5765,4
64,n<=64,sr>70%,kvB<=1k,kp<=8k,0.6486,4
64,n<=64,sr>70%,kvB<=1k,kp=0,0.6433,4
64,n<=64,sr>70%,kvB<=4k,kp<=1k,0.6111,4
64,n<=64,sr>70%,kvB<=4k,kp<=2k,0.637,4
64,n<=64,sr>70%,kvB<=4k,kp<=4k,0.6332,4
64,n<=64,sr>70%,kvB<=4k,kp<=512,0.5949,4
64,n<=64,sr>70%,kvB<=4k,kp<=8k,0.6974,4
64,n<=64,sr>70%,kvB<=4k,kp=0,0.6072,4
64,n<=8,sr<=15%,kvB<=16k,kp<=1k,0.021,2
64,n<=8,sr<=15%,kvB<=16k,kp<=2k,0.0165,2
64,n<=8,sr<=15%,kvB<=16k,kp<=4k,0.0217,2
64,n<=8,sr<=15%,kvB<=16k,kp<=512,0.0128,2
64,n<=8,sr<=15%,kvB<=16k,kp<=8k,0.0268,2
64,n<=8,sr<=15%,kvB<=16k,kp=0,0.0296,2
64,n<=8,sr<=15%,kvB<=1k,kp<=1k,-0.0123,2
64,n<=8,sr<=15%,kvB<=1k,kp<=2k,0.0277,2
64,n<=8,sr<=15%,kvB<=1k,kp<=4k,-0.015,2
64,n<=8,sr<=15%,kvB<=1k,kp<=512,0.0145,2
64,n<=8,sr<=15%,kvB<=1k,kp<=8k,0.0277,2
64,n<=8,sr<=15%,kvB<=1k,kp=0,0.0087,2
64,n<=8,sr<=15%,kvB<=4k,kp<=1k,0.022,2
64,n<=8,sr<=15%,kvB<=4k,kp<=2k,0.0267,2
64,n<=8,sr<=15%,kvB<=4k,kp<=4k,0.0271,2
64,n<=8,sr<=15%,kvB<=4k,kp<=512,0.0161,2
64,n<=8,sr<=15%,kvB<=4k,kp<=8k,0.0338,2
64,n<=8,sr<=15%,kvB<=4k,kp=0,0.0167,2
64,n<=8,sr<=40%,kvB<=16k,kp<=1k,0.0155,4
64,n<=8,sr<=40%,kvB<=16k,kp<=2k,0.0167,4
64,n<=8,sr<=40%,kvB<=16k,kp<=4k,0.0163,4
64,n<=8,sr<=40%,kvB<=16k,kp<=512,0.007,4
64,n<=8,sr<=40%,kvB<=16k,kp<=8k,0.0245,4
64,n<=8,sr<=40%,kvB<=16k,kp=0,0.0272,4
64,n<=8,sr<=40%,kvB<=1k,kp<=1k,-0.0017,4
64,n<=8,sr<=40%,kvB<=1k,kp<=2k,0.014,4
64,n<=8,sr<=40%,kvB<=1k,kp<=4k,0.0077,4
64,n<=8,sr<=40%,kvB<=1k,kp<=512,-0.0138,4
64,n<=8,sr<=40%,kvB<=1k,kp<=8k,0.0222,4
64,n<=8,sr<=40%,kvB<=1k,kp=0,-0.0199,4
64,n<=8,sr<=40%,kvB<=4k,kp<=1k,0.0354,4
64,n<=8,sr<=40%,kvB<=4k,kp<=2k,0.0346,4
64,n<=8,sr<=40%,kvB<=4k,kp<=4k,0.032,4
64,n<=8,sr<=40%,kvB<=4k,kp<=512,0.0484,4
64,n<=8,sr<=40%,kvB<=4k,kp<=8k,0.0264,4
64,n<=8,sr<=40%,kvB<=4k,kp=0,0.0288,4
64,n<=8,sr<=70%,kvB<=16k,kp<=1k,0.0072,2
64,n<=8,sr<=70%,kvB<=16k,kp<=2k,-0.0016,2
64,n<=8,sr<=70%,kvB<=16k,kp<=4k,0.0053,2
64,n<=8,sr<=70%,kvB<=16k,kp<=512,0.0195,2
64,n<=8,sr<=70%,kvB<=16k,kp<=8k,0.0228,2
64,n<=8,sr<=70%,kvB<=16k,kp=0,0.0107,2
64,n<=8,sr<=70%,kvB<=1k,kp<=1k,0.0192,2
64,n<=8,sr<=70%,kvB<=1k,kp<=2k,-0.1129,2
64,n<=8,sr<=70%,kvB<=1k,kp<=4k,-0.0918,2
64,n<=8,sr<=70%,kvB<=1k,kp<=512,-0.0396,2
64,n<=8,sr<=70%,kvB<=1k,kp<=8k,0.0457,2
64,n<=8,sr<=70%,kvB<=1k,kp=0,-0.0352,2
64,n<=8,sr<=70%,kvB<=4k,kp<=1k,0.0696,2
64,n<=8,sr<=70%,kvB<=4k,kp<=2k,0.0543,2
64,n<=8,sr<=70%,kvB<=4k,kp<=4k,0.0699,2
64,n<=8,sr<=70%,kvB<=4k,kp<=512,0.063,2
64,n<=8,sr<=70%,kvB<=4k,kp<=8k,0.0812,2
64,n<=8,sr<=70%,kvB<=4k,kp=0,0.0697,2
64,n<=8,sr>70%,kvB<=16k,kp<=1k,0.0499,4
64,n<=8,sr>70%,kvB<=16k,kp<=2k,0.0794,4
64,n<=8,sr>70%,kvB<=16k,kp<=4k,0.0444,4
64,n<=8,sr>70%,kvB<=16k,kp<=512,0.0664,4
64,n<=8,sr>70%,kvB<=16k,kp<=8k,0.0632,4
64,n<=8,sr>70%,kvB<=16k,kp=0,0.0364,4
64,n<=8,sr>70%,kvB<=1k,kp<=1k,0.1733,4
64,n<=8,sr>70%,kvB<=1k,kp<=2k,0.1717,4
64,n<=8,sr>70%,kvB<=1k,kp<=4k,0.1579,4
64,n<=8,sr>70%,kvB<=1k,kp<=512,0.1717,4
64,n<=8,sr>70%,kvB<=1k,kp<=8k,0.1759,4
64,n<=8,sr>70%,kvB<=1k,kp=0,0.1579,4
64,n<=8,sr>70%,kvB<=4k,kp<=1k,0.0876,4
64,n<=8,sr>70%,kvB<=4k,kp<=2k,0.0922,4
64,n<=8,sr>70%,kvB<=4k,kp<=4k,0.1244,4
64,n<=8,sr>70%,kvB<=4k,kp<=512,0.1098,4
64,n<=8,sr>70%,kvB<=4k,kp<=8k,0.1025,4
64,n<=8,sr>70%,kvB<=4k,kp=0,0.0984,4
128,n<=128,sr<=15%,kvB<=16k,kp<=1k,0.225,4
128,n<=128,sr<=15%,kvB<=16k,kp<=2k,0.2228,4
128,n<=128,sr<=15%,kvB<=16k,kp<=4k,0.2204,4
128,n<=128,sr<=15%,kvB<=16k,kp<=512,0.2279,4
128,n<=128,sr<=15%,kvB<=16k,kp<=8k,0.2226,4
128,n<=128,sr<=15%,kvB<=16k,kp=0,0.2227,4
128,n<=128,sr<=15%,kvB<=1k,kp<=1k,0.2203,4
128,n<=128,sr<=15%,kvB<=1k,kp<=2k,0.1992,4
128,n<=128,sr<=15%,kvB<=1k,kp<=4k,0.2022,4
128,n<=128,sr<=15%,kvB<=1k,kp<=512,0.2067,4
128,n<=128,sr<=15%,kvB<=1k,kp<=8k,0.2086,4
128,n<=128,sr<=15%,kvB<=1k,kp=0,0.204,4
128,n<=128,sr<=15%,kvB<=4k,kp<=1k,0.2155,4
128,n<=128,sr<=15%,kvB<=4k,kp<=2k,0.2081,4
128,n<=128,sr<=15%,kvB<=4k,kp<=4k,0.2138,4
128,n<=128,sr<=15%,kvB<=4k,kp<=512,0.2103,4
128,n<=128,sr<=15%,kvB<=4k,kp<=8k,0.2115,4
128,n<=128,sr<=15%,kvB<=4k,kp=0,0.2112,4
128,n<=128,sr<=40%,kvB<=16k,kp<=1k,0.2649,2
128,n<=128,sr<=40%,kvB<=16k,kp<=2k,0.2445,2
128,n<=128,sr<=40%,kvB<=16k,kp<=4k,0.2547,2
128,n<=128,sr<=40%,kvB<=16k,kp<=512,0.251,2
128,n<=128,sr<=40%,kvB<=16k,kp<=8k,0.2571,2
128,n<=128,sr<=40%,kvB<=16k,kp=0,0.2651,2
128,n<=128,sr<=40%,kvB<=1k,kp<=1k,0.2034,2
128,n<=128,sr<=40%,kvB<=1k,kp<=2k,0.2196,2
128,n<=128,sr<=40%,kvB<=1k,kp<=4k,0.2055,2
128,n<=128,sr<=40%,kvB<=1k,kp<=512,0.1969,2
128,n<=128,sr<=40%,kvB<=1k,kp<=8k,0.2029,2
128,n<=128,sr<=40%,kvB<=1k,kp=0,0.1893,2
128,n<=128,sr<=40%,kvB<=4k,kp<=1k,0.2545,2
128,n<=128,sr<=40%,kvB<=4k,kp<=2k,0.2478,2
128,n<=128,sr<=40%,kvB<=4k,kp<=4k,0.2608,2
128,n<=128,sr<=40%,kvB<=4k,kp<=512,0.2457,2
128,n<=128,sr<=40%,kvB<=4k,kp<=8k,0.2448,2
128,n<=128,sr<=40%,kvB<=4k,kp=0,0.2685,2
128,n<=128,sr<=5%,kvB<=16k,kp<=1k,0.2103,8
128,n<=128,sr<=5%,kvB<=16k,kp<=2k,0.2097,8
128,n<=128,sr<=5%,kvB<=16k,kp<=4k,0.2113,8
128,n<=128,sr<=5%,kvB<=16k,kp<=512,0.2127,8
128,n<=128,sr<=5%,kvB<=16k,kp<=8k,0.2123,8
128,n<=128,sr<=5%,kvB<=16k,kp=0,0.2121,8
128,n<=128,sr<=5%,kvB<=1k,kp<=1k,0.1798,8
128,n<=128,sr<=5%,kvB<=1k,kp<=2k,0.1827,8
128,n<=128,sr<=5%,kvB<=1k,kp<=4k,0.1815,8
128,n<=128,sr<=5%,kvB<=1k,kp<=512,0.1839,8
128,n<=128,sr<=5%,kvB<=1k,kp<=8k,0.1742,8
128,n<=128,sr<=5%,kvB<=1k,kp=0,0.1781,8
128,n<=128,sr<=5%,kvB<=4k,kp<=1k,0.2037,8
128,n<=128,sr<=5%,kvB<=4k,kp<=2k,0.1985,8
128,n<=128,sr<=5%,kvB<=4k,kp<=4k,0.2025,8
128,n<=128,sr<=5%,kvB<=4k,kp<=512,0.2017,8
128,n<=128,sr<=5%,kvB<=4k,kp<=8k,0.2018,8
128,n<=128,sr<=5%,kvB<=4k,kp=0,0.2006,8
128,n<=128,sr<=70%,kvB<=16k,kp<=1k,0.0498,2
128,n<=128,sr<=70%,kvB<=16k,kp<=2k,0.0524,2
128,n<=128,sr<=70%,kvB<=16k,kp<=4k,0.042,2
128,n<=128,sr<=70%,kvB<=16k,kp<=512,0.0582,2
128,n<=128,sr<=70%,kvB<=16k,kp<=8k,0.0466,2
128,n<=128,sr<=70%,kvB<=16k,kp=0,0.0498,2
128,n<=128,sr<=70%,kvB<=1k,kp<=1k,0.0145,2
128,n<=128,sr<=70%,kvB<=1k,kp<=2k,0.0395,2
128,n<=128,sr<=70%,kvB<=1k,kp<=4k,0.0213,2
128,n<=128,sr<=70%,kvB<=1k,kp<=512,0.0006,2
128,n<=128,sr<=70%,kvB<=1k,kp<=8k,-0.0039,2
128,n<=128,sr<=70%,kvB<=1k,kp=0,0.037,2
128,n<=128,sr<=70%,kvB<=4k,kp<=1k,0.0425,2
128,n<=128,sr<=70%,kvB<=4k,kp<=2k,0.0401,2
128,n<=128,sr<=70%,kvB<=4k,kp<=4k,0.0473,2
128,n<=128,sr<=70%,kvB<=4k,kp<=512,0.0425,2
128,n<=128,sr<=70%,kvB<=4k,kp<=8k,0.059,2
128,n<=128,sr<=70%,kvB<=4k,kp=0,0.0399,2
128,n<=128,sr>70%,kvB<=16k,kp<=1k,0.7809,4
128,n<=128,sr>70%,kvB<=16k,kp<=2k,0.7538,4
128,n<=128,sr>70%,kvB<=16k,kp<=4k,0.7651,4
128,n<=128,sr>70%,kvB<=16k,kp<=512,0.7469,4
128,n<=128,sr>70%,kvB<=16k,kp<=8k,0.733,4
128,n<=128,sr>70%,kvB<=16k,kp=0,0.7474,4
128,n<=128,sr>70%,kvB<=1k,kp<=1k,0.6766,4
128,n<=128,sr>70%,kvB<=1k,kp<=2k,0.7509,4
128,n<=128,sr>70%,kvB<=1k,kp<=4k,0.7212,4
128,n<=128,sr>70%,kvB<=1k,kp<=512,0.7168,4
128,n<=128,sr>70%,kvB<=1k,kp<=8k,0.7573,4
128,n<=128,sr>70%,kvB<=1k,kp=0,0.7295,4
128,n<=128,sr>70%,kvB<=4k,kp<=1k,0.8027,4
128,n<=128,sr>70%,kvB<=4k,kp<=2k,0.7486,4
128,n<=128,sr>70%,kvB<=4k,kp<=4k,0.8044,4
128,n<=128,sr>70%,kvB<=4k,kp<=512,0.8226,4
128,n<=128,sr>70%,kvB<=4k,kp<=8k,0.832,4
128,n<=128,sr>70%,kvB<=4k,kp=0,0.789,4
128,n<=16,sr<=15%,kvB<=16k,kp<=1k,0.0074,4
128,n<=16,sr<=15%,kvB<=16k,kp<=2k,0.01,4
128,n<=16,sr<=15%,kvB<=16k,kp<=4k,-0.0009,4
128,n<=16,sr<=15%,kvB<=16k,kp<=512,0.0113,4
128,n<=16,sr<=15%,kvB<=16k,kp<=8k,-0.0001,4
128,n<=16,sr<=15%,kvB<=16k,kp=0,0.0141,4
128,n<=16,sr<=15%,kvB<=1k,kp<=1k,0.0065,4
128,n<=16,sr<=15%,kvB<=1k,kp<=2k,0.0056,4
128,n<=16,sr<=15%,kvB<=1k,kp<=4k,0.018,4
128,n<=16,sr<=15%,kvB<=1k,kp<=512,0.0057,4
128,n<=16,sr<=15%,kvB<=1k,kp<=8k,0.018,4
128,n<=16,sr<=15%,kvB<=1k,kp=0,0.0181,4
128,n<=16,sr<=15%,kvB<=4k,kp<=1k,0.005,4
128,n<=16,sr<=15%,kvB<=4k,kp<=2k,0.0046,4
128,n<=16,sr<=15%,kvB<=4k,kp<=4k,0.003,4
128,n<=16,sr<=15%,kvB<=4k,kp<=512,0.0037,4
128,n<=16,sr<=15%,kvB<=4k,kp<=8k,0.0155,4
128,n<=16,sr<=15%,kvB<=4k,kp=0,0.0061,4
128,n<=16,sr<=40%,kvB<=16k,kp<=1k,-0.0048,4
128,n<=16,sr<=40%,kvB<=16k,kp<=2k,-0.0149,4
128,n<=16,sr<=40%,kvB<=16k,kp<=4k,-0.0131,4
128,n<=16,sr<=40%,kvB<=16k,kp<=512,-0.0076,4
128,n<=16,sr<=40%,kvB<=16k,kp<=8k,0.0019,4
128,n<=16,sr<=40%,kvB<=16k,kp=0,0.0025,4
128,n<=16,sr<=40%,kvB<=1k,kp<=1k,0.05,4
128,n<=16,sr<=40%,kvB<=1k,kp<=2k,0.086,4
128,n<=16,sr<=40%,kvB<=1k,kp<=4k,0.0055,4
128,n<=16,sr<=40%,kvB<=1k,kp<=512,0.0597,4
128,n<=16,sr<=40%,kvB<=1k,kp<=8k,0.0482,4
128,n<=16,sr<=40%,kvB<=1k,kp=0,0.0648,4
128,n<=16,sr<=40%,kvB<=4k,kp<=1k,-0.0151,4
128,n<=16,sr<=40%,kvB<=4k,kp<=2k,-0.0265,4
128,n<=16,sr<=40%,kvB<=4k,kp<=4k,-0.0068,4
128,n<=16,sr<=40%,kvB<=4k,kp<=512,-0.01,4
128,n<=16,sr<=40%,kvB<=4k,kp<=8k,-0.0342,4
128,n<=16,sr<=40%,kvB<=4k,kp=0,-0.0202,4
128,n<=16,sr<=70%,kvB<=16k,kp<=1k,-0.0633,2
128,n<=16,sr<=70%,kvB<=16k,kp<=2k,-0.0449,2
128,n<=16,sr<=70%,kvB<=16k,kp<=4k,-0.0643,2
128,n<=16,sr<=70%,kvB<=16k,kp<=512,-0.0547,2
128,n<=16,sr<=70%,kvB<=16k,kp<=8k,-0.0361,2
128,n<=16,sr<=70%,kvB<=16k,kp=0,-0.044,2
128,n<=16,sr<=70%,kvB<=1k,kp<=1k,-0.0951,2
128,n<=16,sr<=70%,kvB<=1k,kp<=2k,-0.1955,2
128,n<=16,sr<=70%,kvB<=1k,kp<=4k,-0.1021,2
128,n<=16,sr<=70%,kvB<=1k,kp<=512,-0.1388,2
128,n<=16,sr<=70%,kvB<=1k,kp<=8k,-0.1472,2
128,n<=16,sr<=70%,kvB<=1k,kp=0,-0.1113,2
128,n<=16,sr<=70%,kvB<=4k,kp<=1k,-0.0465,2
128,n<=16,sr<=70%,kvB<=4k,kp<=2k,-0.0605,2
128,n<=16,sr<=70%,kvB<=4k,kp<=4k,-0.0669,2
128,n<=16,sr<=70%,kvB<=4k,kp<=512,-0.058,2
128,n<=16,sr<=70%,kvB<=4k,kp<=8k,-0.0752,2
128,n<=16,sr<=70%,kvB<=4k,kp=0,-0.05,2
128,n<=16,sr>70%,kvB<=16k,kp<=1k,0.0565,4
128,n<=16,sr>70%,kvB<=16k,kp<=2k,0.0718,4
128,n<=16,sr>70%,kvB<=16k,kp<=4k,0.0379,4
128,n<=16,sr>70%,kvB<=16k,kp<=512,0.0876,4
128,n<=16,sr>70%,kvB<=16k,kp<=8k,0.1025,4
128,n<=16,sr>70%,kvB<=16k,kp=0,0.0828,4
128,n<=16,sr>70%,kvB<=1k,kp<=1k,0.1084,4
128,n<=16,sr>70%,kvB<=1k,kp<=2k,0.1497,4
128,n<=16,sr>70%,kvB<=1k,kp<=4k,0.133,4
128,n<=16,sr>70%,kvB<=1k,kp<=512,0.1255,4
128,n<=16,sr>70%,kvB<=1k,kp<=8k,0.1444,4
128,n<=16,sr>70%,kvB<=1k,kp=0,0.1869,4
128,n<=16,sr>70%,kvB<=4k,kp<=1k,0.0095,4
128,n<=16,sr>70%,kvB<=4k,kp<=2k,0.0705,4
128,n<=16,sr>70%,kvB<=4k,kp<=4k,0.0462,4
128,n<=16,sr>70%,kvB<=4k,kp<=512,0.0354,4
128,n<=16,sr>70%,kvB<=4k,kp<=8k,0.0176,4
128,n<=16,sr>70%,kvB<=4k,kp=0,0.1446,4
128,n<=2,sr<=70%,kvB<=16k,kp<=1k,0.0972,2
128,n<=2,sr<=70%,kvB<=16k,kp<=2k,0.0789,2
128,n<=2,sr<=70%,kvB<=16k,kp<=4k,0.0923,2
128,n<=2,sr<=70%,kvB<=16k,kp<=512,0.1349,2
128,n<=2,sr<=70%,kvB<=16k,kp<=8k,0.0563,2
128,n<=2,sr<=70%,kvB<=16k,kp=0,0.103,2
128,n<=2,sr<=70%,kvB<=1k,kp<=1k,0.1483,2
128,n<=2,sr<=70%,kvB<=1k,kp<=2k,0.2365,2
128,n<=2,sr<=70%,kvB<=1k,kp<=4k,0.0053,2
128,n<=2,sr<=70%,kvB<=1k,kp<=512,0.2991,2
128,n<=2,sr<=70%,kvB<=1k,kp<=8k,0.1569,2
128,n<=2,sr<=70%,kvB<=1k,kp=0,0.3333,2
128,n<=2,sr<=70%,kvB<=4k,kp<=1k,0.1233,2
128,n<=2,sr<=70%,kvB<=4k,kp<=2k,0.0767,2
128,n<=2,sr<=70%,kvB<=4k,kp<=4k,0.0856,2
128,n<=2,sr<=70%,kvB<=4k,kp<=512,0.1208,2
128,n<=2,sr<=70%,kvB<=4k,kp<=8k,-0.049,2
128,n<=2,sr<=70%,kvB<=4k,kp=0,0.0432,2
128,n<=32,sr<=15%,kvB<=16k,kp<=1k,0.112,6
128,n<=32,sr<=15%,kvB<=16k,kp<=2k,0.1138,6
128,n<=32,sr<=15%,kvB<=16k,kp<=4k,0.1139,6
128,n<=32,sr<=15%,kvB<=16k,kp<=512,0.1133,6
128,n<=32,sr<=15%,kvB<=16k,kp<=8k,0.1114,6
128,n<=32,sr<=15%,kvB<=16k,kp=0,0.1147,6
128,n<=32,sr<=15%,kvB<=1k,kp<=1k,0.0477,6
128,n<=32,sr<=15%,kvB<=1k,kp<=2k,0.0536,6
128,n<=32,sr<=15%,kvB<=1k,kp<=4k,0.0444,6
128,n<=32,sr<=15%,kvB<=1k,kp<=512,0.0522,6
128,n<=32,sr<=15%,kvB<=1k,kp<=8k,0.0579,6
128,n<=32,sr<=15%,kvB<=1k,kp=0,0.0762,6
128,n<=32,sr<=15%,kvB<=4k,kp<=1k,0.0975,6
128,n<=32,sr<=15%,kvB<=4k,kp<=2k,0.0985,6
128,n<=32,sr<=15%,kvB<=4k,kp<=4k,0.0993,6
128,n<=32,sr<=15%,kvB<=4k,kp<=512,0.0979,6
128,n<=32,sr<=15%,kvB<=4k,kp<=8k,0.0964,6
128,n<=32,sr<=15%,kvB<=4k,kp=0,0.1057,6
128,n<=32,sr<=40%,kvB<=16k,kp<=1k,0.0623,2
128,n<=32,sr<=40%,kvB<=16k,kp<=2k,0.0434,2
128,n<=32,sr<=40%,kvB<=16k,kp<=4k,0.0519,2
128,n<=32,sr<=40%,kvB<=16k,kp<=512,0.0601,2
128,n<=32,sr<=40%,kvB<=16k,kp<=8k,0.0534,2
128,n<=32,sr<=40%,kvB<=16k,kp=0,0.0628,2
128,n<=32,sr<=40%,kvB<=1k,kp<=1k,0.0101,2
128,n<=32,sr<=40%,kvB<=1k,kp<=2k,0.0339,2
128,n<=32,sr<=40%,kvB<=1k,kp<=4k,0.0087,2
128,n<=32,sr<=40%,kvB<=1k,kp<=512,0.0168,2
128,n<=32,sr<=40%,kvB<=1k,kp<=8k,0.0117,2
128,n<=32,sr<=40%,kvB<=1k,kp=0,0.02,2
128,n<=32,sr<=40%,kvB<=4k,kp<=1k,0.0388,2
128,n<=32,sr<=40%,kvB<=4k,kp<=2k,0.0303,2
128,n<=32,sr<=40%,kvB<=4k,kp<=4k,0.0485,2
128,n<=32,sr<=40%,kvB<=4k,kp<=512,0.0399,2
128,n<=32,sr<=40%,kvB<=4k,kp<=8k,0.0477,2
128,n<=32,sr<=40%,kvB<=4k,kp=0,0.0453,2
128,n<=32,sr<=5%,kvB<=16k,kp<=1k,-0.0058,2
128,n<=32,sr<=5%,kvB<=16k,kp<=2k,-0.0067,2
128,n<=32,sr<=5%,kvB<=16k,kp<=4k,-0.0098,2
128,n<=32,sr<=5%,kvB<=16k,kp<=512,-0.0054,2
128,n<=32,sr<=5%,kvB<=16k,kp<=8k,-0.008,2
128,n<=32,sr<=5%,kvB<=16k,kp=0,-0.012,2
128,n<=32,sr<=5%,kvB<=1k,kp<=1k,-0.0137,2
128,n<=32,sr<=5%,kvB<=1k,kp<=2k,-0.0058,2
128,n<=32,sr<=5%,kvB<=1k,kp<=4k,0.0054,2
128,n<=32,sr<=5%,kvB<=1k,kp<=512,0.0098,2
128,n<=32,sr<=5%,kvB<=1k,kp<=8k,0.0012,2
128,n<=32,sr<=5%,kvB<=1k,kp=0,-0.005,2
128,n<=32,sr<=5%,kvB<=4k,kp<=1k,-0.0022,2
128,n<=32,sr<=5%,kvB<=4k,kp<=2k,-0.0001,2
128,n<=32,sr<=5%,kvB<=4k,kp<=4k,-0.0027,2
128,n<=32,sr<=5%,kvB<=4k,kp<=512,-0.0004,2
128,n<=32,sr<=5%,kvB<=4k,kp<=8k,-0.0073,2
128,n<=32,sr<=5%,kvB<=4k,kp=0,-0.0026,2
128,n<=32,sr<=70%,kvB<=16k,kp<=1k,0.0822,2
128,n<=32,sr<=70%,kvB<=16k,kp<=2k,0.082,2
128,n<=32,sr<=70%,kvB<=16k,kp<=4k,0.0737,2
128,n<=32,sr<=70%,kvB<=16k,kp<=512,0.0605,2
128,n<=32,sr<=70%,kvB<=16k,kp<=8k,0.0673,2
128,n<=32,sr<=70%,kvB<=16k,kp=0,0.0715,2
128,n<=32,sr<=70%,kvB<=1k,kp<=1k,-0.0554,2
128,n<=32,sr<=70%,kvB<=1k,kp<=2k,-0.0936,2
128,n<=32,sr<=70%,kvB<=1k,kp<=4k,-0.0666,2
128,n<=32,sr<=70%,kvB<=1k,kp<=512,-0.0877,2
128,n<=32,sr<=70%,kvB<=1k,kp<=8k,-0.1108,2
128,n<=32,sr<=70%,kvB<=1k,kp=0,-0.0373,2
128,n<=32,sr<=70%,kvB<=4k,kp<=1k,0.075,2
128,n<=32,sr<=70%,kvB<=4k,kp<=2k,0.05,2
128,n<=32,sr<=70%,kvB<=4k,kp<=4k,0.0273,2
128,n<=32,sr<=70%,kvB<=4k,kp<=512,0.0559,2
128,n<=32,sr<=70%,kvB<=4k,kp<=8k,0.0481,2
128,n<=32,sr<=70%,kvB<=4k,kp=0,0.0724,2
128,n<=32,sr>70%,kvB<=16k,kp<=1k,0.4812,4
128,n<=32,sr>70%,kvB<=16k,kp<=2k,0.479,4
128,n<=32,sr>70%,kvB<=16k,kp<=4k,0.4691,4
128,n<=32,sr>70%,kvB<=16k,kp<=512,0.4636,4
128,n<=32,sr>70%,kvB<=16k,kp<=8k,0.4722,4
128,n<=32,sr>70%,kvB<=16k,kp=0,0.4333,4
128,n<=32,sr>70%,kvB<=1k,kp<=1k,0.412,4
128,n<=32,sr>70%,kvB<=1k,kp<=2k,0.3711,4
128,n<=32,sr>70%,kvB<=1k,kp<=4k,0.3787,4
128,n<=32,sr>70%,kvB<=1k,kp<=512,0.3805,4
128,n<=32,sr>70%,kvB<=1k,kp<=8k,0.4032,4
128,n<=32,sr>70%,kvB<=1k,kp=0,0.5151,4
128,n<=32,sr>70%,kvB<=4k,kp<=1k,0.446,4
128,n<=32,sr>70%,kvB<=4k,kp<=2k,0.4393,4
128,n<=32,sr>70%,kvB<=4k,kp<=4k,0.4893,4
128,n<=32,sr>70%,kvB<=4k,kp<=512,0.4649,4
128,n<=32,sr>70%,kvB<=4k,kp<=8k,0.4403,4
128,n<=32,sr>70%,kvB<=4k,kp=0,0.4331,4
128,n<=4,sr<=40%,kvB<=16k,kp<=1k,0.0023,2
128,n<=4,sr<=40%,kvB<=16k,kp<=2k,0.0008,2
128,n<=4,sr<=40%,kvB<=16k,kp<=4k,-0.0112,2
128,n<=4,sr<=40%,kvB<=16k,kp<=512,0.0103,2
128,n<=4,sr<=40%,kvB<=16k,kp<=8k,0.0073,2
128,n<=4,sr<=40%,kvB<=16k,kp=0,-0.0074,2
128,n<=4,sr<=40%,kvB<=1k,kp<=1k,0.1435,2
128,n<=4,sr<=40%,kvB<=1k,kp<=2k,0.2641,2
128,n<=4,sr<=40%,kvB<=1k,kp<=4k,0.1209,2
128,n<=4,sr<=40%,kvB<=1k,kp<=512,0.0895,2
128,n<=4,sr<=40%,kvB<=1k,kp<=8k,0.0427,2
128,n<=4,sr<=40%,kvB<=1k,kp=0,0.0981,2
128,n<=4,sr<=40%,kvB<=4k,kp<=1k,0.0575,2
128,n<=4,sr<=40%,kvB<=4k,kp<=2k,0.0337,2
128,n<=4,sr<=40%,kvB<=4k,kp<=4k,0.0332,2
128,n<=4,sr<=40%,kvB<=4k,kp<=512,0.0497,2
128,n<=4,sr<=40%,kvB<=4k,kp<=8k,0.0253,2
128,n<=4,sr<=40%,kvB<=4k,kp=0,0.0398,2
128,n<=4,sr<=70%,kvB<=16k,kp<=1k,0.0429,2
128,n<=4,sr<=70%,kvB<=16k,kp<=2k,0.0504,2
128,n<=4,sr<=70%,kvB<=16k,kp<=4k,0.0662,2
128,n<=4,sr<=70%,kvB<=16k,kp<=512,0.0356,2
128,n<=4,sr<=70%,kvB<=16k,kp<=8k,0.071,2
128,n<=4,sr<=70%,kvB<=16k,kp=0,0.0503,2
128,n<=4,sr<=70%,kvB<=1k,kp<=1k,0.0429,2
128,n<=4,sr<=70%,kvB<=1k,kp<=2k,0.4364,2
128,n<=4,sr<=70%,kvB<=1k,kp<=4k,0.1658,2
128,n<=4,sr<=70%,kvB<=1k,kp<=512,0.1807,2
128,n<=4,sr<=70%,kvB<=1k,kp<=8k,0.2234,2
128,n<=4,sr<=70%,kvB<=1k,kp=0,0.2631,2
128,n<=4,sr<=70%,kvB<=4k,kp<=1k,-0.0397,2
128,n<=4,sr<=70%,kvB<=4k,kp<=2k,-0.0494,2
128,n<=4,sr<=70%,kvB<=4k,kp<=4k,-0.0726,2
128,n<=4,sr<=70%,kvB<=4k,kp<=512,-0.0404,2
128,n<=4,sr<=70%,kvB<=4k,kp<=8k,-0.0826,2
128,n<=4,sr<=70%,kvB<=4k,kp=0,-0.064,2
128,n<=4,sr>70%,kvB<=16k,kp<=1k,-0.022,2
128,n<=4,sr>70%,kvB<=16k,kp<=2k,-0.0619,2
128,n<=4,sr>70%,kvB<=16k,kp<=4k,-0.0469,2
128,n<=4,sr>70%,kvB<=16k,kp<=512,0.0219,2
128,n<=4,sr>70%,kvB<=16k,kp<=8k,-0.0652,2
128,n<=4,sr>70%,kvB<=16k,kp=0,0.039,2
128,n<=4,sr>70%,kvB<=1k,kp<=1k,0.2962,2
128,n<=4,sr>70%,kvB<=1k,kp<=2k,-0.2635,2
128,n<=4,sr>70%,kvB<=1k,kp<=4k,0.548,2
128,n<=4,sr>70%,kvB<=1k,kp<=512,0.0562,2
128,n<=4,sr>70%,kvB<=1k,kp<=8k,0.1114,2
128,n<=4,sr>70%,kvB<=1k,kp=0,0.0003,1
128,n<=4,sr>70%,kvB<=4k,kp<=1k,-0.0291,2
128,n<=4,sr>70%,kvB<=4k,kp<=2k,-0.072,2
128,n<=4,sr>70%,kvB<=4k,kp<=4k,-0.0836,2
128,n<=4,sr>70%,kvB<=4k,kp<=512,-0.0072,2
128,n<=4,sr>70%,kvB<=4k,kp<=8k,0.136,2
128,n<=4,sr>70%,kvB<=4k,kp=0,0.0838,2
128,n<=64,sr<=15%,kvB<=16k,kp<=1k,0.1211,4
128,n<=64,sr<=15%,kvB<=16k,kp<=2k,0.1233,4
128,n<=64,sr<=15%,kvB<=16k,kp<=4k,0.125,4
128,n<=64,sr<=15%,kvB<=16k,kp<=512,0.1275,4
128,n<=64,sr<=15%,kvB<=16k,kp<=8k,0.1236,4
128,n<=64,sr<=15%,kvB<=16k,kp=0,0.1254,4
128,n<=64,sr<=15%,kvB<=1k,kp<=1k,0.186,4
128,n<=64,sr<=15%,kvB<=1k,kp<=2k,0.1801,4
128,n<=64,sr<=15%,kvB<=1k,kp<=4k,0.1889,4
128,n<=64,sr<=15%,kvB<=1k,kp<=512,0.1779,4
128,n<=64,sr<=15%,kvB<=1k,kp<=8k,0.1946,4
128,n<=64,sr<=15%,kvB<=1k,kp=0,0.1803,4
128,n<=64,sr<=15%,kvB<=4k,kp<=1k,0.1258,4
128,n<=64,sr<=15%,kvB<=4k,kp<=2k,0.1296,4
128,n<=64,sr<=15%,kvB<=4k,kp<=4k,0.1254,4
128,n<=64,sr<=15%,kvB<=4k,kp<=512,0.1293,4
128,n<=64,sr<=15%,kvB<=4k,kp<=8k,0.1328,4
128,n<=64,sr<=15%,kvB<=4k,kp=0,0.1287,4
128,n<=64,sr<=40%,kvB<=16k,kp<=1k,0.7312,2
128,n<=64,sr<=40%,kvB<=16k,kp<=2k,0.7234,2
128,n<=64,sr<=40%,kvB<=16k,kp<=4k,0.7355,2
128,n<=64,sr<=40%,kvB<=16k,kp<=512,0.7351,2
128,n<=64,sr<=40%,kvB<=16k,kp<=8k,0.7303,2
128,n<=64,sr<=40%,kvB<=16k,kp=0,0.7343,2
128,n<=64,sr<=40%,kvB<=1k,kp<=1k,0.7341,2
128,n<=64,sr<=40%,kvB<=1k,kp<=2k,0.7338,2
128,n<=64,sr<=40%,kvB<=1k,kp<=4k,0.7427,2
128,n<=64,sr<=40%,kvB<=1k,kp<=512,0.7213,2
128,n<=64,sr<=40%,kvB<=1k,kp<=8k,0.7142,2
128,n<=64,sr<=40%,kvB<=1k,kp=0,0.7106,2
128,n<=64,sr<=40%,kvB<=4k,kp<=1k,0.71,2
128,n<=64,sr<=40%,kvB<=4k,kp<=2k,0.7221,2
128,n<=64,sr<=40%,kvB<=4k,kp<=4k,0.724,2
128,n<=64,sr<=40%,kvB<=4k,kp<=512,0.7249,2
128,n<=64,sr<=40%,kvB<=4k,kp<=8k,0.7311,2
128,n<=64,sr<=40%,kvB<=4k,kp=0,0.7306,2
128,n<=64,sr<=5%,kvB<=16k,kp<=1k,0.02,6
128,n<=64,sr<=5%,kvB<=16k,kp<=2k,0.0211,6
128,n<=64,sr<=5%,kvB<=16k,kp<=4k,0.0216,6
128,n<=64,sr<=5%,kvB<=16k,kp<=512,0.0229,6
128,n<=64,sr<=5%,kvB<=16k,kp<=8k,0.0213,6
128,n<=64,sr<=5%,kvB<=16k,kp=0,0.0207,6
128,n<=64,sr<=5%,kvB<=1k,kp<=1k,0.0791,6
128,n<=64,sr<=5%,kvB<=1k,kp<=2k,0.0881,6
128,n<=64,sr<=5%,kvB<=1k,kp<=4k,0.0954,6
128,n<=64,sr<=5%,kvB<=1k,kp<=512,0.0796,6
128,n<=64,sr<=5%,kvB<=1k,kp<=8k,0.0895,6
128,n<=64,sr<=5%,kvB<=1k,kp=0,0.0777,6
128,n<=64,sr<=5%,kvB<=4k,kp<=1k,0.0265,6
128,n<=64,sr<=5%,kvB<=4k,kp<=2k,0.0248,6
128,n<=64,sr<=5%,kvB<=4k,kp<=4k,0.0299,6
128,n<=64,sr<=5%,kvB<=4k,kp<=512,0.0299,6
128,n<=64,sr<=5%,kvB<=4k,kp<=8k,0.0321,6
128,n<=64,sr<=5%,kvB<=4k,kp=0,0.0267,6
128,n<=64,sr<=70%,kvB<=16k,kp<=1k,0.6251,2
128,n<=64,sr<=70%,kvB<=16k,kp<=2k,0.6389,2
128,n<=64,sr<=70%,kvB<=16k,kp<=4k,0.6264,2
128,n<=64,sr<=70%,kvB<=16k,kp<=512,0.6353,2
128,n<=64,sr<=70%,kvB<=16k,kp<=8k,0.6348,2
128,n<=64,sr<=70%,kvB<=16k,kp=0,0.6334,2
128,n<=64,sr<=70%,kvB<=1k,kp<=1k,0.6613,2
128,n<=64,sr<=70%,kvB<=1k,kp<=2k,0.6263,2
128,n<=64,sr<=70%,kvB<=1k,kp<=4k,0.583,2
128,n<=64,sr<=70%,kvB<=1k,kp<=512,0.6207,2
128,n<=64,sr<=70%,kvB<=1k,kp<=8k,0.6615,2
128,n<=64,sr<=70%,kvB<=1k,kp=0,0.6563,2
128,n<=64,sr<=70%,kvB<=4k,kp<=1k,0.6458,2
128,n<=64,sr<=70%,kvB<=4k,kp<=2k,0.6068,2
128,n<=64,sr<=70%,kvB<=4k,kp<=4k,0.6379,2
128,n<=64,sr<=70%,kvB<=4k,kp<=512,0.6726,2
128,n<=64,sr<=70%,kvB<=4k,kp<=8k,0.6677,2
128,n<=64,sr<=70%,kvB<=4k,kp=0,0.628,2
128,n<=64,sr>70%,kvB<=16k,kp<=1k,0.6362,4
128,n<=64,sr>70%,kvB<=16k,kp<=2k,0.6482,4
128,n<=64,sr>70%,kvB<=16k,kp<=4k,0.6698,4
128,n<=64,sr>70%,kvB<=16k,kp<=512,0.6543,4
128,n<=64,sr>70%,kvB<=16k,kp<=8k,0.6673,4
128,n<=64,sr>70%,kvB<=16k,kp=0,0.6411,4
128,n<=64,sr>70%,kvB<=1k,kp<=1k,0.5211,4
128,n<=64,sr>70%,kvB<=1k,kp<=2k,0.6163,4
128,n<=64,sr>70%,kvB<=1k,kp<=4k,0.4918,4
128,n<=64,sr>70%,kvB<=1k,kp<=512,0.5891,4
128,n<=64,sr>70%,kvB<=1k,kp<=8k,0.604,4
128,n<=64,sr>70%,kvB<=1k,kp=0,0.6066,4
128,n<=64,sr>70%,kvB<=4k,kp<=1k,0.6106,4
128,n<=64,sr>70%,kvB<=4k,kp<=2k,0.6237,4
128,n<=64,sr>70%,kvB<=4k,kp<=4k,0.5833,4
128,n<=64,sr>70%,kvB<=4k,kp<=512,0.6353,4
128,n<=64,sr>70%,kvB<=4k,kp<=8k,0.6336,4
128,n<=64,sr>70%,kvB<=4k,kp=0,0.6151,4
128,n<=8,sr<=15%,kvB<=16k,kp<=1k,0.0206,2
128,n<=8,sr<=15%,kvB<=16k,kp<=2k,0.0123,2
128,n<=8,sr<=15%,kvB<=16k,kp<=4k,0.0164,2
128,n<=8,sr<=15%,kvB<=16k,kp<=512,0.017,2
128,n<=8,sr<=15%,kvB<=16k,kp<=8k,0.0222,2
128,n<=8,sr<=15%,kvB<=16k,kp=0,0.0156,2
128,n<=8,sr<=15%,kvB<=1k,kp<=1k,0.0162,2
128,n<=8,sr<=15%,kvB<=1k,kp<=2k,-0.0118,2
128,n<=8,sr<=15%,kvB<=1k,kp<=4k,-0.0242,2
128,n<=8,sr<=15%,kvB<=1k,kp<=512,-0.008,2
128,n<=8,sr<=15%,kvB<=1k,kp<=8k,-0.0082,2
128,n<=8,sr<=15%,kvB<=1k,kp=0,0.0148,2
128,n<=8,sr<=15%,kvB<=4k,kp<=1k,0.0182,2
128,n<=8,sr<=15%,kvB<=4k,kp<=2k,0.024,2
128,n<=8,sr<=15%,kvB<=4k,kp<=4k,0.0177,2
128,n<=8,sr<=15%,kvB<=4k,kp<=512,0.0233,2
128,n<=8,sr<=15%,kvB<=4k,kp<=8k,0.0115,2
128,n<=8,sr<=15%,kvB<=4k,kp=0,0.0236,2
128,n<=8,sr<=40%,kvB<=16k,kp<=1k,0.0082,4
128,n<=8,sr<=40%,kvB<=16k,kp<=2k,0.0058,4
128,n<=8,sr<=40%,kvB<=16k,kp<=4k,0.0216,4
128,n<=8,sr<=40%,kvB<=16k,kp<=512,0.012,4
128,n<=8,sr<=40%,kvB<=16k,kp<=8k,0.0314,4
128,n<=8,sr<=40%,kvB<=16k,kp=0,0.0157,4
128,n<=8,sr<=40%,kvB<=1k,kp<=1k,-0.0155,4
128,n<=8,sr<=40%,kvB<=1k,kp<=2k,-0.0034,4
128,n<=8,sr<=40%,kvB<=1k,kp<=4k,-0.0536,4
128,n<=8,sr<=40%,kvB<=1k,kp<=512,-0.0057,4
128,n<=8,sr<=40%,kvB<=1k,kp<=8k,0.0194,4
128,n<=8,sr<=40%,kvB<=1k,kp=0,0.0119,4
128,n<=8,sr<=40%,kvB<=4k,kp<=1k,0.027,4
128,n<=8,sr<=40%,kvB<=4k,kp<=2k,0.0148,4
128,n<=8,sr<=40%,kvB<=4k,kp<=4k,0.0199,4
128,n<=8,sr<=40%,kvB<=4k,kp<=512,0.0355,4
128,n<=8,sr<=40%,kvB<=4k,kp<=8k,0.019,4
128,n<=8,sr<=40%,kvB<=4k,kp=0,0.0172,4
128,n<=8,sr<=70%,kvB<=16k,kp<=1k,0.0194,2
128,n<=8,sr<=70%,kvB<=16k,kp<=2k,0.049,2
128,n<=8,sr<=70%,kvB<=16k,kp<=4k,0.0316,2
128,n<=8,sr<=70%,kvB<=16k,kp<=512,0.0243,2
128,n<=8,sr<=70%,kvB<=16k,kp<=8k,0.0289,2
128,n<=8,sr<=70%,kvB<=16k,kp=0,0.0514,2
128,n<=8,sr<=70%,kvB<=1k,kp<=1k,-0.0047,2
128,n<=8,sr<=70%,kvB<=1k,kp<=2k,0.051,2
128,n<=8,sr<=70%,kvB<=1k,kp<=4k,-0.0839,2
128,n<=8,sr<=70%,kvB<=1k,kp<=512,-0.0344,2
128,n<=8,sr<=70%,kvB<=1k,kp<=8k,0.0004,2
128,n<=8,sr<=70%,kvB<=1k,kp=0,0.0155,2
128,n<=8,sr<=70%,kvB<=4k,kp<=1k,0.0597,2
128,n<=8,sr<=70%,kvB<=4k,kp<=2k,0.0576,2
128,n<=8,sr<=70%,kvB<=4k,kp<=4k,0.0757,2
128,n<=8,sr<=70%,kvB<=4k,kp<=512,0.0643,2
128,n<=8,sr<=70%,kvB<=4k,kp<=8k,0.029,2
128,n<=8,sr<=70%,kvB<=4k,kp=0,0.0596,2
128,n<=8,sr>70%,kvB<=16k,kp<=1k,0.0308,4
128,n<=8,sr>70%,kvB<=16k,kp<=2k,0.0669,4
128,n<=8,sr>70%,kvB<=16k,kp<=4k,0.0601,4
128,n<=8,sr>70%,kvB<=16k,kp<=512,0.0753,4
128,n<=8,sr>70%,kvB<=16k,kp<=8k,0.0382,4
128,n<=8,sr>70%,kvB<=16k,kp=0,0.0801,4
128,n<=8,sr>70%,kvB<=1k,kp<=1k,0.1577,4
128,n<=8,sr>70%,kvB<=1k,kp<=2k,0.1951,4
128,n<=8,sr>70%,kvB<=1k,kp<=4k,0.0492,4
128,n<=8,sr>70%,kvB<=1k,kp<=512,0.1499,4
128,n<=8,sr>70%,kvB<=1k,kp<=8k,0.0791,4
128,n<=8,sr>70%,kvB<=1k,kp=0,0.2165,4
128,n<=8,sr>70%,kvB<=4k,kp<=1k,0.0514,4
128,n<=8,sr>70%,kvB<=4k,kp<=2k,0.1471,4
128,n<=8,sr>70%,kvB<=4k,kp<=4k,0.0467,4
128,n<=8,sr>70%,kvB<=4k,kp<=512,0.1119,4
128,n<=8,sr>70%,kvB<=4k,kp<=8k,0.0772,4
128,n<=8,sr>70%,kvB<=4k,kp=0,0.1013,4
256,n<=128,sr<=15%,kvB<=16k,kp<=1k,0.2283,4
256,n<=128,sr<=15%,kvB<=16k,kp<=2k,0.2224,4
256,n<=128,sr<=15%,kvB<=16k,kp<=4k,0.2178,4
256,n<=128,sr<=15%,kvB<=16k,kp<=512,0.2227,4
256,n<=128,sr<=15%,kvB<=16k,kp<=8k,0.2195,4
256,n<=128,sr<=15%,kvB<=16k,kp=0,0.2229,4
256,n<=128,sr<=15%,kvB<=1k,kp<=1k,0.205,4
256,n<=128,sr<=15%,kvB<=1k,kp<=2k,0.2012,4
256,n<=128,sr<=15%,kvB<=1k,kp<=4k,0.2073,4
256,n<=128,sr<=15%,kvB<=1k,kp<=512,0.1872,4
256,n<=128,sr<=15%,kvB<=1k,kp<=8k,0.1896,4
256,n<=128,sr<=15%,kvB<=1k,kp=0,0.1933,4
256,n<=128,sr<=15%,kvB<=4k,kp<=1k,0.2219,4
256,n<=128,sr<=15%,kvB<=4k,kp<=2k,0.2186,4
256,n<=128,sr<=15%,kvB<=4k,kp<=4k,0.2143,4
256,n<=128,sr<=15%,kvB<=4k,kp<=512,0.2109,4
256,n<=128,sr<=15%,kvB<=4k,kp<=8k,0.2232,4
256,n<=128,sr<=15%,kvB<=4k,kp=0,0.2133,4
256,n<=128,sr<=40%,kvB<=16k,kp<=1k,0.2653,2
256,n<=128,sr<=40%,kvB<=16k,kp<=2k,0.2528,2
256,n<=128,sr<=40%,kvB<=16k,kp<=4k,0.2494,2
256,n<=128,sr<=40%,kvB<=16k,kp<=512,0.2642,2
256,n<=128,sr<=40%,kvB<=16k,kp<=8k,0.2486,2
256,n<=128,sr<=40%,kvB<=16k,kp=0,0.2562,2
256,n<=128,sr<=40%,kvB<=1k,kp<=1k,0.2,2
256,n<=128,sr<=40%,kvB<=1k,kp<=2k,0.2327,2
256,n<=128,sr<=40%,kvB<=1k,kp<=4k,0.2171,2
256,n<=128,sr<=40%,kvB<=1k,kp<=512,0.2227,2
256,n<=128,sr<=40%,kvB<=1k,kp<=8k,0.2124,2
256,n<=128,sr<=40%,kvB<=1k,kp=0,0.2446,2
256,n<=128,sr<=40%,kvB<=4k,kp<=1k,0.2552,2
256,n<=128,sr<=40%,kvB<=4k,kp<=2k,0.2449,2
256,n<=128,sr<=40%,kvB<=4k,kp<=4k,0.2452,2
256,n<=128,sr<=40%,kvB<=4k,kp<=512,0.2583,2
256,n<=128,sr<=40%,kvB<=4k,kp<=8k,0.2612,2
256,n<=128,sr<=40%,kvB<=4k,kp=0,0.2446,2
256,n<=128,sr<=5%,kvB<=16k,kp<=1k,0.2135,8
256,n<=128,sr<=5%,kvB<=16k,kp<=2k,0.2125,8
256,n<=128,sr<=5%,kvB<=16k,kp<=4k,0.2108,8
256,n<=128,sr<=5%,kvB<=16k,kp<=512,0.211,8
256,n<=128,sr<=5%,kvB<=16k,kp<=8k,0.2111,8
256,n<=128,sr<=5%,kvB<=16k,kp=0,0.2133,8
256,n<=128,sr<=5%,kvB<=1k,kp<=1k,0.1748,8
256,n<=128,sr<=5%,kvB<=1k,kp<=2k,0.1824,8
256,n<=128,sr<=5%,kvB<=1k,kp<=4k,0.1713,8
256,n<=128,sr<=5%,kvB<=1k,kp<=512,0.1788,8
256,n<=128,sr<=5%,kvB<=1k,kp<=8k,0.1793,8
256,n<=128,sr<=5%,kvB<=1k,kp=0,0.1843,8
256,n<=128,sr<=5%,kvB<=4k,kp<=1k,0.2009,8
256,n<=128,sr<=5%,kvB<=4k,kp<=2k,0.2041,8
256,n<=128,sr<=5%,kvB<=4k,kp<=4k,0.2009,8
256,n<=128,sr<=5%,kvB<=4k,kp<=512,0.2014,8
256,n<=128,sr<=5%,kvB<=4k,kp<=8k,0.2017,8
256,n<=128,sr<=5%,kvB<=4k,kp=0,0.2017,8
256,n<=128,sr<=70%,kvB<=16k,kp<=1k,0.0402,2
256,n<=128,sr<=70%,kvB<=16k,kp<=2k,0.0435,2
256,n<=128,sr<=70%,kvB<=16k,kp<=4k,0.0446,2
256,n<=128,sr<=70%,kvB<=16k,kp<=512,0.0409,2
256,n<=128,sr<=70%,kvB<=16k,kp<=8k,0.0469,2
256,n<=128,sr<=70%,kvB<=16k,kp=0,0.0518,2
256,n<=128,sr<=70%,kvB<=1k,kp<=1k,0.0143,2
256,n<=128,sr<=70%,kvB<=1k,kp<=2k,0.0139,2
256,n<=128,sr<=70%,kvB<=1k,kp<=4k,0.0041,2
256,n<=128,sr<=70%,kvB<=1k,kp<=512,-0.0106,2
256,n<=128,sr<=70%,kvB<=1k,kp<=8k,-0.0075,2
256,n<=128,sr<=70%,kvB<=1k,kp=0,-0.0192,2
256,n<=128,sr<=70%,kvB<=4k,kp<=1k,0.0326,2
256,n<=128,sr<=70%,kvB<=4k,kp<=2k,0.0308,2
256,n<=128,sr<=70%,kvB<=4k,kp<=4k,0.0365,2
256,n<=128,sr<=70%,kvB<=4k,kp<=512,0.0338,2
256,n<=128,sr<=70%,kvB<=4k,kp<=8k,0.0377,2
256,n<=128,sr<=70%,kvB<=4k,kp=0,0.04,2
256,n<=128,sr>70%,kvB<=16k,kp<=1k,0.7505,4
256,n<=128,sr>70%,kvB<=16k,kp<=2k,0.7504,4
256,n<=128,sr>70%,kvB<=16k,kp<=4k,0.7766,4
256,n<=128,sr>70%,kvB<=16k,kp<=512,0.7692,4
256,n<=128,sr>70%,kvB<=16k,kp<=8k,0.7638,4
256,n<=128,sr>70%,kvB<=16k,kp=0,0.762,4
256,n<=128,sr>70%,kvB<=1k,kp<=1k,0.7229,4
256,n<=128,sr>70%,kvB<=1k,kp<=2k,0.6706,4
256,n<=128,sr>70%,kvB<=1k,kp<=4k,0.7457,4
256,n<=128,sr>70%,kvB<=1k,kp<=512,0.7454,4
256,n<=128,sr>70%,kvB<=1k,kp<=8k,0.7507,4
256,n<=128,sr>70%,kvB<=1k,kp=0,0.7332,4
256,n<=128,sr>70%,kvB<=4k,kp<=1k,0.7872,4
256,n<=128,sr>70%,kvB<=4k,kp<=2k,0.8199,4
256,n<=128,sr>70%,kvB<=4k,kp<=4k,0.7993,4
256,n<=128,sr>70%,kvB<=4k,kp<=512,0.771,4
256,n<=128,sr>70%,kvB<=4k,kp<=8k,0.7959,4
256,n<=128,sr>70%,kvB<=4k,kp=0,0.7577,4
256,n<=16,sr<=15%,kvB<=16k,kp<=1k,0.0076,4
256,n<=16,sr<=15%,kvB<=16k,kp<=2k,0.0007,4
256,n<=16,sr<=15%,kvB<=16k,kp<=4k,0.0097,4
256,n<=16,sr<=15%,kvB<=16k,kp<=512,0.0132,4
256,n<=16,sr<=15%,kvB<=16k,kp<=8k,0.0044,4
256,n<=16,sr<=15%,kvB<=16k,kp=0,0.0037,4
256,n<=16,sr<=15%,kvB<=1k,kp<=1k,-0.0067,4
256,n<=16,sr<=15%,kvB<=1k,kp<=2k,0.0476,4
256,n<=16,sr<=15%,kvB<=1k,kp<=4k,0.0094,4
256,n<=16,sr<=15%,kvB<=1k,kp<=512,0.0237,4
256,n<=16,sr<=15%,kvB<=1k,kp<=8k,-0.0072,4
256,n<=16,sr<=15%,kvB<=1k,kp=0,0.0091,4
256,n<=16,sr<=15%,kvB<=4k,kp<=1k,0.0076,4
256,n<=16,sr<=15%,kvB<=4k,kp<=2k,-0.0001,4
256,n<=16,sr<=15%,kvB<=4k,kp<=4k,0.0054,4
256,n<=16,sr<=15%,kvB<=4k,kp<=512,0.0164,4
256,n<=16,sr<=15%,kvB<=4k,kp<=8k,0.0017,4
256,n<=16,sr<=15%,kvB<=4k,kp=0,0.0041,4
256,n<=16,sr<=40%,kvB<=16k,kp<=1k,-0.0078,4
256,n<=16,sr<=40%,kvB<=16k,kp<=2k,-0.0019,4
256,n<=16,sr<=40%,kvB<=16k,kp<=4k,-0.0058,4
256,n<=16,sr<=40%,kvB<=16k,kp<=512,-0.0099,4
256,n<=16,sr<=40%,kvB<=16k,kp<=8k,-0.0087,4
256,n<=16,sr<=40%,kvB<=16k,kp=0,-0.0073,4
256,n<=16,sr<=40%,kvB<=1k,kp<=1k,0.051,4
256,n<=16,sr<=40%,kvB<=1k,kp<=2k,0.0499,4
256,n<=16,sr<=40%,kvB<=1k,kp<=4k,0.0446,4
256,n<=16,sr<=40%,kvB<=1k,kp<=512,0.0577,4
256,n<=16,sr<=40%,kvB<=1k,kp<=8k,0.0725,4
256,n<=16,sr<=40%,kvB<=1k,kp=0,0.0297,4
256,n<=16,sr<=40%,kvB<=4k,kp<=1k,-0.0171,4
256,n<=16,sr<=40%,kvB<=4k,kp<=2k,-0.0077,4
256,n<=16,sr<=40%,kvB<=4k,kp<=4k,-0.0151,4
256,n<=16,sr<=40%,kvB<=4k,kp<=512,-0.0246,4
256,n<=16,sr<=40%,kvB<=4k,kp<=8k,-0.019,4
256,n<=16,sr<=40%,kvB<=4k,kp=0,-0.0208,4
256,n<=16,sr<=70%,kvB<=16k,kp<=1k,-0.0608,2
256,n<=16,sr<=70%,kvB<=16k,kp<=2k,-0.0376,2
256,n<=16,sr<=70%,kvB<=16k,kp<=4k,-0.0186,2
256,n<=16,sr<=70%,kvB<=16k,kp<=512,-0.0316,2
256,n<=16,sr<=70%,kvB<=16k,kp<=8k,-0.062,2
256,n<=16,sr<=70%,kvB<=16k,kp=0,-0.0506,2
256,n<=16,sr<=70%,kvB<=1k,kp<=1k,-0.0839,2
256,n<=16,sr<=70%,kvB<=1k,kp<=2k,-0.1245,2
256,n<=16,sr<=70%,kvB<=1k,kp<=4k,-0.0538,2
256,n<=16,sr<=70%,kvB<=1k,kp<=512,-0.0809,2
256,n<=16,sr<=70%,kvB<=1k,kp<=8k,-0.159,2
256,n<=16,sr<=70%,kvB<=1k,kp=0,-0.1235,2
256,n<=16,sr<=70%,kvB<=4k,kp<=1k,-0.0338,2
256,n<=16,sr<=70%,kvB<=4k,kp<=2k,-0.0516,2
256,n<=16,sr<=70%,kvB<=4k,kp<=4k,-0.0448,2
256,n<=16,sr<=70%,kvB<=4k,kp<=512,-0.0438,2
256,n<=16,sr<=70%,kvB<=4k,kp<=8k,-0.1154,2
256,n<=16,sr<=70%,kvB<=4k,kp=0,-0.0546,2
256,n<=16,sr>70%,kvB<=16k,kp<=1k,0.0797,4
256,n<=16,sr>70%,kvB<=16k,kp<=2k,0.0868,4
256,n<=16,sr>70%,kvB<=16k,kp<=4k,0.0616,4
256,n<=16,sr>70%,kvB<=16k,kp<=512,0.038,4
256,n<=16,sr>70%,kvB<=16k,kp<=8k,0.0852,4
256,n<=16,sr>70%,kvB<=16k,kp=0,0.0631,4
256,n<=16,sr>70%,kvB<=1k,kp<=1k,0.1818,4
256,n<=16,sr>70%,kvB<=1k,kp<=2k,0.1907,4
256,n<=16,sr>70%,kvB<=1k,kp<=4k,0.1267,4
256,n<=16,sr>70%,kvB<=1k,kp<=512,0.143,4
256,n<=16,sr>70%,kvB<=1k,kp<=8k,0.1732,4
256,n<=16,sr>70%,kvB<=1k,kp=0,0.1589,4
256,n<=16,sr>70%,kvB<=4k,kp<=1k,0.0084,4
256,n<=16,sr>70%,kvB<=4k,kp<=2k,0.1026,4
256,n<=16,sr>70%,kvB<=4k,kp<=4k,0.009,4
256,n<=16,sr>70%,kvB<=4k,kp<=512,-0.0246,4
256,n<=16,sr>70%,kvB<=4k,kp<=8k,-0.0493,4
256,n<=16,sr>70%,kvB<=4k,kp=0,0.0127,4
256,n<=2,sr<=70%,kvB<=16k,kp<=1k,0.123,2
256,n<=2,sr<=70%,kvB<=16k,kp<=2k,0.0731,2
256,n<=2,sr<=70%,kvB<=16k,kp<=4k,0.0219,2
256,n<=2,sr<=70%,kvB<=16k,kp<=512,0.0488,2
256,n<=2,sr<=70%,kvB<=16k,kp<=8k,0.0663,2
256,n<=2,sr<=70%,kvB<=16k,kp=0,0.09,2
256,n<=2,sr<=70%,kvB<=1k,kp<=1k,0.1531,2
256,n<=2,sr<=70%,kvB<=1k,kp<=2k,0.1416,1
256,n<=2,sr<=70%,kvB<=1k,kp<=4k,0.599,2
256,n<=2,sr<=70%,kvB<=1k,kp<=512,0.5171,1
256,n<=2,sr<=70%,kvB<=1k,kp<=8k,-0.1402,1
256,n<=2,sr<=70%,kvB<=1k,kp=0,0.1691,1
256,n<=2,sr<=70%,kvB<=4k,kp<=1k,0.1654,2
256,n<=2,sr<=70%,kvB<=4k,kp<=2k,0.0437,2
256,n<=2,sr<=70%,kvB<=4k,kp<=4k,0.2041,2
256,n<=2,sr<=70%,kvB<=4k,kp<=512,0.0091,2
256,n<=2,sr<=70%,kvB<=4k,kp<=8k,-0.0421,2
256,n<=2,sr<=70%,kvB<=4k,kp=0,-0.0217,2
256,n<=32,sr<=15%,kvB<=16k,kp<=1k,0.1137,6
256,n<=32,sr<=15%,kvB<=16k,kp<=2k,0.1133,6
256,n<=32,sr<=15%,kvB<=16k,kp<=4k,0.1114,6
256,n<=32,sr<=15%,kvB<=16k,kp<=512,0.1164,6
256,n<=32,sr<=15%,kvB<=16k,kp<=8k,0.1114,6
256,n<=32,sr<=15%,kvB<=16k,kp=0,0.1139,6
256,n<=32,sr<=15%,kvB<=1k,kp<=1k,0.0481,6
256,n<=32,sr<=15%,kvB<=1k,kp<=2k,0.0366,6
256,n<=32,sr<=15%,kvB<=1k,kp<=4k,0.056,6
256,n<=32,sr<=15%,kvB<=1k,kp<=512,0.0516,6
256,n<=32,sr<=15%,kvB<=1k,kp<=8k,0.0412,6
256,n<=32,sr<=15%,kvB<=1k,kp=0,0.0539,6
256,n<=32,sr<=15%,kvB<=4k,kp<=1k,0.098,6
256,n<=32,sr<=15%,kvB<=4k,kp<=2k,0.1002,6
256,n<=32,sr<=15%,kvB<=4k,kp<=4k,0.0975,6
256,n<=32,sr<=15%,kvB<=4k,kp<=512,0.0952,6
256,n<=32,sr<=15%,kvB<=4k,kp<=8k,0.094,6
256,n<=32,sr<=15%,kvB<=4k,kp=0,0.0998,6
256,n<=32,sr<=40%,kvB<=16k,kp<=1k,0.0577,2
256,n<=32,sr<=40%,kvB<=16k,kp<=2k,0.0494,2
256,n<=32,sr<=40%,kvB<=16k,kp<=4k,0.047,2
256,n<=32,sr<=40%,kvB<=16k,kp<=512,0.0664,2
256,n<=32,sr<=40%,kvB<=16k,kp<=8k,0.061,2
256,n<=32,sr<=40%,kvB<=16k,kp=0,0.0399,2
256,n<=32,sr<=40%,kvB<=1k,kp<=1k,0.0082,2
256,n<=32,sr<=40%,kvB<=1k,kp<=2k,0.0204,2
256,n<=32,sr<=40%,kvB<=1k,kp<=4k,0.0301,2
256,n<=32,sr<=40%,kvB<=1k,kp<=512,0.0188,2
256,n<=32,sr<=40%,kvB<=1k,kp<=8k,0.0189,2
256,n<=32,sr<=40%,kvB<=1k,kp=0,-0.0035,2
256,n<=32,sr<=40%,kvB<=4k,kp<=1k,0.0447,2
256,n<=32,sr<=40%,kvB<=4k,kp<=2k,0.0341,2
256,n<=32,sr<=40%,kvB<=4k,kp<=4k,0.0404,2
256,n<=32,sr<=40%,kvB<=4k,kp<=512,0.0264,2
256,n<=32,sr<=40%,kvB<=4k,kp<=8k,0.0449,2
256,n<=32,sr<=40%,kvB<=4k,kp=0,0.0494,2
256,n<=32,sr<=5%,kvB<=16k,kp<=1k,-0.008,2
256,n<=32,sr<=5%,kvB<=16k,kp<=2k,-0.001,2
256,n<=32,sr<=5%,kvB<=16k,kp<=4k,-0.0102,2
256,n<=32,sr<=5%,kvB<=16k,kp<=512,-0.0068,2
256,n<=32,sr<=5%,kvB<=16k,kp<=8k,-0.0022,2
256,n<=32,sr<=5%,kvB<=16k,kp=0,-0.0061,2
256,n<=32,sr<=5%,kvB<=1k,kp<=1k,0.0015,2
256,n<=32,sr<=5%,kvB<=1k,kp<=2k,-0.0003,2
256,n<=32,sr<=5%,kvB<=1k,kp<=4k,-0.0142,2
256,n<=32,sr<=5%,kvB<=1k,kp<=512,-0.0015,2
256,n<=32,sr<=5%,kvB<=1k,kp<=8k,-0.0232,2
256,n<=32,sr<=5%,kvB<=1k,kp=0,-0.0048,2
256,n<=32,sr<=5%,kvB<=4k,kp<=1k,-0.0031,2
256,n<=32,sr<=5%,kvB<=4k,kp<=2k,-0.0053,2
256,n<=32,sr<=5%,kvB<=4k,kp<=4k,0.0026,2
256,n<=32,sr<=5%,kvB<=4k,kp<=512,-0.0036,2
256,n<=32,sr<=5%,kvB<=4k,kp<=8k,-0.0041,2
256,n<=32,sr<=5%,kvB<=4k,kp=0,-0.0084,2
256,n<=32,sr<=70%,kvB<=16k,kp<=1k,0.0821,2
256,n<=32,sr<=70%,kvB<=16k,kp<=2k,0.0712,2
256,n<=32,sr<=70%,kvB<=16k,kp<=4k,0.0591,2
256,n<=32,sr<=70%,kvB<=16k,kp<=512,0.0654,2
256,n<=32,sr<=70%,kvB<=16k,kp<=8k,0.0707,2
256,n<=32,sr<=70%,kvB<=16k,kp=0,0.0738,2
256,n<=32,sr<=70%,kvB<=1k,kp<=1k,-0.0135,2
256,n<=32,sr<=70%,kvB<=1k,kp<=2k,-0.077,2
256,n<=32,sr<=70%,kvB<=1k,kp<=4k,-0.0463,2
256,n<=32,sr<=70%,kvB<=1k,kp<=512,-0.1052,2
256,n<=32,sr<=70%,kvB<=1k,kp<=8k,-0.0774,2
256,n<=32,sr<=70%,kvB<=1k,kp=0,-0.0465,2
256,n<=32,sr<=70%,kvB<=4k,kp<=1k,0.058,2
256,n<=32,sr<=70%,kvB<=4k,kp<=2k,0.0687,2
256,n<=32,sr<=70%,kvB<=4k,kp<=4k,0.0298,2
256,n<=32,sr<=70%,kvB<=4k,kp<=512,0.0237,2
256,n<=32,sr<=70%,kvB<=4k,kp<=8k,0.0327,2
256,n<=32,sr<=70%,kvB<=4k,kp=0,0.0315,2
256,n<=32,sr>70%,kvB<=16k,kp<=1k,0.4977,4
256,n<=32,sr>70%,kvB<=16k,kp<=2k,0.4824,4
256,n<=32,sr>70%,kvB<=16k,kp<=4k,0.4622,4
256,n<=32,sr>70%,kvB<=16k,kp<=512,0.4869,4
256,n<=32,sr>70%,kvB<=16k,kp<=8k,0.4482,4
256,n<=32,sr>70%,kvB<=16k,kp=0,0.4338,4
256,n<=32,sr>70%,kvB<=1k,kp<=1k,0.4188,4
256,n<=32,sr>70%,kvB<=1k,kp<=2k,0.4291,4
256,n<=32,sr>70%,kvB<=1k,kp<=4k,0.4035,4
256,n<=32,sr>70%,kvB<=1k,kp<=512,0.4114,4
256,n<=32,sr>70%,kvB<=1k,kp<=8k,0.4179,4
256,n<=32,sr>70%,kvB<=1k,kp=0,0.3176,4
256,n<=32,sr>70%,kvB<=4k,kp<=1k,0.468,4
256,n<=32,sr>70%,kvB<=4k,kp<=2k,0.4559,4
256,n<=32,sr>70%,kvB<=4k,kp<=4k,0.4971,4
256,n<=32,sr>70%,kvB<=4k,kp<=512,0.3842,4
256,n<=32,sr>70%,kvB<=4k,kp<=8k,0.4212,4
256,n<=32,sr>70%,kvB<=4k,kp=0,0.4527,4
256,n<=4,sr<=40%,kvB<=16k,kp<=1k,0.0004,2
256,n<=4,sr<=40%,kvB<=16k,kp<=2k,0.0062,2
256,n<=4,sr<=40%,kvB<=16k,kp<=4k,0.0048,2
256,n<=4,sr<=40%,kvB<=16k,kp<=512,0.0051,2
256,n<=4,sr<=40%,kvB<=16k,kp<=8k,0.0124,2
256,n<=4,sr<=40%,kvB<=16k,kp=0,0.0114,2
256,n<=4,sr<=40%,kvB<=1k,kp<=1k,0.1152,2
256,n<=4,sr<=40%,kvB<=1k,kp<=2k,-0.0941,2
256,n<=4,sr<=40%,kvB<=1k,kp<=4k,0.0235,2
256,n<=4,sr<=40%,kvB<=1k,kp<=512,0.1029,2
256,n<=4,sr<=40%,kvB<=1k,kp<=8k,-0.1483,2
256,n<=4,sr<=40%,kvB<=1k,kp=0,0.1592,2
256,n<=4,sr<=40%,kvB<=4k,kp<=1k,0.0489,2
256,n<=4,sr<=40%,kvB<=4k,kp<=2k,0.066,2
256,n<=4,sr<=40%,kvB<=4k,kp<=4k,0.0603,2
256,n<=4,sr<=40%,kvB<=4k,kp<=512,0.0621,2
256,n<=4,sr<=40%,kvB<=4k,kp<=8k,0.0075,2
256,n<=4,sr<=40%,kvB<=4k,kp=0,0.0455,2
256,n<=4,sr<=70%,kvB<=16k,kp<=1k,0.0356,2
256,n<=4,sr<=70%,kvB<=16k,kp<=2k,0.0781,2
256,n<=4,sr<=70%,kvB<=16k,kp<=4k,0.0478,2
256,n<=4,sr<=70%,kvB<=16k,kp<=512,0.0599,2
256,n<=4,sr<=70%,kvB<=16k,kp<=8k,0.0619,2
256,n<=4,sr<=70%,kvB<=16k,kp=0,0.0564,2
256,n<=4,sr<=70%,kvB<=1k,kp<=1k,0.0277,2
256,n<=4,sr<=70%,kvB<=1k,kp<=2k,0.14,2
256,n<=4,sr<=70%,kvB<=1k,kp<=4k,-0.066,2
256,n<=4,sr<=70%,kvB<=1k,kp<=512,0.1917,2
256,n<=4,sr<=70%,kvB<=1k,kp<=8k,0.3507,2
256,n<=4,sr<=70%,kvB<=1k,kp=0,0.0585,2
256,n<=4,sr<=70%,kvB<=4k,kp<=1k,0.0008,2
256,n<=4,sr<=70%,kvB<=4k,kp<=2k,-0.051,2
256,n<=4,sr<=70%,kvB<=4k,kp<=4k,-0.0462,2
256,n<=4,sr<=70%,kvB<=4k,kp<=512,-0.0747,2
256,n<=4,sr<=70%,kvB<=4k,kp<=8k,0.0153,2
256,n<=4,sr<=70%,kvB<=4k,kp=0,-0.0672,2
256,n<=4,sr>70%,kvB<=16k,kp<=1k,-0.0135,2
256,n<=4,sr>70%,kvB<=16k,kp<=2k,-0.0137,2
256,n<=4,sr>70%,kvB<=16k,kp<=4k,-0.0366,2
256,n<=4,sr>70%,kvB<=16k,kp<=512,-0.0107,2
256,n<=4,sr>70%,kvB<=16k,kp<=8k,-0.0452,2
256,n<=4,sr>70%,kvB<=16k,kp=0,0.008,2
256,n<=4,sr>70%,kvB<=1k,kp<=1k,-0.6921,1
256,n<=4,sr>70%,kvB<=1k,kp<=2k,0.2757,2
256,n<=4,sr>70%,kvB<=1k,kp<=4k,0.3335,1
256,n<=4,sr>70%,kvB<=1k,kp<=512,0.2109,2
256,n<=4,sr>70%,kvB<=1k,kp<=8k,0.4712,1
256,n<=4,sr>70%,kvB<=1k,kp=0,0.0255,2
256,n<=4,sr>70%,kvB<=4k,kp<=1k,0.1326,2
256,n<=4,sr>70%,kvB<=4k,kp<=2k,0.1507,2
256,n<=4,sr>70%,kvB<=4k,kp<=4k,0.026,2
256,n<=4,sr>70%,kvB<=4k,kp<=512,-0.0087,2
256,n<=4,sr>70%,kvB<=4k,kp<=8k,0.0841,2
256,n<=4,sr>70%,kvB<=4k,kp=0,0.0162,2
256,n<=64,sr<=15%,kvB<=16k,kp<=1k,0.1239,4
256,n<=64,sr<=15%,kvB<=16k,kp<=2k,0.1216,4
256,n<=64,sr<=15%,kvB<=16k,kp<=4k,0.125,4
256,n<=64,sr<=15%,kvB<=16k,kp<=512,0.1216,4
256,n<=64,sr<=15%,kvB<=16k,kp<=8k,0.1249,4
256,n<=64,sr<=15%,kvB<=16k,kp=0,0.1237,4
256,n<=64,sr<=15%,kvB<=1k,kp<=1k,0.1745,4
256,n<=64,sr<=15%,kvB<=1k,kp<=2k,0.1768,4
256,n<=64,sr<=15%,kvB<=1k,kp<=4k,0.1845,4
256,n<=64,sr<=15%,kvB<=1k,kp<=512,0.1871,4
256,n<=64,sr<=15%,kvB<=1k,kp<=8k,0.1757,4
256,n<=64,sr<=15%,kvB<=1k,kp=0,0.1804,4
256,n<=64,sr<=15%,kvB<=4k,kp<=1k,0.1273,4
256,n<=64,sr<=15%,kvB<=4k,kp<=2k,0.1313,4
256,n<=64,sr<=15%,kvB<=4k,kp<=4k,0.1408,4
256,n<=64,sr<=15%,kvB<=4k,kp<=512,0.1267,4
256,n<=64,sr<=15%,kvB<=4k,kp<=8k,0.1281,4
256,n<=64,sr<=15%,kvB<=4k,kp=0,0.1337,4
256,n<=64,sr<=40%,kvB<=16k,kp<=1k,0.7312,2
256,n<=64,sr<=40%,kvB<=16k,kp<=2k,0.734,2
256,n<=64,sr<=40%,kvB<=16k,kp<=4k,0.7294,2
256,n<=64,sr<=40%,kvB<=16k,kp<=512,0.7386,2
256,n<=64,sr<=40%,kvB<=16k,kp<=8k,0.7413,2
256,n<=64,sr<=40%,kvB<=16k,kp=0,0.7358,2
256,n<=64,sr<=40%,kvB<=1k,kp<=1k,0.6973,2
256,n<=64,sr<=40%,kvB<=1k,kp<=2k,0.7088,2
256,n<=64,sr<=40%,kvB<=1k,kp<=4k,0.7516,2
256,n<=64,sr<=40%,kvB<=1k,kp<=512,0.7273,2
256,n<=64,sr<=40%,kvB<=1k,kp<=8k,0.7402,2
256,n<=64,sr<=40%,kvB<=1k,kp=0,0.7017,2
256,n<=64,sr<=40%,kvB<=4k,kp<=1k,0.7293,2
256,n<=64,sr<=40%,kvB<=4k,kp<=2k,0.7141,2
256,n<=64,sr<=40%,kvB<=4k,kp<=4k,0.7454,2
256,n<=64,sr<=40%,kvB<=4k,kp<=512,0.7312,2
256,n<=64,sr<=40%,kvB<=4k,kp<=8k,0.7422,2
256,n<=64,sr<=40%,kvB<=4k,kp=0,0.7364,2
256,n<=64,sr<=5%,kvB<=16k,kp<=1k,0.0233,6
256,n<=64,sr<=5%,kvB<=16k,kp<=2k,0.0211,6
256,n<=64,sr<=5%,kvB<=16k,kp<=4k,0.0212,6
256,n<=64,sr<=5%,kvB<=16k,kp<=512,0.0203,6
256,n<=64,sr<=5%,kvB<=16k,kp<=8k,0.022,6
256,n<=64,sr<=5%,kvB<=16k,kp=0,0.0249,6
256,n<=64,sr<=5%,kvB<=1k,kp<=1k,0.0876,6
256,n<=64,sr<=5%,kvB<=1k,kp<=2k,0.0889,6
256,n<=64,sr<=5%,kvB<=1k,kp<=4k,0.0876,6
256,n<=64,sr<=5%,kvB<=1k,kp<=512,0.0854,6
256,n<=64,sr<=5%,kvB<=1k,kp<=8k,0.0869,6
256,n<=64,sr<=5%,kvB<=1k,kp=0,0.0804,6
256,n<=64,sr<=5%,kvB<=4k,kp<=1k,0.027,6
256,n<=64,sr<=5%,kvB<=4k,kp<=2k,0.0281,6
256,n<=64,sr<=5%,kvB<=4k,kp<=4k,0.0288,6
256,n<=64,sr<=5%,kvB<=4k,kp<=512,0.0293,6
256,n<=64,sr<=5%,kvB<=4k,kp<=8k,0.0269,6
256,n<=64,sr<=5%,kvB<=4k,kp=0,0.025,6
256,n<=64,sr<=70%,kvB<=16k,kp<=1k,0.6435,2
256,n<=64,sr<=70%,kvB<=16k,kp<=2k,0.6463,2
256,n<=64,sr<=70%,kvB<=16k,kp<=4k,0.64,2
256,n<=64,sr<=70%,kvB<=16k,kp<=512,0.6382,2
256,n<=64,sr<=70%,kvB<=16k,kp<=8k,0.6423,2
256,n<=64,sr<=70%,kvB<=16k,kp=0,0.6408,2
256,n<=64,sr<=70%,kvB<=1k,kp<=1k,0.6246,2
256,n<=64,sr<=70%,kvB<=1k,kp<=2k,0.6607,2
256,n<=64,sr<=70%,kvB<=1k,kp<=4k,0.6423,2
256,n<=64,sr<=70%,kvB<=1k,kp<=512,0.6473,2
256,n<=64,sr<=70%,kvB<=1k,kp<=8k,0.6163,2
256,n<=64,sr<=70%,kvB<=1k,kp=0,0.6351,2
256,n<=64,sr<=70%,kvB<=4k,kp<=1k,0.6234,2
256,n<=64,sr<=70%,kvB<=4k,kp<=2k,0.625,2
256,n<=64,sr<=70%,kvB<=4k,kp<=4k,0.6559,2
256,n<=64,sr<=70%,kvB<=4k,kp<=512,0.6195,2
256,n<=64,sr<=70%,kvB<=4k,kp<=8k,0.6289,2
256,n<=64,sr<=70%,kvB<=4k,kp=0,0.6198,2
256,n<=64,sr>70%,kvB<=16k,kp<=1k,0.6401,4
256,n<=64,sr>70%,kvB<=16k,kp<=2k,0.6602,4
256,n<=64,sr>70%,kvB<=16k,kp<=4k,0.6562,4
256,n<=64,sr>70%,kvB<=16k,kp<=512,0.6378,4
256,n<=64,sr>70%,kvB<=16k,kp<=8k,0.6438,4
256,n<=64,sr>70%,kvB<=16k,kp=0,0.6975,4
256,n<=64,sr>70%,kvB<=1k,kp<=1k,0.5668,4
256,n<=64,sr>70%,kvB<=1k,kp<=2k,0.6413,4
256,n<=64,sr>70%,kvB<=1k,kp<=4k,0.6257,4
256,n<=64,sr>70%,kvB<=1k,kp<=512,0.5957,4
256,n<=64,sr>70%,kvB<=1k,kp<=8k,0.6843,4
256,n<=64,sr>70%,kvB<=1k,kp=0,0.6089,4
256,n<=64,sr>70%,kvB<=4k,kp<=1k,0.5856,4
256,n<=64,sr>70%,kvB<=4k,kp<=2k,0.6852,4
256,n<=64,sr>70%,kvB<=4k,kp<=4k,0.624,4
256,n<=64,sr>70%,kvB<=4k,kp<=512,0.7288,4
256,n<=64,sr>70%,kvB<=4k,kp<=8k,0.6364,4
256,n<=64,sr>70%,kvB<=4k,kp=0,0.5916,4
256,n<=8,sr<=15%,kvB<=16k,kp<=1k,0.0161,2
256,n<=8,sr<=15%,kvB<=16k,kp<=2k,0.0153,2
256,n<=8,sr<=15%,kvB<=16k,kp<=4k,0.0164,2
256,n<=8,sr<=15%,kvB<=16k,kp<=512,0.0229,2
256,n<=8,sr<=15%,kvB<=16k,kp<=8k,0.0188,2
256,n<=8,sr<=15%,kvB<=16k,kp=0,0.0111,2
256,n<=8,sr<=15%,kvB<=1k,kp<=1k,-0.0506,2
256,n<=8,sr<=15%,kvB<=1k,kp<=2k,-0.0222,2
256,n<=8,sr<=15%,kvB<=1k,kp<=4k,-0.0024,2
256,n<=8,sr<=15%,kvB<=1k,kp<=512,-0.0015,2
256,n<=8,sr<=15%,kvB<=1k,kp<=8k,0.0085,2
256,n<=8,sr<=15%,kvB<=1k,kp=0,0.033,2
256,n<=8,sr<=15%,kvB<=4k,kp<=1k,0.028,2
256,n<=8,sr<=15%,kvB<=4k,kp<=2k,-0.0034,2
256,n<=8,sr<=15%,kvB<=4k,kp<=4k,0.0294,2
256,n<=8,sr<=15%,kvB<=4k,kp<=512,0.013,2
256,n<=8,sr<=15%,kvB<=4k,kp<=8k,0.0285,2
256,n<=8,sr<=15%,kvB<=4k,kp=0,0.0266,2
256,n<=8,sr<=40%,kvB<=16k,kp<=1k,0.0078,4
256,n<=8,sr<=40%,kvB<=16k,kp<=2k,0.0146,4
256,n<=8,sr<=40%,kvB<=16k,kp<=4k,0.0231,4
256,n<=8,sr<=40%,kvB<=16k,kp<=512,0.003,4
256,n<=8,sr<=40%,kvB<=16k,kp<=8k,0.0144,4
256,n<=8,sr<=40%,kvB<=16k,kp=0,0.0126,4
256,n<=8,sr<=40%,kvB<=1k,kp<=1k,-0.023,4
256,n<=8,sr<=40%,kvB<=1k,kp<=2k,0.0037,4
256,n<=8,sr<=40%,kvB<=1k,kp<=4k,-0.0199,4
256,n<=8,sr<=40%,kvB<=1k,kp<=512,0.02,4
256,n<=8,sr<=40%,kvB<=1k,kp<=8k,0.0462,4
256,n<=8,sr<=40%,kvB<=1k,kp=0,-0.0109,4
256,n<=8,sr<=40%,kvB<=4k,kp<=1k,0.0307,4
256,n<=8,sr<=40%,kvB<=4k,kp<=2k,0.0274,4
256,n<=8,sr<=40%,kvB<=4k,kp<=4k,0.0211,4
256,n<=8,sr<=40%,kvB<=4k,kp<=512,0.0479,4
256,n<=8,sr<=40%,kvB<=4k,kp<=8k,0.0319,4
256,n<=8,sr<=40%,kvB<=4k,kp=0,0.0353,4
256,n<=8,sr<=70%,kvB<=16k,kp<=1k,0.0199,2
256,n<=8,sr<=70%,kvB<=16k,kp<=2k,0.0254,2
256,n<=8,sr<=70%,kvB<=16k,kp<=4k,0.0357,2
256,n<=8,sr<=70%,kvB<=16k,kp<=512,0.0362,2
256,n<=8,sr<=70%,kvB<=16k,kp<=8k,0.0056,2
256,n<=8,sr<=70%,kvB<=16k,kp=0,0.0338,2
256,n<=8,sr<=70%,kvB<=1k,kp<=1k,0.0088,2
256,n<=8,sr<=70%,kvB<=1k,kp<=2k,-0.0055,2
256,n<=8,sr<=70%,kvB<=1k,kp<=4k,0.0345,2
256,n<=8,sr<=70%,kvB<=1k,kp<=512,-0.0476,2
256,n<=8,sr<=70%,kvB<=1k,kp<=8k,0.0662,2
256,n<=8,sr<=70%,kvB<=1k,kp=0,-0.0072,2
256,n<=8,sr<=70%,kvB<=4k,kp<=1k,0.0645,2
256,n<=8,sr<=70%,kvB<=4k,kp<=2k,0.0975,2
256,n<=8,sr<=70%,kvB<=4k,kp<=4k,0.0297,2
256,n<=8,sr<=70%,kvB<=4k,kp<=512,0.0818,2
256,n<=8,sr<=70%,kvB<=4k,kp<=8k,0.0856,2
256,n<=8,sr<=70%,kvB<=4k,kp=0,0.048,2
256,n<=8,sr>70%,kvB<=16k,kp<=1k,0.0205,4
256,n<=8,sr>70%,kvB<=16k,kp<=2k,0.0626,4
256,n<=8,sr>70%,kvB<=16k,kp<=4k,0.0529,4
256,n<=8,sr>70%,kvB<=16k,kp<=512,0.0563,4
256,n<=8,sr>70%,kvB<=16k,kp<=8k,0.0687,4
256,n<=8,sr>70%,kvB<=16k,kp=0,0.0206,4
256,n<=8,sr>70%,kvB<=1k,kp<=1k,0.1515,4
256,n<=8,sr>70%,kvB<=1k,kp<=2k,0.2596,4
256,n<=8,sr>70%,kvB<=1k,kp<=4k,0.2087,4
256,n<=8,sr>70%,kvB<=1k,kp<=512,0.1972,4
256,n<=8,sr>70%,kvB<=1k,kp<=8k,0.2974,4
256,n<=8,sr>70%,kvB<=1k,kp=0,0.2006,4
256,n<=8,sr>70%,kvB<=4k,kp<=1k,0.1519,4
256,n<=8,sr>70%,kvB<=4k,kp<=2k,0.1486,4
256,n<=8,sr>70%,kvB<=4k,kp<=4k,0.0873,4
256,n<=8,sr>70%,kvB<=4k,kp<=512,0.1068,4
256,n<=8,sr>70%,kvB<=4k,kp<=8k,-0.0063,4
256,n<=8,sr>70%,kvB<=4k,kp=0,0.1744,4
512,n<=128,sr<=15%,kvB<=16k,kp<=1k,0.226,4
512,n<=128,sr<=15%,kvB<=16k,kp<=2k,0.2221,4
512,n<=128,sr<=15%,kvB<=16k,kp<=4k,0.2319,4
512,n<=128,sr<=15%,kvB<=16k,kp<=512,0.223,4
512,n<=128,sr<=15%,kvB<=16k,kp<=8k,0.2191,4
512,n<=128,sr<=15%,kvB<=16k,kp=0,0.2242,4
512,n<=128,sr<=15%,kvB<=1k,kp<=1k,0.1989,4
512,n<=128,sr<=15%,kvB<=1k,kp<=2k,0.2096,4
512,n<=128,sr<=15%,kvB<=1k,kp<=4k,0.2107,4
512,n<=128,sr<=15%,kvB<=1k,kp<=512,0.204,4
512,n<=128,sr<=15%,kvB<=1k,kp<=8k,0.2079,4
512,n<=128,sr<=15%,kvB<=1k,kp=0,0.1911,4
512,n<=128,sr<=15%,kvB<=4k,kp<=1k,0.2142,4
512,n<=128,sr<=15%,kvB<=4k,kp<=2k,0.2102,4
512,n<=128,sr<=15%,kvB<=4k,kp<=4k,0.2121,4
512,n<=128,sr<=15%,kvB<=4k,kp<=512,0.2139,4
512,n<=128,sr<=15%,kvB<=4k,kp<=8k,0.2165,4
512,n<=128,sr<=15%,kvB<=4k,kp=0,0.2102,4
512,n<=128,sr<=40%,kvB<=16k,kp<=1k,0.2623,2
512,n<=128,sr<=40%,kvB<=16k,kp<=2k,0.26,2
512,n<=128,sr<=40%,kvB<=16k,kp<=4k,0.2617,2
512,n<=128,sr<=40%,kvB<=16k,kp<=512,0.2548,2
512,n<=128,sr<=40%,kvB<=16k,kp<=8k,0.2592,2
512,n<=128,sr<=40%,kvB<=16k,kp=0,0.2486,2
512,n<=128,sr<=40%,kvB<=1k,kp<=1k,0.1871,2
512,n<=128,sr<=40%,kvB<=1k,kp<=2k,0.2273,2
512,n<=128,sr<=40%,kvB<=1k,kp<=4k,0.2,2
512,n<=128,sr<=40%,kvB<=1k,kp<=512,0.2184,2
512,n<=128,sr<=40%,kvB<=1k,kp<=8k,0.1971,2
512,n<=128,sr<=40%,kvB<=1k,kp=0,0.2168,2
512,n<=128,sr<=40%,kvB<=4k,kp<=1k,0.252,2
512,n<=128,sr<=40%,kvB<=4k,kp<=2k,0.2503,2
512,n<=128,sr<=40%,kvB<=4k,kp<=4k,0.2371,2
512,n<=128,sr<=40%,kvB<=4k,kp<=512,0.2447,2
512,n<=128,sr<=40%,kvB<=4k,kp<=8k,0.241,2
512,n<=128,sr<=40%,kvB<=4k,kp=0,0.2566,2
512,n<=128,sr<=5%,kvB<=16k,kp<=1k,0.213,8
512,n<=128,sr<=5%,kvB<=16k,kp<=2k,0.2128,8
512,n<=128,sr<=5%,kvB<=16k,kp<=4k,0.213,8
512,n<=128,sr<=5%,kvB<=16k,kp<=512,0.212,8
512,n<=128,sr<=5%,kvB<=16k,kp<=8k,0.2131,8
512,n<=128,sr<=5%,kvB<=16k,kp=0,0.2123,8
512,n<=128,sr<=5%,kvB<=1k,kp<=1k,0.1806,8
512,n<=128,sr<=5%,kvB<=1k,kp<=2k,0.1808,8
512,n<=128,sr<=5%,kvB<=1k,kp<=4k,0.1841,8
512,n<=128,sr<=5%,kvB<=1k,kp<=512,0.1825,8
512,n<=128,sr<=5%,kvB<=1k,kp<=8k,0.1778,8
512,n<=128,sr<=5%,kvB<=1k,kp=0,0.1801,8
512,n<=128,sr<=5%,kvB<=4k,kp<=1k,0.2027,8
512,n<=128,sr<=5%,kvB<=4k,kp<=2k,0.2044,8
512,n<=128,sr<=5%,kvB<=4k,kp<=4k,0.2018,8
512,n<=128,sr<=5%,kvB<=4k,kp<=512,0.2009,8
512,n<=128,sr<=5%,kvB<=4k,kp<=8k,0.2037,8
512,n<=128,sr<=5%,kvB<=4k,kp=0,0.202,8
512,n<=128,sr<=70%,kvB<=16k,kp<=1k,0.0424,2
512,n<=128,sr<=70%,kvB<=16k,kp<=2k,0.0595,2
512,n<=128,sr<=70%,kvB<=16k,kp<=4k,0.052,2
512,n<=128,sr<=70%,kvB<=16k,kp<=512,0.0535,2
512,n<=128,sr<=70%,kvB<=16k,kp<=8k,0.0565,2
512,n<=128,sr<=70%,kvB<=16k,kp=0,0.0503,2
512,n<=128,sr<=70%,kvB<=1k,kp<=1k,-0.0031,2
512,n<=128,sr<=70%,kvB<=1k,kp<=2k,0.0276,2
512,n<=128,sr<=70%,kvB<=1k,kp<=4k,0.0153,2
512,n<=128,sr<=70%,kvB<=1k,kp<=512,-0.0007,2
512,n<=128,sr<=70%,kvB<=1k,kp<=8k,0.0275,2
512,n<=128,sr<=70%,kvB<=1k,kp=0,0.0135,2
512,n<=128,sr<=70%,kvB<=4k,kp<=1k,0.0411,2
512,n<=128,sr<=70%,kvB<=4k,kp<=2k,0.0409,2
512,n<=128,sr<=70%,kvB<=4k,kp<=4k,0.034,2
512,n<=128,sr<=70%,kvB<=4k,kp<=512,0.0394,2
512,n<=128,sr<=70%,kvB<=4k,kp<=8k,0.0302,2
512,n<=128,sr<=70%,kvB<=4k,kp=0,0.0345,2
512,n<=128,sr>70%,kvB<=16k,kp<=1k,0.8131,4
512,n<=128,sr>70%,kvB<=16k,kp<=2k,0.7733,4
512,n<=128,sr>70%,kvB<=16k,kp<=4k,0.7726,4
512,n<=128,sr>70%,kvB<=16k,kp<=512,0.8178,4
512,n<=128,sr>70%,kvB<=16k,kp<=8k,0.7561,4
512,n<=128,sr>70%,kvB<=16k,kp=0,0.7549,4
512,n<=128,sr>70%,kvB<=1k,kp<=1k,0.7552,4
512,n<=128,sr>70%,kvB<=1k,kp<=2k,0.695,4
512,n<=128,sr>70%,kvB<=1k,kp<=4k,0.7236,4
512,n<=128,sr>70%,kvB<=1k,kp<=512,0.7357,4
512,n<=128,sr>70%,kvB<=1k,kp<=8k,0.7206,4
512,n<=128,sr>70%,kvB<=1k,kp=0,0.688,4
512,n<=128,sr>70%,kvB<=4k,kp<=1k,0.7756,4
512,n<=128,sr>70%,kvB<=4k,kp<=2k,0.7752,4
512,n<=128,sr>70%,kvB<=4k,kp<=4k,0.7904,4
512,n<=128,sr>70%,kvB<=4k,kp<=512,0.7916,4
512,n<=128,sr>70%,kvB<=4k,kp<=8k,0.8232,4
512,n<=128,sr>70%,kvB<=4k,kp=0,0.8081,4
512,n<=16,sr<=15%,kvB<=16k,kp<=1k,0.0017,4
512,n<=16,sr<=15%,kvB<=16k,kp<=2k,0.0078,4
512,n<=16,sr<=15%,kvB<=16k,kp<=4k,0.0053,4
512,n<=16,sr<=15%,kvB<=16k,kp<=512,0.0061,4
512,n<=16,sr<=15%,kvB<=16k,kp<=8k,0.0079,4
512,n<=16,sr<=15%,kvB<=16k,kp=0,0.0084,4
512,n<=16,sr<=15%,kvB<=1k,kp<=1k,0.0279,4
512,n<=16,sr<=15%,kvB<=1k,kp<=2k,0.0273,4
512,n<=16,sr<=15%,kvB<=1k,kp<=4k,0.0343,4
512,n<=16,sr<=15%,kvB<=1k,kp<=512,-0.0001,4
512,n<=16,sr<=15%,kvB<=1k,kp<=8k,0.0188,4
512,n<=16,sr<=15%,kvB<=1k,kp=0,0.0085,4
512,n<=16,sr<=15%,kvB<=4k,kp<=1k,-0.001,4
512,n<=16,sr<=15%,kvB<=4k,kp<=2k,0.0144,4
512,n<=16,sr<=15%,kvB<=4k,kp<=4k,0.0013,4
512,n<=16,sr<=15%,kvB<=4k,kp<=512,0.0061,4
512,n<=16,sr<=15%,kvB<=4k,kp<=8k,-0.0095,4
512,n<=16,sr<=15%,kvB<=4k,kp=0,0.003,4
512,n<=16,sr<=40%,kvB<=16k,kp<=1k,0.0,4
512,n<=16,sr<=40%,kvB<=16k,kp<=2k,-0.0145,4
512,n<=16,sr<=40%,kvB<=16k,kp<=4k,-0.0138,4
512,n<=16,sr<=40%,kvB<=16k,kp<=512,-0.0059,4
512,n<=16,sr<=40%,kvB<=16k,kp<=8k,-0.0072,4
512,n<=16,sr<=40%,kvB<=16k,kp=0,-0.0014,4
512,n<=16,sr<=40%,kvB<=1k,kp<=1k,0.0453,4
512,n<=16,sr<=40%,kvB<=1k,kp<=2k,0.0424,4
512,n<=16,sr<=40%,kvB<=1k,kp<=4k,0.0682,4
512,n<=16,sr<=40%,kvB<=1k,kp<=512,0.0436,4
512,n<=16,sr<=40%,kvB<=1k,kp<=8k,0.0067,4
512,n<=16,sr<=40%,kvB<=1k,kp=0,0.0359,4
512,n<=16,sr<=40%,kvB<=4k,kp<=1k,-0.0139,4
512,n<=16,sr<=40%,kvB<=4k,kp<=2k,-0.0188,4
512,n<=16,sr<=40%,kvB<=4k,kp<=4k,-0.0201,4
512,n<=16,sr<=40%,kvB<=4k,kp<=512,-0.0132,4
512,n<=16,sr<=40%,kvB<=4k,kp<=8k,-0.0224,4
512,n<=16,sr<=40%,kvB<=4k,kp=0,-0.0126,4
512,n<=16,sr<=70%,kvB<=16k,kp<=1k,-0.0325,2
512,n<=16,sr<=70%,kvB<=16k,kp<=2k,-0.0329,2
512,n<=16,sr<=70%,kvB<=16k,kp<=4k,-0.0638,2
512,n<=16,sr<=70%,kvB<=16k,kp<=512,-0.052,2
512,n<=16,sr<=70%,kvB<=16k,kp<=8k,-0.0463,2
512,n<=16,sr<=70%,kvB<=16k,kp=0,-0.058,2
512,n<=16,sr<=70%,kvB<=1k,kp<=1k,-0.0738,2
512,n<=16,sr<=70%,kvB<=1k,kp<=2k,-0.1587,2
512,n<=16,sr<=70%,kvB<=1k,kp<=4k,-0.0561,2
512,n<=16,sr<=70%,kvB<=1k,kp<=512,-0.0876,2
512,n<=16,sr<=70%,kvB<=1k,kp<=8k,-0.08,2
512,n<=16,sr<=70%,kvB<=1k,kp=0,-0.0982,2
512,n<=16,sr<=70%,kvB<=4k,kp<=1k,-0.0469,2
512,n<=16,sr<=70%,kvB<=4k,kp<=2k,-0.0699,2
512,n<=16,sr<=70%,kvB<=4k,kp<=4k,-0.0809,2
512,n<=16,sr<=70%,kvB<=4k,kp<=512,-0.022,2
512,n<=16,sr<=70%,kvB<=4k,kp<=8k,-0.0216,2
512,n<=16,sr<=70%,kvB<=4k,kp=0,-0.078,2
512,n<=16,sr>70%,kvB<=16k,kp<=1k,0.0738,4
512,n<=16,sr>70%,kvB<=16k,kp<=2k,0.1076,4
512,n<=16,sr>70%,kvB<=16k,kp<=4k,0.0982,4
512,n<=16,sr>70%,kvB<=16k,kp<=512,0.0745,4
512,n<=16,sr>70%,kvB<=16k,kp<=8k,0.1164,4
512,n<=16,sr>70%,kvB<=16k,kp=0,0.0404,4
512,n<=16,sr>70%,kvB<=1k,kp<=1k,0.1624,4
512,n<=16,sr>70%,kvB<=1k,kp<=2k,0.2576,4
512,n<=16,sr>70%,kvB<=1k,kp<=4k,0.0906,4
512,n<=16,sr>70%,kvB<=1k,kp<=512,0.1284,4
512,n<=16,sr>70%,kvB<=1k,kp<=8k,0.0832,4
512,n<=16,sr>70%,kvB<=1k,kp=0,0.1013,4
512,n<=16,sr>70%,kvB<=4k,kp<=1k,-0.0047,4
512,n<=16,sr>70%,kvB<=4k,kp<=2k,0.0773,4
512,n<=16,sr>70%,kvB<=4k,kp<=4k,0.0629,4
512,n<=16,sr>70%,kvB<=4k,kp<=512,0.0125,4
512,n<=16,sr>70%,kvB<=4k,kp<=8k,0.0579,4
512,n<=16,sr>70%,kvB<=4k,kp=0,0.0385,4
512,n<=2,sr<=70%,kvB<=16k,kp<=1k,0.0826,2
512,n<=2,sr<=70%,kvB<=16k,kp<=2k,0.073,2
512,n<=2,sr<=70%,kvB<=16k,kp<=4k,0.0796,2
512,n<=2,sr<=70%,kvB<=16k,kp<=512,0.0277,2
512,n<=2,sr<=70%,kvB<=16k,kp<=8k,0.0773,2
512,n<=2,sr<=70%,kvB<=16k,kp=0,0.0901,2
512,n<=2,sr<=70%,kvB<=1k,kp<=1k,-0.0688,2
512,n<=2,sr<=70%,kvB<=1k,kp<=2k,0.3801,2
512,n<=2,sr<=70%,kvB<=1k,kp<=4k,0.1702,2
512,n<=2,sr<=70%,kvB<=1k,kp<=512,0.3561,1
512,n<=2,sr<=70%,kvB<=1k,kp<=8k,0.245,1
512,n<=2,sr<=70%,kvB<=1k,kp=0,0.6311,2
512,n<=2,sr<=70%,kvB<=4k,kp<=1k,0.0441,2
512,n<=2,sr<=70%,kvB<=4k,kp<=2k,0.0034,2
512,n<=2,sr<=70%,kvB<=4k,kp<=4k,0.0159,2
512,n<=2,sr<=70%,kvB<=4k,kp<=512,-0.0654,2
512,n<=2,sr<=70%,kvB<=4k,kp<=8k,0.088,2
512,n<=2,sr<=70%,kvB<=4k,kp=0,0.0136,2
512,n<=32,sr<=15%,kvB<=16k,kp<=1k,0.1133,6
512,n<=32,sr<=15%,kvB<=16k,kp<=2k,0.1109,6
512,n<=32,sr<=15%,kvB<=16k,kp<=4k,0.1125,6
512,n<=32,sr<=15%,kvB<=16k,kp<=512,0.1107,6
512,n<=32,sr<=15%,kvB<=16k,kp<=8k,0.1147,6
512,n<=32,sr<=15%,kvB<=16k,kp=0,0.1092,6
512,n<=32,sr<=15%,kvB<=1k,kp<=1k,0.0481,6
512,n<=32,sr<=15%,kvB<=1k,kp<=2k,0.0466,6
512,n<=32,sr<=15%,kvB<=1k,kp<=4k,0.0545,6
512,n<=32,sr<=15%,kvB<=1k,kp<=512,0.0448,6
512,n<=32,sr<=15%,kvB<=1k,kp<=8k,0.0634,6
512,n<=32,sr<=15%,kvB<=1k,kp=0,0.0559,6
512,n<=32,sr<=15%,kvB<=4k,kp<=1k,0.0904,6
512,n<=32,sr<=15%,kvB<=4k,kp<=2k,0.098,6
512,n<=32,sr<=15%,kvB<=4k,kp<=4k,0.0979,6
512,n<=32,sr<=15%,kvB<=4k,kp<=512,0.1006,6
512,n<=32,sr<=15%,kvB<=4k,kp<=8k,0.1026,6
512,n<=32,sr<=15%,kvB<=4k,kp=0,0.0974,6
512,n<=32,sr<=40%,kvB<=16k,kp<=1k,0.0644,2
512,n<=32,sr<=40%,kvB<=16k,kp<=2k,0.0488,2
512,n<=32,sr<=40%,kvB<=16k,kp<=4k,0.0481,2
512,n<=32,sr<=40%,kvB<=16k,kp<=512,0.0553,2
512,n<=32,sr<=40%,kvB<=16k,kp<=8k,0.0651,2
512,n<=32,sr<=40%,kvB<=16k,kp=0,0.0562,2
512,n<=32,sr<=40%,kvB<=1k,kp<=1k,0.0142,2
512,n<=32,sr<=40%,kvB<=1k,kp<=2k,0.0186,2
512,n<=32,sr<=40%,kvB<=1k,kp<=4k,-0.0074,2
512,n<=32,sr<=40%,kvB<=1k,kp<=512,0.0046,2
512,n<=32,sr<=40%,kvB<=1k,kp<=8k,0.03,2
512,n<=32,sr<=40%,kvB<=1k,kp=0,0.0185,2
512,n<=32,sr<=40%,kvB<=4k,kp<=1k,0.0443,2
512,n<=32,sr<=40%,kvB<=4k,kp<=2k,0.0424,2
512,n<=32,sr<=40%,kvB<=4k,kp<=4k,0.046,2
512,n<=32,sr<=40%,kvB<=4k,kp<=512,0.0451,2
512,n<=32,sr<=40%,kvB<=4k,kp<=8k,0.0371,2
512,n<=32,sr<=40%,kvB<=4k,kp=0,0.0483,2
512,n<=32,sr<=5%,kvB<=16k,kp<=1k,-0.0096,2
512,n<=32,sr<=5%,kvB<=16k,kp<=2k,-0.012,2
512,n<=32,sr<=5%,kvB<=16k,kp<=4k,-0.0058,2
512,n<=32,sr<=5%,kvB<=16k,kp<=512,-0.0099,2
512,n<=32,sr<=5%,kvB<=16k,kp<=8k,-0.0111,2
512,n<=32,sr<=5%,kvB<=16k,kp=0,-0.0095,2
512,n<=32,sr<=5%,kvB<=1k,kp<=1k,-0.0121,2
512,n<=32,sr<=5%,kvB<=1k,kp<=2k,0.0073,2
512,n<=32,sr<=5%,kvB<=1k,kp<=4k,-0.0095,2
512,n<=32,sr<=5%,kvB<=1k,kp<=512,-0.02,2
512,n<=32,sr<=5%,kvB<=1k,kp<=8k,-0.0087,2
512,n<=32,sr<=5%,kvB<=1k,kp=0,-0.0075,2
512,n<=32,sr<=5%,kvB<=4k,kp<=1k,-0.009,2
512,n<=32,sr<=5%,kvB<=4k,kp<=2k,0.0011,2
512,n<=32,sr<=5%,kvB<=4k,kp<=4k,-0.0097,2
512,n<=32,sr<=5%,kvB<=4k,kp<=512,0.0055,2
512,n<=32,sr<=5%,kvB<=4k,kp<=8k,0.0065,2
512,n<=32,sr<=5%,kvB<=4k,kp=0,-0.0085,2
512,n<=32,sr<=70%,kvB<=16k,kp<=1k,0.0801,2
512,n<=32,sr<=70%,kvB<=16k,kp<=2k,0.0788,2
512,n<=32,sr<=70%,kvB<=16k,kp<=4k,0.0554,2
512,n<=32,sr<=70%,kvB<=16k,kp<=512,0.0799,2
512,n<=32,sr<=70%,kvB<=16k,kp<=8k,0.0834,2
512,n<=32,sr<=70%,kvB<=16k,kp=0,0.0695,2
512,n<=32,sr<=70%,kvB<=1k,kp<=1k,-0.0426,2
512,n<=32,sr<=70%,kvB<=1k,kp<=2k,-0.061,2
512,n<=32,sr<=70%,kvB<=1k,kp<=4k,-0.1208,2
512,n<=32,sr<=70%,kvB<=1k,kp<=512,-0.064,2
512,n<=32,sr<=70%,kvB<=1k,kp<=8k,-0.0481,2
512,n<=32,sr<=70%,kvB<=1k,kp=0,-0.0748,2
512,n<=32,sr<=70%,kvB<=4k,kp<=1k,0.0631,2
512,n<=32,sr<=70%,kvB<=4k,kp<=2k,0.0703,2
512,n<=32,sr<=70%,kvB<=4k,kp<=4k,0.0508,2
512,n<=32,sr<=70%,kvB<=4k,kp<=512,0.0719,2
512,n<=32,sr<=70%,kvB<=4k,kp<=8k,0.05,2
512,n<=32,sr<=70%,kvB<=4k,kp=0,0.0364,2
512,n<=32,sr>70%,kvB<=16k,kp<=1k,0.4617,4
512,n<=32,sr>70%,kvB<=16k,kp<=2k,0.495,4
512,n<=32,sr>70%,kvB<=16k,kp<=4k,0.4809,4
512,n<=32,sr>70%,kvB<=16k,kp<=512,0.4668,4
512,n<=32,sr>70%,kvB<=16k,kp<=8k,0.4777,4
512,n<=32,sr>70%,kvB<=16k,kp=0,0.4933,4
512,n<=32,sr>70%,kvB<=1k,kp<=1k,0.4131,4
512,n<=32,sr>70%,kvB<=1k,kp<=2k,0.406,4
512,n<=32,sr>70%,kvB<=1k,kp<=4k,0.3287,4
512,n<=32,sr>70%,kvB<=1k,kp<=512,0.4634,4
512,n<=32,sr>70%,kvB<=1k,kp<=8k,0.4529,4
512,n<=32,sr>70%,kvB<=1k,kp=0,0.3906,4
512,n<=32,sr>70%,kvB<=4k,kp<=1k,0.4299,4
512,n<=32,sr>70%,kvB<=4k,kp<=2k,0.4834,4
512,n<=32,sr>70%,kvB<=4k,kp<=4k,0.3875,4
512,n<=32,sr>70%,kvB<=4k,kp<=512,0.4621,4
512,n<=32,sr>70%,kvB<=4k,kp<=8k,0.4305,4
512,n<=32,sr>70%,kvB<=4k,kp=0,0.4666,4
512,n<=4,sr<=40%,kvB<=16k,kp<=1k,0.0119,2
512,n<=4,sr<=40%,kvB<=16k,kp<=2k,-0.0066,2
512,n<=4,sr<=40%,kvB<=16k,kp<=4k,-0.0096,2
512,n<=4,sr<=40%,kvB<=16k,kp<=512,0.0151,2
512,n<=4,sr<=40%,kvB<=16k,kp<=8k,0.008,2
512,n<=4,sr<=40%,kvB<=16k,kp=0,0.0149,2
512,n<=4,sr<=40%,kvB<=1k,kp<=1k,-0.0804,2
512,n<=4,sr<=40%,kvB<=1k,kp<=2k,0.0297,2
512,n<=4,sr<=40%,kvB<=1k,kp<=4k,0.2628,2
512,n<=4,sr<=40%,kvB<=1k,kp<=512,0.1047,2
512,n<=4,sr<=40%,kvB<=1k,kp<=8k,0.0877,2
512,n<=4,sr<=40%,kvB<=1k,kp=0,0.1194,2
512,n<=4,sr<=40%,kvB<=4k,kp<=1k,0.0898,2
512,n<=4,sr<=40%,kvB<=4k,kp<=2k,0.0314,2
512,n<=4,sr<=40%,kvB<=4k,kp<=4k,0.0578,2
512,n<=4,sr<=40%,kvB<=4k,kp<=512,0.0932,2
512,n<=4,sr<=40%,kvB<=4k,kp<=8k,0.0152,2
512,n<=4,sr<=40%,kvB<=4k,kp=0,0.0532,2
512,n<=4,sr<=70%,kvB<=16k,kp<=1k,0.0259,2
512,n<=4,sr<=70%,kvB<=16k,kp<=2k,0.0648,2
512,n<=4,sr<=70%,kvB<=16k,kp<=4k,0.0614,2
512,n<=4,sr<=70%,kvB<=16k,kp<=512,0.0759,2
512,n<=4,sr<=70%,kvB<=16k,kp<=8k,0.0645,2
512,n<=4,sr<=70%,kvB<=16k,kp=0,0.0621,2
512,n<=4,sr<=70%,kvB<=1k,kp<=1k,0.2196,2
512,n<=4,sr<=70%,kvB<=1k,kp<=2k,0.1063,2
512,n<=4,sr<=70%,kvB<=1k,kp<=4k,0.3046,2
512,n<=4,sr<=70%,kvB<=1k,kp<=512,0.1165,2
512,n<=4,sr<=70%,kvB<=1k,kp<=8k,-0.0415,2
512,n<=4,sr<=70%,kvB<=1k,kp=0,0.2286,2
512,n<=4,sr<=70%,kvB<=4k,kp<=1k,-0.0462,2
512,n<=4,sr<=70%,kvB<=4k,kp<=2k,-0.0487,2
512,n<=4,sr<=70%,kvB<=4k,kp<=4k,0.047,2
512,n<=4,sr<=70%,kvB<=4k,kp<=512,-0.0444,2
512,n<=4,sr<=70%,kvB<=4k,kp<=8k,-0.0316,2
512,n<=4,sr<=70%,kvB<=4k,kp=0,0.0394,2
512,n<=4,sr>70%,kvB<=16k,kp<=1k,-0.001,2
512,n<=4,sr>70%,kvB<=16k,kp<=2k,0.0257,2
512,n<=4,sr>70%,kvB<=16k,kp<=4k,0.0322,2
512,n<=4,sr>70%,kvB<=16k,kp<=512,-0.0407,2
512,n<=4,sr>70%,kvB<=16k,kp<=8k,-0.0424,2
512,n<=4,sr>70%,kvB<=16k,kp=0,-0.0171,2
512,n<=4,sr>70%,kvB<=1k,kp<=1k,0.1126,2
512,n<=4,sr>70%,kvB<=1k,kp<=2k,-0.2496,2
512,n<=4,sr>70%,kvB<=1k,kp<=4k,0.3318,2
512,n<=4,sr>70%,kvB<=1k,kp<=512,0.0613,2
512,n<=4,sr>70%,kvB<=1k,kp<=8k,0.2401,1
512,n<=4,sr>70%,kvB<=1k,kp=0,0.4861,2
512,n<=4,sr>70%,kvB<=4k,kp<=1k,-0.0193,2
512,n<=4,sr>70%,kvB<=4k,kp<=2k,0.0015,2
512,n<=4,sr>70%,kvB<=4k,kp<=4k,0.2551,2
512,n<=4,sr>70%,kvB<=4k,kp<=512,0.0512,2
512,n<=4,sr>70%,kvB<=4k,kp<=8k,-0.0909,2
512,n<=4,sr>70%,kvB<=4k,kp=0,0.1267,2
512,n<=64,sr<=15%,kvB<=16k,kp<=1k,0.1238,4
512,n<=64,sr<=15%,kvB<=16k,kp<=2k,0.1251,4
512,n<=64,sr<=15%,kvB<=16k,kp<=4k,0.1278,4
512,n<=64,sr<=15%,kvB<=16k,kp<=512,0.1236,4
512,n<=64,sr<=15%,kvB<=16k,kp<=8k,0.1231,4
512,n<=64,sr<=15%,kvB<=16k,kp=0,0.1228,4
512,n<=64,sr<=15%,kvB<=1k,kp<=1k,0.1825,4
512,n<=64,sr<=15%,kvB<=1k,kp<=2k,0.1788,4
512,n<=64,sr<=15%,kvB<=1k,kp<=4k,0.1824,4
512,n<=64,sr<=15%,kvB<=1k,kp<=512,0.1788,4
512,n<=64,sr<=15%,kvB<=1k,kp<=8k,0.1831,4
512,n<=64,sr<=15%,kvB<=1k,kp=0,0.1703,4
512,n<=64,sr<=15%,kvB<=4k,kp<=1k,0.1256,4
512,n<=64,sr<=15%,kvB<=4k,kp<=2k,0.1316,4
512,n<=64,sr<=15%,kvB<=4k,kp<=4k,0.1322,4
512,n<=64,sr<=15%,kvB<=4k,kp<=512,0.1321,4
512,n<=64,sr<=15%,kvB<=4k,kp<=8k,0.1248,4
512,n<=64,sr<=15%,kvB<=4k,kp=0,0.1328,4
512,n<=64,sr<=40%,kvB<=16k,kp<=1k,0.7372,2
512,n<=64,sr<=40%,kvB<=16k,kp<=2k,0.733,2
512,n<=64,sr<=40%,kvB<=16k,kp<=4k,0.7307,2
512,n<=64,sr<=40%,kvB<=16k,kp<=512,0.7373,2
512,n<=64,sr<=40%,kvB<=16k,kp<=8k,0.7326,2
512,n<=64,sr<=40%,kvB<=16k,kp=0,0.7284,2
512,n<=64,sr<=40%,kvB<=1k,kp<=1k,0.7003,2
512,n<=64,sr<=40%,kvB<=1k,kp<=2k,0.7321,2
512,n<=64,sr<=40%,kvB<=1k,kp<=4k,0.6975,2
512,n<=64,sr<=40%,kvB<=1k,kp<=512,0.7054,2
512,n<=64,sr<=40%,kvB<=1k,kp<=8k,0.7444,2
512,n<=64,sr<=40%,kvB<=1k,kp=0,0.7247,2
512,n<=64,sr<=40%,kvB<=4k,kp<=1k,0.7345,2
512,n<=64,sr<=40%,kvB<=4k,kp<=2k,0.7302,2
512,n<=64,sr<=40%,kvB<=4k,kp<=4k,0.7367,2
512,n<=64,sr<=40%,kvB<=4k,kp<=512,0.7346,2
512,n<=64,sr<=40%,kvB<=4k,kp<=8k,0.7247,2
512,n<=64,sr<=40%,kvB<=4k,kp=0,0.7407,2
512,n<=64,sr<=5%,kvB<=16k,kp<=1k,0.0193,6
512,n<=64,sr<=5%,kvB<=16k,kp<=2k,0.0206,6
512,n<=64,sr<=5%,kvB<=16k,kp<=4k,0.0206,6
512,n<=64,sr<=5%,kvB<=16k,kp<=512,0.0229,6
512,n<=64,sr<=5%,kvB<=16k,kp<=8k,0.0239,6
512,n<=64,sr<=5%,kvB<=16k,kp=0,0.0203,6
512,n<=64,sr<=5%,kvB<=1k,kp<=1k,0.0888,6
512,n<=64,sr<=5%,kvB<=1k,kp<=2k,0.0908,6
512,n<=64,sr<=5%,kvB<=1k,kp<=4k,0.0848,6
512,n<=64,sr<=5%,kvB<=1k,kp<=512,0.0861,6
512,n<=64,sr<=5%,kvB<=1k,kp<=8k,0.0829,6
512,n<=64,sr<=5%,kvB<=1k,kp=0,0.0786,6
512,n<=64,sr<=5%,kvB<=4k,kp<=1k,0.0283,6
512,n<=64,sr<=5%,kvB<=4k,kp<=2k,0.0325,6
512,n<=64,sr<=5%,kvB<=4k,kp<=4k,0.0291,6
512,n<=64,sr<=5%,kvB<=4k,kp<=512,0.0236,6
512,n<=64,sr<=5%,kvB<=4k,kp<=8k,0.0282,6
512,n<=64,sr<=5%,kvB<=4k,kp=0,0.0287,6
512,n<=64,sr<=70%,kvB<=16k,kp<=1k,0.6334,2
512,n<=64,sr<=70%,kvB<=16k,kp<=2k,0.6402,2
512,n<=64,sr<=70%,kvB<=16k,kp<=4k,0.6279,2
512,n<=64,sr<=70%,kvB<=16k,kp<=512,0.6418,2
512,n<=64,sr<=70%,kvB<=16k,kp<=8k,0.6445,2
512,n<=64,sr<=70%,kvB<=16k,kp=0,0.6381,2
512,n<=64,sr<=70%,kvB<=1k,kp<=1k,0.6428,2
512,n<=64,sr<=70%,kvB<=1k,kp<=2k,0.6074,2
512,n<=64,sr<=70%,kvB<=1k,kp<=4k,0.5985,2
512,n<=64,sr<=70%,kvB<=1k,kp<=512,0.6022,2
512,n<=64,sr<=70%,kvB<=1k,kp<=8k,0.6235,2
512,n<=64,sr<=70%,kvB<=1k,kp=0,0.6313,2
512,n<=64,sr<=70%,kvB<=4k,kp<=1k,0.6374,2
512,n<=64,sr<=70%,kvB<=4k,kp<=2k,0.6495,2
512,n<=64,sr<=70%,kvB<=4k,kp<=4k,0.6291,2
512,n<=64,sr<=70%,kvB<=4k,kp<=512,0.6471,2
512,n<=64,sr<=70%,kvB<=4k,kp<=8k,0.6395,2
512,n<=64,sr<=70%,kvB<=4k,kp=0,0.6279,2
512,n<=64,sr>70%,kvB<=16k,kp<=1k,0.6439,4
512,n<=64,sr>70%,kvB<=16k,kp<=2k,0.6827,4
512,n<=64,sr>70%,kvB<=16k,kp<=4k,0.6642,4
512,n<=64,sr>70%,kvB<=16k,kp<=512,0.6541,4
512,n<=64,sr>70%,kvB<=16k,kp<=8k,0.649,4
512,n<=64,sr>70%,kvB<=16k,kp=0,0.6338,4
512,n<=64,sr>70%,kvB<=1k,kp<=1k,0.5692,4
512,n<=64,sr>70%,kvB<=1k,kp<=2k,0.6573,4
512,n<=64,sr>70%,kvB<=1k,kp<=4k,0.7169,4
512,n<=64,sr>70%,kvB<=1k,kp<=512,0.6999,4
512,n<=64,sr>70%,kvB<=1k,kp<=8k,0.6472,4
512,n<=64,sr>70%,kvB<=1k,kp=0,0.6333,4
512,n<=64,sr>70%,kvB<=4k,kp<=1k,0.5989,4
512,n<=64,sr>70%,kvB<=4k,kp<=2k,0.6669,4
512,n<=64,sr>70%,kvB<=4k,kp<=4k,0.6412,4
512,n<=64,sr>70%,kvB<=4k,kp<=512,0.6202,4
512,n<=64,sr>70%,kvB<=4k,kp<=8k,0.6511,4
512,n<=64,sr>70%,kvB<=4k,kp=0,0.6628,4
512,n<=8,sr<=15%,kvB<=16k,kp<=1k,0.0264,2
512,n<=8,sr<=15%,kvB<=16k,kp<=2k,0.0296,2
512,n<=8,sr<=15%,kvB<=16k,kp<=4k,0.0106,2
512,n<=8,sr<=15%,kvB<=16k,kp<=512,0.0128,2
512,n<=8,sr<=15%,kvB<=16k,kp<=8k,0.0138,2
512,n<=8,sr<=15%,kvB<=16k,kp=0,0.0218,2
512,n<=8,sr<=15%,kvB<=1k,kp<=1k,-0.0169,2
512,n<=8,sr<=15%,kvB<=1k,kp<=2k,-0.0103,2
512,n<=8,sr<=15%,kvB<=1k,kp<=4k,-0.0248,2
512,n<=8,sr<=15%,kvB<=1k,kp<=512,0.0064,2
512,n<=8,sr<=15%,kvB<=1k,kp<=8k,0.0066,2
512,n<=8,sr<=15%,kvB<=1k,kp=0,0.0521,2
512,n<=8,sr<=15%,kvB<=4k,kp<=1k,0.0294,2
512,n<=8,sr<=15%,kvB<=4k,kp<=2k,0.0596,2
512,n<=8,sr<=15%,kvB<=4k,kp<=4k,0.0316,2
512,n<=8,sr<=15%,kvB<=4k,kp<=512,0.0389,2
512,n<=8,sr<=15%,kvB<=4k,kp<=8k,0.059,2
512,n<=8,sr<=15%,kvB<=4k,kp=0,0.0257,2
512,n<=8,sr<=40%,kvB<=16k,kp<=1k,0.0052,4
512,n<=8,sr<=40%,kvB<=16k,kp<=2k,0.0117,4
512,n<=8,sr<=40%,kvB<=16k,kp<=4k,0.0185,4
512,n<=8,sr<=40%,kvB<=16k,kp<=512,0.0151,4
512,n<=8,sr<=40%,kvB<=16k,kp<=8k,0.0077,4
512,n<=8,sr<=40%,kvB<=16k,kp=0,0.0104,4
512,n<=8,sr<=40%,kvB<=1k,kp<=1k,0.0249,4
512,n<=8,sr<=40%,kvB<=1k,kp<=2k,-0.0136,4
512,n<=8,sr<=40%,kvB<=1k,kp<=4k,0.0977,4
512,n<=8,sr<=40%,kvB<=1k,kp<=512,-0.0244,4
512,n<=8,sr<=40%,kvB<=1k,kp<=8k,0.1005,4
512,n<=8,sr<=40%,kvB<=1k,kp=0,0.0198,4
512,n<=8,sr<=40%,kvB<=4k,kp<=1k,0.0414,4
512,n<=8,sr<=40%,kvB<=4k,kp<=2k,0.0435,4
512,n<=8,sr<=40%,kvB<=4k,kp<=4k,0.0061,4
512,n<=8,sr<=40%,kvB<=4k,kp<=512,0.0279,4
512,n<=8,sr<=40%,kvB<=4k,kp<=8k,0.0143,4
512,n<=8,sr<=40%,kvB<=4k,kp=0,0.0258,4
512,n<=8,sr<=70%,kvB<=16k,kp<=1k,0.011,2
512,n<=8,sr<=70%,kvB<=16k,kp<=2k,0.0272,2
512,n<=8,sr<=70%,kvB<=16k,kp<=4k,0.0231,2
512,n<=8,sr<=70%,kvB<=16k,kp<=512,0.0341,2
512,n<=8,sr<=70%,kvB<=16k,kp<=8k,-0.0135,2
512,n<=8,sr<=70%,kvB<=16k,kp=0,0.0324,2
512,n<=8,sr<=70%,kvB<=1k,kp<=1k,0.0467,2
512,n<=8,sr<=70%,kvB<=1k,kp<=2k,0.0072,2
512,n<=8,sr<=70%,kvB<=1k,kp<=4k,-0.1618,2
512,n<=8,sr<=70%,kvB<=1k,kp<=512,0.0534,2
512,n<=8,sr<=70%,kvB<=1k,kp<=8k,0.1003,2
512,n<=8,sr<=70%,kvB<=1k,kp=0,-0.0265,2
512,n<=8,sr<=70%,kvB<=4k,kp<=1k,0.0976,2
512,n<=8,sr<=70%,kvB<=4k,kp<=2k,0.0349,2
512,n<=8,sr<=70%,kvB<=4k,kp<=4k,0.0293,2
512,n<=8,sr<=70%,kvB<=4k,kp<=512,0.0348,2
512,n<=8,sr<=70%,kvB<=4k,kp<=8k,0.0739,2
512,n<=8,sr<=70%,kvB<=4k,kp=0,0.0619,2
512,n<=8,sr>70%,kvB<=16k,kp<=1k,0.0951,4
512,n<=8,sr>70%,kvB<=16k,kp<=2k,0.05,4
512,n<=8,sr>70%,kvB<=16k,kp<=4k,0.0958,4
512,n<=8,sr>70%,kvB<=16k,kp<=512,0.0933,4
512,n<=8,sr>70%,kvB<=16k,kp<=8k,0.0497,4
512,n<=8,sr>70%,kvB<=16k,kp=0,0.0428,4
512,n<=8,sr>70%,kvB<=1k,kp<=1k,0.1005,4
512,n<=8,sr>70%,kvB<=1k,kp<=2k,0.1937,4
512,n<=8,sr>70%,kvB<=1k,kp<=4k,0.1196,4
512,n<=8,sr>70%,kvB<=1k,kp<=512,0.1866,4
512,n<=8,sr>70%,kvB<=1k,kp<=8k,0.0685,4
512,n<=8,sr>70%,kvB<=1k,kp=0,0.2518,4
512,n<=8,sr>70%,kvB<=4k,kp<=1k,0.0721,4
512,n<=8,sr>70%,kvB<=4k,kp<=2k,0.0964,4
512,n<=8,sr>70%,kvB<=4k,kp<=4k,0.0906,4
512,n<=8,sr>70%,kvB<=4k,kp<=512,0.1435,4
512,n<=8,sr>70%,kvB<=4k,kp<=8k,0.0239,4
512,n<=8,sr>70%,kvB<=4k,kp=0,0.1109,4
1024,n<=128,sr<=15%,kvB<=16k,kp<=1k,0.2204,4
1024,n<=128,sr<=15%,kvB<=16k,kp<=2k,0.2228,4
1024,n<=128,sr<=15%,kvB<=16k,kp<=4k,0.2185,4
1024,n<=128,sr<=15%,kvB<=16k,kp<=512,0.2224,4
1024,n<=128,sr<=15%,kvB<=16k,kp<=8k,0.2236,4
1024,n<=128,sr<=15%,kvB<=16k,kp=0,0.2253,4
1024,n<=128,sr<=15%,kvB<=1k,kp<=1k,0.1871,4
1024,n<=128,sr<=15%,kvB<=1k,kp<=2k,0.2095,4
1024,n<=128,sr<=15%,kvB<=1k,kp<=4k,0.2089,4
1024,n<=128,sr<=15%,kvB<=1k,kp<=512,0.1904,4
1024,n<=128,sr<=15%,kvB<=1k,kp<=8k,0.1984,4
1024,n<=128,sr<=15%,kvB<=1k,kp=0,0.1904,4
1024,n<=128,sr<=15%,kvB<=4k,kp<=1k,0.2201,4
1024,n<=128,sr<=15%,kvB<=4k,kp<=2k,0.2076,4
1024,n<=128,sr<=15%,kvB<=4k,kp<=4k,0.2201,4
1024,n<=128,sr<=15%,kvB<=4k,kp<=512,0.2141,4
1024,n<=128,sr<=15%,kvB<=4k,kp<=8k,0.2108,4
1024,n<=128,sr<=15%,kvB<=4k,kp=0,0.2161,4
1024,n<=128,sr<=40%,kvB<=16k,kp<=1k,0.2664,2
1024,n<=128,sr<=40%,kvB<=16k,kp<=2k,0.2588,2
1024,n<=128,sr<=40%,kvB<=16k,kp<=4k,0.2562,2
1024,n<=128,sr<=40%,kvB<=16k,kp<=512,0.2512,2
1024,n<=128,sr<=40%,kvB<=16k,kp<=8k,0.2638,2
1024,n<=128,sr<=40%,kvB<=16k,kp=0,0.2543,2
1024,n<=128,sr<=40%,kvB<=1k,kp<=1k,0.172,2
1024,n<=128,sr<=40%,kvB<=1k,kp<=2k,0.1745,2
1024,n<=128,sr<=40%,kvB<=1k,kp<=4k,0.2092,2
1024,n<=128,sr<=40%,kvB<=1k,kp<=512,0.201,2
1024,n<=128,sr<=40%,kvB<=1k,kp<=8k,0.2117,2
1024,n<=128,sr<=40%,kvB<=1k,kp=0,0.2023,2
1024,n<=128,sr<=40%,kvB<=4k,kp<=1k,0.2566,2
1024,n<=128,sr<=40%,kvB<=4k,kp<=2k,0.2493,2
1024,n<=128,sr<=40%,kvB<=4k,kp<=4k,0.246,2
1024,n<=128,sr<=40%,kvB<=4k,kp<=512,0.2648,2
1024,n<=128,sr<=40%,kvB<=4k,kp<=8k,0.2614,2
1024,n<=128,sr<=40%,kvB<=4k,kp=0,0.2565,2
1024,n<=128,sr<=5%,kvB<=16k,kp<=1k,0.2115,8
1024,n<=128,sr<=5%,kvB<=16k,kp<=2k,0.2122,8
1024,n<=128,sr<=5%,kvB<=16k,kp<=4k,0.2133,8
1024,n<=128,sr<=5%,kvB<=16k,kp<=512,0.2132,8
1024,n<=128,sr<=5%,kvB<=16k,kp<=8k,0.2123,8
1024,n<=128,sr<=5%,kvB<=16k,kp=0,0.2105,8
1024,n<=128,sr<=5%,kvB<=1k,kp<=1k,0.1754,8
1024,n<=128,sr<=5%,kvB<=1k,kp<=2k,0.189,8
1024,n<=128,sr<=5%,kvB<=1k,kp<=4k,0.1834,8
1024,n<=128,sr<=5%,kvB<=1k,kp<=512,0.1752,8
1024,n<=128,sr<=5%,kvB<=1k,kp<=8k,0.1717,8
1024,n<=128,sr<=5%,kvB<=1k,kp=0,0.1807,8
1024,n<=128,sr<=5%,kvB<=4k,kp<=1k,0.1971,8
1024,n<=128,sr<=5%,kvB<=4k,kp<=2k,0.1982,8
1024,n<=128,sr<=5%,kvB<=4k,kp<=4k,0.1983,8
1024,n<=128,sr<=5%,kvB<=4k,kp<=512,0.2041,8
1024,n<=128,sr<=5%,kvB<=4k,kp<=8k,0.2056,8
1024,n<=128,sr<=5%,kvB<=4k,kp=0,0.2034,8
1024,n<=128,sr<=70%,kvB<=16k,kp<=1k,0.0398,2
1024,n<=128,sr<=70%,kvB<=16k,kp<=2k,0.0475,2
1024,n<=128,sr<=70%,kvB<=16k,kp<=4k,0.0473,2
1024,n<=128,sr<=70%,kvB<=16k,kp<=512,0.0501,2
1024,n<=128,sr<=70%,kvB<=16k,kp<=8k,0.0475,2
1024,n<=128,sr<=70%,kvB<=16k,kp=0,0.0438,2
1024,n<=128,sr<=70%,kvB<=1k,kp<=1k,-0.0024,2
1024,n<=128,sr<=70%,kvB<=1k,kp<=2k,0.0146,2
1024,n<=128,sr<=70%,kvB<=1k,kp<=4k,0.0038,2
1024,n<=128,sr<=70%,kvB<=1k,kp<=512,0.006,2
1024,n<=128,sr<=70%,kvB<=1k,kp<=8k,0.0333,2
1024,n<=128,sr<=70%,kvB<=1k,kp=0,-0.0087,2
1024,n<=128,sr<=70%,kvB<=4k,kp<=1k,0.0414,2
1024,n<=128,sr<=70%,kvB<=4k,kp<=2k,0.0454,2
1024,n<=128,sr<=70%,kvB<=4k,kp<=4k,0.0219,2
1024,n<=128,sr<=70%,kvB<=4k,kp<=512,0.0347,2
1024,n<=128,sr<=70%,kvB<=4k,kp<=8k,0.0391,2
1024,n<=128,sr<=70%,kvB<=4k,kp=0,0.0543,2
1024,n<=128,sr>70%,kvB<=16k,kp<=1k,0.8,4
1024,n<=128,sr>70%,kvB<=16k,kp<=2k,0.7622,4
1024,n<=128,sr>70%,kvB<=16k,kp<=4k,0.7475,4
1024,n<=128,sr>70%,kvB<=16k,kp<=512,0.7692,4
1024,n<=128,sr>70%,kvB<=16k,kp<=8k,0.7567,4
1024,n<=128,sr>70%,kvB<=16k,kp=0,0.7568,4
1024,n<=128,sr>70%,kvB<=1k,kp<=1k,0.7558,4
1024,n<=128,sr>70%,kvB<=1k,kp<=2k,0.7277,4
1024,n<=128,sr>70%,kvB<=1k,kp<=4k,0.7766,4
1024,n<=128,sr>70%,kvB<=1k,kp<=512,0.7556,4
1024,n<=128,sr>70%,kvB<=1k,kp<=8k,0.7246,4
1024,n<=128,sr>70%,kvB<=1k,kp=0,0.7985,4
1024,n<=128,sr>70%,kvB<=4k,kp<=1k,0.8287,4
1024,n<=128,sr>70%,kvB<=4k,kp<=2k,0.8194,4
1024,n<=128,sr>70%,kvB<=4k,kp<=4k,0.7529,4
1024,n<=128,sr>70%,kvB<=4k,kp<=512,0.7864,4
1024,n<=128,sr>70%,kvB<=4k,kp<=8k,0.7923,4
1024,n<=128,sr>70%,kvB<=4k,kp=0,0.8075,4
1024,n<=16,sr<=15%,kvB<=16k,kp<=1k,0.0042,4
1024,n<=16,sr<=15%,kvB<=16k,kp<=2k,0.01,4
1024,n<=16,sr<=15%,kvB<=16k,kp<=4k,0.0037,4
1024,n<=16,sr<=15%,kvB<=16k,kp<=512,0.0021,4
1024,n<=16,sr<=15%,kvB<=16k,kp<=8k,0.0068,4
1024,n<=16,sr<=15%,kvB<=16k,kp=0,0.004,4
1024,n<=16,sr<=15%,kvB<=1k,kp<=1k,0.03,4
1024,n<=16,sr<=15%,kvB<=1k,kp<=2k,-0.0057,4
1024,n<=16,sr<=15%,kvB<=1k,kp<=4k,0.0162,4
1024,n<=16,sr<=15%,kvB<=1k,kp<=512,0.0063,4
1024,n<=16,sr<=15%,kvB<=1k,kp<=8k,0.0053,4
1024,n<=16,sr<=15%,kvB<=1k,kp=0,0.0198,4
1024,n<=16,sr<=15%,kvB<=4k,kp<=1k,0.0041,4
1024,n<=16,sr<=15%,kvB<=4k,kp<=2k,0.0036,4
1024,n<=16,sr<=15%,kvB<=4k,kp<=4k,-0.0074,4
1024,n<=16,sr<=15%,kvB<=4k,kp<=512,-0.0024,4
1024,n<=16,sr<=15%,kvB<=4k,kp<=8k,-0.0164,4
1024,n<=16,sr<=15%,kvB<=4k,kp=0,0.0128,4
1024,n<=16,sr<=40%,kvB<=16k,kp<=1k,-0.007,4
1024,n<=16,sr<=40%,kvB<=16k,kp<=2k,-0.0143,4
1024,n<=16,sr<=40%,kvB<=16k,kp<=4k,-0.0142,4
1024,n<=16,sr<=40%,kvB<=16k,kp<=512,-0.0057,4
1024,n<=16,sr<=40%,kvB<=16k,kp<=8k,-0.0112,4
1024,n<=16,sr<=40%,kvB<=16k,kp=0,-0.0074,4
1024,n<=16,sr<=40%,kvB<=1k,kp<=1k,0.072,4
1024,n<=16,sr<=40%,kvB<=1k,kp<=2k,0.0328,4
1024,n<=16,sr<=40%,kvB<=1k,kp<=4k,0.0149,4
1024,n<=16,sr<=40%,kvB<=1k,kp<=512,0.058,4
1024,n<=16,sr<=40%,kvB<=1k,kp<=8k,0.0915,4
1024,n<=16,sr<=40%,kvB<=1k,kp=0,0.0253,4
1024,n<=16,sr<=40%,kvB<=4k,kp<=1k,-0.0212,4
1024,n<=16,sr<=40%,kvB<=4k,kp<=2k,-0.0251,4
1024,n<=16,sr<=40%,kvB<=4k,kp<=4k,-0.027,4
1024,n<=16,sr<=40%,kvB<=4k,kp<=512,-0.027,4
1024,n<=16,sr<=40%,kvB<=4k,kp<=8k,-0.0162,4
1024,n<=16,sr<=40%,kvB<=4k,kp=0,-0.011,4
1024,n<=16,sr<=70%,kvB<=16k,kp<=1k,-0.0492,2
1024,n<=16,sr<=70%,kvB<=16k,kp<=2k,-0.0346,2
1024,n<=16,sr<=70%,kvB<=16k,kp<=4k,-0.0506,2
1024,n<=16,sr<=70%,kvB<=16k,kp<=512,-0.0478,2
1024,n<=16,sr<=70%,kvB<=16k,kp<=8k,-0.0394,2
1024,n<=16,sr<=70%,kvB<=16k,kp=0,-0.0276,2
1024,n<=16,sr<=70%,kvB<=1k,kp<=1k,-0.1305,2
1024,n<=16,sr<=70%,kvB<=1k,kp<=2k,-0.0992,2
1024,n<=16,sr<=70%,kvB<=1k,kp<=4k,-0.2034,2
1024,n<=16,sr<=70%,kvB<=1k,kp<=512,-0.1266,2
1024,n<=16,sr<=70%,kvB<=1k,kp<=8k,-0.1111,2
1024,n<=16,sr<=70%,kvB<=1k,kp=0,-0.0852,2
1024,n<=16,sr<=70%,kvB<=4k,kp<=1k,-0.0589,2
1024,n<=16,sr<=70%,kvB<=4k,kp<=2k,-0.0161,2
1024,n<=16,sr<=70%,kvB<=4k,kp<=4k,-0.1022,2
1024,n<=16,sr<=70%,kvB<=4k,kp<=512,-0.047,2
1024,n<=16,sr<=70%,kvB<=4k,kp<=8k,-0.0335,2
1024,n<=16,sr<=70%,kvB<=4k,kp=0,-0.1205,2
1024,n<=16,sr>70%,kvB<=16k,kp<=1k,0.1169,4
1024,n<=16,sr>70%,kvB<=16k,kp<=2k,0.0727,4
1024,n<=16,sr>70%,kvB<=16k,kp<=4k,0.095,4
1024,n<=16,sr>70%,kvB<=16k,kp<=512,0.1043,4
1024,n<=16,sr>70%,kvB<=16k,kp<=8k,0.0826,4
1024,n<=16,sr>70%,kvB<=16k,kp=0,0.1236,4
1024,n<=16,sr>70%,kvB<=1k,kp<=1k,0.1895,4
1024,n<=16,sr>70%,kvB<=1k,kp<=2k,0.0784,4
1024,n<=16,sr>70%,kvB<=1k,kp<=4k,0.0693,4
1024,n<=16,sr>70%,kvB<=1k,kp<=512,0.2096,4
1024,n<=16,sr>70%,kvB<=1k,kp<=8k,-0.0138,4
1024,n<=16,sr>70%,kvB<=1k,kp=0,0.157,4
1024,n<=16,sr>70%,kvB<=4k,kp<=1k,0.0665,4
1024,n<=16,sr>70%,kvB<=4k,kp<=2k,0.0286,4
1024,n<=16,sr>70%,kvB<=4k,kp<=4k,0.0016,4
1024,n<=16,sr>70%,kvB<=4k,kp<=512,-0.0512,4
1024,n<=16,sr>70%,kvB<=4k,kp<=8k,0.076,4
1024,n<=16,sr>70%,kvB<=4k,kp=0,-0.0947,4
1024,n<=2,sr<=70%,kvB<=16k,kp<=1k,0.0976,2
1024,n<=2,sr<=70%,kvB<=16k,kp<=2k,0.0744,2
1024,n<=2,sr<=70%,kvB<=16k,kp<=4k,0.099,2
1024,n<=2,sr<=70%,kvB<=16k,kp<=512,0.0345,2
1024,n<=2,sr<=70%,kvB<=16k,kp<=8k,0.063,2
1024,n<=2,sr<=70%,kvB<=16k,kp=0,0.0689,2
1024,n<=2,sr<=70%,kvB<=1k,kp<=1k,-0.3433,1
1024,n<=2,sr<=70%,kvB<=1k,kp<=2k,7.1441,1
1024,n<=2,sr<=70%,kvB<=1k,kp<=4k,0.1166,2
1024,n<=2,sr<=70%,kvB<=1k,kp<=512,0.7677,2
1024,n<=2,sr<=70%,kvB<=1k,kp<=8k,0.6951,2
1024,n<=2,sr<=70%,kvB<=1k,kp=0,-0.1384,2
1024,n<=2,sr<=70%,kvB<=4k,kp<=1k,0.2335,2
1024,n<=2,sr<=70%,kvB<=4k,kp<=2k,0.0567,2
1024,n<=2,sr<=70%,kvB<=4k,kp<=4k,0.2917,2
1024,n<=2,sr<=70%,kvB<=4k,kp<=512,0.2536,2
1024,n<=2,sr<=70%,kvB<=4k,kp<=8k,0.0468,2
1024,n<=2,sr<=70%,kvB<=4k,kp=0,-0.1082,2
1024,n<=32,sr<=15%,kvB<=16k,kp<=1k,0.1119,6
1024,n<=32,sr<=15%,kvB<=16k,kp<=2k,0.1143,6
1024,n<=32,sr<=15%,kvB<=16k,kp<=4k,0.1118,6
1024,n<=32,sr<=15%,kvB<=16k,kp<=512,0.1128,6
1024,n<=32,sr<=15%,kvB<=16k,kp<=8k,0.1142,6
1024,n<=32,sr<=15%,kvB<=16k,kp=0,0.1119,6
1024,n<=32,sr<=15%,kvB<=1k,kp<=1k,0.0489,6
1024,n<=32,sr<=15%,kvB<=1k,kp<=2k,0.0698,6
1024,n<=32,sr<=15%,kvB<=1k,kp<=4k,0.032,6
1024,n<=32,sr<=15%,kvB<=1k,kp<=512,0.0587,6
1024,n<=32,sr<=15%,kvB<=1k,kp<=8k,0.0523,6
1024,n<=32,sr<=15%,kvB<=1k,kp=0,0.0475,6
1024,n<=32,sr<=15%,kvB<=4k,kp<=1k,0.0982,6
1024,n<=32,sr<=15%,kvB<=4k,kp<=2k,0.1044,6
1024,n<=32,sr<=15%,kvB<=4k,kp<=4k,0.1015,6
1024,n<=32,sr<=15%,kvB<=4k,kp<=512,0.0994,6
1024,n<=32,sr<=15%,kvB<=4k,kp<=8k,0.1064,6
1024,n<=32,sr<=15%,kvB<=4k,kp=0,0.0972,6
1024,n<=32,sr<=40%,kvB<=16k,kp<=1k,0.0531,2
1024,n<=32,sr<=40%,kvB<=16k,kp<=2k,0.0584,2
1024,n<=32,sr<=40%,kvB<=16k,kp<=4k,0.0528,2
1024,n<=32,sr<=40%,kvB<=16k,kp<=512,0.0534,2
1024,n<=32,sr<=40%,kvB<=16k,kp<=8k,0.049,2
1024,n<=32,sr<=40%,kvB<=16k,kp=0,0.0426,2
1024,n<=32,sr<=40%,kvB<=1k,kp<=1k,0.0103,2
1024,n<=32,sr<=40%,kvB<=1k,kp<=2k,-0.0,2
1024,n<=32,sr<=40%,kvB<=1k,kp<=4k,0.015,2
1024,n<=32,sr<=40%,kvB<=1k,kp<=512,0.0197,2
1024,n<=32,sr<=40%,kvB<=1k,kp<=8k,-0.0112,2
1024,n<=32,sr<=40%,kvB<=1k,kp=0,0.0313,2
1024,n<=32,sr<=40%,kvB<=4k,kp<=1k,0.0246,2
1024,n<=32,sr<=40%,kvB<=4k,kp<=2k,0.0386,2
1024,n<=32,sr<=40%,kvB<=4k,kp<=4k,0.0284,2
1024,n<=32,sr<=40%,kvB<=4k,kp<=512,0.0537,2
1024,n<=32,sr<=40%,kvB<=4k,kp<=8k,0.0247,2
1024,n<=32,sr<=40%,kvB<=4k,kp=0,0.0414,2
1024,n<=32,sr<=5%,kvB<=16k,kp<=1k,-0.0068,2
1024,n<=32,sr<=5%,kvB<=16k,kp<=2k,-0.0059,2
1024,n<=32,sr<=5%,kvB<=16k,kp<=4k,-0.0096,2
1024,n<=32,sr<=5%,kvB<=16k,kp<=512,-0.0073,2
1024,n<=32,sr<=5%,kvB<=16k,kp<=8k,-0.0068,2
1024,n<=32,sr<=5%,kvB<=16k,kp=0,-0.0064,2
1024,n<=32,sr<=5%,kvB<=1k,kp<=1k,0.031,2
1024,n<=32,sr<=5%,kvB<=1k,kp<=2k,-0.0175,2
1024,n<=32,sr<=5%,kvB<=1k,kp<=4k,0.0083,2
1024,n<=32,sr<=5%,kvB<=1k,kp<=512,-0.0186,2
1024,n<=32,sr<=5%,kvB<=1k,kp<=8k,0.0157,2
1024,n<=32,sr<=5%,kvB<=1k,kp=0,-0.0278,2
1024,n<=32,sr<=5%,kvB<=4k,kp<=1k,-0.0014,2
1024,n<=32,sr<=5%,kvB<=4k,kp<=2k,-0.0037,2
1024,n<=32,sr<=5%,kvB<=4k,kp<=4k,-0.0056,2
1024,n<=32,sr<=5%,kvB<=4k,kp<=512,0.007,2
1024,n<=32,sr<=5%,kvB<=4k,kp<=8k,0.004,2
1024,n<=32,sr<=5%,kvB<=4k,kp=0,-0.0124,2
1024,n<=32,sr<=70%,kvB<=16k,kp<=1k,0.0815,2
1024,n<=32,sr<=70%,kvB<=16k,kp<=2k,0.0694,2
1024,n<=32,sr<=70%,kvB<=16k,kp<=4k,0.0738,2
1024,n<=32,sr<=70%,kvB<=16k,kp<=512,0.0663,2
1024,n<=32,sr<=70%,kvB<=16k,kp<=8k,0.067,2
1024,n<=32,sr<=70%,kvB<=16k,kp=0,0.0696,2
1024,n<=32,sr<=70%,kvB<=1k,kp<=1k,-0.0414,2
1024,n<=32,sr<=70%,kvB<=1k,kp<=2k,-0.0733,2
1024,n<=32,sr<=70%,kvB<=1k,kp<=4k,-0.0361,2
1024,n<=32,sr<=70%,kvB<=1k,kp<=512,0.0006,2
1024,n<=32,sr<=70%,kvB<=1k,kp<=8k,-0.026,2
1024,n<=32,sr<=70%,kvB<=1k,kp=0,-0.04,2
1024,n<=32,sr<=70%,kvB<=4k,kp<=1k,0.0402,2
1024,n<=32,sr<=70%,kvB<=4k,kp<=2k,0.0275,2
1024,n<=32,sr<=70%,kvB<=4k,kp<=4k,0.0644,2
1024,n<=32,sr<=70%,kvB<=4k,kp<=512,0.021,2
1024,n<=32,sr<=70%,kvB<=4k,kp<=8k,0.0202,2
1024,n<=32,sr<=70%,kvB<=4k,kp=0,0.0626,2
1024,n<=32,sr>70%,kvB<=16k,kp<=1k,0.4632,4
1024,n<=32,sr>70%,kvB<=16k,kp<=2k,0.4567,4
1024,n<=32,sr>70%,kvB<=16k,kp<=4k,0.4649,4
1024,n<=32,sr>70%,kvB<=16k,kp<=512,0.4796,4
1024,n<=32,sr>70%,kvB<=16k,kp<=8k,0.4484,4
1024,n<=32,sr>70%,kvB<=16k,kp=0,0.4925,4
1024,n<=32,sr>70%,kvB<=1k,kp<=1k,0.3693,4
1024,n<=32,sr>70%,kvB<=1k,kp<=2k,0.26,4
1024,n<=32,sr>70%,kvB<=1k,kp<=4k,0.1686,4
1024,n<=32,sr>70%,kvB<=1k,kp<=512,0.383,4
1024,n<=32,sr>70%,kvB<=1k,kp<=8k,0.4594,4
1024,n<=32,sr>70%,kvB<=1k,kp=0,0.3856,4
1024,n<=32,sr>70%,kvB<=4k,kp<=1k,0.3948,4
1024,n<=32,sr>70%,kvB<=4k,kp<=2k,0.4365,4
1024,n<=32,sr>70%,kvB<=4k,kp<=4k,0.414,4
1024,n<=32,sr>70%,kvB<=4k,kp<=512,0.4742,4
1024,n<=32,sr>70%,kvB<=4k,kp<=8k,0.3964,4
1024,n<=32,sr>70%,kvB<=4k,kp=0,0.4151,4
1024,n<=4,sr<=40%,kvB<=16k,kp<=1k,-0.0016,2
1024,n<=4,sr<=40%,kvB<=16k,kp<=2k,0.0155,2
1024,n<=4,sr<=40%,kvB<=16k,kp<=4k,0.0448,2
1024,n<=4,sr<=40%,kvB<=16k,kp<=512,-0.0033,2
1024,n<=4,sr<=40%,kvB<=16k,kp<=8k,0.007,2
1024,n<=4,sr<=40%,kvB<=16k,kp=0,0.0095,2
1024,n<=4,sr<=40%,kvB<=1k,kp<=1k,-0.1399,2
1024,n<=4,sr<=40%,kvB<=1k,kp<=2k,-0.0546,2
1024,n<=4,sr<=40%,kvB<=1k,kp<=4k,0.1823,2
1024,n<=4,sr<=40%,kvB<=1k,kp<=512,-0.0372,2
1024,n<=4,sr<=40%,kvB<=1k,kp<=8k,0.0051,2
1024,n<=4,sr<=40%,kvB<=1k,kp=0,0.153,2
1024,n<=4,sr<=40%,kvB<=4k,kp<=1k,0.0204,2
1024,n<=4,sr<=40%,kvB<=4k,kp<=2k,-0.0078,2
1024,n<=4,sr<=40%,kvB<=4k,kp<=4k,0.0639,2
1024,n<=4,sr<=40%,kvB<=4k,kp<=512,0.0566,2
1024,n<=4,sr<=40%,kvB<=4k,kp<=8k,0.0238,2
1024,n<=4,sr<=40%,kvB<=4k,kp=0,0.0722,2
1024,n<=4,sr<=70%,kvB<=16k,kp<=1k,0.0972,2
1024,n<=4,sr<=70%,kvB<=16k,kp<=2k,0.0451,2
1024,n<=4,sr<=70%,kvB<=16k,kp<=4k,0.0542,2
1024,n<=4,sr<=70%,kvB<=16k,kp<=512,0.0305,2
1024,n<=4,sr<=70%,kvB<=16k,kp<=8k,0.0896,2
1024,n<=4,sr<=70%,kvB<=16k,kp=0,0.0839,2
1024,n<=4,sr<=70%,kvB<=1k,kp<=1k,0.0041,2
1024,n<=4,sr<=70%,kvB<=1k,kp<=2k,0.5686,2
1024,n<=4,sr<=70%,kvB<=1k,kp<=4k,-0.1549,2
1024,n<=4,sr<=70%,kvB<=1k,kp<=512,0.1918,2
1024,n<=4,sr<=70%,kvB<=1k,kp<=8k,-0.1051,2
1024,n<=4,sr<=70%,kvB<=1k,kp=0,0.1444,2
1024,n<=4,sr<=70%,kvB<=4k,kp<=1k,-0.1347,2
1024,n<=4,sr<=70%,kvB<=4k,kp<=2k,-0.1046,2
1024,n<=4,sr<=70%,kvB<=4k,kp<=4k,-0.1109,2
1024,n<=4,sr<=70%,kvB<=4k,kp<=512,0.0058,2
1024,n<=4,sr<=70%,kvB<=4k,kp<=8k,-0.1654,2
1024,n<=4,sr<=70%,kvB<=4k,kp=0,-0.0726,2
1024,n<=4,sr>70%,kvB<=16k,kp<=1k,-0.0512,2
1024,n<=4,sr>70%,kvB<=16k,kp<=2k,0.0132,2
1024,n<=4,sr>70%,kvB<=16k,kp<=4k,-0.0386,2
1024,n<=4,sr>70%,kvB<=16k,kp<=512,0.0113,2
1024,n<=4,sr>70%,kvB<=16k,kp<=8k,-0.0042,2
1024,n<=4,sr>70%,kvB<=16k,kp=0,-0.0448,2
1024,n<=4,sr>70%,kvB<=1k,kp<=1k,2.1999,1
1024,n<=4,sr>70%,kvB<=1k,kp<=2k,0.5296,1
1024,n<=4,sr>70%,kvB<=1k,kp<=4k,3.1795,1
1024,n<=4,sr>70%,kvB<=1k,kp<=512,0.4482,1
1024,n<=4,sr>70%,kvB<=1k,kp<=8k,0.5805,1
1024,n<=4,sr>70%,kvB<=1k,kp=0,-0.4261,1
1024,n<=4,sr>70%,kvB<=4k,kp<=1k,0.0625,2
1024,n<=4,sr>70%,kvB<=4k,kp<=2k,0.1482,2
1024,n<=4,sr>70%,kvB<=4k,kp<=4k,0.0106,2
1024,n<=4,sr>70%,kvB<=4k,kp<=512,0.0729,2
1024,n<=4,sr>70%,kvB<=4k,kp<=8k,-0.0787,2
1024,n<=4,sr>70%,kvB<=4k,kp=0,-0.0086,2
1024,n<=64,sr<=15%,kvB<=16k,kp<=1k,0.1249,4
1024,n<=64,sr<=15%,kvB<=16k,kp<=2k,0.1214,4
1024,n<=64,sr<=15%,kvB<=16k,kp<=4k,0.1225,4
1024,n<=64,sr<=15%,kvB<=16k,kp<=512,0.1214,4
1024,n<=64,sr<=15%,kvB<=16k,kp<=8k,0.1224,4
1024,n<=64,sr<=15%,kvB<=16k,kp=0,0.1239,4
1024,n<=64,sr<=15%,kvB<=1k,kp<=1k,0.1807,4
1024,n<=64,sr<=15%,kvB<=1k,kp<=2k,0.1927,4
1024,n<=64,sr<=15%,kvB<=1k,kp<=4k,0.1776,4
1024,n<=64,sr<=15%,kvB<=1k,kp<=512,0.1924,4
1024,n<=64,sr<=15%,kvB<=1k,kp<=8k,0.1696,4
1024,n<=64,sr<=15%,kvB<=1k,kp=0,0.1742,4
1024,n<=64,sr<=15%,kvB<=4k,kp<=1k,0.1261,4
1024,n<=64,sr<=15%,kvB<=4k,kp<=2k,0.132,4
1024,n<=64,sr<=15%,kvB<=4k,kp<=4k,0.1281,4
1024,n<=64,sr<=15%,kvB<=4k,kp<=512,0.1342,4
1024,n<=64,sr<=15%,kvB<=4k,kp<=8k,0.1314,4
1024,n<=64,sr<=15%,kvB<=4k,kp=0,0.1297,4
1024,n<=64,sr<=40%,kvB<=16k,kp<=1k,0.7389,2
1024,n<=64,sr<=40%,kvB<=16k,kp<=2k,0.7318,2
1024,n<=64,sr<=40%,kvB<=16k,kp<=4k,0.747,2
1024,n<=64,sr<=40%,kvB<=16k,kp<=512,0.7384,2
1024,n<=64,sr<=40%,kvB<=16k,kp<=8k,0.7381,2
1024,n<=64,sr<=40%,kvB<=16k,kp=0,0.7356,2
1024,n<=64,sr<=40%,kvB<=1k,kp<=1k,0.728,2
1024,n<=64,sr<=40%,kvB<=1k,kp<=2k,0.717,2
1024,n<=64,sr<=40%,kvB<=1k,kp<=4k,0.7356,2
1024,n<=64,sr<=40%,kvB<=1k,kp<=512,0.7247,2
1024,n<=64,sr<=40%,kvB<=1k,kp<=8k,0.7225,2
1024,n<=64,sr<=40%,kvB<=1k,kp=0,0.7032,2
1024,n<=64,sr<=40%,kvB<=4k,kp<=1k,0.7289,2
1024,n<=64,sr<=40%,kvB<=4k,kp<=2k,0.7335,2
1024,n<=64,sr<=40%,kvB<=4k,kp<=4k,0.7243,2
1024,n<=64,sr<=40%,kvB<=4k,kp<=512,0.7204,2
1024,n<=64,sr<=40%,kvB<=4k,kp<=8k,0.733,2
1024,n<=64,sr<=40%,kvB<=4k,kp=0,0.7148,2
1024,n<=64,sr<=5%,kvB<=16k,kp<=1k,0.0214,6
1024,n<=64,sr<=5%,kvB<=16k,kp<=2k,0.0212,6
1024,n<=64,sr<=5%,kvB<=16k,kp<=4k,0.0245,6
1024,n<=64,sr<=5%,kvB<=16k,kp<=512,0.0211,6
1024,n<=64,sr<=5%,kvB<=16k,kp<=8k,0.0208,6
1024,n<=64,sr<=5%,kvB<=16k,kp=0,0.0202,6
1024,n<=64,sr<=5%,kvB<=1k,kp<=1k,0.0876,6
1024,n<=64,sr<=5%,kvB<=1k,kp<=2k,0.0931,6
1024,n<=64,sr<=5%,kvB<=1k,kp<=4k,0.082,6
1024,n<=64,sr<=5%,kvB<=1k,kp<=512,0.0842,6
1024,n<=64,sr<=5%,kvB<=1k,kp<=8k,0.0785,6
1024,n<=64,sr<=5%,kvB<=1k,kp=0,0.0813,6
1024,n<=64,sr<=5%,kvB<=4k,kp<=1k,0.0272,6
1024,n<=64,sr<=5%,kvB<=4k,kp<=2k,0.0323,6
1024,n<=64,sr<=5%,kvB<=4k,kp<=4k,0.0299,6
1024,n<=64,sr<=5%,kvB<=4k,kp<=512,0.0329,6
1024,n<=64,sr<=5%,kvB<=4k,kp<=8k,0.0306,6
1024,n<=64,sr<=5%,kvB<=4k,kp=0,0.0275,6
1024,n<=64,sr<=70%,kvB<=16k,kp<=1k,0.6434,2
1024,n<=64,sr<=70%,kvB<=16k,kp<=2k,0.6355,2
1024,n<=64,sr<=70%,kvB<=16k,kp<=4k,0.6427,2
1024,n<=64,sr<=70%,kvB<=16k,kp<=512,0.645,2
1024,n<=64,sr<=70%,kvB<=16k,kp<=8k,0.6392,2
1024,n<=64,sr<=70%,kvB<=16k,kp=0,0.6359,2
1024,n<=64,sr<=70%,kvB<=1k,kp<=1k,0.6341,2
1024,n<=64,sr<=70%,kvB<=1k,kp<=2k,0.6574,2
1024,n<=64,sr<=70%,kvB<=1k,kp<=4k,0.6589,2
1024,n<=64,sr<=70%,kvB<=1k,kp<=512,0.6525,2
1024,n<=64,sr<=70%,kvB<=1k,kp<=8k,0.6023,2
1024,n<=64,sr<=70%,kvB<=1k,kp=0,0.611,2
1024,n<=64,sr<=70%,kvB<=4k,kp<=1k,0.6372,2
1024,n<=64,sr<=70%,kvB<=4k,kp<=2k,0.6333,2
1024,n<=64,sr<=70%,kvB<=4k,kp<=4k,0.641,2
1024,n<=64,sr<=70%,kvB<=4k,kp<=512,0.6267,2
1024,n<=64,sr<=70%,kvB<=4k,kp<=8k,0.6161,2
1024,n<=64,sr<=70%,kvB<=4k,kp=0,0.6322,2
1024,n<=64,sr>70%,kvB<=16k,kp<=1k,0.6688,4
1024,n<=64,sr>70%,kvB<=16k,kp<=2k,0.6455,4
1024,n<=64,sr>70%,kvB<=16k,kp<=4k,0.6398,4
1024,n<=64,sr>70%,kvB<=16k,kp<=512,0.6466,4
1024,n<=64,sr>70%,kvB<=16k,kp<=8k,0.6365,4
1024,n<=64,sr>70%,kvB<=16k,kp=0,0.6452,4
1024,n<=64,sr>70%,kvB<=1k,kp<=1k,0.632,4
1024,n<=64,sr>70%,kvB<=1k,kp<=2k,0.6226,4
1024,n<=64,sr>70%,kvB<=1k,kp<=4k,0.5668,4
1024,n<=64,sr>70%,kvB<=1k,kp<=512,0.5263,4
1024,n<=64,sr>70%,kvB<=1k,kp<=8k,0.6066,4
1024,n<=64,sr>70%,kvB<=1k,kp=0,0.6332,4
1024,n<=64,sr>70%,kvB<=4k,kp<=1k,0.6396,4
1024,n<=64,sr>70%,kvB<=4k,kp<=2k,0.5777,4
1024,n<=64,sr>70%,kvB<=4k,kp<=4k,0.6517,4
1024,n<=64,sr>70%,kvB<=4k,kp<=512,0.6734,4
1024,n<=64,sr>70%,kvB<=4k,kp<=8k,0.5883,4
1024,n<=64,sr>70%,kvB<=4k,kp=0,0.6264,4
1024,n<=8,sr<=15%,kvB<=16k,kp<=1k,0.0284,2
1024,n<=8,sr<=15%,kvB<=16k,kp<=2k,0.0256,2
1024,n<=8,sr<=15%,kvB<=16k,kp<=4k,0.0189,2
1024,n<=8,sr<=15%,kvB<=16k,kp<=512,0.0269,2
1024,n<=8,sr<=15%,kvB<=16k,kp<=8k,0.0281,2
1024,n<=8,sr<=15%,kvB<=16k,kp=0,0.0283,2
1024,n<=8,sr<=15%,kvB<=1k,kp<=1k,0.0565,2
1024,n<=8,sr<=15%,kvB<=1k,kp<=2k,-0.0264,2
1024,n<=8,sr<=15%,kvB<=1k,kp<=4k,0.0491,2
1024,n<=8,sr<=15%,kvB<=1k,kp<=512,0.0781,2
1024,n<=8,sr<=15%,kvB<=1k,kp<=8k,-0.0318,2
1024,n<=8,sr<=15%,kvB<=1k,kp=0,-0.0392,2
1024,n<=8,sr<=15%,kvB<=4k,kp<=1k,0.0606,2
1024,n<=8,sr<=15%,kvB<=4k,kp<=2k,0.0611,2
1024,n<=8,sr<=15%,kvB<=4k,kp<=4k,0.0606,2
1024,n<=8,sr<=15%,kvB<=4k,kp<=512,0.0559,2
1024,n<=8,sr<=15%,kvB<=4k,kp<=8k,-0.0237,2
1024,n<=8,sr<=15%,kvB<=4k,kp=0,0.0039,2
1024,n<=8,sr<=40%,kvB<=16k,kp<=1k,0.0209,4
1024,n<=8,sr<=40%,kvB<=16k,kp<=2k,0.012,4
1024,n<=8,sr<=40%,kvB<=16k,kp<=4k,0.0139,4
1024,n<=8,sr<=40%,kvB<=16k,kp<=512,0.0082,4
1024,n<=8,sr<=40%,kvB<=16k,kp<=8k,0.0187,4
1024,n<=8,sr<=40%,kvB<=16k,kp=0,0.0105,4
1024,n<=8,sr<=40%,kvB<=1k,kp<=1k,0.0258,4
1024,n<=8,sr<=40%,kvB<=1k,kp<=2k,-0.0289,4
1024,n<=8,sr<=40%,kvB<=1k,kp<=4k,-0.0394,4
1024,n<=8,sr<=40%,kvB<=1k,kp<=512,-0.0498,4
1024,n<=8,sr<=40%,kvB<=1k,kp<=8k,0.0408,4
1024,n<=8,sr<=40%,kvB<=1k,kp=0,-0.0661,4
1024,n<=8,sr<=40%,kvB<=4k,kp<=1k,0.0423,4
1024,n<=8,sr<=40%,kvB<=4k,kp<=2k,0.0464,4
1024,n<=8,sr<=40%,kvB<=4k,kp<=4k,0.027,4
1024,n<=8,sr<=40%,kvB<=4k,kp<=512,0.0142,4
1024,n<=8,sr<=40%,kvB<=4k,kp<=8k,0.056,4
1024,n<=8,sr<=40%,kvB<=4k,kp=0,0.0215,4
1024,n<=8,sr<=70%,kvB<=16k,kp<=1k,0.0028,2
1024,n<=8,sr<=70%,kvB<=16k,kp<=2k,0.0281,2
1024,n<=8,sr<=70%,kvB<=16k,kp<=4k,0.0287,2
1024,n<=8,sr<=70%,kvB<=16k,kp<=512,0.0184,2
1024,n<=8,sr<=70%,kvB<=16k,kp<=8k,0.0008,2
1024,n<=8,sr<=70%,kvB<=16k,kp=0,0.0398,2
1024,n<=8,sr<=70%,kvB<=1k,kp<=1k,-0.1457,2
1024,n<=8,sr<=70%,kvB<=1k,kp<=2k,-0.0526,2
1024,n<=8,sr<=70%,kvB<=1k,kp<=4k,0.0589,2
1024,n<=8,sr<=70%,kvB<=1k,kp<=512,-0.151,2
1024,n<=8,sr<=70%,kvB<=1k,kp<=8k,-0.2229,2
1024,n<=8,sr<=70%,kvB<=1k,kp=0,0.1395,2
1024,n<=8,sr<=70%,kvB<=4k,kp<=1k,0.0326,2
1024,n<=8,sr<=70%,kvB<=4k,kp<=2k,0.1431,2
1024,n<=8,sr<=70%,kvB<=4k,kp<=4k,0.0896,2
1024,n<=8,sr<=70%,kvB<=4k,kp<=512,0.085,2
1024,n<=8,sr<=70%,kvB<=4k,kp<=8k,0.1121,2
1024,n<=8,sr<=70%,kvB<=4k,kp=0,0.0712,2
1024,n<=8,sr>70%,kvB<=16k,kp<=1k,0.0406,4
1024,n<=8,sr>70%,kvB<=16k,kp<=2k,0.0546,4
1024,n<=8,sr>70%,kvB<=16k,kp<=4k,0.1065,4
1024,n<=8,sr>70%,kvB<=16k,kp<=512,0.0179,4
1024,n<=8,sr>70%,kvB<=16k,kp<=8k,0.0353,4
1024,n<=8,sr>70%,kvB<=16k,kp=0,0.0189,4
1024,n<=8,sr>70%,kvB<=1k,kp<=1k,0.1712,4
1024,n<=8,sr>70%,kvB<=1k,kp<=2k,0.3109,4
1024,n<=8,sr>70%,kvB<=1k,kp<=4k,0.0435,4
1024,n<=8,sr>70%,kvB<=1k,kp<=512,0.3252,4
1024,n<=8,sr>70%,kvB<=1k,kp<=8k,0.2189,4
1024,n<=8,sr>70%,kvB<=1k,kp=0,0.0115,4
1024,n<=8,sr>70%,kvB<=4k,kp<=1k,0.159,4
1024,n<=8,sr>70%,kvB<=4k,kp<=2k,0.0462,4
1024,n<=8,sr>70%,kvB<=4k,kp<=4k,0.1822,4
1024,n<=8,sr>70%,kvB<=4k,kp<=512,0.1385,4
1024,n<=8,sr>70%,kvB<=4k,kp<=8k,-0.026,4
1024,n<=8,sr>70%,kvB<=4k,kp=0,0.1486,4
2048,n<=128,sr<=15%,kvB<=16k,kp<=1k,0.2199,4
2048,n<=128,sr<=15%,kvB<=16k,kp<=2k,0.222,4
2048,n<=128,sr<=15%,kvB<=16k,kp<=4k,0.2314,4
2048,n<=128,sr<=15%,kvB<=16k,kp<=512,0.2214,4
2048,n<=128,sr<=15%,kvB<=16k,kp<=8k,0.2199,4
2048,n<=128,sr<=15%,kvB<=16k,kp=0,0.2206,4
2048,n<=128,sr<=15%,kvB<=1k,kp<=1k,0.2055,4
2048,n<=128,sr<=15%,kvB<=1k,kp<=2k,0.1991,4
2048,n<=128,sr<=15%,kvB<=1k,kp<=4k,0.2063,4
2048,n<=128,sr<=15%,kvB<=1k,kp<=512,0.2025,4
2048,n<=128,sr<=15%,kvB<=1k,kp<=8k,0.1883,4
2048,n<=128,sr<=15%,kvB<=1k,kp=0,0.2082,4
2048,n<=128,sr<=15%,kvB<=4k,kp<=1k,0.2125,4
2048,n<=128,sr<=15%,kvB<=4k,kp<=2k,0.2111,4
2048,n<=128,sr<=15%,kvB<=4k,kp<=4k,0.2116,4
2048,n<=128,sr<=15%,kvB<=4k,kp<=512,0.2115,4
2048,n<=128,sr<=15%,kvB<=4k,kp<=8k,0.2117,4
2048,n<=128,sr<=15%,kvB<=4k,kp=0,0.2116,4
2048,n<=128,sr<=40%,kvB<=16k,kp<=1k,0.2637,2
2048,n<=128,sr<=40%,kvB<=16k,kp<=2k,0.2628,2
2048,n<=128,sr<=40%,kvB<=16k,kp<=4k,0.2598,2
2048,n<=128,sr<=40%,kvB<=16k,kp<=512,0.2548,2
2048,n<=128,sr<=40%,kvB<=16k,kp<=8k,0.2598,2
2048,n<=128,sr<=40%,kvB<=16k,kp=0,0.2628,2
2048,n<=128,sr<=40%,kvB<=1k,kp<=1k,0.1794,2
2048,n<=128,sr<=40%,kvB<=1k,kp<=2k,0.2117,2
2048,n<=128,sr<=40%,kvB<=1k,kp<=4k,0.2341,2
2048,n<=128,sr<=40%,kvB<=1k,kp<=512,0.2007,2
2048,n<=128,sr<=40%,kvB<=1k,kp<=8k,0.2193,2
2048,n<=128,sr<=40%,kvB<=1k,kp=0,0.1971,2
2048,n<=128,sr<=40%,kvB<=4k,kp<=1k,0.2589,2
2048,n<=128,sr<=40%,kvB<=4k,kp<=2k,0.2627,2
2048,n<=128,sr<=40%,kvB<=4k,kp<=4k,0.2505,2
2048,n<=128,sr<=40%,kvB<=4k,kp<=512,0.2567,2
2048,n<=128,sr<=40%,kvB<=4k,kp<=8k,0.253,2
2048,n<=128,sr<=40%,kvB<=4k,kp=0,0.2467,2
2048,n<=128,sr<=5%,kvB<=16k,kp<=1k,0.213,8
2048,n<=128,sr<=5%,kvB<=16k,kp<=2k,0.2128,8
2048,n<=128,sr<=5%,kvB<=16k,kp<=4k,0.2122,8
2048,n<=128,sr<=5%,kvB<=16k,kp<=512,0.2122,8
2048,n<=128,sr<=5%,kvB<=16k,kp<=8k,0.2093,8
2048,n<=128,sr<=5%,kvB<=16k,kp=0,0.2126,8
2048,n<=128,sr<=5%,kvB<=1k,kp<=1k,0.1801,8
2048,n<=128,sr<=5%,kvB<=1k,kp<=2k,0.1816,8
2048,n<=128,sr<=5%,kvB<=1k,kp<=4k,0.1883,8
2048,n<=128,sr<=5%,kvB<=1k,kp<=512,0.1872,8
2048,n<=128,sr<=5%,kvB<=1k,kp<=8k,0.1764,8
2048,n<=128,sr<=5%,kvB<=1k,kp=0,0.181,8
2048,n<=128,sr<=5%,kvB<=4k,kp<=1k,0.1996,8
2048,n<=128,sr<=5%,kvB<=4k,kp<=2k,0.2023,8
2048,n<=128,sr<=5%,kvB<=4k,kp<=4k,0.2023,8
2048,n<=128,sr<=5%,kvB<=4k,kp<=512,0.2011,8
2048,n<=128,sr<=5%,kvB<=4k,kp<=8k,0.2006,8
2048,n<=128,sr<=5%,kvB<=4k,kp=0,0.2008,8
2048,n<=128,sr<=70%,kvB<=16k,kp<=1k,0.0461,2
2048,n<=128,sr<=70%,kvB<=16k,kp<=2k,0.0518,2
2048,n<=128,sr<=70%,kvB<=16k,kp<=4k,0.054,2
2048,n<=128,sr<=70%,kvB<=16k,kp<=512,0.0514,2
2048,n<=128,sr<=70%,kvB<=16k,kp<=8k,0.0448,2
2048,n<=128,sr<=70%,kvB<=16k,kp=0,0.042,2
2048,n<=128,sr<=70%,kvB<=1k,kp<=1k,0.0162,2
2048,n<=128,sr<=70%,kvB<=1k,kp<=2k,0.0073,2
2048,n<=128,sr<=70%,kvB<=1k,kp<=4k,0.0074,2
2048,n<=128,sr<=70%,kvB<=1k,kp<=512,0.0193,2
2048,n<=128,sr<=70%,kvB<=1k,kp<=8k,0.063,2
2048,n<=128,sr<=70%,kvB<=1k,kp=0,0.0053,2
2048,n<=128,sr<=70%,kvB<=4k,kp<=1k,0.0365,2
2048,n<=128,sr<=70%,kvB<=4k,kp<=2k,0.0404,2
2048,n<=128,sr<=70%,kvB<=4k,kp<=4k,0.0256,2
2048,n<=128,sr<=70%,kvB<=4k,kp<=512,0.046,2
2048,n<=128,sr<=70%,kvB<=4k,kp<=8k,0.0437,2
2048,n<=128,sr<=70%,kvB<=4k,kp=0,0.039,2
2048,n<=128,sr>70%,kvB<=16k,kp<=1k,0.7604,4
2048,n<=128,sr>70%,kvB<=16k,kp<=2k,0.7735,4
2048,n<=128,sr>70%,kvB<=16k,kp<=4k,0.7951,4
2048,n<=128,sr>70%,kvB<=16k,kp<=512,0.7755,4
2048,n<=128,sr>70%,kvB<=16k,kp<=8k,0.7294,4
2048,n<=128,sr>70%,kvB<=16k,kp=0,0.7794,4
2048,n<=128,sr>70%,kvB<=1k,kp<=1k,0.7401,4
2048,n<=128,sr>70%,kvB<=1k,kp<=2k,0.7013,4
2048,n<=128,sr>70%,kvB<=1k,kp<=4k,0.8405,4
2048,n<=128,sr>70%,kvB<=1k,kp<=512,0.7183,4
2048,n<=128,sr>70%,kvB<=1k,kp<=8k,0.669,4
2048,n<=128,sr>70%,kvB<=1k,kp=0,0.7381,4
2048,n<=128,sr>70%,kvB<=4k,kp<=1k,0.7834,4
2048,n<=128,sr>70%,kvB<=4k,kp<=2k,0.7734,4
2048,n<=128,sr>70%,kvB<=4k,kp<=4k,0.7865,4
2048,n<=128,sr>70%,kvB<=4k,kp<=512,0.7627,4
2048,n<=128,sr>70%,kvB<=4k,kp<=8k,0.8308,4
2048,n<=128,sr>70%,kvB<=4k,kp=0,0.766,4
2048,n<=16,sr<=15%,kvB<=16k,kp<=1k,0.0023,4
2048,n<=16,sr<=15%,kvB<=16k,kp<=2k,0.0044,4
2048,n<=16,sr<=15%,kvB<=16k,kp<=4k,0.0084,4
2048,n<=16,sr<=15%,kvB<=16k,kp<=512,0.006,4
2048,n<=16,sr<=15%,kvB<=16k,kp<=8k,0.0074,4
2048,n<=16,sr<=15%,kvB<=16k,kp=0,0.007,4
2048,n<=16,sr<=15%,kvB<=1k,kp<=1k,-0.0255,4
2048,n<=16,sr<=15%,kvB<=1k,kp<=2k,0.0113,4
2048,n<=16,sr<=15%,kvB<=1k,kp<=4k,0.0324,4
2048,n<=16,sr<=15%,kvB<=1k,kp<=512,-0.0023,4
2048,n<=16,sr<=15%,kvB<=1k,kp<=8k,-0.0198,4
2048,n<=16,sr<=15%,kvB<=1k,kp=0,0.0153,4
2048,n<=16,sr<=15%,kvB<=4k,kp<=1k,0.0006,4
2048,n<=16,sr<=15%,kvB<=4k,kp<=2k,-0.0116,4
2048,n<=16,sr<=15%,kvB<=4k,kp<=4k,0.0126,4
2048,n<=16,sr<=15%,kvB<=4k,kp<=512,0.0,4
2048,n<=16,sr<=15%,kvB<=4k,kp<=8k,0.001,4
2048,n<=16,sr<=15%,kvB<=4k,kp=0,-0.0067,4
2048,n<=16,sr<=40%,kvB<=16k,kp<=1k,-0.0134,4
2048,n<=16,sr<=40%,kvB<=16k,kp<=2k,-0.0121,4
2048,n<=16,sr<=40%,kvB<=16k,kp<=4k,-0.0064,4
2048,n<=16,sr<=40%,kvB<=16k,kp<=512,-0.0081,4
2048,n<=16,sr<=40%,kvB<=16k,kp<=8k,-0.0135,4
2048,n<=16,sr<=40%,kvB<=16k,kp=0,-0.0075,4
2048,n<=16,sr<=40%,kvB<=1k,kp<=1k,0.0507,4
2048,n<=16,sr<=40%,kvB<=1k,kp<=2k,0.0461,4
2048,n<=16,sr<=40%,kvB<=1k,kp<=4k,0.0334,4
2048,n<=16,sr<=40%,kvB<=1k,kp<=512,0.0451,4
2048,n<=16,sr<=40%,kvB<=1k,kp<=8k,0.1104,4
2048,n<=16,sr<=40%,kvB<=1k,kp=0,0.0098,4
2048,n<=16,sr<=40%,kvB<=4k,kp<=1k,-0.0195,4
2048,n<=16,sr<=40%,kvB<=4k,kp<=2k,-0.0275,4
2048,n<=16,sr<=40%,kvB<=4k,kp<=4k,0.0018,4
2048,n<=16,sr<=40%,kvB<=4k,kp<=512,-0.018,4
2048,n<=16,sr<=40%,kvB<=4k,kp<=8k,-0.0395,4
2048,n<=16,sr<=40%,kvB<=4k,kp=0,-0.0025,4
2048,n<=16,sr<=70%,kvB<=16k,kp<=1k,-0.0485,2
2048,n<=16,sr<=70%,kvB<=16k,kp<=2k,-0.0471,2
2048,n<=16,sr<=70%,kvB<=16k,kp<=4k,-0.0284,2
2048,n<=16,sr<=70%,kvB<=16k,kp<=512,-0.0491,2
2048,n<=16,sr<=70%,kvB<=16k,kp<=8k,-0.0288,2
2048,n<=16,sr<=70%,kvB<=16k,kp=0,-0.0689,2
2048,n<=16,sr<=70%,kvB<=1k,kp<=1k,0.0073,2
2048,n<=16,sr<=70%,kvB<=1k,kp<=2k,-0.1047,2
2048,n<=16,sr<=70%,kvB<=1k,kp<=4k,-0.0503,2
2048,n<=16,sr<=70%,kvB<=1k,kp<=512,-0.1669,2
2048,n<=16,sr<=70%,kvB<=1k,kp<=8k,0.0094,2
2048,n<=16,sr<=70%,kvB<=1k,kp=0,-0.0807,2
2048,n<=16,sr<=70%,kvB<=4k,kp<=1k,-0.0849,2
2048,n<=16,sr<=70%,kvB<=4k,kp<=2k,-0.0735,2
2048,n<=16,sr<=70%,kvB<=4k,kp<=4k,-0.1078,2
2048,n<=16,sr<=70%,kvB<=4k,kp<=512,-0.055,2
2048,n<=16,sr<=70%,kvB<=4k,kp<=8k,-0.0124,2
2048,n<=16,sr<=70%,kvB<=4k,kp=0,-0.0393,2
2048,n<=16,sr>70%,kvB<=16k,kp<=1k,0.0804,4
2048,n<=16,sr>70%,kvB<=16k,kp<=2k,0.0798,4
2048,n<=16,sr>70%,kvB<=16k,kp<=4k,0.0956,4
2048,n<=16,sr>70%,kvB<=16k,kp<=512,0.0929,4
2048,n<=16,sr>70%,kvB<=16k,kp<=8k,0.1097,4
2048,n<=16,sr>70%,kvB<=16k,kp=0,0.0638,4
2048,n<=16,sr>70%,kvB<=1k,kp<=1k,0.1154,4
2048,n<=16,sr>70%,kvB<=1k,kp<=2k,0.0054,4
2048,n<=16,sr>70%,kvB<=1k,kp<=4k,0.2072,4
2048,n<=16,sr>70%,kvB<=1k,kp<=512,0.2387,4
2048,n<=16,sr>70%,kvB<=1k,kp<=8k,0.0457,4
2048,n<=16,sr>70%,kvB<=1k,kp=0,0.3157,4
2048,n<=16,sr>70%,kvB<=4k,kp<=1k,-0.0091,4
2048,n<=16,sr>70%,kvB<=4k,kp<=2k,0.022,4
2048,n<=16,sr>70%,kvB<=4k,kp<=4k,0.086,4
2048,n<=16,sr>70%,kvB<=4k,kp<=512,0.0486,4
2048,n<=16,sr>70%,kvB<=4k,kp<=8k,-0.1018,4
2048,n<=16,sr>70%,kvB<=4k,kp=0,0.0228,4
2048,n<=2,sr<=70%,kvB<=16k,kp<=1k,0.0656,2
2048,n<=2,sr<=70%,kvB<=16k,kp<=2k,0.0774,2
2048,n<=2,sr<=70%,kvB<=16k,kp<=4k,0.0715,2
2048,n<=2,sr<=70%,kvB<=16k,kp<=512,0.0358,2
2048,n<=2,sr<=70%,kvB<=16k,kp<=8k,0.1057,2
2048,n<=2,sr<=70%,kvB<=16k,kp=0,0.0144,2
2048,n<=2,sr<=70%,kvB<=1k,kp<=1k,0.5568,1
2048,n<=2,sr<=70%,kvB<=1k,kp<=2k,-0.2671,2
2048,n<=2,sr<=70%,kvB<=1k,kp<=4k,0.7926,1
2048,n<=2,sr<=70%,kvB<=1k,kp<=512,0.5201,2
2048,n<=2,sr<=70%,kvB<=1k,kp<=8k,-1.3437,1
2048,n<=2,sr<=70%,kvB<=1k,kp=0,-0.2466,2
2048,n<=2,sr<=70%,kvB<=4k,kp<=1k,0.2076,2
2048,n<=2,sr<=70%,kvB<=4k,kp<=2k,0.1183,2
2048,n<=2,sr<=70%,kvB<=4k,kp<=4k,0.1815,2
2048,n<=2,sr<=70%,kvB<=4k,kp<=512,-0.034,2
2048,n<=2,sr<=70%,kvB<=4k,kp<=8k,0.0809,2
2048,n<=2,sr<=70%,kvB<=4k,kp=0,0.1956,2
2048,n<=32,sr<=15%,kvB<=16k,kp<=1k,0.1097,6
2048,n<=32,sr<=15%,kvB<=16k,kp<=2k,0.1117,6
2048,n<=32,sr<=15%,kvB<=16k,kp<=4k,0.113,6
2048,n<=32,sr<=15%,kvB<=16k,kp<=512,0.1116,6
2048,n<=32,sr<=15%,kvB<=16k,kp<=8k,0.1074,6
2048,n<=32,sr<=15%,kvB<=16k,kp=0,0.1145,6
2048,n<=32,sr<=15%,kvB<=1k,kp<=1k,0.0259,6
2048,n<=32,sr<=15%,kvB<=1k,kp<=2k,0.0505,6
2048,n<=32,sr<=15%,kvB<=1k,kp<=4k,0.0447,6
2048,n<=32,sr<=15%,kvB<=1k,kp<=512,0.0443,6
2048,n<=32,sr<=15%,kvB<=1k,kp<=8k,0.0518,6
2048,n<=32,sr<=15%,kvB<=1k,kp=0,0.0464,6
2048,n<=32,sr<=15%,kvB<=4k,kp<=1k,0.0961,6
2048,n<=32,sr<=15%,kvB<=4k,kp<=2k,0.0896,6
2048,n<=32,sr<=15%,kvB<=4k,kp<=4k,0.11,6
2048,n<=32,sr<=15%,kvB<=4k,kp<=512,0.0928,6
2048,n<=32,sr<=15%,kvB<=4k,kp<=8k,0.0999,6
2048,n<=32,sr<=15%,kvB<=4k,kp=0,0.0988,6
2048,n<=32,sr<=40%,kvB<=16k,kp<=1k,0.0596,2
2048,n<=32,sr<=40%,kvB<=16k,kp<=2k,0.0468,2
2048,n<=32,sr<=40%,kvB<=16k,kp<=4k,0.0554,2
2048,n<=32,sr<=40%,kvB<=16k,kp<=512,0.0632,2
2048,n<=32,sr<=40%,kvB<=16k,kp<=8k,0.0496,2
2048,n<=32,sr<=40%,kvB<=16k,kp=0,0.0485,2
2048,n<=32,sr<=40%,kvB<=1k,kp<=1k,-0.0218,2
2048,n<=32,sr<=40%,kvB<=1k,kp<=2k,-0.0054,2
2048,n<=32,sr<=40%,kvB<=1k,kp<=4k,0.0227,2
2048,n<=32,sr<=40%,kvB<=1k,kp<=512,-0.0021,2
2048,n<=32,sr<=40%,kvB<=1k,kp<=8k,0.1017,2
2048,n<=32,sr<=40%,kvB<=1k,kp=0,0.0053,2
2048,n<=32,sr<=40%,kvB<=4k,kp<=1k,0.0528,2
2048,n<=32,sr<=40%,kvB<=4k,kp<=2k,0.0417,2
2048,n<=32,sr<=40%,kvB<=4k,kp<=4k,0.0322,2
2048,n<=32,sr<=40%,kvB<=4k,kp<=512,0.0419,2
2048,n<=32,sr<=40%,kvB<=4k,kp<=8k,0.0532,2
2048,n<=32,sr<=40%,kvB<=4k,kp=0,0.0682,2
2048,n<=32,sr<=5%,kvB<=16k,kp<=1k,-0.005,2
2048,n<=32,sr<=5%,kvB<=16k,kp<=2k,-0.006,2
2048,n<=32,sr<=5%,kvB<=16k,kp<=4k,-0.0139,2
2048,n<=32,sr<=5%,kvB<=16k,kp<=512,-0.0071,2
2048,n<=32,sr<=5%,kvB<=16k,kp<=8k,-0.008,2
2048,n<=32,sr<=5%,kvB<=16k,kp=0,-0.0053,2
2048,n<=32,sr<=5%,kvB<=1k,kp<=1k,-0.0147,2
2048,n<=32,sr<=5%,kvB<=1k,kp<=2k,0.0017,2
2048,n<=32,sr<=5%,kvB<=1k,kp<=4k,-0.0009,2
2048,n<=32,sr<=5%,kvB<=1k,kp<=512,-0.0417,2
2048,n<=32,sr<=5%,kvB<=1k,kp<=8k,-0.0805,2
2048,n<=32,sr<=5%,kvB<=1k,kp=0,-0.0126,2
2048,n<=32,sr<=5%,kvB<=4k,kp<=1k,-0.0067,2
2048,n<=32,sr<=5%,kvB<=4k,kp<=2k,-0.0045,2
2048,n<=32,sr<=5%,kvB<=4k,kp<=4k,0.0048,2
2048,n<=32,sr<=5%,kvB<=4k,kp<=512,0.0008,2
2048,n<=32,sr<=5%,kvB<=4k,kp<=8k,0.0055,2
2048,n<=32,sr<=5%,kvB<=4k,kp=0,-0.0009,2
2048,n<=32,sr<=70%,kvB<=16k,kp<=1k,0.0853,2
2048,n<=32,sr<=70%,kvB<=16k,kp<=2k,0.0764,2
2048,n<=32,sr<=70%,kvB<=16k,kp<=4k,0.0799,2
2048,n<=32,sr<=70%,kvB<=16k,kp<=512,0.0834,2
2048,n<=32,sr<=70%,kvB<=16k,kp<=8k,0.0744,2
2048,n<=32,sr<=70%,kvB<=16k,kp=0,0.081,2
2048,n<=32,sr<=70%,kvB<=1k,kp<=1k,0.0027,2
2048,n<=32,sr<=70%,kvB<=1k,kp<=2k,-0.067,2
2048,n<=32,sr<=70%,kvB<=1k,kp<=4k,0.0274,2
2048,n<=32,sr<=70%,kvB<=1k,kp<=512,-0.0761,2
2048,n<=32,sr<=70%,kvB<=1k,kp<=8k,-0.1015,2
2048,n<=32,sr<=70%,kvB<=1k,kp=0,-0.0147,2
2048,n<=32,sr<=70%,kvB<=4k,kp<=1k,0.067,2
2048,n<=32,sr<=70%,kvB<=4k,kp<=2k,0.0256,2
2048,n<=32,sr<=70%,kvB<=4k,kp<=4k,0.0599,2
2048,n<=32,sr<=70%,kvB<=4k,kp<=512,0.0202,2
2048,n<=32,sr<=70%,kvB<=4k,kp<=8k,0.0165,2
2048,n<=32,sr<=70%,kvB<=4k,kp=0,0.0667,2
2048,n<=32,sr>70%,kvB<=16k,kp<=1k,0.4707,4
2048,n<=32,sr>70%,kvB<=16k,kp<=2k,0.4843,4
2048,n<=32,sr>70%,kvB<=16k,kp<=4k,0.4945,4
2048,n<=32,sr>70%,kvB<=16k,kp<=512,0.4771,4
2048,n<=32,sr>70%,kvB<=16k,kp<=8k,0.4471,4
2048,n<=32,sr>70%,kvB<=16k,kp=0,0.4671,4
2048,n<=32,sr>70%,kvB<=1k,kp<=1k,0.4299,4
2048,n<=32,sr>70%,kvB<=1k,kp<=2k,0.3889,4
2048,n<=32,sr>70%,kvB<=1k,kp<=4k,0.5332,4
2048,n<=32,sr>70%,kvB<=1k,kp<=512,0.4133,4
2048,n<=32,sr>70%,kvB<=1k,kp<=8k,0.5089,4
2048,n<=32,sr>70%,kvB<=1k,kp=0,0.3734,4
2048,n<=32,sr>70%,kvB<=4k,kp<=1k,0.4731,4
2048,n<=32,sr>70%,kvB<=4k,kp<=2k,0.4043,4
2048,n<=32,sr>70%,kvB<=4k,kp<=4k,0.5159,4
2048,n<=32,sr>70%,kvB<=4k,kp<=512,0.4321,4
2048,n<=32,sr>70%,kvB<=4k,kp<=8k,0.508,4
2048,n<=32,sr>70%,kvB<=4k,kp=0,0.4578,4
2048,n<=4,sr<=40%,kvB<=16k,kp<=1k,0.0105,2
2048,n<=4,sr<=40%,kvB<=16k,kp<=2k,0.0155,2
2048,n<=4,sr<=40%,kvB<=16k,kp<=4k,0.0079,2
2048,n<=4,sr<=40%,kvB<=16k,kp<=512,0.0213,2
2048,n<=4,sr<=40%,kvB<=16k,kp<=8k,-0.019,2
2048,n<=4,sr<=40%,kvB<=16k,kp=0,0.0266,2
2048,n<=4,sr<=40%,kvB<=1k,kp<=1k,-0.0546,2
2048,n<=4,sr<=40%,kvB<=1k,kp<=2k,0.2722,2
2048,n<=4,sr<=40%,kvB<=1k,kp<=4k,-0.0867,2
2048,n<=4,sr<=40%,kvB<=1k,kp<=512,0.1545,2
2048,n<=4,sr<=40%,kvB<=1k,kp<=8k,-1.5744,2
2048,n<=4,sr<=40%,kvB<=1k,kp=0,0.0284,2
2048,n<=4,sr<=40%,kvB<=4k,kp<=1k,0.0481,2
2048,n<=4,sr<=40%,kvB<=4k,kp<=2k,0.033,2
2048,n<=4,sr<=40%,kvB<=4k,kp<=4k,0.0718,2
2048,n<=4,sr<=40%,kvB<=4k,kp<=512,0.0916,2
2048,n<=4,sr<=40%,kvB<=4k,kp<=8k,0.0931,2
2048,n<=4,sr<=40%,kvB<=4k,kp=0,0.033,2
2048,n<=4,sr<=70%,kvB<=16k,kp<=1k,0.0313,2
2048,n<=4,sr<=70%,kvB<=16k,kp<=2k,0.0607,2
2048,n<=4,sr<=70%,kvB<=16k,kp<=4k,0.0369,2
2048,n<=4,sr<=70%,kvB<=16k,kp<=512,0.0444,2
2048,n<=4,sr<=70%,kvB<=16k,kp<=8k,0.0017,2
2048,n<=4,sr<=70%,kvB<=16k,kp=0,0.047,2
2048,n<=4,sr<=70%,kvB<=1k,kp<=1k,0.359,1
2048,n<=4,sr<=70%,kvB<=1k,kp<=2k,0.0555,2
2048,n<=4,sr<=70%,kvB<=1k,kp<=4k,-0.0981,2
2048,n<=4,sr<=70%,kvB<=1k,kp<=512,0.3451,2
2048,n<=4,sr<=70%,kvB<=1k,kp<=8k,0.7432,2
2048,n<=4,sr<=70%,kvB<=1k,kp=0,0.0687,2
2048,n<=4,sr<=70%,kvB<=4k,kp<=1k,-0.0869,2
2048,n<=4,sr<=70%,kvB<=4k,kp<=2k,-0.0692,2
2048,n<=4,sr<=70%,kvB<=4k,kp<=4k,0.018,2
2048,n<=4,sr<=70%,kvB<=4k,kp<=512,0.0559,2
2048,n<=4,sr<=70%,kvB<=4k,kp<=8k,-0.1494,2
2048,n<=4,sr<=70%,kvB<=4k,kp=0,-0.0328,2
2048,n<=4,sr>70%,kvB<=16k,kp<=1k,-0.0746,2
2048,n<=4,sr>70%,kvB<=16k,kp<=2k,0.0933,2
2048,n<=4,sr>70%,kvB<=16k,kp<=4k,-0.0583,2
2048,n<=4,sr>70%,kvB<=16k,kp<=512,0.0096,2
2048,n<=4,sr>70%,kvB<=16k,kp<=8k,0.0115,2
2048,n<=4,sr>70%,kvB<=16k,kp=0,-0.0312,2
2048,n<=4,sr>70%,kvB<=1k,kp<=1k,0.4972,1
2048,n<=4,sr>70%,kvB<=1k,kp<=2k,0.5763,1
2048,n<=4,sr>70%,kvB<=1k,kp<=4k,0.2216,2
2048,n<=4,sr>70%,kvB<=1k,kp<=512,0.2524,1
2048,n<=4,sr>70%,kvB<=1k,kp<=8k,0.9005,2
2048,n<=4,sr>70%,kvB<=1k,kp=0,0.7163,2
2048,n<=4,sr>70%,kvB<=4k,kp<=1k,0.1037,2
2048,n<=4,sr>70%,kvB<=4k,kp<=2k,-0.0531,2
2048,n<=4,sr>70%,kvB<=4k,kp<=4k,-0.0407,2
2048,n<=4,sr>70%,kvB<=4k,kp<=512,0.0741,2
2048,n<=4,sr>70%,kvB<=4k,kp<=8k,-0.1728,2
2048,n<=4,sr>70%,kvB<=4k,kp=0,0.1487,2
2048,n<=64,sr<=15%,kvB<=16k,kp<=1k,0.123,4
2048,n<=64,sr<=15%,kvB<=16k,kp<=2k,0.1238,4
2048,n<=64,sr<=15%,kvB<=16k,kp<=4k,0.121,4
2048,n<=64,sr<=15%,kvB<=16k,kp<=512,0.1236,4
2048,n<=64,sr<=15%,kvB<=16k,kp<=8k,0.1206,4
2048,n<=64,sr<=15%,kvB<=16k,kp=0,0.1256,4
2048,n<=64,sr<=15%,kvB<=1k,kp<=1k,0.1681,4
2048,n<=64,sr<=15%,kvB<=1k,kp<=2k,0.176,4
2048,n<=64,sr<=15%,kvB<=1k,kp<=4k,0.171,4
2048,n<=64,sr<=15%,kvB<=1k,kp<=512,0.1844,4
2048,n<=64,sr<=15%,kvB<=1k,kp<=8k,0.1461,4
2048,n<=64,sr<=15%,kvB<=1k,kp=0,0.1831,4
2048,n<=64,sr<=15%,kvB<=4k,kp<=1k,0.1225,4
2048,n<=64,sr<=15%,kvB<=4k,kp<=2k,0.1212,4
2048,n<=64,sr<=15%,kvB<=4k,kp<=4k,0.1277,4
2048,n<=64,sr<=15%,kvB<=4k,kp<=512,0.1279,4
2048,n<=64,sr<=15%,kvB<=4k,kp<=8k,0.1175,4
2048,n<=64,sr<=15%,kvB<=4k,kp=0,0.1287,4
2048,n<=64,sr<=40%,kvB<=16k,kp<=1k,0.7418,2
2048,n<=64,sr<=40%,kvB<=16k,kp<=2k,0.7272,2
2048,n<=64,sr<=40%,kvB<=16k,kp<=4k,0.7327,2
2048,n<=64,sr<=40%,kvB<=16k,kp<=512,0.734,2
2048,n<=64,sr<=40%,kvB<=16k,kp<=8k,0.7355,2
2048,n<=64,sr<=40%,kvB<=16k,kp=0,0.7355,2
2048,n<=64,sr<=40%,kvB<=1k,kp<=1k,0.7146,2
2048,n<=64,sr<=40%,kvB<=1k,kp<=2k,0.7288,2
2048,n<=64,sr<=40%,kvB<=1k,kp<=4k,0.7299,2
2048,n<=64,sr<=40%,kvB<=1k,kp<=512,0.7093,2
2048,n<=64,sr<=40%,kvB<=1k,kp<=8k,0.7161,2
2048,n<=64,sr<=40%,kvB<=1k,kp=0,0.6868,2
2048,n<=64,sr<=40%,kvB<=4k,kp<=1k,0.7317,2
2048,n<=64,sr<=40%,kvB<=4k,kp<=2k,0.7341,2
2048,n<=64,sr<=40%,kvB<=4k,kp<=4k,0.7296,2
2048,n<=64,sr<=40%,kvB<=4k,kp<=512,0.7085,2
2048,n<=64,sr<=40%,kvB<=4k,kp<=8k,0.734,2
2048,n<=64,sr<=40%,kvB<=4k,kp=0,0.7292,2
2048,n<=64,sr<=5%,kvB<=16k,kp<=1k,0.0189,6
2048,n<=64,sr<=5%,kvB<=16k,kp<=2k,0.0216,6
2048,n<=64,sr<=5%,kvB<=16k,kp<=4k,0.0226,6
2048,n<=64,sr<=5%,kvB<=16k,kp<=512,0.0222,6
2048,n<=64,sr<=5%,kvB<=16k,kp<=8k,0.022,6
2048,n<=64,sr<=5%,kvB<=16k,kp=0,0.0209,6
2048,n<=64,sr<=5%,kvB<=1k,kp<=1k,0.0803,6
2048,n<=64,sr<=5%,kvB<=1k,kp<=2k,0.0834,6
2048,n<=64,sr<=5%,kvB<=1k,kp<=4k,0.0793,6
2048,n<=64,sr<=5%,kvB<=1k,kp<=512,0.0815,6
2048,n<=64,sr<=5%,kvB<=1k,kp<=8k,0.0839,6
2048,n<=64,sr<=5%,kvB<=1k,kp=0,0.0866,6
2048,n<=64,sr<=5%,kvB<=4k,kp<=1k,0.032,6
2048,n<=64,sr<=5%,kvB<=4k,kp<=2k,0.0308,6
2048,n<=64,sr<=5%,kvB<=4k,kp<=4k,0.024,6
2048,n<=64,sr<=5%,kvB<=4k,kp<=512,0.0292,6
2048,n<=64,sr<=5%,kvB<=4k,kp<=8k,0.0295,6
2048,n<=64,sr<=5%,kvB<=4k,kp=0,0.0247,6
2048,n<=64,sr<=70%,kvB<=16k,kp<=1k,0.6294,2
2048,n<=64,sr<=70%,kvB<=16k,kp<=2k,0.635,2
2048,n<=64,sr<=70%,kvB<=16k,kp<=4k,0.6345,2
2048,n<=64,sr<=70%,kvB<=16k,kp<=512,0.6443,2
2048,n<=64,sr<=70%,kvB<=16k,kp<=8k,0.6355,2
2048,n<=64,sr<=70%,kvB<=16k,kp=0,0.6464,2
2048,n<=64,sr<=70%,kvB<=1k,kp<=1k,0.6169,2
2048,n<=64,sr<=70%,kvB<=1k,kp<=2k,0.6338,2
2048,n<=64,sr<=70%,kvB<=1k,kp<=4k,0.6096,2
2048,n<=64,sr<=70%,kvB<=1k,kp<=512,0.6119,2
2048,n<=64,sr<=70%,kvB<=1k,kp<=8k,0.6401,2
2048,n<=64,sr<=70%,kvB<=1k,kp=0,0.6205,2
2048,n<=64,sr<=70%,kvB<=4k,kp<=1k,0.6154,2
2048,n<=64,sr<=70%,kvB<=4k,kp<=2k,0.6347,2
2048,n<=64,sr<=70%,kvB<=4k,kp<=4k,0.6242,2
2048,n<=64,sr<=70%,kvB<=4k,kp<=512,0.6455,2
2048,n<=64,sr<=70%,kvB<=4k,kp<=8k,0.6525,2
2048,n<=64,sr<=70%,kvB<=4k,kp=0,0.6359,2
2048,n<=64,sr>70%,kvB<=16k,kp<=1k,0.6844,4
2048,n<=64,sr>70%,kvB<=16k,kp<=2k,0.6562,4
2048,n<=64,sr>70%,kvB<=16k,kp<=4k,0.6786,4
2048,n<=64,sr>70%,kvB<=16k,kp<=512,0.6738,4
2048,n<=64,sr>70%,kvB<=16k,kp<=8k,0.6519,4
2048,n<=64,sr>70%,kvB<=16k,kp=0,0.6572,4
2048,n<=64,sr>70%,kvB<=1k,kp<=1k,0.5843,4
2048,n<=64,sr>70%,kvB<=1k,kp<=2k,0.5335,4
2048,n<=64,sr>70%,kvB<=1k,kp<=4k,0.6141,4
2048,n<=64,sr>70%,kvB<=1k,kp<=512,0.682,4
2048,n<=64,sr>70%,kvB<=1k,kp<=8k,0.5941,4
2048,n<=64,sr>70%,kvB<=1k,kp=0,0.5565,4
2048,n<=64,sr>70%,kvB<=4k,kp<=1k,0.6428,4
2048,n<=64,sr>70%,kvB<=4k,kp<=2k,0.5769,4
2048,n<=64,sr>70%,kvB<=4k,kp<=4k,0.6319,4
2048,n<=64,sr>70%,kvB<=4k,kp<=512,0.5765,4
2048,n<=64,sr>70%,kvB<=4k,kp<=8k,0.5921,4
2048,n<=64,sr>70%,kvB<=4k,kp=0,0.6573,4
2048,n<=8,sr<=15%,kvB<=16k,kp<=1k,0.023,2
2048,n<=8,sr<=15%,kvB<=16k,kp<=2k,0.0338,2
2048,n<=8,sr<=15%,kvB<=16k,kp<=4k,0.0386,2
2048,n<=8,sr<=15%,kvB<=16k,kp<=512,0.0164,2
2048,n<=8,sr<=15%,kvB<=16k,kp<=8k,0.0252,2
2048,n<=8,sr<=15%,kvB<=16k,kp=0,0.0161,2
2048,n<=8,sr<=15%,kvB<=1k,kp<=1k,-0.0302,2
2048,n<=8,sr<=15%,kvB<=1k,kp<=2k,-0.0633,2
2048,n<=8,sr<=15%,kvB<=1k,kp<=4k,0.0478,2
2048,n<=8,sr<=15%,kvB<=1k,kp<=512,-0.0507,2
2048,n<=8,sr<=15%,kvB<=1k,kp<=8k,0.0501,2
2048,n<=8,sr<=15%,kvB<=1k,kp=0,0.0352,2
2048,n<=8,sr<=15%,kvB<=4k,kp<=1k,0.0229,2
2048,n<=8,sr<=15%,kvB<=4k,kp<=2k,0.0468,2
2048,n<=8,sr<=15%,kvB<=4k,kp<=4k,0.0334,2
2048,n<=8,sr<=15%,kvB<=4k,kp<=512,0.0149,2
2048,n<=8,sr<=15%,kvB<=4k,kp<=8k,0.0544,2
2048,n<=8,sr<=15%,kvB<=4k,kp=0,0.0257,2
2048,n<=8,sr<=40%,kvB<=16k,kp<=1k,0.0197,4
2048,n<=8,sr<=40%,kvB<=16k,kp<=2k,0.0168,4
2048,n<=8,sr<=40%,kvB<=16k,kp<=4k,0.0147,4
2048,n<=8,sr<=40%,kvB<=16k,kp<=512,0.0088,4
2048,n<=8,sr<=40%,kvB<=16k,kp<=8k,0.0167,4
2048,n<=8,sr<=40%,kvB<=16k,kp=0,0.0168,4
2048,n<=8,sr<=40%,kvB<=1k,kp<=1k,-0.0234,4
2048,n<=8,sr<=40%,kvB<=1k,kp<=2k,0.0689,4
2048,n<=8,sr<=40%,kvB<=1k,kp<=4k,0.0371,4
2048,n<=8,sr<=40%,kvB<=1k,kp<=512,-0.0366,4
2048,n<=8,sr<=40%,kvB<=1k,kp<=8k,0.024,4
2048,n<=8,sr<=40%,kvB<=1k,kp=0,-0.0379,4
2048,n<=8,sr<=40%,kvB<=4k,kp<=1k,0.0007,4
2048,n<=8,sr<=40%,kvB<=4k,kp<=2k,0.0091,4
2048,n<=8,sr<=40%,kvB<=4k,kp<=4k,-0.0017,4
2048,n<=8,sr<=40%,kvB<=4k,kp<=512,0.045,4
2048,n<=8,sr<=40%,kvB<=4k,kp<=8k,0.0536,4
2048,n<=8,sr<=40%,kvB<=4k,kp=0,0.0364,4
2048,n<=8,sr<=70%,kvB<=16k,kp<=1k,0.0524,2
2048,n<=8,sr<=70%,kvB<=16k,kp<=2k,0.0201,2
2048,n<=8,sr<=70%,kvB<=16k,kp<=4k,0.0516,2
2048,n<=8,sr<=70%,kvB<=16k,kp<=512,0.0314,2
2048,n<=8,sr<=70%,kvB<=16k,kp<=8k,-0.024,2
2048,n<=8,sr<=70%,kvB<=16k,kp=0,0.0254,2
2048,n<=8,sr<=70%,kvB<=1k,kp<=1k,0.1044,2
2048,n<=8,sr<=70%,kvB<=1k,kp<=2k,0.0953,2
2048,n<=8,sr<=70%,kvB<=1k,kp<=4k,-0.3771,2
2048,n<=8,sr<=70%,kvB<=1k,kp<=512,0.0864,2
2048,n<=8,sr<=70%,kvB<=1k,kp<=8k,-0.1047,2
2048,n<=8,sr<=70%,kvB<=1k,kp=0,0.0757,2
2048,n<=8,sr<=70%,kvB<=4k,kp<=1k,0.0407,2
2048,n<=8,sr<=70%,kvB<=4k,kp<=2k,0.1237,2
2048,n<=8,sr<=70%,kvB<=4k,kp<=4k,0.1045,2
2048,n<=8,sr<=70%,kvB<=4k,kp<=512,0.1327,2
2048,n<=8,sr<=70%,kvB<=4k,kp<=8k,0.0308,2
2048,n<=8,sr<=70%,kvB<=4k,kp=0,0.0401,2
2048,n<=8,sr>70%,kvB<=16k,kp<=1k,0.0856,4
2048,n<=8,sr>70%,kvB<=16k,kp<=2k,0.0404,4
2048,n<=8,sr>70%,kvB<=16k,kp<=4k,0.0103,4
2048,n<=8,sr>70%,kvB<=16k,kp<=512,-0.0018,4
2048,n<=8,sr>70%,kvB<=16k,kp<=8k,0.0581,4
2048,n<=8,sr>70%,kvB<=16k,kp=0,0.0342,4
2048,n<=8,sr>70%,kvB<=1k,kp<=1k,0.034,4
2048,n<=8,sr>70%,kvB<=1k,kp<=2k,0.293,4
2048,n<=8,sr>70%,kvB<=1k,kp<=4k,-0.0172,4
2048,n<=8,sr>70%,kvB<=1k,kp<=512,-0.027,4
2048,n<=8,sr>70%,kvB<=1k,kp<=8k,0.1914,4
2048,n<=8,sr>70%,kvB<=1k,kp=0,0.2468,4
2048,n<=8,sr>70%,kvB<=4k,kp<=1k,0.2262,4
2048,n<=8,sr>70%,kvB<=4k,kp<=2k,0.0757,4
2048,n<=8,sr>70%,kvB<=4k,kp<=4k,0.0484,4
2048,n<=8,sr>70%,kvB<=4k,kp<=512,0.1443,4
2048,n<=8,sr>70%,kvB<=4k,kp<=8k,0.022,4
2048,n<=8,sr>70%,kvB<=4k,kp=0,0.0267,4
