regime,n,nb,ratio,skew,pc,kp,kvs,kv_big,kv_mean,t_mean_us,t_max_us,t_skew_us,alpha
pure,2,1,0.5,4.0,0,0,128,512,320,60.224,60.735,60.608,0.7515
pure,2,1,0.5,4.0,0,0,256,1024,640,61.182,65.056,62.304,0.2896
pure,2,1,0.5,4.0,0,0,512,2048,1280,66.143,70.623,66.432,0.0645
pure,2,1,0.5,4.0,0,0,1024,4096,2560,82.88,94.528,83.711,0.0713
pure,2,1,0.5,4.0,0,0,2048,8192,5120,109.952,144.799,112.16,0.0634
pure,2,1,0.5,4.0,0,0,4096,16384,10240,160.96,231.358,164.254,0.0468
mixed,2,1,0.5,4.0,16,0,128,512,320,81.505,80.511,81.245,
mixed,2,1,0.5,4.0,16,0,256,1024,640,80.736,85.597,81.728,0.2041
mixed,2,1,0.5,4.0,16,0,512,2048,1280,87.201,89.921,87.487,0.1051
mixed,2,1,0.5,4.0,16,0,1024,4096,2560,101.406,118.272,102.748,0.0796
mixed,2,1,0.5,4.0,16,0,2048,8192,5120,131.614,165.311,134.335,0.0807
mixed,2,1,0.5,4.0,16,0,4096,16384,10240,181.921,254.206,184.735,0.0389
mixed,2,1,0.5,4.0,16,512,128,512,320,113.696,114.207,113.663,-0.0646
mixed,2,1,0.5,4.0,16,512,256,1024,640,114.687,117.76,115.168,0.1565
mixed,2,1,0.5,4.0,16,512,512,2048,1280,119.168,123.679,119.231,0.014
mixed,2,1,0.5,4.0,16,512,1024,4096,2560,135.485,151.07,136.828,0.0862
mixed,2,1,0.5,4.0,16,512,2048,8192,5120,166.4,201.344,169.886,0.0998
mixed,2,1,0.5,4.0,16,512,4096,16384,10240,217.694,290.015,219.904,0.0306
mixed,2,1,0.5,4.0,16,1024,128,512,320,116.031,116.0,115.648,
mixed,2,1,0.5,4.0,16,1024,256,1024,640,116.094,119.777,116.641,0.1485
mixed,2,1,0.5,4.0,16,1024,512,2048,1280,121.023,125.472,121.569,0.1227
mixed,2,1,0.5,4.0,16,1024,1024,4096,2560,138.462,154.305,138.368,-0.0059
mixed,2,1,0.5,4.0,16,1024,2048,8192,5120,169.373,203.681,172.8,0.0999
mixed,2,1,0.5,4.0,16,1024,4096,16384,10240,220.67,291.04,223.583,0.0414
mixed,2,1,0.5,4.0,16,2048,128,512,320,119.359,119.423,119.488,2.0156
mixed,2,1,0.5,4.0,16,2048,256,1024,640,119.873,123.614,120.64,0.205
mixed,2,1,0.5,4.0,16,2048,512,2048,1280,124.831,129.632,125.312,0.1002
mixed,2,1,0.5,4.0,16,2048,1024,4096,2560,140.672,159.583,143.52,0.1506
mixed,2,1,0.5,4.0,16,2048,2048,8192,5120,173.344,208.384,177.407,0.116
mixed,2,1,0.5,4.0,16,2048,4096,16384,10240,227.137,297.597,228.321,0.0168
mixed,2,1,0.5,4.0,16,4096,128,512,320,127.935,128.031,126.91,-10.6771
mixed,2,1,0.5,4.0,16,4096,256,1024,640,128.029,131.489,129.088,0.3061
mixed,2,1,0.5,4.0,16,4096,512,2048,1280,133.183,137.536,133.311,0.0294
mixed,2,1,0.5,4.0,16,4096,1024,4096,2560,150.56,169.984,151.774,0.0625
mixed,2,1,0.5,4.0,16,4096,2048,8192,5120,184.768,220.063,188.446,0.1042
mixed,2,1,0.5,4.0,16,4096,4096,16384,10240,237.567,307.455,240.99,0.049
mixed,2,1,0.5,4.0,16,8192,128,512,320,158.08,157.152,157.311,
mixed,2,1,0.5,4.0,16,8192,256,1024,640,157.437,162.013,159.232,0.3923
mixed,2,1,0.5,4.0,16,8192,512,2048,1280,162.976,167.999,163.776,0.1593
mixed,2,1,0.5,4.0,16,8192,1024,4096,2560,183.068,200.318,182.303,-0.0443
mixed,2,1,0.5,4.0,16,8192,2048,8192,5120,217.31,254.72,221.023,0.0993
mixed,2,1,0.5,4.0,16,8192,4096,16384,10240,273.696,339.58,277.725,0.0612
mixed,2,1,0.5,4.0,32,0,128,512,320,112.127,111.265,111.807,
mixed,2,1,0.5,4.0,32,0,256,1024,640,111.776,115.967,112.575,0.1906
mixed,2,1,0.5,4.0,32,0,512,2048,1280,117.504,120.927,117.92,0.1215
mixed,2,1,0.5,4.0,32,0,1024,4096,2560,132.927,150.366,135.74,0.1613
mixed,2,1,0.5,4.0,32,0,2048,8192,5120,165.982,201.087,169.727,0.1067
mixed,2,1,0.5,4.0,32,0,4096,16384,10240,218.815,289.28,224.03,0.074
mixed,2,1,0.5,4.0,32,512,128,512,320,136.835,136.35,136.127,
mixed,2,1,0.5,4.0,32,512,256,1024,640,136.64,139.934,137.631,0.3009
mixed,2,1,0.5,4.0,32,512,512,2048,1280,141.472,146.658,141.952,0.0926
mixed,2,1,0.5,4.0,32,512,1024,4096,2560,159.488,178.367,161.154,0.0882
mixed,2,1,0.5,4.0,32,512,2048,8192,5120,194.334,228.51,196.607,0.0665
mixed,2,1,0.5,4.0,32,512,4096,16384,10240,246.719,313.056,248.095,0.0207
mixed,2,1,0.5,4.0,32,1024,128,512,320,136.958,136.64,136.574,
mixed,2,1,0.5,4.0,32,1024,256,1024,640,138.112,141.439,138.688,0.1731
mixed,2,1,0.5,4.0,32,1024,512,2048,1280,142.43,147.712,143.133,0.1331
mixed,2,1,0.5,4.0,32,1024,1024,4096,2560,161.343,179.391,160.864,-0.0265
mixed,2,1,0.5,4.0,32,1024,2048,8192,5120,195.455,231.517,199.007,0.0985
mixed,2,1,0.5,4.0,32,1024,4096,16384,10240,248.798,319.647,250.974,0.0307
mixed,2,1,0.5,4.0,32,2048,128,512,320,141.888,141.794,141.473,
mixed,2,1,0.5,4.0,32,2048,256,1024,640,142.432,147.264,142.687,0.0528
mixed,2,1,0.5,4.0,32,2048,512,2048,1280,148.895,154.11,149.826,0.1785
mixed,2,1,0.5,4.0,32,2048,1024,4096,2560,166.976,187.07,167.423,0.0222
mixed,2,1,0.5,4.0,32,2048,2048,8192,5120,202.27,240.64,205.983,0.0968
mixed,2,1,0.5,4.0,32,2048,4096,16384,10240,256.641,330.08,259.585,0.0401
mixed,2,1,0.5,4.0,32,4096,128,512,320,155.745,156.702,156.16,0.4336
mixed,2,1,0.5,4.0,32,4096,256,1024,640,157.022,160.958,158.784,0.4477
mixed,2,1,0.5,4.0,32,4096,512,2048,1280,161.249,167.323,163.039,0.2947
mixed,2,1,0.5,4.0,32,4096,1024,4096,2560,180.608,199.807,184.159,0.185
mixed,2,1,0.5,4.0,32,4096,2048,8192,5120,217.982,256.542,221.187,0.0831
mixed,2,1,0.5,4.0,32,4096,4096,16384,10240,274.495,343.841,278.844,0.0627
mixed,2,1,0.5,4.0,32,8192,128,512,320,247.548,248.415,248.801,1.4452
mixed,2,1,0.5,4.0,32,8192,256,1024,640,251.968,255.136,249.633,-0.7371
mixed,2,1,0.5,4.0,32,8192,512,2048,1280,257.055,262.365,256.446,-0.1147
mixed,2,1,0.5,4.0,32,8192,1024,4096,2560,275.777,293.375,275.295,-0.0274
mixed,2,1,0.5,4.0,32,8192,2048,8192,5120,310.782,347.805,315.712,0.1332
mixed,2,1,0.5,4.0,32,8192,4096,16384,10240,364.673,436.38,370.143,0.0763
mixed,2,1,0.5,4.0,64,0,128,512,320,112.863,112.128,112.896,
mixed,2,1,0.5,4.0,64,0,256,1024,640,112.735,117.181,113.184,0.101
mixed,2,1,0.5,4.0,64,0,512,2048,1280,118.304,121.789,118.784,0.1377
mixed,2,1,0.5,4.0,64,0,1024,4096,2560,135.134,153.76,137.28,0.1152
mixed,2,1,0.5,4.0,64,0,2048,8192,5120,170.24,204.67,173.693,0.1003
mixed,2,1,0.5,4.0,64,0,4096,16384,10240,222.591,295.327,230.975,0.1153
mixed,2,1,0.5,4.0,64,512,128,512,320,141.952,142.364,141.787,-0.4005
mixed,2,1,0.5,4.0,64,512,256,1024,640,142.529,145.664,143.104,0.1834
mixed,2,1,0.5,4.0,64,512,512,2048,1280,147.326,152.898,148.64,0.2358
mixed,2,1,0.5,4.0,64,512,1024,4096,2560,165.792,186.752,166.62,0.0395
mixed,2,1,0.5,4.0,64,512,2048,8192,5120,203.617,238.592,207.295,0.1052
mixed,2,1,0.5,4.0,64,512,4096,16384,10240,255.583,325.437,261.632,0.0866
mixed,2,1,0.5,4.0,64,1024,128,512,320,147.296,147.039,146.656,
mixed,2,1,0.5,4.0,64,1024,256,1024,640,148.127,151.81,148.418,0.079
mixed,2,1,0.5,4.0,64,1024,512,2048,1280,153.438,159.231,154.336,0.155
mixed,2,1,0.5,4.0,64,1024,1024,4096,2560,170.942,193.118,173.952,0.1357
mixed,2,1,0.5,4.0,64,1024,2048,8192,5120,210.655,246.208,213.311,0.0747
mixed,2,1,0.5,4.0,64,1024,4096,16384,10240,262.684,335.808,266.464,0.0517
mixed,2,1,0.5,4.0,64,2048,128,512,320,158.238,158.044,158.207,
mixed,2,1,0.5,4.0,64,2048,256,1024,640,159.134,162.624,159.841,0.2026
mixed,2,1,0.5,4.0,64,2048,512,2048,1280,164.576,168.927,165.121,0.1253
mixed,2,1,0.5,4.0,64,2048,1024,4096,2560,183.743,204.8,184.673,0.0442
mixed,2,1,0.5,4.0,64,2048,2048,8192,5120,219.743,261.344,222.943,0.0769
mixed,2,1,0.5,4.0,64,2048,4096,16384,10240,277.599,344.287,278.719,0.0168
mixed,2,1,0.5,4.0,64,4096,128,512,320,235.169,236.158,235.389,0.2224
mixed,2,1,0.5,4.0,64,4096,256,1024,640,236.543,240.381,236.16,-0.0998
mixed,2,1,0.5,4.0,64,4096,512,2048,1280,242.848,248.544,242.431,-0.0732
mixed,2,1,0.5,4.0,64,4096,1024,4096,2560,262.016,281.12,264.03,0.1054
mixed,2,1,0.5,4.0,64,4096,2048,8192,5120,298.494,337.535,301.31,0.0721
mixed,2,1,0.5,4.0,64,4096,4096,16384,10240,354.367,424.384,357.949,0.0512
mixed,2,1,0.5,4.0,64,8192,128,512,320,314.908,315.104,316.415,7.6888
mixed,2,1,0.5,4.0,64,8192,256,1024,640,316.286,320.671,316.991,0.1608
mixed,2,1,0.5,4.0,64,8192,512,2048,1280,323.167,328.737,323.229,0.0111
mixed,2,1,0.5,4.0,64,8192,1024,4096,2560,340.798,361.758,343.23,0.116
mixed,2,1,0.5,4.0,64,8192,2048,8192,5120,379.229,414.046,382.879,0.1048
mixed,2,1,0.5,4.0,64,8192,4096,16384,10240,430.525,502.974,438.527,0.1105
mixed,2,1,0.5,4.0,128,0,128,512,320,121.44,121.856,121.662,0.5337
mixed,2,1,0.5,4.0,128,0,256,1024,640,122.177,124.992,123.103,0.329
mixed,2,1,0.5,4.0,128,0,512,2048,1280,126.879,130.879,127.2,0.0802
mixed,2,1,0.5,4.0,128,0,1024,4096,2560,143.456,161.954,144.223,0.0415
mixed,2,1,0.5,4.0,128,0,2048,8192,5120,175.136,211.454,179.2,0.1119
mixed,2,1,0.5,4.0,128,0,4096,16384,10240,228.223,300.894,235.55,0.1008
mixed,2,1,0.5,4.0,128,512,128,512,320,157.598,157.886,157.279,-1.1076
mixed,2,1,0.5,4.0,128,512,256,1024,640,159.262,161.567,160.002,0.321
mixed,2,1,0.5,4.0,128,512,512,2048,1280,162.624,169.441,164.064,0.2112
mixed,2,1,0.5,4.0,128,512,1024,4096,2560,182.718,203.006,184.961,0.1106
mixed,2,1,0.5,4.0,128,512,2048,8192,5120,218.463,258.655,222.943,0.1115
mixed,2,1,0.5,4.0,128,512,4096,16384,10240,274.11,342.814,283.933,0.143
mixed,2,1,0.5,4.0,128,1024,128,512,320,165.118,165.377,165.054,-0.2471
mixed,2,1,0.5,4.0,128,1024,256,1024,640,167.04,169.307,167.388,0.1535
mixed,2,1,0.5,4.0,128,1024,512,2048,1280,171.327,176.671,172.993,0.3118
mixed,2,1,0.5,4.0,128,1024,1024,4096,2560,190.557,210.655,192.767,0.11
mixed,2,1,0.5,4.0,128,1024,2048,8192,5120,227.84,265.983,233.184,0.1401
mixed,2,1,0.5,4.0,128,1024,4096,16384,10240,282.589,352.637,288.51,0.0845
mixed,2,1,0.5,4.0,128,2048,128,512,320,237.631,237.728,237.022,-6.2784
mixed,2,1,0.5,4.0,128,2048,256,1024,640,237.247,245.057,239.102,0.2375
mixed,2,1,0.5,4.0,128,2048,512,2048,1280,245.757,248.894,244.961,-0.2537
mixed,2,1,0.5,4.0,128,2048,1024,4096,2560,264.574,285.057,266.304,0.0845
mixed,2,1,0.5,4.0,128,2048,2048,8192,5120,302.305,337.63,302.494,0.0054
mixed,2,1,0.5,4.0,128,2048,4096,16384,10240,354.687,423.87,361.474,0.0981
mixed,2,1,0.5,4.0,128,4096,128,512,320,317.823,317.95,316.385,-11.3228
mixed,2,1,0.5,4.0,128,4096,256,1024,640,318.205,322.589,318.27,0.0148
mixed,2,1,0.5,4.0,128,4096,512,2048,1280,323.39,328.64,323.997,0.1156
mixed,2,1,0.5,4.0,128,4096,1024,4096,2560,343.871,363.04,345.469,0.0834
mixed,2,1,0.5,4.0,128,4096,2048,8192,5120,379.678,413.886,382.429,0.0804
mixed,2,1,0.5,4.0,128,4096,4096,16384,10240,433.278,504.285,440.032,0.0951
mixed,2,1,0.5,4.0,128,8192,128,512,320,463.486,464.512,465.087,1.5604
mixed,2,1,0.5,4.0,128,8192,256,1024,640,467.229,471.358,467.519,0.0702
mixed,2,1,0.5,4.0,128,8192,512,2048,1280,471.84,478.591,473.758,0.2841
mixed,2,1,0.5,4.0,128,8192,1024,4096,2560,493.885,510.529,492.157,-0.1038
mixed,2,1,0.5,4.0,128,8192,2048,8192,5120,525.566,564.254,529.44,0.1001
mixed,2,1,0.5,4.0,128,8192,4096,16384,10240,581.373,647.806,584.124,0.0414
mixed,2,1,0.5,4.0,256,0,128,512,320,181.057,179.489,179.999,
mixed,2,1,0.5,4.0,256,0,256,1024,640,181.538,184.543,182.046,0.1691
mixed,2,1,0.5,4.0,256,0,512,2048,1280,187.07,192.449,187.201,0.0244
mixed,2,1,0.5,4.0,256,0,1024,4096,2560,207.133,227.68,206.623,-0.0248
mixed,2,1,0.5,4.0,256,0,2048,8192,5120,242.368,281.856,245.152,0.0705
mixed,2,1,0.5,4.0,256,0,4096,16384,10240,297.982,366.718,304.606,0.0964
mixed,2,1,0.5,4.0,256,512,128,512,320,248.032,245.886,247.743,
mixed,2,1,0.5,4.0,256,512,256,1024,640,247.456,251.167,249.375,0.5171
mixed,2,1,0.5,4.0,256,512,512,2048,1280,254.334,261.567,252.674,-0.2295
mixed,2,1,0.5,4.0,256,512,1024,4096,2560,274.144,291.871,275.009,0.0488
mixed,2,1,0.5,4.0,256,512,2048,8192,5120,309.501,346.751,314.208,0.1264
mixed,2,1,0.5,4.0,256,512,4096,16384,10240,365.437,437.919,367.486,0.0283
mixed,2,1,0.5,4.0,256,1024,128,512,320,300.832,301.214,300.479,-0.9241
mixed,2,1,0.5,4.0,256,1024,256,1024,640,302.141,306.079,302.784,0.1633
mixed,2,1,0.5,4.0,256,1024,512,2048,1280,306.369,314.205,308.671,0.2938
mixed,2,1,0.5,4.0,256,1024,1024,4096,2560,326.175,346.846,329.212,0.1469
mixed,2,1,0.5,4.0,256,1024,2048,8192,5120,361.117,401.021,367.232,0.1532
mixed,2,1,0.5,4.0,256,1024,4096,16384,10240,415.997,482.301,423.423,0.112
mixed,2,1,0.5,4.0,256,2048,128,512,320,336.127,335.679,335.902,
mixed,2,1,0.5,4.0,256,2048,256,1024,640,339.611,342.365,340.001,0.1416
mixed,2,1,0.5,4.0,256,2048,512,2048,1280,344.511,351.965,344.03,-0.0645
mixed,2,1,0.5,4.0,256,2048,1024,4096,2560,363.037,381.024,364.157,0.0623
mixed,2,1,0.5,4.0,256,2048,2048,8192,5120,399.485,432.446,403.327,0.1166
mixed,2,1,0.5,4.0,256,2048,4096,16384,10240,453.278,520.607,457.502,0.0627
mixed,2,1,0.5,4.0,256,4096,128,512,320,480.924,482.364,481.404,0.3333
mixed,2,1,0.5,4.0,256,4096,256,1024,640,479.997,485.824,483.582,0.6152
mixed,2,1,0.5,4.0,256,4096,512,2048,1280,490.527,494.78,489.084,-0.3393
mixed,2,1,0.5,4.0,256,4096,1024,4096,2560,506.366,527.101,511.071,0.2269
mixed,2,1,0.5,4.0,256,4096,2048,8192,5120,543.709,578.941,547.103,0.0963
mixed,2,1,0.5,4.0,256,4096,4096,16384,10240,597.403,668.444,597.66,0.0036
mixed,2,1,0.5,4.0,256,8192,128,512,320,726.94,725.631,725.852,
mixed,2,1,0.5,4.0,256,8192,256,1024,640,727.931,732.252,727.325,-0.1402
mixed,2,1,0.5,4.0,256,8192,512,2048,1280,735.26,738.269,733.629,-0.542
mixed,2,1,0.5,4.0,256,8192,1024,4096,2560,754.11,772.221,753.597,-0.0283
mixed,2,1,0.5,4.0,256,8192,2048,8192,5120,789.147,823.292,792.765,0.106
mixed,2,1,0.5,4.0,256,8192,4096,16384,10240,843.1,912.125,847.003,0.0565
mixed,2,1,0.5,4.0,512,0,128,512,320,296.896,299.582,300.83,1.4646
mixed,2,1,0.5,4.0,512,0,256,1024,640,300.318,304.958,301.95,0.3517
mixed,2,1,0.5,4.0,512,0,512,2048,1280,305.822,310.879,306.303,0.0951
mixed,2,1,0.5,4.0,512,0,1024,4096,2560,324.256,343.741,324.414,0.0081
mixed,2,1,0.5,4.0,512,0,2048,8192,5120,361.89,396.731,364.287,0.0688
mixed,2,1,0.5,4.0,512,0,4096,16384,10240,414.848,487.614,421.759,0.095
mixed,2,1,0.5,4.0,512,512,128,512,320,372.639,371.453,371.71,
mixed,2,1,0.5,4.0,512,512,256,1024,640,370.014,376.67,372.384,0.3561
mixed,2,1,0.5,4.0,512,512,512,2048,1280,377.918,383.358,378.145,0.0417
mixed,2,1,0.5,4.0,512,512,1024,4096,2560,398.689,417.152,397.31,-0.0747
mixed,2,1,0.5,4.0,512,512,2048,8192,5120,433.822,470.397,436.478,0.0726
mixed,2,1,0.5,4.0,512,512,4096,16384,10240,489.309,555.676,490.24,0.014
mixed,2,1,0.5,4.0,512,1024,128,512,320,438.879,440.606,439.197,0.1841
mixed,2,1,0.5,4.0,512,1024,256,1024,640,440.928,445.566,440.446,-0.1039
mixed,2,1,0.5,4.0,512,1024,512,2048,1280,445.95,452.765,445.984,0.005
mixed,2,1,0.5,4.0,512,1024,1024,4096,2560,464.508,485.021,465.501,0.0484
mixed,2,1,0.5,4.0,512,1024,2048,8192,5120,501.407,539.006,506.27,0.1293
mixed,2,1,0.5,4.0,512,1024,4096,16384,10240,555.389,620.349,559.741,0.067
mixed,2,1,0.5,4.0,512,2048,128,512,320,583.488,584.257,584.861,1.7854
mixed,2,1,0.5,4.0,512,2048,256,1024,640,584.159,588.831,585.757,0.342
mixed,2,1,0.5,4.0,512,2048,512,2048,1280,593.119,595.967,590.27,-1.0004
mixed,2,1,0.5,4.0,512,2048,1024,4096,2560,607.997,629.566,608.447,0.0209
mixed,2,1,0.5,4.0,512,2048,2048,8192,5120,647.486,686.653,649.437,0.0498
mixed,2,1,0.5,4.0,512,2048,4096,16384,10240,699.038,765.884,704.446,0.0809
mixed,2,1,0.5,4.0,512,4096,128,512,320,862.524,865.47,861.693,-0.2821
mixed,2,1,0.5,4.0,512,4096,256,1024,640,863.546,868.222,865.181,0.3497
mixed,2,1,0.5,4.0,512,4096,512,2048,1280,869.819,876.346,867.421,-0.3674
mixed,2,1,0.5,4.0,512,4096,1024,4096,2560,889.114,907.353,890.3,0.065
mixed,2,1,0.5,4.0,512,4096,2048,8192,5120,924.381,960.317,928.22,0.1068
mixed,2,1,0.5,4.0,512,4096,4096,16384,10240,979.866,1047.899,984.763,0.072
mixed,2,1,0.5,4.0,512,8192,128,512,320,1420.122,1414.106,1413.433,
mixed,2,1,0.5,4.0,512,8192,256,1024,640,1415.995,1418.746,1416.669,0.245
mixed,2,1,0.5,4.0,512,8192,512,2048,1280,1422.587,1430.328,1424.249,0.2147
mixed,2,1,0.5,4.0,512,8192,1024,4096,2560,1444.186,1463.257,1445.467,0.0672
mixed,2,1,0.5,4.0,512,8192,2048,8192,5120,1475.514,1516.663,1480.41,0.119
mixed,2,1,0.5,4.0,512,8192,4096,16384,10240,1530.968,1600.375,1535.32,0.0627
mixed,2,1,0.5,4.0,1024,0,128,512,320,553.693,555.838,556.671,1.3883
mixed,2,1,0.5,4.0,1024,0,256,1024,640,556.125,562.527,554.142,-0.3097
mixed,2,1,0.5,4.0,1024,0,512,2048,1280,560.798,567.613,561.915,0.1639
mixed,2,1,0.5,4.0,1024,0,1024,4096,2560,581.916,599.516,579.294,-0.149
mixed,2,1,0.5,4.0,1024,0,2048,8192,5120,615.55,653.853,621.887,0.1654
mixed,2,1,0.5,4.0,1024,0,4096,16384,10240,669.888,734.909,672.19,0.0354
mixed,2,1,0.5,4.0,1024,512,128,512,320,729.946,730.941,728.99,-0.9608
mixed,2,1,0.5,4.0,1024,512,256,1024,640,731.647,735.774,735.23,0.8682
mixed,2,1,0.5,4.0,1024,512,512,2048,1280,737.245,745.787,739.516,0.2659
mixed,2,1,0.5,4.0,1024,512,1024,4096,2560,753.885,776.639,759.615,0.2518
mixed,2,1,0.5,4.0,1024,512,2048,8192,5120,793.883,828.893,794.462,0.0165
mixed,2,1,0.5,4.0,1024,512,4096,16384,10240,849.211,916.924,851.869,0.0393
mixed,2,1,0.5,4.0,1024,1024,128,512,320,890.747,886.684,888.797,
mixed,2,1,0.5,4.0,1024,1024,256,1024,640,889.883,894.078,888.443,-0.3433
mixed,2,1,0.5,4.0,1024,1024,512,2048,1280,893.438,899.994,895.037,0.2439
mixed,2,1,0.5,4.0,1024,1024,1024,4096,2560,910.398,930.494,915.068,0.2324
mixed,2,1,0.5,4.0,1024,1024,2048,8192,5120,947.963,986.012,953.629,0.1489
mixed,2,1,0.5,4.0,1024,1024,4096,16384,10240,1001.849,1077.245,1008.22,0.0845
mixed,2,1,0.5,4.0,1024,2048,128,512,320,1163.163,1163.517,1165.692,7.1441
mixed,2,1,0.5,4.0,1024,2048,256,1024,640,1167.132,1166.618,1166.65,
mixed,2,1,0.5,4.0,1024,2048,512,2048,1280,1169.623,1177.401,1170.716,0.1405
mixed,2,1,0.5,4.0,1024,2048,1024,4096,2560,1189.657,1207.164,1190.361,0.0402
mixed,2,1,0.5,4.0,1024,2048,2048,8192,5120,1224.12,1261.372,1226.237,0.0568
mixed,2,1,0.5,4.0,1024,2048,4096,16384,10240,1277.822,1347.033,1283.323,0.0795
mixed,2,1,0.5,4.0,1024,4096,128,512,320,1716.856,1718.842,1716.31,-0.2749
mixed,2,1,0.5,4.0,1024,4096,256,1024,640,1722.618,1727.705,1723.515,0.1763
mixed,2,1,0.5,4.0,1024,4096,512,2048,1280,1723.736,1735.417,1727.064,0.2849
mixed,2,1,0.5,4.0,1024,4096,1024,4096,2560,1745.751,1764.121,1751.16,0.2944
mixed,2,1,0.5,4.0,1024,4096,2048,8192,5120,1782.361,1814.678,1787.704,0.1653
mixed,2,1,0.5,4.0,1024,4096,4096,16384,10240,1835.993,1908.347,1842.201,0.0858
mixed,2,1,0.5,4.0,1024,8192,128,512,320,2812.117,2816.534,2812.757,0.1449
mixed,2,1,0.5,4.0,1024,8192,256,1024,640,2813.172,2820.948,2819.958,0.8727
mixed,2,1,0.5,4.0,1024,8192,512,2048,1280,2823.537,2825.136,2824.658,0.7011
mixed,2,1,0.5,4.0,1024,8192,1024,4096,2560,2839.989,2860.21,2840.852,0.0427
mixed,2,1,0.5,4.0,1024,8192,2048,8192,5120,2877.489,2911.892,2882.772,0.1536
mixed,2,1,0.5,4.0,1024,8192,4096,16384,10240,2936.341,3000.051,2938.675,0.0366
mixed,2,1,0.5,4.0,2048,0,128,512,320,1009.246,1010.137,1011.388,2.404
mixed,2,1,0.5,4.0,2048,0,256,1024,640,1012.411,1013.148,1009.374,-4.1208
mixed,2,1,0.5,4.0,2048,0,512,2048,1280,1018.587,1022.298,1016.923,-0.4484
mixed,2,1,0.5,4.0,2048,0,1024,4096,2560,1033.147,1055.864,1037.98,0.2127
mixed,2,1,0.5,4.0,2048,0,2048,8192,5120,1072.988,1106.682,1079.036,0.1795
mixed,2,1,0.5,4.0,2048,0,4096,16384,10240,1131.964,1196.923,1130.012,-0.03
mixed,2,1,0.5,4.0,2048,512,128,512,320,1340.73,1345.051,1342.778,0.474
mixed,2,1,0.5,4.0,2048,512,256,1024,640,1347.068,1350.873,1349.273,0.5795
mixed,2,1,0.5,4.0,2048,512,512,2048,1280,1353.658,1356.571,1351.321,-0.8023
mixed,2,1,0.5,4.0,2048,512,1024,4096,2560,1369.589,1390.714,1369.18,-0.0194
mixed,2,1,0.5,4.0,2048,512,2048,8192,5120,1408.89,1439.993,1411.546,0.0854
mixed,2,1,0.5,4.0,2048,512,4096,16384,10240,1463.414,1538.557,1465.465,0.0273
mixed,2,1,0.5,4.0,2048,1024,128,512,320,1686.522,1683.8,1682.169,
mixed,2,1,0.5,4.0,2048,1024,256,1024,640,1681.37,1690.394,1686.395,0.5568
mixed,2,1,0.5,4.0,2048,1024,512,2048,1280,1689.208,1695.161,1692.217,0.5055
mixed,2,1,0.5,4.0,2048,1024,1024,4096,2560,1706.263,1732.279,1711.259,0.192
mixed,2,1,0.5,4.0,2048,1024,2048,8192,5120,1742.297,1776.343,1750.042,0.2275
mixed,2,1,0.5,4.0,2048,1024,4096,16384,10240,1802.011,1866.969,1803.385,0.0212
mixed,2,1,0.5,4.0,2048,2048,128,512,320,2235.509,2238.868,2233.718,-0.5332
mixed,2,1,0.5,4.0,2048,2048,256,1024,640,2238.71,2241.237,2239.223,0.203
mixed,2,1,0.5,4.0,2048,2048,512,2048,1280,2241.015,2248.376,2244.314,0.4482
mixed,2,1,0.5,4.0,2048,2048,1024,4096,2560,2259.894,2281.301,2261.591,0.0793
mixed,2,1,0.5,4.0,2048,2048,2048,8192,5120,2297.365,2332.503,2303.892,0.1858
mixed,2,1,0.5,4.0,2048,2048,4096,16384,10240,2352.6,2419.99,2355.827,0.0479
mixed,2,1,0.5,4.0,2048,4096,128,512,320,3334.353,3331.792,3330.095,
mixed,2,1,0.5,4.0,2048,4096,256,1024,640,3332.625,3335.696,3335.059,0.7926
mixed,2,1,0.5,4.0,2048,4096,512,2048,1280,3338.255,3345.266,3339.791,0.2191
mixed,2,1,0.5,4.0,2048,4096,1024,4096,2560,3353.422,3376.817,3357.589,0.1781
mixed,2,1,0.5,4.0,2048,4096,2048,8192,5120,3391.761,3430.066,3394.29,0.066
mixed,2,1,0.5,4.0,2048,4096,4096,16384,10240,3446.674,3518.963,3451.951,0.073
mixed,2,1,0.5,4.0,2048,8192,128,512,320,5535.501,5534.57,5528.935,
mixed,2,1,0.5,4.0,2048,8192,256,1024,640,5532.262,5535.62,5527.75,-1.3437
mixed,2,1,0.5,4.0,2048,8192,512,2048,1280,5533.892,5544.074,5534.826,0.0917
mixed,2,1,0.5,4.0,2048,8192,1024,4096,2560,5556.361,5578.73,5558.121,0.0787
mixed,2,1,0.5,4.0,2048,8192,2048,8192,5120,5595.045,5624.841,5592.906,-0.0718
mixed,2,1,0.5,4.0,2048,8192,4096,16384,10240,5645.197,5717.065,5654.983,0.1362
pure,4,1,0.25,4.0,0,0,128,512,224,60.831,63.552,60.958,0.0467
pure,4,1,0.25,4.0,0,0,256,1024,448,63.743,69.887,64.159,0.0677
pure,4,1,0.25,4.0,0,0,512,2048,896,67.841,94.336,68.895,0.0398
pure,4,1,0.25,4.0,0,0,1024,4096,1792,88.352,143.071,90.592,0.0409
pure,4,1,0.25,4.0,0,0,2048,8192,3584,131.424,228.703,134.303,0.0296
pure,4,1,0.25,4.0,0,0,4096,16384,7168,206.529,400.894,211.262,0.0244
mixed,4,1,0.25,4.0,16,0,128,512,224,81.532,83.776,81.566,0.0152
mixed,4,1,0.25,4.0,16,0,256,1024,448,83.585,90.209,84.033,0.0676
mixed,4,1,0.25,4.0,16,0,512,2048,896,88.063,113.439,89.569,0.0593
mixed,4,1,0.25,4.0,16,0,1024,4096,1792,109.533,164.35,111.359,0.0333
mixed,4,1,0.25,4.0,16,0,2048,8192,3584,152.895,252.703,154.303,0.0141
mixed,4,1,0.25,4.0,16,0,4096,16384,7168,228.863,418.784,225.405,-0.0182
mixed,4,1,0.25,4.0,16,512,128,512,224,115.711,117.92,114.813,-0.4065
mixed,4,1,0.25,4.0,16,512,256,1024,448,117.152,122.88,117.216,0.0112
mixed,4,1,0.25,4.0,16,512,512,2048,896,121.184,149.952,122.177,0.0345
mixed,4,1,0.25,4.0,16,512,1024,4096,1792,145.28,199.295,147.038,0.0325
mixed,4,1,0.25,4.0,16,512,2048,8192,3584,188.544,285.952,191.39,0.0292
mixed,4,1,0.25,4.0,16,512,4096,16384,7168,263.872,463.037,262.143,-0.0087
mixed,4,1,0.25,4.0,16,1024,128,512,224,116.574,119.359,116.385,-0.0679
mixed,4,1,0.25,4.0,16,1024,256,1024,448,118.625,125.44,119.263,0.0936
mixed,4,1,0.25,4.0,16,1024,512,2048,896,122.525,153.055,124.129,0.0525
mixed,4,1,0.25,4.0,16,1024,1024,4096,1792,145.407,201.409,148.096,0.048
mixed,4,1,0.25,4.0,16,1024,2048,8192,3584,191.518,289.151,193.181,0.017
mixed,4,1,0.25,4.0,16,1024,4096,16384,7168,266.334,459.264,266.366,0.0002
mixed,4,1,0.25,4.0,16,2048,128,512,224,119.519,122.559,119.713,0.0638
mixed,4,1,0.25,4.0,16,2048,256,1024,448,121.343,128.256,122.527,0.1713
mixed,4,1,0.25,4.0,16,2048,512,2048,896,126.112,157.342,127.487,0.044
mixed,4,1,0.25,4.0,16,2048,1024,4096,1792,150.271,205.853,153.345,0.0553
mixed,4,1,0.25,4.0,16,2048,2048,8192,3584,196.417,295.615,197.823,0.0142
mixed,4,1,0.25,4.0,16,2048,4096,16384,7168,270.559,466.818,269.469,-0.0056
mixed,4,1,0.25,4.0,16,4096,128,512,224,127.777,130.304,127.999,0.0879
mixed,4,1,0.25,4.0,16,4096,256,1024,448,130.656,137.281,130.944,0.0435
mixed,4,1,0.25,4.0,16,4096,512,2048,896,134.303,167.04,135.777,0.045
mixed,4,1,0.25,4.0,16,4096,1024,4096,1792,160.832,218.142,162.688,0.0324
mixed,4,1,0.25,4.0,16,4096,2048,8192,3584,207.075,307.741,209.375,0.0228
mixed,4,1,0.25,4.0,16,4096,4096,16384,7168,280.801,478.236,283.326,0.0128
mixed,4,1,0.25,4.0,16,8192,128,512,224,159.424,162.432,158.495,-0.3088
mixed,4,1,0.25,4.0,16,8192,256,1024,448,161.568,168.254,161.599,0.0046
mixed,4,1,0.25,4.0,16,8192,512,2048,896,165.952,200.831,167.133,0.0339
mixed,4,1,0.25,4.0,16,8192,1024,4096,1792,193.085,254.75,195.007,0.0312
mixed,4,1,0.25,4.0,16,8192,2048,8192,3584,243.679,342.876,244.224,0.0055
mixed,4,1,0.25,4.0,16,8192,4096,16384,7168,315.489,512.028,316.317,0.0042
mixed,4,1,0.25,4.0,32,0,128,512,224,112.864,114.431,112.446,-0.2668
mixed,4,1,0.25,4.0,32,0,256,1024,448,113.855,121.215,115.007,0.1565
mixed,4,1,0.25,4.0,32,0,512,2048,896,118.656,149.409,120.704,0.0666
mixed,4,1,0.25,4.0,32,0,1024,4096,1792,141.408,198.496,144.511,0.0544
mixed,4,1,0.25,4.0,32,0,2048,8192,3584,186.718,288.032,190.752,0.0398
mixed,4,1,0.25,4.0,32,0,4096,16384,7168,261.376,458.528,264.061,0.0136
mixed,4,1,0.25,4.0,32,512,128,512,224,136.864,139.423,136.257,-0.2372
mixed,4,1,0.25,4.0,32,512,256,1024,448,139.136,145.888,139.36,0.0332
mixed,4,1,0.25,4.0,32,512,512,2048,896,143.168,175.071,145.311,0.0672
mixed,4,1,0.25,4.0,32,512,1024,4096,1792,169.087,227.517,170.463,0.0235
mixed,4,1,0.25,4.0,32,512,2048,8192,3584,213.696,311.103,217.213,0.0361
mixed,4,1,0.25,4.0,32,512,4096,16384,7168,286.687,484.573,291.487,0.0243
mixed,4,1,0.25,4.0,32,1024,128,512,224,137.407,139.68,137.12,-0.1263
mixed,4,1,0.25,4.0,32,1024,256,1024,448,139.008,147.837,140.03,0.1158
mixed,4,1,0.25,4.0,32,1024,512,2048,896,144.863,177.025,146.079,0.0378
mixed,4,1,0.25,4.0,32,1024,1024,4096,1792,170.079,227.713,172.126,0.0355
mixed,4,1,0.25,4.0,32,1024,2048,8192,3584,215.937,317.183,217.758,0.018
mixed,4,1,0.25,4.0,32,1024,4096,16384,7168,290.112,488.445,293.982,0.0195
mixed,4,1,0.25,4.0,32,2048,128,512,224,142.238,146.045,141.855,-0.1006
mixed,4,1,0.25,4.0,32,2048,256,1024,448,145.25,153.054,145.982,0.0938
mixed,4,1,0.25,4.0,32,2048,512,2048,896,150.881,185.504,153.247,0.0683
mixed,4,1,0.25,4.0,32,2048,1024,4096,1792,176.734,236.48,179.679,0.0493
mixed,4,1,0.25,4.0,32,2048,2048,8192,3584,225.152,324.477,228.095,0.0296
mixed,4,1,0.25,4.0,32,2048,4096,16384,7168,301.12,497.148,300.864,-0.0013
mixed,4,1,0.25,4.0,32,4096,128,512,224,155.901,158.912,155.902,0.0003
mixed,4,1,0.25,4.0,32,4096,256,1024,448,158.079,165.917,159.071,0.1266
mixed,4,1,0.25,4.0,32,4096,512,2048,896,163.679,198.173,164.96,0.0371
mixed,4,1,0.25,4.0,32,4096,1024,4096,1792,191.997,252.127,192.094,0.0016
mixed,4,1,0.25,4.0,32,4096,2048,8192,3584,241.117,340.86,244.159,0.0305
mixed,4,1,0.25,4.0,32,4096,4096,16384,7168,318.783,511.836,316.861,-0.01
mixed,4,1,0.25,4.0,32,8192,128,512,224,248.896,254.877,246.43,-0.4123
mixed,4,1,0.25,4.0,32,8192,256,1024,448,253.12,262.145,252.83,-0.0321
mixed,4,1,0.25,4.0,32,8192,512,2048,896,260.638,292.478,259.904,-0.0231
mixed,4,1,0.25,4.0,32,8192,1024,4096,1792,286.466,342.4,287.617,0.0206
mixed,4,1,0.25,4.0,32,8192,2048,8192,3584,331.55,426.686,335.647,0.0431
mixed,4,1,0.25,4.0,32,8192,4096,16384,7168,407.231,601.405,412.22,0.0257
mixed,4,1,0.25,4.0,64,0,128,512,224,112.32,116.03,111.872,-0.1208
mixed,4,1,0.25,4.0,64,0,256,1024,448,115.967,121.28,116.48,0.0966
mixed,4,1,0.25,4.0,64,0,512,2048,896,118.622,153.311,120.319,0.0489
mixed,4,1,0.25,4.0,64,0,1024,4096,1792,145.728,202.465,147.584,0.0327
mixed,4,1,0.25,4.0,64,0,2048,8192,3584,192.67,292.32,194.559,0.019
mixed,4,1,0.25,4.0,64,0,4096,16384,7168,268.448,460.48,266.432,-0.0105
mixed,4,1,0.25,4.0,64,512,128,512,224,141.822,145.252,141.278,-0.1586
mixed,4,1,0.25,4.0,64,512,256,1024,448,144.254,152.862,145.247,0.1154
mixed,4,1,0.25,4.0,64,512,512,2048,896,150.111,185.021,151.359,0.0357
mixed,4,1,0.25,4.0,64,512,1024,4096,1792,177.407,239.392,178.589,0.0191
mixed,4,1,0.25,4.0,64,512,2048,8192,3584,226.622,325.947,229.406,0.028
mixed,4,1,0.25,4.0,64,512,4096,16384,7168,303.326,500.287,302.721,-0.0031
mixed,4,1,0.25,4.0,64,1024,128,512,224,147.841,151.265,146.783,-0.309
mixed,4,1,0.25,4.0,64,1024,256,1024,448,149.6,158.976,150.175,0.0613
mixed,4,1,0.25,4.0,64,1024,512,2048,896,155.711,191.229,157.887,0.0613
mixed,4,1,0.25,4.0,64,1024,1024,4096,1792,184.384,243.902,186.976,0.0435
mixed,4,1,0.25,4.0,64,1024,2048,8192,3584,234.4,332.991,236.766,0.024
mixed,4,1,0.25,4.0,64,1024,4096,16384,7168,309.311,508.158,310.016,0.0035
mixed,4,1,0.25,4.0,64,2048,128,512,224,158.24,162.335,158.143,-0.0237
mixed,4,1,0.25,4.0,64,2048,256,1024,448,161.95,169.088,162.271,0.045
mixed,4,1,0.25,4.0,64,2048,512,2048,896,165.887,202.204,167.263,0.0379
mixed,4,1,0.25,4.0,64,2048,1024,4096,1792,194.399,256.863,196.8,0.0384
mixed,4,1,0.25,4.0,64,2048,2048,8192,3584,244.737,345.437,248.124,0.0336
mixed,4,1,0.25,4.0,64,2048,4096,16384,7168,321.628,516.253,322.335,0.0036
mixed,4,1,0.25,4.0,64,4096,128,512,224,235.099,239.456,236.287,0.2727
mixed,4,1,0.25,4.0,64,4096,256,1024,448,239.806,246.463,239.582,-0.0336
mixed,4,1,0.25,4.0,64,4096,512,2048,896,244.927,279.649,245.921,0.0286
mixed,4,1,0.25,4.0,64,4096,1024,4096,1792,273.117,332.415,273.473,0.006
mixed,4,1,0.25,4.0,64,4096,2048,8192,3584,320.865,419.647,323.869,0.0304
mixed,4,1,0.25,4.0,64,4096,4096,16384,7168,395.518,587.648,398.908,0.0176
mixed,4,1,0.25,4.0,64,8192,128,512,224,314.112,318.718,315.937,0.3962
mixed,4,1,0.25,4.0,64,8192,256,1024,448,318.335,328.09,318.784,0.046
mixed,4,1,0.25,4.0,64,8192,512,2048,896,324.797,362.145,326.493,0.0454
mixed,4,1,0.25,4.0,64,8192,1024,4096,1792,352.545,412.383,353.439,0.0149
mixed,4,1,0.25,4.0,64,8192,2048,8192,3584,400.895,499.167,402.72,0.0186
mixed,4,1,0.25,4.0,64,8192,4096,16384,7168,477.34,670.494,472.446,-0.0253
mixed,4,1,0.25,4.0,128,0,128,512,224,121.983,124.8,121.567,-0.1477
mixed,4,1,0.25,4.0,128,0,256,1024,448,123.964,130.271,124.892,0.1471
mixed,4,1,0.25,4.0,128,0,512,2048,896,128.576,158.977,130.306,0.0569
mixed,4,1,0.25,4.0,128,0,1024,4096,1792,152.8,210.271,154.815,0.0351
mixed,4,1,0.25,4.0,128,0,2048,8192,3584,199.297,295.071,198.655,-0.0067
mixed,4,1,0.25,4.0,128,0,4096,16384,7168,273.344,466.816,271.871,-0.0076
mixed,4,1,0.25,4.0,128,512,128,512,224,158.334,161.248,157.279,-0.362
mixed,4,1,0.25,4.0,128,512,256,1024,448,160.704,168.286,161.888,0.1562
mixed,4,1,0.25,4.0,128,512,512,2048,896,164.991,202.109,166.846,0.05
mixed,4,1,0.25,4.0,128,512,1024,4096,1792,193.884,255.966,196.96,0.0495
mixed,4,1,0.25,4.0,128,512,2048,8192,3584,243.294,342.559,245.152,0.0187
mixed,4,1,0.25,4.0,128,512,4096,16384,7168,319.261,510.493,320.799,0.008
mixed,4,1,0.25,4.0,128,1024,128,512,224,165.823,168.993,165.503,-0.1009
mixed,4,1,0.25,4.0,128,1024,256,1024,448,167.295,177.152,168.959,0.1688
mixed,4,1,0.25,4.0,128,1024,512,2048,896,173.826,208.928,175.36,0.0437
mixed,4,1,0.25,4.0,128,1024,1024,4096,1792,201.182,263.264,205.023,0.0619
mixed,4,1,0.25,4.0,128,1024,2048,8192,3584,253.375,353.883,252.8,-0.0057
mixed,4,1,0.25,4.0,128,1024,4096,16384,7168,329.151,520.575,330.017,0.0045
mixed,4,1,0.25,4.0,128,2048,128,512,224,239.808,245.6,241.052,0.2148
mixed,4,1,0.25,4.0,128,2048,256,1024,448,243.167,251.359,245.533,0.2888
mixed,4,1,0.25,4.0,128,2048,512,2048,896,250.879,284.736,249.696,-0.0349
mixed,4,1,0.25,4.0,128,2048,1024,4096,1792,277.727,337.47,281.056,0.0557
mixed,4,1,0.25,4.0,128,2048,2048,8192,3584,325.597,430.526,327.137,0.0147
mixed,4,1,0.25,4.0,128,2048,4096,16384,7168,400.993,601.664,400.383,-0.003
mixed,4,1,0.25,4.0,128,4096,128,512,224,318.847,323.872,320.321,0.2933
mixed,4,1,0.25,4.0,128,4096,256,1024,448,321.888,333.66,322.942,0.0895
mixed,4,1,0.25,4.0,128,4096,512,2048,896,328.161,364.158,329.533,0.0381
mixed,4,1,0.25,4.0,128,4096,1024,4096,1792,356.029,417.054,357.951,0.0315
mixed,4,1,0.25,4.0,128,4096,2048,8192,3584,403.067,504.732,406.207,0.0309
mixed,4,1,0.25,4.0,128,4096,4096,16384,7168,484.413,677.629,479.997,-0.0229
mixed,4,1,0.25,4.0,128,8192,128,512,224,466.623,472.352,466.78,0.0274
mixed,4,1,0.25,4.0,128,8192,256,1024,448,470.557,475.872,470.878,0.0604
mixed,4,1,0.25,4.0,128,8192,512,2048,896,474.687,511.103,476.992,0.0633
mixed,4,1,0.25,4.0,128,8192,1024,4096,1792,503.071,562.013,503.709,0.0108
mixed,4,1,0.25,4.0,128,8192,2048,8192,3584,552.062,650.109,553.152,0.0111
mixed,4,1,0.25,4.0,128,8192,4096,16384,7168,624.38,820.509,625.63,0.0064
mixed,4,1,0.25,4.0,256,0,128,512,224,180.382,183.133,181.793,0.5129
mixed,4,1,0.25,4.0,256,0,256,1024,448,182.944,191.038,183.902,0.1184
mixed,4,1,0.25,4.0,256,0,512,2048,896,188.735,221.825,190.336,0.0484
mixed,4,1,0.25,4.0,256,0,1024,4096,1792,215.038,278.813,217.887,0.0447
mixed,4,1,0.25,4.0,256,0,2048,8192,3584,268.607,365.149,269.025,0.0043
mixed,4,1,0.25,4.0,256,0,4096,16384,7168,342.111,540.192,344.702,0.0131
mixed,4,1,0.25,4.0,256,512,128,512,224,245.758,249.502,245.697,-0.0163
mixed,4,1,0.25,4.0,256,512,256,1024,448,249.725,257.216,250.719,0.1327
mixed,4,1,0.25,4.0,256,512,512,2048,896,257.088,289.92,255.678,-0.0429
mixed,4,1,0.25,4.0,256,512,1024,4096,1792,280.32,345.566,286.111,0.0888
mixed,4,1,0.25,4.0,256,512,2048,8192,3584,331.615,434.396,335.072,0.0336
mixed,4,1,0.25,4.0,256,512,4096,16384,7168,410.335,606.236,409.792,-0.0028
mixed,4,1,0.25,4.0,256,1024,128,512,224,301.499,305.247,302.623,0.2999
mixed,4,1,0.25,4.0,256,1024,256,1024,448,305.149,313.022,305.726,0.0733
mixed,4,1,0.25,4.0,256,1024,512,2048,896,310.942,345.662,312.704,0.0507
mixed,4,1,0.25,4.0,256,1024,1024,4096,1792,338.878,398.557,341.758,0.0483
mixed,4,1,0.25,4.0,256,1024,2048,8192,3584,386.813,486.269,387.134,0.0032
mixed,4,1,0.25,4.0,256,1024,4096,16384,7168,462.783,656.734,462.719,-0.0003
mixed,4,1,0.25,4.0,256,2048,128,512,224,338.367,343.038,337.213,-0.2471
mixed,4,1,0.25,4.0,256,2048,256,1024,448,341.951,350.304,341.564,-0.0463
mixed,4,1,0.25,4.0,256,2048,512,2048,896,345.182,380.638,347.645,0.0695
mixed,4,1,0.25,4.0,256,2048,1024,4096,1792,374.556,431.549,378.24,0.0646
mixed,4,1,0.25,4.0,256,2048,2048,8192,3584,421.023,519.516,424.862,0.039
mixed,4,1,0.25,4.0,256,2048,4096,16384,7168,497.788,695.1,497.406,-0.0019
mixed,4,1,0.25,4.0,256,4096,128,512,224,482.304,485.534,480.991,-0.4065
mixed,4,1,0.25,4.0,256,4096,256,1024,448,484.702,494.014,485.403,0.0753
mixed,4,1,0.25,4.0,256,4096,512,2048,896,488.992,526.367,490.046,0.0282
mixed,4,1,0.25,4.0,256,4096,1024,4096,1792,515.421,577.726,519.9,0.0719
mixed,4,1,0.25,4.0,256,4096,2048,8192,3584,567.741,663.773,567.932,0.002
mixed,4,1,0.25,4.0,256,4096,4096,16384,7168,643.295,841.884,644.381,0.0055
mixed,4,1,0.25,4.0,256,8192,128,512,224,727.071,732.541,726.716,-0.0649
mixed,4,1,0.25,4.0,256,8192,256,1024,448,730.333,739.516,728.7,-0.1778
mixed,4,1,0.25,4.0,256,8192,512,2048,896,737.02,772.157,737.053,0.0009
mixed,4,1,0.25,4.0,256,8192,1024,4096,1792,765.5,824.029,766.075,0.0098
mixed,4,1,0.25,4.0,256,8192,2048,8192,3584,812.507,909.02,811.869,-0.0066
mixed,4,1,0.25,4.0,256,8192,4096,16384,7168,882.843,1079.452,886.172,0.0169
mixed,4,1,0.25,4.0,512,0,128,512,224,299.328,302.686,299.259,-0.0205
mixed,4,1,0.25,4.0,512,0,256,1024,448,301.313,311.229,302.656,0.1354
mixed,4,1,0.25,4.0,512,0,512,2048,896,308.412,342.845,309.503,0.0317
mixed,4,1,0.25,4.0,512,0,1024,4096,1792,333.693,396.475,337.44,0.0597
mixed,4,1,0.25,4.0,512,0,2048,8192,3584,384.67,483.197,388.35,0.0374
mixed,4,1,0.25,4.0,512,0,4096,16384,7168,459.103,652.701,460.86,0.0091
mixed,4,1,0.25,4.0,512,512,128,512,224,372.161,375.229,370.622,-0.5016
mixed,4,1,0.25,4.0,512,512,256,1024,448,374.814,383.613,376.384,0.1784
mixed,4,1,0.25,4.0,512,512,512,2048,896,381.117,413.82,381.31,0.0059
mixed,4,1,0.25,4.0,512,512,1024,4096,1792,405.307,467.006,412.574,0.1178
mixed,4,1,0.25,4.0,512,512,2048,8192,3584,457.247,558.431,457.149,-0.001
mixed,4,1,0.25,4.0,512,512,4096,16384,7168,528.414,727.293,532.252,0.0193
mixed,4,1,0.25,4.0,512,1024,128,512,224,438.845,443.519,438.463,-0.0817
mixed,4,1,0.25,4.0,512,1024,256,1024,448,443.035,452.604,442.269,-0.0801
mixed,4,1,0.25,4.0,512,1024,512,2048,896,448.958,483.775,452.414,0.0993
mixed,4,1,0.25,4.0,512,1024,1024,4096,1792,475.293,534.847,480.445,0.0865
mixed,4,1,0.25,4.0,512,1024,2048,8192,3584,523.39,623.421,525.182,0.0179
mixed,4,1,0.25,4.0,512,1024,4096,16384,7168,598.111,793.727,600.126,0.0103
mixed,4,1,0.25,4.0,512,2048,128,512,224,581.278,588.094,583.712,0.3571
mixed,4,1,0.25,4.0,512,2048,256,1024,448,587.901,595.772,586.203,-0.2157
mixed,4,1,0.25,4.0,512,2048,512,2048,896,592.317,625.981,594.46,0.0637
mixed,4,1,0.25,4.0,512,2048,1024,4096,1792,619.932,680.925,621.246,0.0215
mixed,4,1,0.25,4.0,512,2048,2048,8192,3584,667.965,765.978,669.212,0.0127
mixed,4,1,0.25,4.0,512,2048,4096,16384,7168,744.542,940.799,742.3,-0.0114
mixed,4,1,0.25,4.0,512,4096,128,512,224,860.572,865.917,862.463,0.3538
mixed,4,1,0.25,4.0,512,4096,256,1024,448,866.877,874.494,868.537,0.2179
mixed,4,1,0.25,4.0,512,4096,512,2048,896,873.405,904.478,873.598,0.0062
mixed,4,1,0.25,4.0,512,4096,1024,4096,1792,896.35,958.205,900.734,0.0709
mixed,4,1,0.25,4.0,512,4096,2048,8192,3584,948.218,1046.557,949.181,0.0098
mixed,4,1,0.25,4.0,512,4096,4096,16384,7168,1023.519,1219.996,1020.668,-0.0145
mixed,4,1,0.25,4.0,512,8192,128,512,224,1415.226,1419.514,1413.306,-0.4478
mixed,4,1,0.25,4.0,512,8192,256,1024,448,1415.895,1423.577,1417.85,0.2545
mixed,4,1,0.25,4.0,512,8192,512,2048,896,1424.826,1457.147,1425.177,0.0109
mixed,4,1,0.25,4.0,512,8192,1024,4096,1792,1450.234,1512.888,1451.26,0.0164
mixed,4,1,0.25,4.0,512,8192,2048,8192,3584,1499.611,1601.207,1501.753,0.0211
mixed,4,1,0.25,4.0,512,8192,4096,16384,7168,1572.538,1769.21,1573.435,0.0046
mixed,4,1,0.25,4.0,1024,0,128,512,224,553.887,558.108,554.653,0.1815
mixed,4,1,0.25,4.0,1024,0,256,1024,448,556.383,566.332,557.854,0.1479
mixed,4,1,0.25,4.0,1024,0,512,2048,896,562.462,597.63,564.381,0.0546
mixed,4,1,0.25,4.0,1024,0,1024,4096,1792,586.94,647.518,591.677,0.0782
mixed,4,1,0.25,4.0,1024,0,2048,8192,3584,639.519,737.472,639.002,-0.0053
mixed,4,1,0.25,4.0,1024,0,4096,16384,7168,711.197,909.148,713.792,0.0131
mixed,4,1,0.25,4.0,1024,512,128,512,224,731.645,733.981,732.509,0.3699
mixed,4,1,0.25,4.0,1024,512,256,1024,448,736.349,743.966,735.774,-0.0755
mixed,4,1,0.25,4.0,1024,512,512,2048,896,738.909,776.058,740.893,0.0534
mixed,4,1,0.25,4.0,1024,512,1024,4096,1792,767.197,825.212,770.56,0.058
mixed,4,1,0.25,4.0,1024,512,2048,8192,3584,812.636,914.334,815.484,0.028
mixed,4,1,0.25,4.0,1024,512,4096,16384,7168,890.203,1080.6,887.868,-0.0123
mixed,4,1,0.25,4.0,1024,1024,128,512,224,888.379,891.292,888.254,-0.0429
mixed,4,1,0.25,4.0,1024,1024,256,1024,448,892.861,897.246,892.06,-0.1827
mixed,4,1,0.25,4.0,1024,1024,512,2048,896,895.998,933.404,897.022,0.0274
mixed,4,1,0.25,4.0,1024,1024,1024,4096,1792,923.676,979.55,924.638,0.0172
mixed,4,1,0.25,4.0,1024,1024,2048,8192,3584,969.916,1070.523,972.062,0.0213
mixed,4,1,0.25,4.0,1024,1024,4096,16384,7168,1046.205,1241.242,1044.701,-0.0077
mixed,4,1,0.25,4.0,1024,2048,128,512,224,1161.69,1165.881,1163.164,0.3517
mixed,4,1,0.25,4.0,1024,2048,256,1024,448,1166.459,1175.546,1165.178,-0.141
mixed,4,1,0.25,4.0,1024,2048,512,2048,896,1170.297,1208.38,1171.295,0.0262
mixed,4,1,0.25,4.0,1024,2048,1024,4096,1792,1201.755,1259.101,1200.444,-0.0229
mixed,4,1,0.25,4.0,1024,2048,2048,8192,3584,1244.761,1345.115,1244.606,-0.0015
mixed,4,1,0.25,4.0,1024,2048,4096,16384,7168,1319.388,1512.313,1323.26,0.0201
mixed,4,1,0.25,4.0,1024,4096,128,512,224,1717.432,1722.679,1719.13,0.3236
mixed,4,1,0.25,4.0,1024,4096,256,1024,448,1721.753,1729.309,1722.616,0.1142
mixed,4,1,0.25,4.0,1024,4096,512,2048,896,1726.55,1763.193,1726.81,0.0071
mixed,4,1,0.25,4.0,1024,4096,1024,4096,1792,1754.171,1812.312,1759.196,0.0864
mixed,4,1,0.25,4.0,1024,4096,2048,8192,3584,1801.785,1899.802,1805.083,0.0336
mixed,4,1,0.25,4.0,1024,4096,4096,16384,7168,1874.359,2069.08,1883.639,0.0477
mixed,4,1,0.25,4.0,1024,8192,128,512,224,2813.524,2817.525,2806.932,-1.6476
mixed,4,1,0.25,4.0,1024,8192,256,1024,448,2812.885,2826.005,2814.969,0.1588
mixed,4,1,0.25,4.0,1024,8192,512,2048,896,2819.923,2856.628,2820.276,0.0096
mixed,4,1,0.25,4.0,1024,8192,1024,4096,1792,2847.319,2906.357,2849.048,0.0293
mixed,4,1,0.25,4.0,1024,8192,2048,8192,3584,2892.854,2992.724,2895.861,0.0301
mixed,4,1,0.25,4.0,1024,8192,4096,16384,7168,2973.077,3165.428,2973.237,0.0008
mixed,4,1,0.25,4.0,2048,0,128,512,224,1010.365,1013.5,1009.052,-0.4188
mixed,4,1,0.25,4.0,2048,0,256,1024,448,1014.042,1021.499,1014.843,0.1074
mixed,4,1,0.25,4.0,2048,0,512,2048,896,1020.828,1053.274,1019.484,-0.0414
mixed,4,1,0.25,4.0,2048,0,1024,4096,1792,1043.741,1104.733,1047.037,0.054
mixed,4,1,0.25,4.0,2048,0,2048,8192,3584,1095.036,1195.676,1097.597,0.0254
mixed,4,1,0.25,4.0,2048,0,4096,16384,7168,1166.745,1371.288,1172.249,0.0269
mixed,4,1,0.25,4.0,2048,512,128,512,224,1343.386,1344.474,1346.681,3.0285
mixed,4,1,0.25,4.0,2048,512,256,1024,448,1347.61,1358.364,1348.955,0.1251
mixed,4,1,0.25,4.0,2048,512,512,2048,896,1350.617,1389.658,1353.434,0.0722
mixed,4,1,0.25,4.0,2048,512,1024,4096,1792,1378.075,1435.611,1383.864,0.1006
mixed,4,1,0.25,4.0,2048,512,2048,8192,3584,1429.914,1529.434,1431.356,0.0145
mixed,4,1,0.25,4.0,2048,512,4096,16384,7168,1505.143,1702.075,1509.689,0.0231
mixed,4,1,0.25,4.0,2048,1024,128,512,224,1679.765,1685.464,1681.594,0.3209
mixed,4,1,0.25,4.0,2048,1024,256,1024,448,1687.066,1691.414,1684.024,-0.6996
mixed,4,1,0.25,4.0,2048,1024,512,2048,896,1689.945,1725.562,1691.737,0.0503
mixed,4,1,0.25,4.0,2048,1024,1024,4096,1792,1715.479,1777.754,1718.426,0.0473
mixed,4,1,0.25,4.0,2048,1024,2048,8192,3584,1766.68,1867.382,1773.11,0.0639
mixed,4,1,0.25,4.0,2048,1024,4096,16384,7168,1843.675,2038.419,1842.937,-0.0038
mixed,4,1,0.25,4.0,2048,2048,128,512,224,2236.376,2236.503,2233.462,-22.9449
mixed,4,1,0.25,4.0,2048,2048,256,1024,448,2237.398,2243.029,2238.997,0.284
mixed,4,1,0.25,4.0,2048,2048,512,2048,896,2242.936,2276.246,2245.719,0.0835
mixed,4,1,0.25,4.0,2048,2048,1024,4096,1792,2268.341,2327.19,2269.331,0.0168
mixed,4,1,0.25,4.0,2048,2048,2048,8192,3584,2319.477,2417.717,2318.102,-0.014
mixed,4,1,0.25,4.0,2048,2048,4096,16384,7168,2390.069,2584.309,2394.549,0.0231
mixed,4,1,0.25,4.0,2048,4096,128,512,224,3324.239,3332.208,3322.863,-0.1727
mixed,4,1,0.25,4.0,2048,4096,256,1024,448,3331.633,3341.17,3331.379,-0.0266
mixed,4,1,0.25,4.0,2048,4096,512,2048,896,3333.037,3374.386,3337.234,0.1015
mixed,4,1,0.25,4.0,2048,4096,1024,4096,1792,3364.11,3422.577,3367.441,0.057
mixed,4,1,0.25,4.0,2048,4096,2048,8192,3584,3411.503,3508.562,3413.969,0.0254
mixed,4,1,0.25,4.0,2048,4096,4096,16384,7168,3486.512,3681.65,3487.216,0.0036
mixed,4,1,0.25,4.0,2048,8192,128,512,224,5528.421,5531.368,5522.147,-2.1289
mixed,4,1,0.25,4.0,2048,8192,256,1024,448,5530.734,5534.216,5526.635,-1.1772
mixed,4,1,0.25,4.0,2048,8192,512,2048,896,5531.69,5564.68,5538.315,0.2008
mixed,4,1,0.25,4.0,2048,8192,1024,4096,1792,5557.291,5624.49,5561.801,0.0671
mixed,4,1,0.25,4.0,2048,8192,2048,8192,3584,5608.005,5709.863,5609.323,0.0129
mixed,4,1,0.25,4.0,2048,8192,4096,16384,7168,5686.215,5875.753,5680.872,-0.0282
pure,4,2,0.5,4.0,0,0,128,512,320,61.376,63.648,61.249,-0.0559
pure,4,2,0.5,4.0,0,0,256,1024,640,64.895,69.184,66.432,0.3584
pure,4,2,0.5,4.0,0,0,512,2048,1280,81.472,93.407,82.944,0.1233
pure,4,2,0.5,4.0,0,0,1024,4096,2560,108.575,143.711,106.624,-0.0555
pure,4,2,0.5,4.0,0,0,2048,8192,5120,159.105,226.464,167.488,0.1245
pure,4,2,0.5,4.0,0,0,4096,16384,10240,270.878,407.615,274.302,0.025
mixed,4,2,0.5,4.0,16,0,128,512,320,82.433,83.711,81.858,-0.4499
mixed,4,2,0.5,4.0,16,0,256,1024,640,84.928,90.4,86.015,0.1986
mixed,4,2,0.5,4.0,16,0,512,2048,1280,103.392,114.142,103.104,-0.0268
mixed,4,2,0.5,4.0,16,0,1024,4096,2560,129.632,165.311,127.71,-0.0539
mixed,4,2,0.5,4.0,16,0,2048,8192,5120,182.175,251.588,189.6,0.107
mixed,4,2,0.5,4.0,16,0,4096,16384,10240,289.501,427.742,295.389,0.0426
mixed,4,2,0.5,4.0,16,512,128,512,320,116.158,117.056,115.649,-0.5668
mixed,4,2,0.5,4.0,16,512,256,1024,640,118.4,123.264,119.518,0.2299
mixed,4,2,0.5,4.0,16,512,512,2048,1280,134.048,149.535,136.926,0.1858
mixed,4,2,0.5,4.0,16,512,1024,4096,2560,166.336,197.568,162.205,-0.1323
mixed,4,2,0.5,4.0,16,512,2048,8192,5120,217.247,283.999,223.905,0.0997
mixed,4,2,0.5,4.0,16,512,4096,16384,10240,329.31,457.564,329.472,0.0013
mixed,4,2,0.5,4.0,16,1024,128,512,320,117.374,119.389,116.801,-0.2844
mixed,4,2,0.5,4.0,16,1024,256,1024,640,120.64,124.799,121.311,0.1613
mixed,4,2,0.5,4.0,16,1024,512,2048,1280,137.246,152.863,138.754,0.0966
mixed,4,2,0.5,4.0,16,1024,1024,4096,2560,169.376,203.075,165.601,-0.112
mixed,4,2,0.5,4.0,16,1024,2048,8192,5120,217.92,289.568,226.752,0.1233
mixed,4,2,0.5,4.0,16,1024,4096,16384,10240,328.191,463.359,333.536,0.0395
mixed,4,2,0.5,4.0,16,2048,128,512,320,120.765,122.527,120.48,-0.1617
mixed,4,2,0.5,4.0,16,2048,256,1024,640,123.421,128.895,124.803,0.2525
mixed,4,2,0.5,4.0,16,2048,512,2048,1280,142.944,157.151,142.462,-0.0339
mixed,4,2,0.5,4.0,16,2048,1024,4096,2560,173.759,205.44,170.206,-0.1121
mixed,4,2,0.5,4.0,16,2048,2048,8192,5120,223.457,293.472,231.871,0.1202
mixed,4,2,0.5,4.0,16,2048,4096,16384,10240,334.205,465.534,339.806,0.0426
mixed,4,2,0.5,4.0,16,4096,128,512,320,129.152,130.4,128.8,-0.2821
mixed,4,2,0.5,4.0,16,4096,256,1024,640,131.873,136.929,133.792,0.3795
mixed,4,2,0.5,4.0,16,4096,512,2048,1280,151.423,167.903,151.168,-0.0155
mixed,4,2,0.5,4.0,16,4096,1024,4096,2560,183.744,217.534,183.071,-0.0199
mixed,4,2,0.5,4.0,16,4096,2048,8192,5120,234.591,308.031,243.071,0.1155
mixed,4,2,0.5,4.0,16,4096,4096,16384,10240,345.567,478.047,350.27,0.0355
mixed,4,2,0.5,4.0,16,8192,128,512,320,160.098,160.925,160.416,0.3845
mixed,4,2,0.5,4.0,16,8192,256,1024,640,162.911,168.51,163.615,0.1257
mixed,4,2,0.5,4.0,16,8192,512,2048,1280,182.751,199.456,182.079,-0.0402
mixed,4,2,0.5,4.0,16,8192,1024,4096,2560,216.958,253.789,217.312,0.0096
mixed,4,2,0.5,4.0,16,8192,2048,8192,5120,270.654,338.526,279.006,0.1231
mixed,4,2,0.5,4.0,16,8192,4096,16384,10240,383.359,515.9,385.278,0.0145
mixed,4,2,0.5,4.0,32,0,128,512,320,113.247,114.56,113.055,-0.1462
mixed,4,2,0.5,4.0,32,0,256,1024,640,116.064,121.055,117.057,0.199
mixed,4,2,0.5,4.0,32,0,512,2048,1280,134.238,149.086,134.655,0.0281
mixed,4,2,0.5,4.0,32,0,1024,4096,2560,164.319,198.88,163.134,-0.0343
mixed,4,2,0.5,4.0,32,0,2048,8192,5120,215.711,288.541,225.248,0.1309
mixed,4,2,0.5,4.0,32,0,4096,16384,10240,324.095,459.166,332.863,0.0649
mixed,4,2,0.5,4.0,32,512,128,512,320,137.314,138.399,137.599,0.2627
mixed,4,2,0.5,4.0,32,512,256,1024,640,139.841,145.986,141.022,0.1922
mixed,4,2,0.5,4.0,32,512,512,2048,1280,159.104,174.911,158.815,-0.0183
mixed,4,2,0.5,4.0,32,512,1024,4096,2560,191.648,226.145,189.855,-0.052
mixed,4,2,0.5,4.0,32,512,2048,8192,5120,243.869,313.757,250.754,0.0985
mixed,4,2,0.5,4.0,32,512,4096,16384,10240,353.726,485.376,361.026,0.0555
mixed,4,2,0.5,4.0,32,1024,128,512,320,137.758,139.679,137.853,0.0495
mixed,4,2,0.5,4.0,32,1024,256,1024,640,140.447,147.327,141.918,0.2138
mixed,4,2,0.5,4.0,32,1024,512,2048,1280,160.225,178.176,159.292,-0.052
mixed,4,2,0.5,4.0,32,1024,1024,4096,2560,193.759,227.519,192.192,-0.0464
mixed,4,2,0.5,4.0,32,1024,2048,8192,5120,244.224,316.382,252.096,0.1091
mixed,4,2,0.5,4.0,32,1024,4096,16384,10240,357.633,489.95,362.398,0.036
mixed,4,2,0.5,4.0,32,2048,128,512,320,143.615,146.143,143.488,-0.0502
mixed,4,2,0.5,4.0,32,2048,256,1024,640,147.58,153.856,148.575,0.1585
mixed,4,2,0.5,4.0,32,2048,512,2048,1280,166.655,186.175,167.36,0.0361
mixed,4,2,0.5,4.0,32,2048,1024,4096,2560,201.374,237.791,199.644,-0.0475
mixed,4,2,0.5,4.0,32,2048,2048,8192,5120,251.423,321.502,260.736,0.1329
mixed,4,2,0.5,4.0,32,2048,4096,16384,10240,364.414,497.727,369.024,0.0346
mixed,4,2,0.5,4.0,32,4096,128,512,320,157.441,158.847,155.868,-1.1188
mixed,4,2,0.5,4.0,32,4096,256,1024,640,160.159,166.273,160.608,0.0734
mixed,4,2,0.5,4.0,32,4096,512,2048,1280,180.477,199.327,179.457,-0.0541
mixed,4,2,0.5,4.0,32,4096,1024,4096,2560,216.19,252.927,215.488,-0.0191
mixed,4,2,0.5,4.0,32,4096,2048,8192,5120,267.869,340.863,275.999,0.1114
mixed,4,2,0.5,4.0,32,4096,4096,16384,10240,383.358,512.062,385.632,0.0177
mixed,4,2,0.5,4.0,32,8192,128,512,320,247.582,251.068,249.887,0.6612
mixed,4,2,0.5,4.0,32,8192,256,1024,640,253.793,261.184,255.423,0.2205
mixed,4,2,0.5,4.0,32,8192,512,2048,1280,273.63,293.983,272.449,-0.058
mixed,4,2,0.5,4.0,32,8192,1024,4096,2560,308.124,344.095,309.246,0.0312
mixed,4,2,0.5,4.0,32,8192,2048,8192,5120,365.279,431.997,368.574,0.0494
mixed,4,2,0.5,4.0,32,8192,4096,16384,10240,472.638,604.793,477.727,0.0385
mixed,4,2,0.5,4.0,64,0,128,512,320,112.926,115.679,112.608,-0.1155
mixed,4,2,0.5,4.0,64,0,256,1024,640,117.629,121.374,117.665,0.0096
mixed,4,2,0.5,4.0,64,0,512,2048,1280,135.168,152.512,134.239,-0.0536
mixed,4,2,0.5,4.0,64,0,1024,4096,2560,169.792,204.929,165.055,-0.1348
mixed,4,2,0.5,4.0,64,0,2048,8192,5120,221.568,289.919,228.831,0.1063
mixed,4,2,0.5,4.0,64,0,4096,16384,10240,330.462,462.176,335.937,0.0416
mixed,4,2,0.5,4.0,64,512,128,512,320,143.325,144.419,142.337,-0.9031
mixed,4,2,0.5,4.0,64,512,256,1024,640,146.047,153.503,147.296,0.1675
mixed,4,2,0.5,4.0,64,512,512,2048,1280,166.816,183.548,166.368,-0.0268
mixed,4,2,0.5,4.0,64,512,1024,4096,2560,202.368,237.825,200.096,-0.0641
mixed,4,2,0.5,4.0,64,512,2048,8192,5120,256.447,325.375,262.08,0.0817
mixed,4,2,0.5,4.0,64,512,4096,16384,10240,365.825,498.783,371.39,0.0419
mixed,4,2,0.5,4.0,64,1024,128,512,320,149.184,150.337,148.16,-0.8881
mixed,4,2,0.5,4.0,64,1024,256,1024,640,152.672,159.615,153.341,0.0964
mixed,4,2,0.5,4.0,64,1024,512,2048,1280,172.511,190.143,172.351,-0.0091
mixed,4,2,0.5,4.0,64,1024,1024,4096,2560,209.085,245.086,206.24,-0.079
mixed,4,2,0.5,4.0,64,1024,2048,8192,5120,261.599,330.527,268.448,0.0994
mixed,4,2,0.5,4.0,64,1024,4096,16384,10240,369.693,504.962,378.205,0.0629
mixed,4,2,0.5,4.0,64,2048,128,512,320,159.712,161.277,158.945,-0.4901
mixed,4,2,0.5,4.0,64,2048,256,1024,640,162.399,169.41,163.998,0.2281
mixed,4,2,0.5,4.0,64,2048,512,2048,1280,183.391,201.119,183.584,0.0109
mixed,4,2,0.5,4.0,64,2048,1024,4096,2560,218.56,257.953,216.419,-0.0543
mixed,4,2,0.5,4.0,64,2048,2048,8192,5120,271.777,343.617,280.544,0.122
mixed,4,2,0.5,4.0,64,2048,4096,16384,10240,382.303,515.231,387.617,0.04
mixed,4,2,0.5,4.0,64,4096,128,512,320,236.19,236.832,237.119,1.447
mixed,4,2,0.5,4.0,64,4096,256,1024,640,242.621,248.064,241.022,-0.2938
mixed,4,2,0.5,4.0,64,4096,512,2048,1280,259.905,279.742,259.2,-0.0355
mixed,4,2,0.5,4.0,64,4096,1024,4096,2560,297.311,334.017,294.91,-0.0654
mixed,4,2,0.5,4.0,64,4096,2048,8192,5120,350.238,422.047,357.277,0.098
mixed,4,2,0.5,4.0,64,4096,4096,16384,10240,459.389,590.206,465.405,0.046
mixed,4,2,0.5,4.0,64,8192,128,512,320,314.943,319.037,315.454,0.1248
mixed,4,2,0.5,4.0,64,8192,256,1024,640,320.605,325.249,323.006,0.517
mixed,4,2,0.5,4.0,64,8192,512,2048,1280,340.478,359.678,340.255,-0.0116
mixed,4,2,0.5,4.0,64,8192,1024,4096,2560,377.309,411.774,374.048,-0.0946
mixed,4,2,0.5,4.0,64,8192,2048,8192,5120,430.427,497.117,437.886,0.1118
mixed,4,2,0.5,4.0,64,8192,4096,16384,10240,536.831,666.14,543.26,0.0497
mixed,4,2,0.5,4.0,128,0,128,512,320,122.175,124.384,122.654,0.2168
mixed,4,2,0.5,4.0,128,0,256,1024,640,125.119,130.175,126.494,0.272
mixed,4,2,0.5,4.0,128,0,512,2048,1280,143.52,159.168,144.508,0.0631
mixed,4,2,0.5,4.0,128,0,1024,4096,2560,176.0,210.43,172.894,-0.0902
mixed,4,2,0.5,4.0,128,0,2048,8192,5120,227.39,299.423,234.785,0.1027
mixed,4,2,0.5,4.0,128,0,4096,16384,10240,336.8,467.329,341.278,0.0343
mixed,4,2,0.5,4.0,128,512,128,512,320,159.102,161.372,158.306,-0.3507
mixed,4,2,0.5,4.0,128,512,256,1024,640,162.366,168.928,163.969,0.2443
mixed,4,2,0.5,4.0,128,512,512,2048,1280,183.264,202.558,182.848,-0.0216
mixed,4,2,0.5,4.0,128,512,1024,4096,2560,218.623,255.04,216.959,-0.0457
mixed,4,2,0.5,4.0,128,512,2048,8192,5120,271.712,344.031,279.807,0.1119
mixed,4,2,0.5,4.0,128,512,4096,16384,10240,383.613,512.799,385.119,0.0117
mixed,4,2,0.5,4.0,128,1024,128,512,320,166.399,169.185,165.825,-0.206
mixed,4,2,0.5,4.0,128,1024,256,1024,640,170.175,176.512,170.752,0.0911
mixed,4,2,0.5,4.0,128,1024,512,2048,1280,190.529,208.863,190.558,0.0016
mixed,4,2,0.5,4.0,128,1024,1024,4096,2560,226.174,263.517,224.318,-0.0497
mixed,4,2,0.5,4.0,128,1024,2048,8192,5120,282.239,348.83,288.703,0.0971
mixed,4,2,0.5,4.0,128,1024,4096,16384,10240,392.447,521.532,396.127,0.0285
mixed,4,2,0.5,4.0,128,2048,128,512,320,241.151,243.135,242.592,0.7263
mixed,4,2,0.5,4.0,128,2048,256,1024,640,245.376,251.04,247.646,0.4008
mixed,4,2,0.5,4.0,128,2048,512,2048,1280,262.975,284.701,264.223,0.0574
mixed,4,2,0.5,4.0,128,2048,1024,4096,2560,300.957,335.391,297.791,-0.0919
mixed,4,2,0.5,4.0,128,2048,2048,8192,5120,355.007,425.277,360.189,0.0737
mixed,4,2,0.5,4.0,128,2048,4096,16384,10240,462.687,594.301,468.445,0.0437
mixed,4,2,0.5,4.0,128,4096,128,512,320,321.471,324.284,317.468,-1.423
mixed,4,2,0.5,4.0,128,4096,256,1024,640,327.967,332.127,331.679,0.8923
mixed,4,2,0.5,4.0,128,4096,512,2048,1280,346.045,363.712,345.214,-0.047
mixed,4,2,0.5,4.0,128,4096,1024,4096,2560,381.343,417.022,378.527,-0.0789
mixed,4,2,0.5,4.0,128,4096,2048,8192,5120,430.4,505.567,437.407,0.0932
mixed,4,2,0.5,4.0,128,4096,4096,16384,10240,539.902,674.845,547.709,0.0579
mixed,4,2,0.5,4.0,128,8192,128,512,320,468.094,469.086,470.271,2.1946
mixed,4,2,0.5,4.0,128,8192,256,1024,640,473.12,479.485,474.237,0.1755
mixed,4,2,0.5,4.0,128,8192,512,2048,1280,489.565,507.996,487.937,-0.0883
mixed,4,2,0.5,4.0,128,8192,1024,4096,2560,526.783,562.751,523.867,-0.0811
mixed,4,2,0.5,4.0,128,8192,2048,8192,5120,578.781,647.806,585.15,0.0923
mixed,4,2,0.5,4.0,128,8192,4096,16384,10240,686.813,817.533,695.326,0.0651
mixed,4,2,0.5,4.0,256,0,128,512,320,181.6,183.872,181.824,0.0986
mixed,4,2,0.5,4.0,256,0,256,1024,640,184.544,191.071,184.894,0.0536
mixed,4,2,0.5,4.0,256,0,512,2048,1280,204.289,222.24,205.438,0.064
mixed,4,2,0.5,4.0,256,0,1024,4096,2560,242.014,278.592,238.4,-0.0988
mixed,4,2,0.5,4.0,256,0,2048,8192,5120,293.888,368.287,302.048,0.1097
mixed,4,2,0.5,4.0,256,0,4096,16384,10240,404.895,536.511,410.079,0.0394
mixed,4,2,0.5,4.0,256,512,128,512,320,246.719,250.301,246.465,-0.0709
mixed,4,2,0.5,4.0,256,512,256,1024,640,251.744,259.006,253.6,0.2556
mixed,4,2,0.5,4.0,256,512,512,2048,1280,271.614,289.917,272.541,0.0506
mixed,4,2,0.5,4.0,256,512,1024,4096,2560,308.221,345.278,304.319,-0.1053
mixed,4,2,0.5,4.0,256,512,2048,8192,5120,361.439,436.094,368.958,0.1007
mixed,4,2,0.5,4.0,256,512,4096,16384,10240,468.41,607.87,475.135,0.0482
mixed,4,2,0.5,4.0,256,1024,128,512,320,303.165,304.766,302.623,-0.3385
mixed,4,2,0.5,4.0,256,1024,256,1024,640,307.26,313.633,307.584,0.0508
mixed,4,2,0.5,4.0,256,1024,512,2048,1280,323.84,345.889,326.942,0.1407
mixed,4,2,0.5,4.0,256,1024,1024,4096,2560,363.005,396.893,361.023,-0.0585
mixed,4,2,0.5,4.0,256,1024,2048,8192,5120,413.374,488.283,417.983,0.0615
mixed,4,2,0.5,4.0,256,1024,4096,16384,10240,523.196,654.175,526.749,0.0271
mixed,4,2,0.5,4.0,256,2048,128,512,320,339.935,341.151,338.336,-1.315
mixed,4,2,0.5,4.0,256,2048,256,1024,640,343.071,347.871,344.191,0.2333
mixed,4,2,0.5,4.0,256,2048,512,2048,1280,362.783,383.071,362.717,-0.0033
mixed,4,2,0.5,4.0,256,2048,1024,4096,2560,397.599,433.98,395.202,-0.0659
mixed,4,2,0.5,4.0,256,2048,2048,8192,5120,450.015,522.269,457.501,0.1036
mixed,4,2,0.5,4.0,256,2048,4096,16384,10240,561.021,692.409,570.273,0.0704
mixed,4,2,0.5,4.0,256,4096,128,512,320,483.038,485.629,482.814,-0.0865
mixed,4,2,0.5,4.0,256,4096,256,1024,640,488.541,493.759,488.223,-0.0609
mixed,4,2,0.5,4.0,256,4096,512,2048,1280,505.151,524.669,506.558,0.0721
mixed,4,2,0.5,4.0,256,4096,1024,4096,2560,542.782,578.621,539.87,-0.0813
mixed,4,2,0.5,4.0,256,4096,2048,8192,5120,595.711,664.318,605.053,0.1362
mixed,4,2,0.5,4.0,256,4096,4096,16384,10240,705.373,835.326,708.381,0.0231
mixed,4,2,0.5,4.0,256,8192,128,512,320,728.443,731.517,727.549,-0.2908
mixed,4,2,0.5,4.0,256,8192,256,1024,640,730.303,738.62,733.949,0.4384
mixed,4,2,0.5,4.0,256,8192,512,2048,1280,754.076,771.166,750.91,-0.1853
mixed,4,2,0.5,4.0,256,8192,1024,4096,2560,785.922,823.292,788.06,0.0572
mixed,4,2,0.5,4.0,256,8192,2048,8192,5120,841.657,909.083,846.364,0.0698
mixed,4,2,0.5,4.0,256,8192,4096,16384,10240,947.9,1079.964,955.807,0.0599
mixed,4,2,0.5,4.0,512,0,128,512,320,298.529,302.43,300.159,0.4178
mixed,4,2,0.5,4.0,512,0,256,1024,640,304.351,311.902,305.696,0.1781
mixed,4,2,0.5,4.0,512,0,512,2048,1280,323.39,344.351,325.408,0.0963
mixed,4,2,0.5,4.0,512,0,1024,4096,2560,358.273,394.397,359.006,0.0203
mixed,4,2,0.5,4.0,512,0,2048,8192,5120,411.966,483.807,419.008,0.098
mixed,4,2,0.5,4.0,512,0,4096,16384,10240,523.264,653.275,529.92,0.0512
mixed,4,2,0.5,4.0,512,512,128,512,320,372.542,375.614,371.52,-0.3327
mixed,4,2,0.5,4.0,512,512,256,1024,640,376.766,384.316,378.207,0.1909
mixed,4,2,0.5,4.0,512,512,512,2048,1280,396.254,416.059,397.727,0.0744
mixed,4,2,0.5,4.0,512,512,1024,4096,2560,432.64,467.071,429.758,-0.0837
mixed,4,2,0.5,4.0,512,512,2048,8192,5120,485.952,553.982,489.95,0.0588
mixed,4,2,0.5,4.0,512,512,4096,16384,10240,593.503,730.593,604.479,0.0801
mixed,4,2,0.5,4.0,512,1024,128,512,320,440.224,442.814,440.542,0.1228
mixed,4,2,0.5,4.0,512,1024,256,1024,640,444.543,451.391,446.142,0.2335
mixed,4,2,0.5,4.0,512,1024,512,2048,1280,464.798,482.684,464.319,-0.0268
mixed,4,2,0.5,4.0,512,1024,1024,4096,2560,499.71,535.39,497.887,-0.0511
mixed,4,2,0.5,4.0,512,1024,2048,8192,5120,550.845,624.254,556.768,0.0807
mixed,4,2,0.5,4.0,512,1024,4096,16384,10240,666.813,793.15,667.74,0.0073
mixed,4,2,0.5,4.0,512,2048,128,512,320,584.831,586.524,584.574,-0.1518
mixed,4,2,0.5,4.0,512,2048,256,1024,640,589.725,597.886,590.683,0.1174
mixed,4,2,0.5,4.0,512,2048,512,2048,1280,610.077,628.798,607.998,-0.1111
mixed,4,2,0.5,4.0,512,2048,1024,4096,2560,641.917,682.013,640.509,-0.0351
mixed,4,2,0.5,4.0,512,2048,2048,8192,5120,695.485,767.036,704.542,0.1266
mixed,4,2,0.5,4.0,512,2048,4096,16384,10240,808.509,936.827,814.365,0.0456
mixed,4,2,0.5,4.0,512,4096,128,512,320,863.261,868.126,864.765,0.3091
mixed,4,2,0.5,4.0,512,4096,256,1024,640,867.933,877.947,870.973,0.3036
mixed,4,2,0.5,4.0,512,4096,512,2048,1280,886.333,904.413,885.693,-0.0354
mixed,4,2,0.5,4.0,512,4096,1024,4096,2560,920.444,959.614,922.972,0.0645
mixed,4,2,0.5,4.0,512,4096,2048,8192,5120,976.058,1045.467,983.194,0.1028
mixed,4,2,0.5,4.0,512,4096,4096,16384,10240,1086.974,1216.698,1093.402,0.0496
mixed,4,2,0.5,4.0,512,8192,128,512,320,1413.627,1417.66,1413.05,-0.1431
mixed,4,2,0.5,4.0,512,8192,256,1024,640,1419.257,1424.859,1419.319,0.0111
mixed,4,2,0.5,4.0,512,8192,512,2048,1280,1439.803,1456.347,1438.074,-0.1045
mixed,4,2,0.5,4.0,512,8192,1024,4096,2560,1475.772,1509.689,1475.289,-0.0142
mixed,4,2,0.5,4.0,512,8192,2048,8192,5120,1531.259,1597.659,1531.579,0.0048
mixed,4,2,0.5,4.0,512,8192,4096,16384,10240,1636.636,1772.793,1647.354,0.0787
mixed,4,2,0.5,4.0,1024,0,128,512,320,553.469,557.212,554.78,0.3503
mixed,4,2,0.5,4.0,1024,0,256,1024,640,558.591,565.47,559.165,0.0834
mixed,4,2,0.5,4.0,1024,0,512,2048,1280,578.976,595.708,578.877,-0.0059
mixed,4,2,0.5,4.0,1024,0,1024,4096,2560,615.263,647.358,612.35,-0.0908
mixed,4,2,0.5,4.0,1024,0,2048,8192,5120,666.398,737.758,672.063,0.0794
mixed,4,2,0.5,4.0,1024,0,4096,16384,10240,771.55,907.613,783.133,0.0851
mixed,4,2,0.5,4.0,1024,512,128,512,320,733.085,735.195,733.341,0.1213
mixed,4,2,0.5,4.0,1024,512,256,1024,640,737.468,744.924,738.94,0.1974
mixed,4,2,0.5,4.0,1024,512,512,2048,1280,756.799,775.198,757.083,0.0154
mixed,4,2,0.5,4.0,1024,512,1024,4096,2560,790.622,827.741,790.748,0.0034
mixed,4,2,0.5,4.0,1024,512,2048,8192,5120,843.615,917.117,847.035,0.0465
mixed,4,2,0.5,4.0,1024,512,4096,16384,10240,954.238,1088.861,957.694,0.0257
mixed,4,2,0.5,4.0,1024,1024,128,512,320,887.963,890.942,890.014,0.6885
mixed,4,2,0.5,4.0,1024,1024,256,1024,640,895.293,898.717,893.533,-0.514
mixed,4,2,0.5,4.0,1024,1024,512,2048,1280,912.987,930.012,911.802,-0.0696
mixed,4,2,0.5,4.0,1024,1024,1024,4096,2560,949.213,982.841,944.122,-0.1514
mixed,4,2,0.5,4.0,1024,1024,2048,8192,5120,998.077,1072.38,1007.643,0.1287
mixed,4,2,0.5,4.0,1024,1024,4096,16384,10240,1107.386,1236.473,1118.586,0.0868
mixed,4,2,0.5,4.0,1024,2048,128,512,320,1161.309,1166.748,1164.217,0.5347
mixed,4,2,0.5,4.0,1024,2048,256,1024,640,1168.346,1172.667,1171.035,0.6223
mixed,4,2,0.5,4.0,1024,2048,512,2048,1280,1190.01,1203.642,1190.073,0.0046
mixed,4,2,0.5,4.0,1024,2048,1024,4096,2560,1224.86,1257.465,1220.828,-0.1237
mixed,4,2,0.5,4.0,1024,2048,2048,8192,5120,1274.204,1344.248,1283.257,0.1292
mixed,4,2,0.5,4.0,1024,2048,4096,16384,10240,1388.121,1518.168,1390.811,0.0207
mixed,4,2,0.5,4.0,1024,4096,128,512,320,1719.64,1719.928,1715.098,-15.7708
mixed,4,2,0.5,4.0,1024,4096,256,1024,640,1722.262,1729.946,1721.24,-0.133
mixed,4,2,0.5,4.0,1024,4096,512,2048,1280,1739.61,1760.441,1741.145,0.0737
mixed,4,2,0.5,4.0,1024,4096,1024,4096,2560,1776.921,1812.056,1770.745,-0.1758
mixed,4,2,0.5,4.0,1024,4096,2048,8192,5120,1829.847,1900.855,1835.705,0.0825
mixed,4,2,0.5,4.0,1024,4096,4096,16384,10240,1937.303,2066.806,1943.223,0.0457
mixed,4,2,0.5,4.0,1024,8192,128,512,320,2814.423,2815.668,2812.725,-1.3639
mixed,4,2,0.5,4.0,1024,8192,256,1024,640,2814.513,2822.548,2813.911,-0.0749
mixed,4,2,0.5,4.0,1024,8192,512,2048,1280,2837.012,2855.924,2832.726,-0.2266
mixed,4,2,0.5,4.0,1024,8192,1024,4096,2560,2873.778,2904.728,2869.366,-0.1426
mixed,4,2,0.5,4.0,1024,8192,2048,8192,5120,2925.907,2993.076,2934.996,0.1353
mixed,4,2,0.5,4.0,1024,8192,4096,16384,10240,3030.229,3159.794,3040.242,0.0773
mixed,4,2,0.5,4.0,2048,0,128,512,320,1012.606,1012.701,1011.707,-9.4632
mixed,4,2,0.5,4.0,2048,0,256,1024,640,1016.252,1022.556,1016.699,0.0709
mixed,4,2,0.5,4.0,2048,0,512,2048,1280,1033.146,1053.627,1034.396,0.061
mixed,4,2,0.5,4.0,2048,0,1024,4096,2560,1071.515,1105.244,1069.243,-0.0674
mixed,4,2,0.5,4.0,2048,0,2048,8192,5120,1121.98,1195.484,1126.491,0.0614
mixed,4,2,0.5,4.0,2048,0,4096,16384,10240,1234.459,1366.873,1240.093,0.0425
mixed,4,2,0.5,4.0,2048,512,128,512,320,1346.524,1347.161,1346.104,-0.6593
mixed,4,2,0.5,4.0,2048,512,256,1024,640,1348.218,1354.907,1350.587,0.3542
mixed,4,2,0.5,4.0,2048,512,512,2048,1280,1368.282,1387.994,1370.874,0.1315
mixed,4,2,0.5,4.0,2048,512,1024,4096,2560,1402.457,1437.529,1403.579,0.032
mixed,4,2,0.5,4.0,2048,512,2048,8192,5120,1459.965,1528.473,1462.202,0.0327
mixed,4,2,0.5,4.0,2048,512,4096,16384,10240,1565.882,1696.855,1572.12,0.0476
mixed,4,2,0.5,4.0,2048,1024,128,512,320,1683.289,1682.361,1684.312,
mixed,4,2,0.5,4.0,2048,1024,256,1024,640,1684.6,1695.479,1688.506,0.359
mixed,4,2,0.5,4.0,2048,1024,512,2048,1280,1711.32,1723.544,1706.521,-0.3926
mixed,4,2,0.5,4.0,2048,1024,1024,4096,2560,1742.297,1779.865,1740.247,-0.0546
mixed,4,2,0.5,4.0,2048,1024,2048,8192,5120,1795.48,1868.857,1804.023,0.1164
mixed,4,2,0.5,4.0,2048,1024,4096,16384,10240,1907.575,2037.623,1908.119,0.0042
mixed,4,2,0.5,4.0,2048,2048,128,512,320,2234.68,2237.622,2233.75,-0.3161
mixed,4,2,0.5,4.0,2048,2048,256,1024,640,2237.303,2241.879,2238.26,0.2091
mixed,4,2,0.5,4.0,2048,2048,512,2048,1280,2258.165,2275.638,2254.771,-0.1942
mixed,4,2,0.5,4.0,2048,2048,1024,4096,2560,2295.798,2332.565,2294.294,-0.0409
mixed,4,2,0.5,4.0,2048,2048,2048,8192,5120,2346.966,2413.877,2356.088,0.1363
mixed,4,2,0.5,4.0,2048,2048,4096,16384,10240,2455.892,2589.046,2461.431,0.0416
mixed,4,2,0.5,4.0,2048,4096,128,512,320,3330.098,3333.168,3327.41,-0.8756
mixed,4,2,0.5,4.0,2048,4096,256,1024,640,3330.862,3342.29,3330.382,-0.042
mixed,4,2,0.5,4.0,2048,4096,512,2048,1280,3348.245,3370.674,3347.858,-0.0173
mixed,4,2,0.5,4.0,2048,4096,1024,4096,2560,3385.776,3423.792,3386.927,0.0303
mixed,4,2,0.5,4.0,2048,4096,2048,8192,5120,3438.61,3510.29,3446.737,0.1134
mixed,4,2,0.5,4.0,2048,4096,4096,16384,10240,3550.962,3684.465,3552.943,0.0148
mixed,4,2,0.5,4.0,2048,8192,128,512,320,5527.751,5528.903,5527.208,-0.4714
mixed,4,2,0.5,4.0,2048,8192,256,1024,640,5532.779,5536.9,5536.233,0.8381
mixed,4,2,0.5,4.0,2048,8192,512,2048,1280,5550.503,5574.665,5547.756,-0.1137
mixed,4,2,0.5,4.0,2048,8192,1024,4096,2560,5581.769,5618.923,5575.655,-0.1646
mixed,4,2,0.5,4.0,2048,8192,2048,8192,5120,5637.929,5703.686,5644.49,0.0998
mixed,4,2,0.5,4.0,2048,8192,4096,16384,10240,5754.758,5876.131,5751.463,-0.0271
pure,4,3,0.75,4.0,0,0,128,512,416,63.008,63.776,62.753,-0.332
pure,4,3,0.75,4.0,0,0,256,1024,832,67.456,69.664,67.967,0.2314
pure,4,3,0.75,4.0,0,0,512,2048,1664,86.43,93.151,87.549,0.1665
pure,4,3,0.75,4.0,0,0,1024,4096,3328,123.392,144.541,123.452,0.0028
pure,4,3,0.75,4.0,0,0,2048,8192,6656,193.372,228.123,194.972,0.046
pure,4,3,0.75,4.0,0,0,4096,16384,13312,343.577,406.97,338.809,-0.0752
mixed,4,3,0.75,4.0,16,0,128,512,416,82.496,84.768,82.492,-0.0018
mixed,4,3,0.75,4.0,16,0,256,1024,832,87.582,89.853,87.996,0.1823
mixed,4,3,0.75,4.0,16,0,512,2048,1664,107.134,115.485,107.996,0.1032
mixed,4,3,0.75,4.0,16,0,1024,4096,3328,144.542,164.413,143.999,-0.0273
mixed,4,3,0.75,4.0,16,0,2048,8192,6656,213.691,252.155,213.053,-0.0166
mixed,4,3,0.75,4.0,16,0,4096,16384,13312,358.329,421.977,358.966,0.01
mixed,4,3,0.75,4.0,16,512,128,512,416,116.702,117.853,116.159,-0.4718
mixed,4,3,0.75,4.0,16,512,256,1024,832,120.894,123.325,121.212,0.1308
mixed,4,3,0.75,4.0,16,512,512,2048,1664,141.95,151.069,142.461,0.056
mixed,4,3,0.75,4.0,16,512,1024,4096,3328,179.514,200.954,179.929,0.0194
mixed,4,3,0.75,4.0,16,512,2048,8192,6656,250.042,287.481,253.691,0.0975
mixed,4,3,0.75,4.0,16,512,4096,16384,13312,397.463,453.465,401.049,0.064
mixed,4,3,0.75,4.0,16,1024,128,512,416,118.267,118.782,118.107,-0.3107
mixed,4,3,0.75,4.0,16,1024,256,1024,832,122.623,125.184,122.688,0.0254
mixed,4,3,0.75,4.0,16,1024,512,2048,1664,144.381,153.019,144.83,0.052
mixed,4,3,0.75,4.0,16,1024,1024,4096,3328,182.302,203.165,180.892,-0.0676
mixed,4,3,0.75,4.0,16,1024,2048,8192,6656,252.445,289.435,255.034,0.07
mixed,4,3,0.75,4.0,16,1024,4096,16384,13312,400.535,464.117,394.522,-0.0946
mixed,4,3,0.75,4.0,16,2048,128,512,416,120.959,122.396,121.053,0.0654
mixed,4,3,0.75,4.0,16,2048,256,1024,832,126.336,128.189,125.951,-0.2078
mixed,4,3,0.75,4.0,16,2048,512,2048,1664,147.293,157.146,148.029,0.0747
mixed,4,3,0.75,4.0,16,2048,1024,4096,3328,188.025,205.947,186.908,-0.0623
mixed,4,3,0.75,4.0,16,2048,2048,8192,6656,256.73,293.948,259.388,0.0714
mixed,4,3,0.75,4.0,16,2048,4096,16384,13312,405.974,469.175,402.68,-0.0521
mixed,4,3,0.75,4.0,16,4096,128,512,416,130.014,130.876,129.278,-0.8538
mixed,4,3,0.75,4.0,16,4096,256,1024,832,133.5,136.957,134.78,0.3703
mixed,4,3,0.75,4.0,16,4096,512,2048,1664,156.702,167.261,158.779,0.1967
mixed,4,3,0.75,4.0,16,4096,1024,4096,3328,198.588,218.524,197.469,-0.0561
mixed,4,3,0.75,4.0,16,4096,2048,8192,6656,266.492,306.04,269.501,0.0761
mixed,4,3,0.75,4.0,16,4096,4096,16384,13312,416.568,475.224,414.359,-0.0377
mixed,4,3,0.75,4.0,16,8192,128,512,416,160.958,161.437,160.348,-1.2735
mixed,4,3,0.75,4.0,16,8192,256,1024,832,165.119,168.381,166.015,0.2747
mixed,4,3,0.75,4.0,16,8192,512,2048,1664,190.522,201.308,190.906,0.0356
mixed,4,3,0.75,4.0,16,8192,1024,4096,3328,234.717,256.091,234.813,0.0045
mixed,4,3,0.75,4.0,16,8192,2048,8192,6656,302.299,340.343,303.771,0.0387
mixed,4,3,0.75,4.0,16,8192,4096,16384,13312,448.855,514.582,446.521,-0.0355
mixed,4,3,0.75,4.0,32,0,128,512,416,113.566,115.579,113.375,-0.0949
mixed,4,3,0.75,4.0,32,0,256,1024,832,118.944,120.734,119.07,0.0704
mixed,4,3,0.75,4.0,32,0,512,2048,1664,139.74,149.407,140.254,0.0532
mixed,4,3,0.75,4.0,32,0,1024,4096,3328,179.229,198.171,178.526,-0.0371
mixed,4,3,0.75,4.0,32,0,2048,8192,6656,247.675,286.872,250.555,0.0735
mixed,4,3,0.75,4.0,32,0,4096,16384,13312,397.145,458.454,394.486,-0.0434
mixed,4,3,0.75,4.0,32,512,128,512,416,138.556,139.388,138.206,-0.4207
mixed,4,3,0.75,4.0,32,512,256,1024,832,142.524,146.494,142.527,0.0008
mixed,4,3,0.75,4.0,32,512,512,2048,1664,165.024,175.932,165.95,0.0849
mixed,4,3,0.75,4.0,32,512,1024,4096,3328,206.203,225.018,206.524,0.0171
mixed,4,3,0.75,4.0,32,512,2048,8192,6656,277.277,313.24,279.163,0.0524
mixed,4,3,0.75,4.0,32,512,4096,16384,13312,420.662,482.647,422.646,0.032
mixed,4,3,0.75,4.0,32,1024,128,512,416,138.783,139.549,138.559,-0.2924
mixed,4,3,0.75,4.0,32,1024,256,1024,832,143.647,147.358,144.318,0.1808
mixed,4,3,0.75,4.0,32,1024,512,2048,1664,167.74,178.909,168.956,0.1089
mixed,4,3,0.75,4.0,32,1024,1024,4096,3328,208.797,226.493,208.38,-0.0236
mixed,4,3,0.75,4.0,32,1024,2048,8192,6656,278.076,316.986,280.76,0.069
mixed,4,3,0.75,4.0,32,1024,4096,16384,13312,425.817,485.366,422.585,-0.0543
mixed,4,3,0.75,4.0,32,2048,128,512,416,144.349,145.95,144.06,-0.1805
mixed,4,3,0.75,4.0,32,2048,256,1024,832,150.49,153.377,149.95,-0.187
mixed,4,3,0.75,4.0,32,2048,512,2048,1664,173.117,185.533,174.746,0.1312
mixed,4,3,0.75,4.0,32,2048,1024,4096,3328,216.479,237.311,218.205,0.0829
mixed,4,3,0.75,4.0,32,2048,2048,8192,6656,285.338,325.244,288.827,0.0874
mixed,4,3,0.75,4.0,32,2048,4096,16384,13312,433.238,493.368,430.199,-0.0505
mixed,4,3,0.75,4.0,32,4096,128,512,416,157.435,160.093,158.239,0.3025
mixed,4,3,0.75,4.0,32,4096,256,1024,832,162.747,165.628,162.941,0.0673
mixed,4,3,0.75,4.0,32,4096,512,2048,1664,188.477,198.205,188.186,-0.0299
mixed,4,3,0.75,4.0,32,4096,1024,4096,3328,234.077,252.155,234.811,0.0406
mixed,4,3,0.75,4.0,32,4096,2048,8192,6656,303.387,341.304,306.81,0.0903
mixed,4,3,0.75,4.0,32,4096,4096,16384,13312,452.053,512.856,446.584,-0.0899
mixed,4,3,0.75,4.0,32,8192,128,512,416,252.316,251.482,251.742,
mixed,4,3,0.75,4.0,32,8192,256,1024,832,255.805,260.445,257.882,0.4476
mixed,4,3,0.75,4.0,32,8192,512,2048,1664,282.875,293.596,284.603,0.1612
mixed,4,3,0.75,4.0,32,8192,1024,4096,3328,327.193,346.681,326.68,-0.0263
mixed,4,3,0.75,4.0,32,8192,2048,8192,6656,391.8,434.042,393.657,0.044
mixed,4,3,0.75,4.0,32,8192,4096,16384,13312,540.886,606.133,538.454,-0.0373
mixed,4,3,0.75,4.0,64,0,128,512,416,114.463,115.901,113.95,-0.3567
mixed,4,3,0.75,4.0,64,0,256,1024,832,119.453,122.014,118.975,-0.1866
mixed,4,3,0.75,4.0,64,0,512,2048,1664,141.341,153.055,141.917,0.0492
mixed,4,3,0.75,4.0,64,0,1024,4096,3328,184.03,204.284,185.022,0.049
mixed,4,3,0.75,4.0,64,0,2048,8192,6656,255.993,291.355,256.027,0.001
mixed,4,3,0.75,4.0,64,0,4096,16384,13312,400.285,466.901,399.194,-0.0164
mixed,4,3,0.75,4.0,64,512,128,512,416,143.869,144.829,143.55,-0.3323
mixed,4,3,0.75,4.0,64,512,256,1024,832,148.764,153.661,149.404,0.1307
mixed,4,3,0.75,4.0,64,512,512,2048,1664,174.269,184.38,174.718,0.0444
mixed,4,3,0.75,4.0,64,512,1024,4096,3328,217.947,237.917,216.734,-0.0607
mixed,4,3,0.75,4.0,64,512,2048,8192,6656,289.467,323.485,290.712,0.0366
mixed,4,3,0.75,4.0,64,512,4096,16384,13312,435.674,495.447,436.791,0.0187
mixed,4,3,0.75,4.0,64,1024,128,512,416,149.531,150.304,149.053,-0.6184
mixed,4,3,0.75,4.0,64,1024,256,1024,832,155.613,159.711,156.349,0.1796
mixed,4,3,0.75,4.0,64,1024,512,2048,1664,179.933,191.004,181.501,0.1416
mixed,4,3,0.75,4.0,64,1024,1024,4096,3328,225.02,245.948,225.053,0.0016
mixed,4,3,0.75,4.0,64,1024,2048,8192,6656,297.241,330.459,295.93,-0.0395
mixed,4,3,0.75,4.0,64,1024,4096,16384,13312,439.161,506.039,436.474,-0.0402
mixed,4,3,0.75,4.0,64,2048,128,512,416,160.509,161.245,159.902,-0.8247
mixed,4,3,0.75,4.0,64,2048,256,1024,832,165.597,169.823,166.013,0.0984
mixed,4,3,0.75,4.0,64,2048,512,2048,1664,191.549,201.499,192.893,0.1351
mixed,4,3,0.75,4.0,64,2048,1024,4096,3328,235.835,256.7,234.493,-0.0643
mixed,4,3,0.75,4.0,64,2048,2048,8192,6656,306.425,343.643,308.954,0.068
mixed,4,3,0.75,4.0,64,2048,4096,16384,13312,455.256,516.089,452.282,-0.0489
mixed,4,3,0.75,4.0,64,4096,128,512,416,239.58,239.067,237.661,
mixed,4,3,0.75,4.0,64,4096,256,1024,832,244.956,248.925,245.852,0.2257
mixed,4,3,0.75,4.0,64,4096,512,2048,1664,270.3,280.54,269.497,-0.0784
mixed,4,3,0.75,4.0,64,4096,1024,4096,3328,311.964,332.506,312.824,0.0419
mixed,4,3,0.75,4.0,64,4096,2048,8192,6656,382.363,418.17,384.024,0.0464
mixed,4,3,0.75,4.0,64,4096,4096,16384,13312,527.415,584.373,530.072,0.0466
mixed,4,3,0.75,4.0,64,8192,128,512,416,317.148,320.253,316.408,-0.2383
mixed,4,3,0.75,4.0,64,8192,256,1024,832,323.836,327.29,323.388,-0.1297
mixed,4,3,0.75,4.0,64,8192,512,2048,1664,350.299,358.65,347.516,-0.3333
mixed,4,3,0.75,4.0,64,8192,1024,4096,3328,390.584,410.52,392.219,0.082
mixed,4,3,0.75,4.0,64,8192,2048,8192,6656,462.517,498.295,462.936,0.0117
mixed,4,3,0.75,4.0,64,8192,4096,16384,13312,607.029,670.996,609.525,0.039
mixed,4,3,0.75,4.0,128,0,128,512,416,124.029,123.708,123.134,
mixed,4,3,0.75,4.0,128,0,256,1024,832,127.07,130.076,127.071,0.0003
mixed,4,3,0.75,4.0,128,0,512,2048,1664,149.596,159.934,151.199,0.1551
mixed,4,3,0.75,4.0,128,0,1024,4096,3328,188.989,210.107,190.397,0.0667
mixed,4,3,0.75,4.0,128,0,2048,8192,6656,258.782,295.322,262.811,0.1103
mixed,4,3,0.75,4.0,128,0,4096,16384,13312,404.057,470.871,405.241,0.0177
mixed,4,3,0.75,4.0,128,512,128,512,416,160.541,161.404,160.381,-0.1854
mixed,4,3,0.75,4.0,128,512,256,1024,832,165.535,169.149,165.788,0.07
mixed,4,3,0.75,4.0,128,512,512,2048,1664,189.95,201.95,189.435,-0.0429
mixed,4,3,0.75,4.0,128,512,1024,4096,3328,236.122,255.292,236.251,0.0067
mixed,4,3,0.75,4.0,128,512,2048,8192,6656,305.177,344.412,307.163,0.0506
mixed,4,3,0.75,4.0,128,512,4096,16384,13312,454.423,515.447,455.032,0.01
mixed,4,3,0.75,4.0,128,1024,128,512,416,167.263,168.957,167.613,0.2066
mixed,4,3,0.75,4.0,128,1024,256,1024,832,171.901,176.798,173.404,0.3069
mixed,4,3,0.75,4.0,128,1024,512,2048,1664,198.206,208.507,197.566,-0.0621
mixed,4,3,0.75,4.0,128,1024,1024,4096,3328,244.668,264.86,244.253,-0.0206
mixed,4,3,0.75,4.0,128,1024,2048,8192,6656,315.45,348.444,317.274,0.0553
mixed,4,3,0.75,4.0,128,1024,4096,16384,13312,459.866,524.439,457.142,-0.0422
mixed,4,3,0.75,4.0,128,2048,128,512,416,242.46,245.309,242.269,-0.067
mixed,4,3,0.75,4.0,128,2048,256,1024,832,250.492,254.62,249.018,-0.3571
mixed,4,3,0.75,4.0,128,2048,512,2048,1664,273.758,286.875,274.366,0.0464
mixed,4,3,0.75,4.0,128,2048,1024,4096,3328,318.842,337.306,316.411,-0.1317
mixed,4,3,0.75,4.0,128,2048,2048,8192,6656,388.472,426.33,387.959,-0.0136
mixed,4,3,0.75,4.0,128,2048,4096,16384,13312,534.486,591.923,529.721,-0.083
mixed,4,3,0.75,4.0,128,4096,128,512,416,321.623,324.026,321.752,0.0537
mixed,4,3,0.75,4.0,128,4096,256,1024,832,326.267,333.943,330.845,0.5964
mixed,4,3,0.75,4.0,128,4096,512,2048,1664,356.666,364.504,353.691,-0.3796
mixed,4,3,0.75,4.0,128,4096,1024,4096,3328,395.993,419.736,394.774,-0.0513
mixed,4,3,0.75,4.0,128,4096,2048,8192,6656,467.575,502.362,465.657,-0.0551
mixed,4,3,0.75,4.0,128,4096,4096,16384,13312,611.959,672.726,609.27,-0.0443
mixed,4,3,0.75,4.0,128,8192,128,512,416,468.185,470.68,469.306,0.4493
mixed,4,3,0.75,4.0,128,8192,256,1024,832,474.424,478.487,474.359,-0.016
mixed,4,3,0.75,4.0,128,8192,512,2048,1664,499.224,512.472,502.201,0.2247
mixed,4,3,0.75,4.0,128,8192,1024,4096,3328,541.432,562.999,543.642,0.1025
mixed,4,3,0.75,4.0,128,8192,2048,8192,6656,615.031,645.4,612.919,-0.0695
mixed,4,3,0.75,4.0,128,8192,4096,16384,13312,758.643,821.488,754.612,-0.0641
mixed,4,3,0.75,4.0,256,0,128,512,416,182.749,182.91,182.941,1.1925
mixed,4,3,0.75,4.0,256,0,256,1024,832,187.868,191.964,187.965,0.0237
mixed,4,3,0.75,4.0,256,0,512,2048,1664,212.189,223.227,212.155,-0.0031
mixed,4,3,0.75,4.0,256,0,1024,4096,3328,258.811,279.517,259.261,0.0217
mixed,4,3,0.75,4.0,256,0,2048,8192,6656,329.885,364.187,329.756,-0.0038
mixed,4,3,0.75,4.0,256,0,4096,16384,13312,472.663,539.032,473.4,0.0111
mixed,4,3,0.75,4.0,256,512,128,512,416,248.317,250.171,248.219,-0.0529
mixed,4,3,0.75,4.0,256,512,256,1024,832,253.978,256.924,254.907,0.3153
mixed,4,3,0.75,4.0,256,512,512,2048,1664,280.956,291.197,280.764,-0.0187
mixed,4,3,0.75,4.0,256,512,1024,4096,3328,322.873,343.225,322.747,-0.0062
mixed,4,3,0.75,4.0,256,512,2048,8192,6656,391.418,433.815,397.082,0.1336
mixed,4,3,0.75,4.0,256,512,4096,16384,13312,543.862,602.967,538.838,-0.085
mixed,4,3,0.75,4.0,256,1024,128,512,416,305.114,304.571,304.541,
mixed,4,3,0.75,4.0,256,1024,256,1024,832,311.357,313.208,310.076,-0.6921
mixed,4,3,0.75,4.0,256,1024,512,2048,1664,333.498,345.146,336.44,0.2526
mixed,4,3,0.75,4.0,256,1024,1024,4096,3328,376.73,399.1,378.97,0.1001
mixed,4,3,0.75,4.0,256,1024,2048,8192,6656,447.225,487.545,447.641,0.0103
mixed,4,3,0.75,4.0,256,1024,4096,16384,13312,594.295,658.774,592.821,-0.0229
mixed,4,3,0.75,4.0,256,2048,128,512,416,342.587,342.646,339.961,-44.5085
mixed,4,3,0.75,4.0,256,2048,256,1024,832,347.292,349.337,347.932,0.313
mixed,4,3,0.75,4.0,256,2048,512,2048,1664,374.108,379.482,370.331,-0.7028
mixed,4,3,0.75,4.0,256,2048,1024,4096,3328,411.257,434.615,415.833,0.1959
mixed,4,3,0.75,4.0,256,2048,2048,8192,6656,484.603,519.417,486.554,0.056
mixed,4,3,0.75,4.0,256,2048,4096,16384,13312,628.632,690.712,626.423,-0.0356
mixed,4,3,0.75,4.0,256,4096,128,512,416,484.917,484.535,483.641,
mixed,4,3,0.75,4.0,256,4096,256,1024,832,488.121,493.206,489.817,0.3335
mixed,4,3,0.75,4.0,256,4096,512,2048,1664,514.329,524.628,514.582,0.0246
mixed,4,3,0.75,4.0,256,4096,1024,4096,3328,556.728,578.519,557.302,0.0263
mixed,4,3,0.75,4.0,256,4096,2048,8192,6656,627.67,664.116,627.795,0.0034
mixed,4,3,0.75,4.0,256,4096,4096,16384,13312,771.286,832.211,768.18,-0.051
mixed,4,3,0.75,4.0,256,8192,128,512,416,730.228,729.01,727.572,
mixed,4,3,0.75,4.0,256,8192,256,1024,832,735.86,739.124,737.398,0.4712
mixed,4,3,0.75,4.0,256,8192,512,2048,1664,759.316,770.645,759.957,0.0566
mixed,4,3,0.75,4.0,256,8192,1024,4096,3328,802.419,821.969,804.244,0.0934
mixed,4,3,0.75,4.0,256,8192,2048,8192,6656,875.666,911.796,876.559,0.0247
mixed,4,3,0.75,4.0,256,8192,4096,16384,13312,1018.767,1081.296,1014.479,-0.0686
mixed,4,3,0.75,4.0,512,0,128,512,416,301.433,302.907,301.18,-0.1716
mixed,4,3,0.75,4.0,512,0,256,1024,832,306.522,309.277,308.38,0.6744
mixed,4,3,0.75,4.0,512,0,512,2048,1664,331.901,342.074,332.251,0.0344
mixed,4,3,0.75,4.0,512,0,1024,4096,3328,373.341,396.315,376.667,0.1448
mixed,4,3,0.75,4.0,512,0,2048,8192,6656,443.865,482.263,446.426,0.0667
mixed,4,3,0.75,4.0,512,0,4096,16384,13312,588.343,651.128,585.302,-0.0484
mixed,4,3,0.75,4.0,512,512,128,512,416,373.624,374.972,375.162,1.1409
mixed,4,3,0.75,4.0,512,512,256,1024,832,380.379,383.994,380.058,-0.0888
mixed,4,3,0.75,4.0,512,512,512,2048,1664,407.129,417.084,406.714,-0.0417
mixed,4,3,0.75,4.0,512,512,1024,4096,3328,447.932,466.137,449.369,0.0789
mixed,4,3,0.75,4.0,512,512,2048,8192,6656,518.488,559.064,518.422,-0.0016
mixed,4,3,0.75,4.0,512,512,4096,16384,13312,664.182,724.533,660.66,-0.0584
mixed,4,3,0.75,4.0,512,1024,128,512,416,441.272,442.331,441.786,0.4854
mixed,4,3,0.75,4.0,512,1024,256,1024,832,448.089,451.673,448.376,0.0801
mixed,4,3,0.75,4.0,512,1024,512,2048,1664,472.889,482.201,472.025,-0.0928
mixed,4,3,0.75,4.0,512,1024,1024,4096,3328,517.271,535.384,517.273,0.0001
mixed,4,3,0.75,4.0,512,1024,2048,8192,6656,584.951,624.119,586.135,0.0302
mixed,4,3,0.75,4.0,512,1024,4096,16384,13312,730.165,795.348,729.365,-0.0123
mixed,4,3,0.75,4.0,512,2048,128,512,416,586.358,587.063,586.327,-0.044
mixed,4,3,0.75,4.0,512,2048,256,1024,832,591.764,594.55,591.032,-0.2627
mixed,4,3,0.75,4.0,512,2048,512,2048,1664,616.214,628.598,616.631,0.0337
mixed,4,3,0.75,4.0,512,2048,1024,4096,3328,662.645,680.279,662.391,-0.0144
mixed,4,3,0.75,4.0,512,2048,2048,8192,6656,729.846,769.267,729.653,-0.0049
mixed,4,3,0.75,4.0,512,2048,4096,16384,13312,875.856,936.403,878.195,0.0386
mixed,4,3,0.75,4.0,512,4096,128,512,416,865.618,867.634,867.573,0.9697
mixed,4,3,0.75,4.0,512,4096,256,1024,832,872.372,874.93,872.207,-0.0645
mixed,4,3,0.75,4.0,512,4096,512,2048,1664,894.962,907.636,896.753,0.1413
mixed,4,3,0.75,4.0,512,4096,1024,4096,3328,936.593,959.285,943.187,0.2906
mixed,4,3,0.75,4.0,512,4096,2048,8192,6656,1009.969,1043.888,1010.131,0.0048
mixed,4,3,0.75,4.0,512,4096,4096,16384,13312,1150.321,1214.54,1152.879,0.0398
mixed,4,3,0.75,4.0,512,8192,128,512,416,1418.348,1417.899,1416.331,
mixed,4,3,0.75,4.0,512,8192,256,1024,832,1423.211,1426.543,1424.011,0.2401
mixed,4,3,0.75,4.0,512,8192,512,2048,1664,1450.823,1461.002,1446.442,-0.4304
mixed,4,3,0.75,4.0,512,8192,1024,4096,3328,1490.409,1507.468,1490.92,0.03
mixed,4,3,0.75,4.0,512,8192,2048,8192,6656,1561.258,1597.801,1557.83,-0.0938
mixed,4,3,0.75,4.0,512,8192,4096,16384,13312,1703.652,1764.776,1702.182,-0.024
mixed,4,3,0.75,4.0,1024,0,128,512,416,557.526,557.144,557.689,
mixed,4,3,0.75,4.0,1024,0,256,1024,832,563.096,565.654,562.006,-0.4261
mixed,4,3,0.75,4.0,1024,0,512,2048,1664,586.422,597.337,586.937,0.0472
mixed,4,3,0.75,4.0,1024,0,1024,4096,3328,628.822,648.277,628.312,-0.0262
mixed,4,3,0.75,4.0,1024,0,2048,8192,6656,697.173,736.758,699.125,0.0493
mixed,4,3,0.75,4.0,1024,0,4096,16384,13312,849.396,910.581,844.244,-0.0842
mixed,4,3,0.75,4.0,1024,512,128,512,416,736.758,735.093,733.813,
mixed,4,3,0.75,4.0,1024,512,256,1024,832,739.637,743.702,741.459,0.4482
mixed,4,3,0.75,4.0,1024,512,512,2048,1664,762.965,774.966,763.447,0.0402
mixed,4,3,0.75,4.0,1024,512,1024,4096,3328,803.893,824.948,805.652,0.0835
mixed,4,3,0.75,4.0,1024,512,2048,8192,6656,878.997,913.203,877.235,-0.0515
mixed,4,3,0.75,4.0,1024,512,4096,16384,13312,1021.457,1083.186,1023.344,0.0306
mixed,4,3,0.75,4.0,1024,1024,128,512,416,892.402,891.157,889.01,
mixed,4,3,0.75,4.0,1024,1024,256,1024,832,895.889,897.33,899.059,2.1999
mixed,4,3,0.75,4.0,1024,1024,512,2048,1664,920.854,932.114,921.458,0.0536
mixed,4,3,0.75,4.0,1024,1024,1024,4096,3328,961.234,980.851,962.517,0.0654
mixed,4,3,0.75,4.0,1024,1024,2048,8192,6656,1034.737,1070.168,1033.812,-0.0261
mixed,4,3,0.75,4.0,1024,1024,4096,16384,13312,1175.92,1237.902,1172.24,-0.0594
mixed,4,3,0.75,4.0,1024,2048,128,512,416,1166.573,1166.385,1165.363,
mixed,4,3,0.75,4.0,1024,2048,256,1024,832,1170.096,1174.994,1172.69,0.5296
mixed,4,3,0.75,4.0,1024,2048,512,2048,1664,1192.111,1206.318,1195.696,0.2523
mixed,4,3,0.75,4.0,1024,2048,1024,4096,3328,1234.03,1257.902,1236.688,0.1113
mixed,4,3,0.75,4.0,1024,2048,2048,8192,6656,1310.508,1348.045,1307.758,-0.0733
mixed,4,3,0.75,4.0,1024,2048,4096,16384,13312,1450.094,1516.045,1452.812,0.0412
mixed,4,3,0.75,4.0,1024,4096,128,512,416,1721.928,1721.002,1723.302,
mixed,4,3,0.75,4.0,1024,4096,256,1024,832,1727.112,1728.037,1730.053,3.1795
mixed,4,3,0.75,4.0,1024,4096,512,2048,1664,1750.759,1759.689,1754.919,0.4658
mixed,4,3,0.75,4.0,1024,4096,1024,4096,3328,1791.72,1812.71,1790.212,-0.0718
mixed,4,3,0.75,4.0,1024,4096,2048,8192,6656,1861.03,1897.989,1862.214,0.032
mixed,4,3,0.75,4.0,1024,4096,4096,16384,13312,2008.709,2072.226,2004.741,-0.0625
mixed,4,3,0.75,4.0,1024,8192,128,512,416,2811.611,2814.364,2813.209,0.5805
mixed,4,3,0.75,4.0,1024,8192,256,1024,832,2821.977,2820.281,2820.088,
mixed,4,3,0.75,4.0,1024,8192,512,2048,1664,2847.127,2853.081,2845.72,-0.2363
mixed,4,3,0.75,4.0,1024,8192,1024,4096,3328,2885.751,2906.295,2884.406,-0.0655
mixed,4,3,0.75,4.0,1024,8192,2048,8192,6656,2959.64,2993.048,2960.346,0.0211
mixed,4,3,0.75,4.0,1024,8192,4096,16384,13312,3104.342,3161.557,3103.605,-0.0129
mixed,4,3,0.75,4.0,2048,0,128,512,416,1009.714,1011.409,1014.418,2.7752
mixed,4,3,0.75,4.0,2048,0,256,1024,832,1017.138,1021.491,1018.897,0.4041
mixed,4,3,0.75,4.0,2048,0,512,2048,1664,1040.499,1051.794,1044.945,0.3936
mixed,4,3,0.75,4.0,2048,0,1024,4096,3328,1085.648,1102.575,1086.319,0.0396
mixed,4,3,0.75,4.0,2048,0,2048,8192,6656,1156.4,1194.03,1155.215,-0.0315
mixed,4,3,0.75,4.0,2048,0,4096,16384,13312,1304.909,1364.462,1303.054,-0.0311
mixed,4,3,0.75,4.0,2048,512,128,512,416,1346.06,1345.836,1346.19,
mixed,4,3,0.75,4.0,2048,512,256,1024,832,1349.741,1355.822,1351.276,0.2524
mixed,4,3,0.75,4.0,2048,512,512,2048,1664,1374.894,1390.254,1375.086,0.0125
mixed,4,3,0.75,4.0,2048,512,1024,4096,3328,1419.852,1439.951,1422.063,0.11
mixed,4,3,0.75,4.0,2048,512,2048,8192,6656,1488.396,1527.884,1490.571,0.0551
mixed,4,3,0.75,4.0,2048,512,4096,16384,13312,1634.951,1697.128,1634.409,-0.0087
mixed,4,3,0.75,4.0,2048,1024,128,512,416,1682.667,1681.607,1686.024,
mixed,4,3,0.75,4.0,2048,1024,256,1024,832,1688.743,1694.151,1691.432,0.4972
mixed,4,3,0.75,4.0,2048,1024,512,2048,1664,1710.249,1723.816,1711.497,0.092
mixed,4,3,0.75,4.0,2048,1024,1024,4096,3328,1754.664,1772.936,1756.677,0.1102
mixed,4,3,0.75,4.0,2048,1024,2048,8192,6656,1829.83,1868.904,1830.016,0.0048
mixed,4,3,0.75,4.0,2048,1024,4096,16384,13312,1973.287,2035.651,1966.693,-0.1057
mixed,4,3,0.75,4.0,2048,2048,128,512,416,2238.337,2237.346,2235.426,
mixed,4,3,0.75,4.0,2048,2048,256,1024,832,2240.863,2243.584,2242.431,0.5763
mixed,4,3,0.75,4.0,2048,2048,512,2048,1664,2263.459,2276.864,2263.647,0.014
mixed,4,3,0.75,4.0,2048,2048,1024,4096,3328,2310.399,2331.647,2308.703,-0.0798
mixed,4,3,0.75,4.0,2048,2048,2048,8192,6656,2374.657,2414.271,2383.837,0.2317
mixed,4,3,0.75,4.0,2048,2048,4096,16384,13312,2525.692,2590.012,2528.318,0.0408
mixed,4,3,0.75,4.0,2048,4096,128,512,416,3332.656,3333.203,3331.825,-1.5192
mixed,4,3,0.75,4.0,2048,4096,256,1024,832,3332.85,3342.708,3335.087,0.2269
mixed,4,3,0.75,4.0,2048,4096,512,2048,1664,3357.457,3371.089,3361.363,0.2865
mixed,4,3,0.75,4.0,2048,4096,1024,4096,3328,3404.246,3422.543,3400.179,-0.2223
mixed,4,3,0.75,4.0,2048,4096,2048,8192,6656,3471.091,3508.593,3475.857,0.1271
mixed,4,3,0.75,4.0,2048,4096,4096,16384,13312,3624.527,3682.733,3616.657,-0.1352
mixed,4,3,0.75,4.0,2048,8192,128,512,416,5527.288,5527.381,5528.185,9.6452
mixed,4,3,0.75,4.0,2048,8192,256,1024,832,5524.982,5535.222,5534.196,0.8998
mixed,4,3,0.75,4.0,2048,8192,512,2048,1664,5553.586,5567.409,5557.907,0.3126
mixed,4,3,0.75,4.0,2048,8192,1024,4096,3328,5606.163,5620.822,5597.303,-0.6044
mixed,4,3,0.75,4.0,2048,8192,2048,8192,6656,5668.849,5707.061,5667.381,-0.0384
mixed,4,3,0.75,4.0,2048,8192,4096,16384,13312,5814.674,5882.736,5816.531,0.0273
pure,8,1,0.125,4.0,0,0,128,512,176,62.686,78.174,63.135,0.029
pure,8,1,0.125,4.0,0,0,256,1024,352,65.728,94.114,65.6,-0.0045
pure,8,1,0.125,4.0,0,0,512,2048,704,82.943,142.88,82.975,0.0005
pure,8,1,0.125,4.0,0,0,1024,4096,1408,109.564,229.501,114.303,0.0395
pure,8,1,0.125,4.0,0,0,2048,8192,2816,170.495,401.914,174.91,0.0191
pure,8,1,0.125,4.0,0,0,4096,16384,5632,289.178,733.719,301.212,0.0271
mixed,8,1,0.125,4.0,16,0,128,512,176,83.168,99.967,83.072,-0.0057
mixed,8,1,0.125,4.0,16,0,256,1024,352,86.909,115.868,85.855,-0.0364
mixed,8,1,0.125,4.0,16,0,512,2048,704,104.415,162.14,104.03,-0.0067
mixed,8,1,0.125,4.0,16,0,1024,4096,1408,132.093,250.397,136.286,0.0354
mixed,8,1,0.125,4.0,16,0,2048,8192,2816,192.638,422.745,195.515,0.0125
mixed,8,1,0.125,4.0,16,0,4096,16384,5632,311.836,757.494,318.363,0.0146
mixed,8,1,0.125,4.0,16,512,128,512,176,117.118,132.83,116.32,-0.0508
mixed,8,1,0.125,4.0,16,512,256,1024,352,119.774,151.935,119.647,-0.0039
mixed,8,1,0.125,4.0,16,512,512,2048,704,136.414,197.663,137.439,0.0167
mixed,8,1,0.125,4.0,16,512,1024,4096,1408,167.644,285.597,172.896,0.0445
mixed,8,1,0.125,4.0,16,512,2048,8192,2816,226.716,459.322,231.646,0.0212
mixed,8,1,0.125,4.0,16,512,4096,16384,5632,350.778,787.062,355.26,0.0103
mixed,8,1,0.125,4.0,16,1024,128,512,176,117.821,134.56,117.919,0.0059
mixed,8,1,0.125,4.0,16,1024,256,1024,352,121.248,154.14,121.439,0.0058
mixed,8,1,0.125,4.0,16,1024,512,2048,704,139.995,201.053,139.679,-0.0052
mixed,8,1,0.125,4.0,16,1024,1024,4096,1408,170.364,287.132,175.295,0.0422
mixed,8,1,0.125,4.0,16,1024,2048,8192,2816,226.971,460.571,233.98,0.03
mixed,8,1,0.125,4.0,16,1024,4096,16384,5632,351.867,786.709,357.529,0.013
mixed,8,1,0.125,4.0,16,2048,128,512,176,121.504,138.144,121.406,-0.0059
mixed,8,1,0.125,4.0,16,2048,256,1024,352,124.444,158.108,124.474,0.0009
mixed,8,1,0.125,4.0,16,2048,512,2048,704,143.102,207.932,143.39,0.0044
mixed,8,1,0.125,4.0,16,2048,1024,4096,1408,175.938,296.573,179.135,0.0265
mixed,8,1,0.125,4.0,16,2048,2048,8192,2816,235.455,466.872,236.413,0.0041
mixed,8,1,0.125,4.0,16,2048,4096,16384,5632,353.435,796.213,361.563,0.0184
mixed,8,1,0.125,4.0,16,4096,128,512,176,130.334,147.23,129.47,-0.0511
mixed,8,1,0.125,4.0,16,4096,256,1024,352,134.077,167.742,132.892,-0.0352
mixed,8,1,0.125,4.0,16,4096,512,2048,704,151.898,218.909,153.209,0.0196
mixed,8,1,0.125,4.0,16,4096,1024,4096,1408,186.621,304.508,190.427,0.0323
mixed,8,1,0.125,4.0,16,4096,2048,8192,2816,245.629,476.059,250.492,0.0211
mixed,8,1,0.125,4.0,16,4096,4096,16384,5632,363.868,810.581,372.763,0.0199
mixed,8,1,0.125,4.0,16,8192,128,512,176,160.414,177.505,160.158,-0.015
mixed,8,1,0.125,4.0,16,8192,256,1024,352,162.622,199.997,163.74,0.0299
mixed,8,1,0.125,4.0,16,8192,512,2048,704,182.879,252.124,185.376,0.0361
mixed,8,1,0.125,4.0,16,8192,1024,4096,1408,221.183,341.63,225.567,0.0364
mixed,8,1,0.125,4.0,16,8192,2048,8192,2816,282.941,508.538,284.476,0.0068
mixed,8,1,0.125,4.0,16,8192,4096,16384,5632,400.378,837.846,408.925,0.0195
mixed,8,1,0.125,4.0,32,0,128,512,176,113.952,130.171,113.919,-0.002
mixed,8,1,0.125,4.0,32,0,256,1024,352,118.107,151.454,117.981,-0.0038
mixed,8,1,0.125,4.0,32,0,512,2048,704,134.653,199.711,135.965,0.0202
mixed,8,1,0.125,4.0,32,0,1024,4096,1408,167.262,284.188,171.165,0.0334
mixed,8,1,0.125,4.0,32,0,2048,8192,2816,227.134,460.412,233.211,0.0261
mixed,8,1,0.125,4.0,32,0,4096,16384,5632,346.649,790.133,356.442,0.0221
mixed,8,1,0.125,4.0,32,512,128,512,176,138.654,154.815,137.856,-0.0494
mixed,8,1,0.125,4.0,32,512,256,1024,352,141.339,176.474,142.013,0.0192
mixed,8,1,0.125,4.0,32,512,512,2048,704,159.868,226.46,161.211,0.0202
mixed,8,1,0.125,4.0,32,512,1024,4096,1408,197.115,310.269,199.133,0.0178
mixed,8,1,0.125,4.0,32,512,2048,8192,2816,253.98,483.097,257.852,0.0169
mixed,8,1,0.125,4.0,32,512,4096,16384,5632,375.359,817.492,382.298,0.0157
mixed,8,1,0.125,4.0,32,1024,128,512,176,139.358,155.998,138.88,-0.0287
mixed,8,1,0.125,4.0,32,1024,256,1024,352,141.629,179.581,142.462,0.0219
mixed,8,1,0.125,4.0,32,1024,512,2048,704,161.629,229.31,161.883,0.0038
mixed,8,1,0.125,4.0,32,1024,1024,4096,1408,197.632,315.932,201.757,0.0349
mixed,8,1,0.125,4.0,32,1024,2048,8192,2816,254.683,485.656,260.221,0.024
mixed,8,1,0.125,4.0,32,1024,4096,16384,5632,378.364,815.832,383.1,0.0108
mixed,8,1,0.125,4.0,32,2048,128,512,176,144.638,162.878,143.901,-0.0404
mixed,8,1,0.125,4.0,32,2048,256,1024,352,148.991,184.829,149.214,0.0062
mixed,8,1,0.125,4.0,32,2048,512,2048,704,167.423,235.456,168.991,0.023
mixed,8,1,0.125,4.0,32,2048,1024,4096,1408,206.047,323.386,209.439,0.0289
mixed,8,1,0.125,4.0,32,2048,2048,8192,2816,265.403,495.128,268.541,0.0137
mixed,8,1,0.125,4.0,32,2048,4096,16384,5632,383.61,828.468,394.747,0.025
mixed,8,1,0.125,4.0,32,4096,128,512,176,158.205,176.799,158.527,0.0173
mixed,8,1,0.125,4.0,32,4096,256,1024,352,161.565,200.38,161.117,-0.0115
mixed,8,1,0.125,4.0,32,4096,512,2048,704,181.599,254.717,182.621,0.014
mixed,8,1,0.125,4.0,32,4096,1024,4096,1408,220.861,337.885,223.674,0.024
mixed,8,1,0.125,4.0,32,4096,2048,8192,2816,282.46,509.755,288.766,0.0277
mixed,8,1,0.125,4.0,32,4096,4096,16384,5632,404.062,848.533,412.123,0.0181
mixed,8,1,0.125,4.0,32,8192,128,512,176,252.093,269.756,251.39,-0.0398
mixed,8,1,0.125,4.0,32,8192,256,1024,352,254.971,295.292,258.174,0.0794
mixed,8,1,0.125,4.0,32,8192,512,2048,704,275.804,344.603,281.18,0.0781
mixed,8,1,0.125,4.0,32,8192,1024,4096,1408,315.708,427.417,319.357,0.0327
mixed,8,1,0.125,4.0,32,8192,2048,8192,2816,377.114,598.646,380.826,0.0168
mixed,8,1,0.125,4.0,32,8192,4096,16384,5632,493.242,939.507,499.608,0.0143
mixed,8,1,0.125,4.0,64,0,128,512,176,114.944,131.167,114.717,-0.014
mixed,8,1,0.125,4.0,64,0,256,1024,352,117.631,154.111,118.111,0.0132
mixed,8,1,0.125,4.0,64,0,512,2048,704,136.35,204.383,137.12,0.0113
mixed,8,1,0.125,4.0,64,0,1024,4096,1408,173.983,289.021,176.127,0.0186
mixed,8,1,0.125,4.0,64,0,2048,8192,2816,231.581,463.128,233.755,0.0094
mixed,8,1,0.125,4.0,64,0,4096,16384,5632,349.594,793.428,365.146,0.035
mixed,8,1,0.125,4.0,64,512,128,512,176,144.319,162.623,143.806,-0.028
mixed,8,1,0.125,4.0,64,512,256,1024,352,147.133,185.373,148.062,0.0243
mixed,8,1,0.125,4.0,64,512,512,2048,704,168.478,237.98,169.375,0.0129
mixed,8,1,0.125,4.0,64,512,1024,4096,1408,206.621,323.804,208.636,0.0172
mixed,8,1,0.125,4.0,64,512,2048,8192,2816,268.093,496.346,267.643,-0.002
mixed,8,1,0.125,4.0,64,512,4096,16384,5632,389.436,826.071,396.763,0.0168
mixed,8,1,0.125,4.0,64,1024,128,512,176,149.948,167.583,149.918,-0.0017
mixed,8,1,0.125,4.0,64,1024,256,1024,352,154.048,190.975,153.505,-0.0147
mixed,8,1,0.125,4.0,64,1024,512,2048,704,174.365,244.892,176.095,0.0245
mixed,8,1,0.125,4.0,64,1024,1024,4096,1408,213.214,331.26,215.71,0.0211
mixed,8,1,0.125,4.0,64,1024,2048,8192,2816,271.421,506.585,273.339,0.0082
mixed,8,1,0.125,4.0,64,1024,4096,16384,5632,391.355,832.628,402.233,0.0247
mixed,8,1,0.125,4.0,64,2048,128,512,176,159.903,179.519,160.256,0.018
mixed,8,1,0.125,4.0,64,2048,256,1024,352,163.229,201.407,164.382,0.0302
mixed,8,1,0.125,4.0,64,2048,512,2048,704,185.278,255.709,185.052,-0.0032
mixed,8,1,0.125,4.0,64,2048,1024,4096,1408,222.236,344.091,226.715,0.0368
mixed,8,1,0.125,4.0,64,2048,2048,8192,2816,283.966,514.102,286.363,0.0104
mixed,8,1,0.125,4.0,64,2048,4096,16384,5632,405.948,851.029,414.014,0.0181
mixed,8,1,0.125,4.0,64,4096,128,512,176,237.085,255.164,236.862,-0.0123
mixed,8,1,0.125,4.0,64,4096,256,1024,352,241.886,279.036,241.306,-0.0156
mixed,8,1,0.125,4.0,64,4096,512,2048,704,259.997,331.005,262.526,0.0356
mixed,8,1,0.125,4.0,64,4096,1024,4096,1408,299.966,419.418,302.843,0.0241
mixed,8,1,0.125,4.0,64,4096,2048,8192,2816,359.325,592.761,361.853,0.0108
mixed,8,1,0.125,4.0,64,4096,4096,16384,5632,479.61,922.259,490.554,0.0247
mixed,8,1,0.125,4.0,64,8192,128,512,176,318.237,334.495,318.237,0.0
mixed,8,1,0.125,4.0,64,8192,256,1024,352,322.011,358.844,323.228,0.033
mixed,8,1,0.125,4.0,64,8192,512,2048,704,342.844,409.277,342.684,-0.0024
mixed,8,1,0.125,4.0,64,8192,1024,4096,1408,379.898,495.321,385.18,0.0458
mixed,8,1,0.125,4.0,64,8192,2048,8192,2816,440.826,672.409,445.274,0.0192
mixed,8,1,0.125,4.0,64,8192,4096,16384,5632,555.418,1003.285,568.313,0.0288
mixed,8,1,0.125,4.0,128,0,128,512,176,124.031,139.616,123.681,-0.0225
mixed,8,1,0.125,4.0,128,0,256,1024,352,126.494,160.063,127.262,0.0229
mixed,8,1,0.125,4.0,128,0,512,2048,704,144.189,210.975,145.246,0.0158
mixed,8,1,0.125,4.0,128,0,1024,4096,1408,177.692,294.235,180.733,0.0261
mixed,8,1,0.125,4.0,128,0,2048,8192,2816,236.159,469.882,242.523,0.0272
mixed,8,1,0.125,4.0,128,0,4096,16384,5632,359.421,801.784,364.859,0.0123
mixed,8,1,0.125,4.0,128,512,128,512,176,160.479,179.518,159.805,-0.0354
mixed,8,1,0.125,4.0,128,512,256,1024,352,163.996,201.21,163.965,-0.0008
mixed,8,1,0.125,4.0,128,512,512,2048,704,183.838,254.494,184.38,0.0077
mixed,8,1,0.125,4.0,128,512,1024,4096,1408,223.037,338.138,226.396,0.0292
mixed,8,1,0.125,4.0,128,512,2048,8192,2816,284.572,512.283,285.63,0.0046
mixed,8,1,0.125,4.0,128,512,4096,16384,5632,403.033,842.997,411.96,0.0203
mixed,8,1,0.125,4.0,128,1024,128,512,176,167.454,185.757,167.615,0.0088
mixed,8,1,0.125,4.0,128,1024,256,1024,352,171.164,208.669,171.836,0.0179
mixed,8,1,0.125,4.0,128,1024,512,2048,704,192.574,263.517,192.732,0.0022
mixed,8,1,0.125,4.0,128,1024,1024,4096,1408,231.774,348.22,234.589,0.0242
mixed,8,1,0.125,4.0,128,1024,2048,8192,2816,291.133,519.803,293.465,0.0102
mixed,8,1,0.125,4.0,128,1024,4096,16384,5632,411.673,854.644,422.043,0.0234
mixed,8,1,0.125,4.0,128,2048,128,512,176,243.997,260.862,241.213,-0.1651
mixed,8,1,0.125,4.0,128,2048,256,1024,352,246.939,283.964,247.678,0.02
mixed,8,1,0.125,4.0,128,2048,512,2048,704,267.323,339.451,268.669,0.0187
mixed,8,1,0.125,4.0,128,2048,1024,4096,1408,304.476,425.658,307.611,0.0259
mixed,8,1,0.125,4.0,128,2048,2048,8192,2816,364.797,598.008,369.499,0.0202
mixed,8,1,0.125,4.0,128,2048,4096,16384,5632,486.171,923.735,490.586,0.0101
mixed,8,1,0.125,4.0,128,4096,128,512,176,324.091,339.58,322.907,-0.0764
mixed,8,1,0.125,4.0,128,4096,256,1024,352,326.459,362.013,325.951,-0.0143
mixed,8,1,0.125,4.0,128,4096,512,2048,704,350.778,414.267,347.452,-0.0524
mixed,8,1,0.125,4.0,128,4096,1024,4096,1408,386.011,502.49,390.491,0.0385
mixed,8,1,0.125,4.0,128,4096,2048,8192,2816,443.127,674.904,451.45,0.0359
mixed,8,1,0.125,4.0,128,4096,4096,16384,5632,564.829,1004.085,569.623,0.0109
mixed,8,1,0.125,4.0,128,8192,128,512,176,470.526,486.686,470.105,-0.0261
mixed,8,1,0.125,4.0,128,8192,256,1024,352,475.417,510.748,475.259,-0.0045
mixed,8,1,0.125,4.0,128,8192,512,2048,704,494.458,561.785,494.235,-0.0033
mixed,8,1,0.125,4.0,128,8192,1024,4096,1408,532.444,648.632,534.361,0.0165
mixed,8,1,0.125,4.0,128,8192,2048,8192,2816,589.914,815.926,589.111,-0.0036
mixed,8,1,0.125,4.0,128,8192,4096,16384,5632,705.176,1161.172,718.169,0.0285
mixed,8,1,0.125,4.0,256,0,128,512,176,182.431,200.352,182.94,0.0284
mixed,8,1,0.125,4.0,256,0,256,1024,352,184.732,224.318,186.078,0.034
mixed,8,1,0.125,4.0,256,0,512,2048,704,206.047,277.696,207.837,0.025
mixed,8,1,0.125,4.0,256,0,1024,4096,1408,245.885,365.979,249.147,0.0272
mixed,8,1,0.125,4.0,256,0,2048,8192,2816,309.69,532.474,308.19,-0.0067
mixed,8,1,0.125,4.0,256,0,4096,16384,5632,426.235,868.821,433.148,0.0156
mixed,8,1,0.125,4.0,256,512,128,512,176,249.884,267.551,250.141,0.0145
mixed,8,1,0.125,4.0,256,512,256,1024,352,253.917,290.749,253.725,-0.0052
mixed,8,1,0.125,4.0,256,512,512,2048,704,275.263,342.844,273.308,-0.0289
mixed,8,1,0.125,4.0,256,512,1024,4096,1408,313.181,428.635,316.346,0.0274
mixed,8,1,0.125,4.0,256,512,2048,8192,2816,372.349,602.618,374.813,0.0107
mixed,8,1,0.125,4.0,256,512,4096,16384,5632,490.875,932.275,502.426,0.0262
mixed,8,1,0.125,4.0,256,1024,128,512,176,306.525,321.982,303.325,-0.207
mixed,8,1,0.125,4.0,256,1024,256,1024,352,311.516,348.093,310.687,-0.0227
mixed,8,1,0.125,4.0,256,1024,512,2048,704,328.892,399.003,330.844,0.0278
mixed,8,1,0.125,4.0,256,1024,1024,4096,1408,367.261,484.313,370.553,0.0281
mixed,8,1,0.125,4.0,256,1024,2048,8192,2816,426.907,659.416,429.756,0.0123
mixed,8,1,0.125,4.0,256,1024,4096,16384,5632,549.594,990.55,557.178,0.0172
mixed,8,1,0.125,4.0,256,2048,128,512,176,341.469,357.275,339.452,-0.1276
mixed,8,1,0.125,4.0,256,2048,256,1024,352,345.47,382.974,345.341,-0.0034
mixed,8,1,0.125,4.0,256,2048,512,2048,704,366.236,432.477,364.154,-0.0314
mixed,8,1,0.125,4.0,256,2048,1024,4096,1408,405.403,523.383,406.043,0.0054
mixed,8,1,0.125,4.0,256,2048,2048,8192,2816,464.091,695.992,462.94,-0.005
mixed,8,1,0.125,4.0,256,2048,4096,16384,5632,579.319,1021.299,588.537,0.0209
mixed,8,1,0.125,4.0,256,4096,128,512,176,485.37,501.69,485.786,0.0255
mixed,8,1,0.125,4.0,256,4096,256,1024,352,491.131,528.891,490.842,-0.0077
mixed,8,1,0.125,4.0,256,4096,512,2048,704,510.809,578.841,509.79,-0.015
mixed,8,1,0.125,4.0,256,4096,1024,4096,1408,547.385,665.88,552.598,0.044
mixed,8,1,0.125,4.0,256,4096,2048,8192,2816,608.472,840.408,608.858,0.0017
mixed,8,1,0.125,4.0,256,4096,4096,16384,5632,727.225,1174.674,736.343,0.0204
mixed,8,1,0.125,4.0,256,8192,128,512,176,730.871,746.646,732.665,0.1137
mixed,8,1,0.125,4.0,256,8192,256,1024,352,734.743,773.365,734.392,-0.0091
mixed,8,1,0.125,4.0,256,8192,512,2048,704,754.841,820.791,756.565,0.0261
mixed,8,1,0.125,4.0,256,8192,1024,4096,1408,792.567,915.157,796.15,0.0292
mixed,8,1,0.125,4.0,256,8192,2048,8192,2816,853.941,1082.484,854.581,0.0028
mixed,8,1,0.125,4.0,256,8192,4096,16384,5632,972.022,1412.72,982.227,0.0232
mixed,8,1,0.125,4.0,512,0,128,512,176,300.829,315.742,300.51,-0.0214
mixed,8,1,0.125,4.0,512,0,256,1024,352,304.219,343.579,306.685,0.0627
mixed,8,1,0.125,4.0,512,0,512,2048,704,324.059,392.859,326.842,0.0405
mixed,8,1,0.125,4.0,512,0,1024,4096,1408,364.218,478.875,366.56,0.0204
mixed,8,1,0.125,4.0,512,0,2048,8192,2816,420.446,653.688,427.422,0.0299
mixed,8,1,0.125,4.0,512,0,4096,16384,5632,540.668,980.661,549.275,0.0196
mixed,8,1,0.125,4.0,512,512,128,512,176,373.499,390.17,375.132,0.098
mixed,8,1,0.125,4.0,512,512,256,1024,352,378.555,414.493,378.077,-0.0133
mixed,8,1,0.125,4.0,512,512,512,2048,704,398.299,466.396,399.581,0.0188
mixed,8,1,0.125,4.0,512,512,1024,4096,1408,436.605,554.266,441.98,0.0457
mixed,8,1,0.125,4.0,512,512,2048,8192,2816,496.379,723.161,497.913,0.0068
mixed,8,1,0.125,4.0,512,512,4096,16384,5632,614.776,1063.829,621.241,0.0144
mixed,8,1,0.125,4.0,512,1024,128,512,176,443.964,457.435,443.356,-0.0451
mixed,8,1,0.125,4.0,512,1024,256,1024,352,447.964,481.721,447.546,-0.0124
mixed,8,1,0.125,4.0,512,1024,512,2048,704,466.107,533.947,466.618,0.0075
mixed,8,1,0.125,4.0,512,1024,1024,4096,1408,503.547,625.851,507.964,0.0361
mixed,8,1,0.125,4.0,512,1024,2048,8192,2816,563.93,792.281,568.538,0.0202
mixed,8,1,0.125,4.0,512,1024,4096,16384,5632,680.984,1132.181,693.591,0.0279
mixed,8,1,0.125,4.0,512,2048,128,512,176,587.416,603.737,587.098,-0.0195
mixed,8,1,0.125,4.0,512,2048,256,1024,352,590.362,630.458,590.009,-0.0088
mixed,8,1,0.125,4.0,512,2048,512,2048,704,610.235,678.808,610.97,0.0107
mixed,8,1,0.125,4.0,512,2048,1024,4096,1408,645.882,767.671,655.034,0.0751
mixed,8,1,0.125,4.0,512,2048,2048,8192,2816,707.577,939.572,711.096,0.0152
mixed,8,1,0.125,4.0,512,2048,4096,16384,5632,823.575,1272.626,838.617,0.0335
mixed,8,1,0.125,4.0,512,4096,128,512,176,864.981,882.263,863.351,-0.0943
mixed,8,1,0.125,4.0,512,4096,256,1024,352,869.015,908.438,868.563,-0.0115
mixed,8,1,0.125,4.0,512,4096,512,2048,704,888.502,959.03,892.024,0.0499
mixed,8,1,0.125,4.0,512,4096,1024,4096,1408,927.479,1042.706,930.325,0.0247
mixed,8,1,0.125,4.0,512,4096,2048,8192,2816,988.531,1214.834,988.502,-0.0001
mixed,8,1,0.125,4.0,512,4096,4096,16384,5632,1108.211,1554.285,1114.164,0.0133
mixed,8,1,0.125,4.0,512,8192,128,512,176,1416.399,1436.143,1415.599,-0.0405
mixed,8,1,0.125,4.0,512,8192,256,1024,352,1420.852,1459.439,1421.585,0.019
mixed,8,1,0.125,4.0,512,8192,512,2048,704,1440.784,1509.358,1441.934,0.0168
mixed,8,1,0.125,4.0,512,8192,1024,4096,1408,1478.676,1596.687,1487.314,0.0732
mixed,8,1,0.125,4.0,512,8192,2048,8192,2816,1540.206,1769.006,1542.094,0.0083
mixed,8,1,0.125,4.0,512,8192,4096,16384,5632,1659.567,2096.265,1666.254,0.0153
mixed,8,1,0.125,4.0,1024,0,128,512,176,556.826,571.74,557.21,0.0257
mixed,8,1,0.125,4.0,1024,0,256,1024,352,560.632,598.041,558.78,-0.0495
mixed,8,1,0.125,4.0,1024,0,512,2048,704,580.537,648.535,579.191,-0.0198
mixed,8,1,0.125,4.0,1024,0,1024,4096,1408,619.481,733.082,620.888,0.0124
mixed,8,1,0.125,4.0,1024,0,2048,8192,2816,676.76,910.614,680.023,0.014
mixed,8,1,0.125,4.0,1024,0,4096,16384,5632,792.888,1241.238,807.351,0.0323
mixed,8,1,0.125,4.0,1024,512,128,512,176,735.098,751.962,734.998,-0.0059
mixed,8,1,0.125,4.0,1024,512,256,1024,352,737.336,774.072,740.857,0.0958
mixed,8,1,0.125,4.0,1024,512,512,2048,704,757.311,824.182,760.283,0.0444
mixed,8,1,0.125,4.0,1024,512,1024,4096,1408,794.839,911.222,801.784,0.0597
mixed,8,1,0.125,4.0,1024,512,2048,8192,2816,854.134,1088.277,855.575,0.0062
mixed,8,1,0.125,4.0,1024,512,4096,16384,5632,968.627,1420.591,983.288,0.0324
mixed,8,1,0.125,4.0,1024,1024,128,512,176,891.476,908.852,890.263,-0.0698
mixed,8,1,0.125,4.0,1024,1024,256,1024,352,892.567,932.086,895.766,0.0809
mixed,8,1,0.125,4.0,1024,1024,512,2048,704,913.495,982.934,914.39,0.0129
mixed,8,1,0.125,4.0,1024,1024,1024,4096,1408,948.372,1070.484,957.656,0.076
mixed,8,1,0.125,4.0,1024,1024,2048,8192,2816,1006.931,1242.098,1014.101,0.0305
mixed,8,1,0.125,4.0,1024,1024,4096,16384,5632,1125.652,1570.606,1138.037,0.0278
mixed,8,1,0.125,4.0,1024,2048,128,512,176,1168.147,1182.867,1167.027,-0.0761
mixed,8,1,0.125,4.0,1024,2048,256,1024,352,1166.674,1206.898,1165.878,-0.0198
mixed,8,1,0.125,4.0,1024,2048,512,2048,704,1187.7,1257.811,1191.603,0.0557
mixed,8,1,0.125,4.0,1024,2048,1024,4096,1408,1224.754,1346.93,1232.436,0.0629
mixed,8,1,0.125,4.0,1024,2048,2048,8192,2816,1288.179,1520.369,1292.05,0.0167
mixed,8,1,0.125,4.0,1024,2048,4096,16384,5632,1407.952,1857.199,1420.498,0.0279
mixed,8,1,0.125,4.0,1024,4096,128,512,176,1721.354,1740.237,1722.572,0.0645
mixed,8,1,0.125,4.0,1024,4096,256,1024,352,1720.875,1757.837,1722.54,0.045
mixed,8,1,0.125,4.0,1024,4096,512,2048,704,1743.083,1810.859,1746.637,0.0524
mixed,8,1,0.125,4.0,1024,4096,1024,4096,1408,1778.574,1896.941,1786.06,0.0632
mixed,8,1,0.125,4.0,1024,4096,2048,8192,2816,1841.55,2076.233,1843.243,0.0072
mixed,8,1,0.125,4.0,1024,4096,4096,16384,5632,1958.187,2406.312,1968.077,0.0221
mixed,8,1,0.125,4.0,1024,8192,128,512,176,2818.528,2829.281,2813.538,-0.4641
mixed,8,1,0.125,4.0,1024,8192,256,1024,352,2816.225,2855.361,2816.258,0.0008
mixed,8,1,0.125,4.0,1024,8192,512,2048,704,2836.934,2906.53,2837.537,0.0087
mixed,8,1,0.125,4.0,1024,8192,1024,4096,1408,2878.402,2991.521,2874.339,-0.0359
mixed,8,1,0.125,4.0,1024,8192,2048,8192,2816,2936.191,3170.685,2939.646,0.0147
mixed,8,1,0.125,4.0,1024,8192,4096,16384,5632,3051.006,3498.109,3065.214,0.0318
mixed,8,1,0.125,4.0,2048,0,128,512,176,1015.129,1026.935,1012.216,-0.2467
mixed,8,1,0.125,4.0,2048,0,256,1024,352,1014.07,1051.603,1016.438,0.0631
mixed,8,1,0.125,4.0,2048,0,512,2048,704,1038.13,1100.853,1037.653,-0.0076
mixed,8,1,0.125,4.0,2048,0,1024,4096,1408,1072.949,1194.097,1077.14,0.0346
mixed,8,1,0.125,4.0,2048,0,2048,8192,2816,1132.404,1366.484,1136.246,0.0164
mixed,8,1,0.125,4.0,2048,0,4096,16384,5632,1253.076,1693.903,1260.147,0.016
mixed,8,1,0.125,4.0,2048,512,128,512,176,1346.322,1364.561,1344.367,-0.1072
mixed,8,1,0.125,4.0,2048,512,256,1024,352,1350.482,1388.595,1349.042,-0.0378
mixed,8,1,0.125,4.0,2048,512,512,2048,704,1369.652,1439.728,1371.058,0.0201
mixed,8,1,0.125,4.0,2048,512,1024,4096,1408,1409.393,1525.072,1410.897,0.013
mixed,8,1,0.125,4.0,2048,512,2048,8192,2816,1469.649,1705.741,1472.75,0.0131
mixed,8,1,0.125,4.0,2048,512,4096,16384,5632,1587.856,2029.836,1595.498,0.0173
mixed,8,1,0.125,4.0,2048,1024,128,512,176,1686.543,1703.277,1685.388,-0.069
mixed,8,1,0.125,4.0,2048,1024,256,1024,352,1688.913,1722.892,1688.207,-0.0208
mixed,8,1,0.125,4.0,2048,1024,512,2048,704,1711.31,1779.373,1710.095,-0.0179
mixed,8,1,0.125,4.0,2048,1024,1024,4096,1408,1747.791,1867.979,1752.113,0.036
mixed,8,1,0.125,4.0,2048,1024,2048,8192,2816,1810.412,2042.473,1811.534,0.0048
mixed,8,1,0.125,4.0,2048,1024,4096,16384,5632,1926.059,2373.286,1938.507,0.0278
mixed,8,1,0.125,4.0,2048,2048,128,512,176,2235.72,2251.271,2234.57,-0.074
mixed,8,1,0.125,4.0,2048,2048,256,1024,352,2241.479,2277.893,2239.243,-0.0614
mixed,8,1,0.125,4.0,2048,2048,512,2048,704,2259.115,2331.24,2262.183,0.0425
mixed,8,1,0.125,4.0,2048,2048,1024,4096,1408,2297.354,2413.767,2302.985,0.0484
mixed,8,1,0.125,4.0,2048,2048,2048,8192,2816,2355.752,2587.69,2361.64,0.0254
mixed,8,1,0.125,4.0,2048,2048,4096,16384,5632,2474.148,2913.922,2490.023,0.0361
mixed,8,1,0.125,4.0,2048,4096,128,512,176,3327.836,3348.158,3329.759,0.0946
mixed,8,1,0.125,4.0,2048,4096,256,1024,352,3336.636,3369.208,3337.599,0.0296
mixed,8,1,0.125,4.0,2048,4096,512,2048,704,3351.39,3422.332,3352.988,0.0225
mixed,8,1,0.125,4.0,2048,4096,1024,4096,1408,3388.54,3513.147,3393.149,0.037
mixed,8,1,0.125,4.0,2048,4096,2048,8192,2816,3449.467,3684.155,3456.923,0.0318
mixed,8,1,0.125,4.0,2048,4096,4096,16384,5632,3568.823,4014.806,3586.905,0.0405
mixed,8,1,0.125,4.0,2048,8192,128,512,176,5529.126,5543.109,5533.637,0.3226
mixed,8,1,0.125,4.0,2048,8192,256,1024,352,5534.376,5567.658,5534.441,0.002
mixed,8,1,0.125,4.0,2048,8192,512,2048,704,5547.814,5613.063,5551.623,0.0584
mixed,8,1,0.125,4.0,2048,8192,1024,4096,1408,5586.087,5701.096,5592.199,0.0531
mixed,8,1,0.125,4.0,2048,8192,2048,8192,2816,5648.934,5877.059,5652.359,0.015
mixed,8,1,0.125,4.0,2048,8192,4096,16384,5632,5763.075,6209.571,5775.497,0.0278
pure,8,2,0.25,4.0,0,0,128,512,224,63.68,78.91,63.488,-0.0126
pure,8,2,0.25,4.0,0,0,256,1024,448,67.775,94.078,67.71,-0.0025
pure,8,2,0.25,4.0,0,0,512,2048,896,88.415,142.015,89.311,0.0167
pure,8,2,0.25,4.0,0,0,1024,4096,1792,131.008,228.669,132.157,0.0118
pure,8,2,0.25,4.0,0,0,2048,8192,3584,206.91,404.924,204.095,-0.0142
pure,8,2,0.25,4.0,0,0,4096,16384,7168,351.262,742.776,356.893,0.0144
mixed,8,2,0.25,4.0,16,0,128,512,224,84.158,98.719,84.579,0.0289
mixed,8,2,0.25,4.0,16,0,256,1024,448,87.522,116.417,87.743,0.0076
mixed,8,2,0.25,4.0,16,0,512,2048,896,110.491,163.325,111.293,0.0152
mixed,8,2,0.25,4.0,16,0,1024,4096,1792,152.99,249.853,152.256,-0.0076
mixed,8,2,0.25,4.0,16,0,2048,8192,3584,227.901,421.915,224.797,-0.016
mixed,8,2,0.25,4.0,16,0,4096,16384,7168,376.668,760.216,378.492,0.0048
mixed,8,2,0.25,4.0,16,512,128,512,224,117.151,132.702,117.664,0.033
mixed,8,2,0.25,4.0,16,512,256,1024,448,121.917,151.936,121.471,-0.0149
mixed,8,2,0.25,4.0,16,512,512,2048,896,145.504,199.42,144.831,-0.0125
mixed,8,2,0.25,4.0,16,512,1024,4096,1792,189.631,283.455,187.261,-0.0253
mixed,8,2,0.25,4.0,16,512,2048,8192,3584,263.675,454.396,263.677,0.0
mixed,8,2,0.25,4.0,16,512,4096,16384,7168,413.147,789.623,410.65,-0.0066
mixed,8,2,0.25,4.0,16,1024,128,512,224,118.335,134.045,118.88,0.0347
mixed,8,2,0.25,4.0,16,1024,256,1024,448,123.487,152.636,123.742,0.0087
mixed,8,2,0.25,4.0,16,1024,512,2048,896,146.367,199.998,146.782,0.0077
mixed,8,2,0.25,4.0,16,1024,1024,4096,1792,190.432,287.134,191.071,0.0066
mixed,8,2,0.25,4.0,16,1024,2048,8192,3584,264.158,457.626,262.652,-0.0078
mixed,8,2,0.25,4.0,16,1024,4096,16384,7168,414.523,794.615,418.874,0.0114
mixed,8,2,0.25,4.0,16,2048,128,512,224,121.886,138.367,121.984,0.0059
mixed,8,2,0.25,4.0,16,2048,256,1024,448,126.624,157.663,126.91,0.0092
mixed,8,2,0.25,4.0,16,2048,512,2048,896,150.783,206.847,151.519,0.0131
mixed,8,2,0.25,4.0,16,2048,1024,4096,1792,195.869,293.852,194.942,-0.0095
mixed,8,2,0.25,4.0,16,2048,2048,8192,3584,272.445,465.916,269.69,-0.0142
mixed,8,2,0.25,4.0,16,2048,4096,16384,7168,419.613,796.44,422.525,0.0077
mixed,8,2,0.25,4.0,16,4096,128,512,224,130.72,146.815,130.751,0.0019
mixed,8,2,0.25,4.0,16,4096,256,1024,448,135.841,167.615,135.776,-0.002
mixed,8,2,0.25,4.0,16,4096,512,2048,896,160.447,217.917,162.08,0.0284
mixed,8,2,0.25,4.0,16,4096,1024,4096,1792,207.197,305.437,206.46,-0.0075
mixed,8,2,0.25,4.0,16,4096,2048,8192,3584,281.086,476.123,279.672,-0.0072
mixed,8,2,0.25,4.0,16,4096,4096,16384,7168,430.972,808.184,433.467,0.0066
mixed,8,2,0.25,4.0,16,8192,128,512,224,160.956,176.444,160.543,-0.0267
mixed,8,2,0.25,4.0,16,8192,256,1024,448,165.12,199.518,164.702,-0.0122
mixed,8,2,0.25,4.0,16,8192,512,2048,896,191.965,252.511,192.255,0.0048
mixed,8,2,0.25,4.0,16,8192,1024,4096,1792,243.23,338.558,243.58,0.0037
mixed,8,2,0.25,4.0,16,8192,2048,8192,3584,315.358,510.874,314.43,-0.0047
mixed,8,2,0.25,4.0,16,8192,4096,16384,7168,461.242,846.553,471.802,0.0274
mixed,8,2,0.25,4.0,32,0,128,512,224,114.622,129.76,115.837,0.0803
mixed,8,2,0.25,4.0,32,0,256,1024,448,119.008,150.367,118.784,-0.0071
mixed,8,2,0.25,4.0,32,0,512,2048,896,143.391,199.264,144.414,0.0183
mixed,8,2,0.25,4.0,32,0,1024,4096,1792,188.064,286.972,188.38,0.0032
mixed,8,2,0.25,4.0,32,0,2048,8192,3584,262.016,455.451,262.27,0.0013
mixed,8,2,0.25,4.0,32,0,4096,16384,7168,409.339,788.088,414.812,0.0145
mixed,8,2,0.25,4.0,32,512,128,512,224,138.526,155.006,138.749,0.0135
mixed,8,2,0.25,4.0,32,512,256,1024,448,143.966,175.488,143.709,-0.0082
mixed,8,2,0.25,4.0,32,512,512,2048,896,168.926,225.985,169.758,0.0146
mixed,8,2,0.25,4.0,32,512,1024,4096,1792,215.163,313.054,215.871,0.0072
mixed,8,2,0.25,4.0,32,512,2048,8192,3584,288.158,482.204,289.149,0.0051
mixed,8,2,0.25,4.0,32,512,4096,16384,7168,433.756,813.494,443.578,0.0259
mixed,8,2,0.25,4.0,32,1024,128,512,224,139.52,156.127,139.008,-0.0308
mixed,8,2,0.25,4.0,32,1024,256,1024,448,144.896,178.529,145.052,0.0046
mixed,8,2,0.25,4.0,32,1024,512,2048,896,169.532,228.382,171.583,0.0349
mixed,8,2,0.25,4.0,32,1024,1024,4096,1792,218.238,314.11,218.238,0.0
mixed,8,2,0.25,4.0,32,1024,2048,8192,3584,293.115,489.885,290.495,-0.0133
mixed,8,2,0.25,4.0,32,1024,4096,16384,7168,439.515,821.528,445.98,0.0169
mixed,8,2,0.25,4.0,32,2048,128,512,224,144.958,163.071,145.565,0.0335
mixed,8,2,0.25,4.0,32,2048,256,1024,448,152.221,184.575,152.0,-0.0068
mixed,8,2,0.25,4.0,32,2048,512,2048,896,177.535,237.245,177.952,0.007
mixed,8,2,0.25,4.0,32,2048,1024,4096,1792,226.972,324.447,225.726,-0.0128
mixed,8,2,0.25,4.0,32,2048,2048,8192,3584,299.803,497.725,300.127,0.0016
mixed,8,2,0.25,4.0,32,2048,4096,16384,7168,449.917,828.44,454.747,0.0128
mixed,8,2,0.25,4.0,32,4096,128,512,224,158.269,177.087,158.145,-0.0066
mixed,8,2,0.25,4.0,32,4096,256,1024,448,165.857,199.998,164.545,-0.0384
mixed,8,2,0.25,4.0,32,4096,512,2048,896,192.64,252.926,191.838,-0.0133
mixed,8,2,0.25,4.0,32,4096,1024,4096,1792,243.743,338.59,243.487,-0.0027
mixed,8,2,0.25,4.0,32,4096,2048,8192,3584,319.42,512.988,315.486,-0.0203
mixed,8,2,0.25,4.0,32,4096,4096,16384,7168,465.371,844.538,469.468,0.0108
mixed,8,2,0.25,4.0,32,8192,128,512,224,251.23,269.665,253.948,0.1474
mixed,8,2,0.25,4.0,32,8192,256,1024,448,261.245,291.707,258.045,-0.105
mixed,8,2,0.25,4.0,32,8192,512,2048,896,288.348,345.758,286.142,-0.0384
mixed,8,2,0.25,4.0,32,8192,1024,4096,1792,333.725,433.147,333.531,-0.002
mixed,8,2,0.25,4.0,32,8192,2048,8192,3584,409.182,597.82,406.203,-0.0158
mixed,8,2,0.25,4.0,32,8192,4096,16384,7168,555.804,939.831,560.699,0.0127
mixed,8,2,0.25,4.0,64,0,128,512,224,114.88,130.366,115.423,0.0351
mixed,8,2,0.25,4.0,64,0,256,1024,448,120.19,154.014,119.583,-0.0179
mixed,8,2,0.25,4.0,64,0,512,2048,896,145.885,204.766,147.355,0.025
mixed,8,2,0.25,4.0,64,0,1024,4096,1792,193.34,290.718,192.865,-0.0049
mixed,8,2,0.25,4.0,64,0,2048,8192,3584,267.613,461.947,268.445,0.0043
mixed,8,2,0.25,4.0,64,0,4096,16384,7168,415.9,798.617,421.532,0.0147
mixed,8,2,0.25,4.0,64,512,128,512,224,144.703,162.876,144.769,0.0036
mixed,8,2,0.25,4.0,64,512,256,1024,448,150.525,185.695,150.464,-0.0017
mixed,8,2,0.25,4.0,64,512,512,2048,896,176.956,237.408,178.243,0.0213
mixed,8,2,0.25,4.0,64,512,1024,4096,1792,225.948,325.885,227.968,0.0202
mixed,8,2,0.25,4.0,64,512,2048,8192,3584,301.727,496.763,300.415,-0.0067
mixed,8,2,0.25,4.0,64,512,4096,16384,7168,453.502,832.056,456.794,0.0087
mixed,8,2,0.25,4.0,64,1024,128,512,224,150.369,168.256,150.591,0.0124
mixed,8,2,0.25,4.0,64,1024,256,1024,448,157.342,191.583,156.285,-0.0309
mixed,8,2,0.25,4.0,64,1024,512,2048,896,183.294,245.693,183.805,0.0082
mixed,8,2,0.25,4.0,64,1024,1024,4096,1792,233.79,331.835,235.166,0.014
mixed,8,2,0.25,4.0,64,1024,2048,8192,3584,309.501,501.5,307.9,-0.0083
mixed,8,2,0.25,4.0,64,1024,4096,16384,7168,458.652,833.336,460.57,0.0051
mixed,8,2,0.25,4.0,64,2048,128,512,224,161.469,177.599,160.766,-0.0436
mixed,8,2,0.25,4.0,64,2048,256,1024,448,166.079,202.014,166.749,0.0186
mixed,8,2,0.25,4.0,64,2048,512,2048,896,192.703,255.39,194.495,0.0286
mixed,8,2,0.25,4.0,64,2048,1024,4096,1792,245.983,341.182,246.526,0.0057
mixed,8,2,0.25,4.0,64,2048,2048,8192,3584,319.101,515.163,319.71,0.0031
mixed,8,2,0.25,4.0,64,2048,4096,16384,7168,467.901,844.791,471.833,0.0104
mixed,8,2,0.25,4.0,64,4096,128,512,224,239.549,253.212,237.277,-0.1663
mixed,8,2,0.25,4.0,64,4096,256,1024,448,244.029,279.645,243.323,-0.0198
mixed,8,2,0.25,4.0,64,4096,512,2048,896,271.743,329.981,270.944,-0.0137
mixed,8,2,0.25,4.0,64,4096,1024,4096,1792,320.731,418.652,319.068,-0.017
mixed,8,2,0.25,4.0,64,4096,2048,8192,3584,393.759,586.329,393.308,-0.0023
mixed,8,2,0.25,4.0,64,4096,4096,16384,7168,540.027,920.918,549.787,0.0256
mixed,8,2,0.25,4.0,64,8192,128,512,224,318.91,333.246,319.55,0.0446
mixed,8,2,0.25,4.0,64,8192,256,1024,448,325.627,360.316,325.248,-0.0109
mixed,8,2,0.25,4.0,64,8192,512,2048,896,352.062,411.323,351.039,-0.0173
mixed,8,2,0.25,4.0,64,8192,1024,4096,1792,401.37,500.924,402.172,0.0081
mixed,8,2,0.25,4.0,64,8192,2048,8192,3584,473.563,666.392,474.138,0.003
mixed,8,2,0.25,4.0,64,8192,4096,16384,7168,623.58,1002.455,634.745,0.0295
mixed,8,2,0.25,4.0,128,0,128,512,224,124.032,139.902,124.32,0.0181
mixed,8,2,0.25,4.0,128,0,256,1024,448,128.192,160.477,128.318,0.0039
mixed,8,2,0.25,4.0,128,0,512,2048,896,152.384,208.765,152.254,-0.0023
mixed,8,2,0.25,4.0,128,0,1024,4096,1792,197.823,295.102,197.536,-0.003
mixed,8,2,0.25,4.0,128,0,2048,8192,3584,271.806,468.476,273.088,0.0065
mixed,8,2,0.25,4.0,128,0,4096,16384,7168,421.244,796.665,428.06,0.0182
mixed,8,2,0.25,4.0,128,512,128,512,224,160.636,179.646,160.158,-0.0251
mixed,8,2,0.25,4.0,128,512,256,1024,448,165.856,200.831,166.687,0.0238
mixed,8,2,0.25,4.0,128,512,512,2048,896,192.638,256.187,194.175,0.0242
mixed,8,2,0.25,4.0,128,512,1024,4096,1792,244.382,339.865,244.639,0.0027
mixed,8,2,0.25,4.0,128,512,2048,8192,3584,318.206,513.912,317.694,-0.0026
mixed,8,2,0.25,4.0,128,512,4096,16384,7168,465.213,847.735,471.804,0.0172
mixed,8,2,0.25,4.0,128,1024,128,512,224,167.357,186.078,168.349,0.053
mixed,8,2,0.25,4.0,128,1024,256,1024,448,173.917,208.832,174.492,0.0165
mixed,8,2,0.25,4.0,128,1024,512,2048,896,200.606,262.652,202.048,0.0232
mixed,8,2,0.25,4.0,128,1024,1024,4096,1792,253.274,348.766,252.252,-0.0107
mixed,8,2,0.25,4.0,128,1024,2048,8192,3584,328.988,524.667,325.697,-0.0168
mixed,8,2,0.25,4.0,128,1024,4096,16384,7168,475.58,859.767,482.491,0.018
mixed,8,2,0.25,4.0,128,2048,128,512,224,242.94,258.622,243.327,0.0247
mixed,8,2,0.25,4.0,128,2048,256,1024,448,250.303,283.552,248.35,-0.0587
mixed,8,2,0.25,4.0,128,2048,512,2048,896,277.376,335.099,276.125,-0.0217
mixed,8,2,0.25,4.0,128,2048,1024,4096,1792,328.925,421.018,324.702,-0.0459
mixed,8,2,0.25,4.0,128,2048,2048,8192,3584,397.341,595.867,398.59,0.0063
mixed,8,2,0.25,4.0,128,2048,4096,16384,7168,551.736,932.82,551.162,-0.0015
mixed,8,2,0.25,4.0,128,4096,128,512,224,322.334,339.258,324.224,0.1117
mixed,8,2,0.25,4.0,128,4096,256,1024,448,331.131,365.916,327.613,-0.1011
mixed,8,2,0.25,4.0,128,4096,512,2048,896,355.867,417.471,358.269,0.039
mixed,8,2,0.25,4.0,128,4096,1024,4096,1792,405.917,501.052,402.972,-0.031
mixed,8,2,0.25,4.0,128,4096,2048,8192,3584,478.27,678.652,475.74,-0.0126
mixed,8,2,0.25,4.0,128,4096,4096,16384,7168,628.314,1002.133,633.434,0.0137
mixed,8,2,0.25,4.0,128,8192,128,512,224,470.746,483.578,473.659,0.227
mixed,8,2,0.25,4.0,128,8192,256,1024,448,475.995,510.683,477.66,0.048
mixed,8,2,0.25,4.0,128,8192,512,2048,896,505.148,563.356,503.195,-0.0336
mixed,8,2,0.25,4.0,128,8192,1024,4096,1792,552.379,649.274,551.036,-0.0139
mixed,8,2,0.25,4.0,128,8192,2048,8192,3584,623.258,823.158,625.146,0.0094
mixed,8,2,0.25,4.0,128,8192,4096,16384,7168,773.657,1156.052,778.651,0.0131
mixed,8,2,0.25,4.0,256,0,128,512,224,182.493,200.699,183.708,0.0667
mixed,8,2,0.25,4.0,256,0,256,1024,448,188.768,223.836,188.381,-0.011
mixed,8,2,0.25,4.0,256,0,512,2048,896,214.621,278.812,217.214,0.0404
mixed,8,2,0.25,4.0,256,0,1024,4096,1792,267.006,365.696,266.716,-0.0029
mixed,8,2,0.25,4.0,256,0,2048,8192,3584,339.899,540.988,343.004,0.0154
mixed,8,2,0.25,4.0,256,0,4096,16384,7168,493.882,867.032,494.556,0.0018
mixed,8,2,0.25,4.0,256,512,128,512,224,250.238,267.646,250.462,0.0129
mixed,8,2,0.25,4.0,256,512,256,1024,448,254.653,291.518,256.062,0.0382
mixed,8,2,0.25,4.0,256,512,512,2048,896,282.431,341.79,284.062,0.0275
mixed,8,2,0.25,4.0,256,512,1024,4096,1792,334.717,427.866,334.593,-0.0013
mixed,8,2,0.25,4.0,256,512,2048,8192,3584,407.581,600.636,406.971,-0.0032
mixed,8,2,0.25,4.0,256,512,4096,16384,7168,560.122,931.896,558.394,-0.0046
mixed,8,2,0.25,4.0,256,1024,128,512,224,305.693,320.508,306.301,0.041
mixed,8,2,0.25,4.0,256,1024,256,1024,448,312.256,345.695,312.22,-0.0011
mixed,8,2,0.25,4.0,256,1024,512,2048,896,340.539,396.828,338.875,-0.0296
mixed,8,2,0.25,4.0,256,1024,1024,4096,1792,389.466,487.901,388.027,-0.0146
mixed,8,2,0.25,4.0,256,1024,2048,8192,3584,465.372,659.926,460.476,-0.0252
mixed,8,2,0.25,4.0,256,1024,4096,16384,7168,610.461,997.014,614.107,0.0094
mixed,8,2,0.25,4.0,256,2048,128,512,224,342.587,359.066,341.565,-0.062
mixed,8,2,0.25,4.0,256,2048,256,1024,448,347.901,383.901,348.029,0.0036
mixed,8,2,0.25,4.0,256,2048,512,2048,896,373.915,433.851,374.428,0.0086
mixed,8,2,0.25,4.0,256,2048,1024,4096,1792,422.747,522.042,425.406,0.0268
mixed,8,2,0.25,4.0,256,2048,2048,8192,3584,497.244,693.53,498.525,0.0065
mixed,8,2,0.25,4.0,256,2048,4096,16384,7168,646.81,1024.821,653.338,0.0173
mixed,8,2,0.25,4.0,256,4096,128,512,224,488.217,504.893,486.972,-0.0747
mixed,8,2,0.25,4.0,256,4096,256,1024,448,493.308,527.17,492.892,-0.0123
mixed,8,2,0.25,4.0,256,4096,512,2048,896,520.411,577.307,518.366,-0.0359
mixed,8,2,0.25,4.0,256,4096,1024,4096,1792,568.604,663.166,568.955,0.0037
mixed,8,2,0.25,4.0,256,4096,2048,8192,3584,639.801,837.014,640.57,0.0039
mixed,8,2,0.25,4.0,256,4096,4096,16384,7168,791.448,1170.101,797.4,0.0157
mixed,8,2,0.25,4.0,256,8192,128,512,224,731.034,748.89,735.097,0.2275
mixed,8,2,0.25,4.0,256,8192,256,1024,448,736.891,772.632,735.516,-0.0385
mixed,8,2,0.25,4.0,256,8192,512,2048,896,764.379,825.563,765.464,0.0177
mixed,8,2,0.25,4.0,256,8192,1024,4096,1792,814.042,910.968,813.978,-0.0007
mixed,8,2,0.25,4.0,256,8192,2048,8192,3584,885.944,1081.525,888.026,0.0106
mixed,8,2,0.25,4.0,256,8192,4096,16384,7168,1040.664,1410.319,1041.975,0.0035
mixed,8,2,0.25,4.0,512,0,128,512,224,300.572,317.626,302.334,0.1033
mixed,8,2,0.25,4.0,512,0,256,1024,448,308.894,343.485,309.789,0.0259
mixed,8,2,0.25,4.0,512,0,512,2048,896,333.083,392.953,335.806,0.0455
mixed,8,2,0.25,4.0,512,0,1024,4096,1792,385.501,480.86,383.643,-0.0195
mixed,8,2,0.25,4.0,512,0,2048,8192,3584,463.196,652.089,456.956,-0.033
mixed,8,2,0.25,4.0,512,0,4096,16384,7168,607.772,982.645,609.691,0.0051
mixed,8,2,0.25,4.0,512,512,128,512,224,374.91,391.61,373.692,-0.0729
mixed,8,2,0.25,4.0,512,512,256,1024,448,382.653,415.422,382.043,-0.0186
mixed,8,2,0.25,4.0,512,512,512,2048,896,407.901,467.421,408.379,0.008
mixed,8,2,0.25,4.0,512,512,1024,4096,1792,456.957,555.578,457.534,0.0059
mixed,8,2,0.25,4.0,512,512,2048,8192,3584,533.691,722.04,530.202,-0.0185
mixed,8,2,0.25,4.0,512,512,4096,16384,7168,678.65,1066.227,681.081,0.0063
mixed,8,2,0.25,4.0,512,1024,128,512,224,442.075,458.843,443.069,0.0593
mixed,8,2,0.25,4.0,512,1024,256,1024,448,447.965,484.892,449.438,0.0399
mixed,8,2,0.25,4.0,512,1024,512,2048,896,474.717,534.46,476.538,0.0305
mixed,8,2,0.25,4.0,512,1024,1024,4096,1792,525.529,623.449,525.754,0.0023
mixed,8,2,0.25,4.0,512,1024,2048,8192,3584,600.507,794.012,598.493,-0.0104
mixed,8,2,0.25,4.0,512,1024,4096,16384,7168,749.978,1127.671,748.827,-0.003
mixed,8,2,0.25,4.0,512,2048,128,512,224,587.676,603.933,588.793,0.0687
mixed,8,2,0.25,4.0,512,2048,256,1024,448,592.348,627.674,593.37,0.0289
mixed,8,2,0.25,4.0,512,2048,512,2048,896,621.565,677.882,621.626,0.0011
mixed,8,2,0.25,4.0,512,2048,1024,4096,1792,668.603,766.456,670.074,0.015
mixed,8,2,0.25,4.0,512,2048,2048,8192,3584,742.713,947.321,742.298,-0.002
mixed,8,2,0.25,4.0,512,2048,4096,16384,7168,889.817,1271.412,895.001,0.0136
mixed,8,2,0.25,4.0,512,4096,128,512,224,863.672,880.28,866.042,0.1427
mixed,8,2,0.25,4.0,512,4096,256,1024,448,869.498,907.095,872.022,0.0671
mixed,8,2,0.25,4.0,512,4096,512,2048,896,897.496,956.727,898.166,0.0113
mixed,8,2,0.25,4.0,512,4096,1024,4096,1792,947.959,1044.568,946.778,-0.0122
mixed,8,2,0.25,4.0,512,4096,2048,8192,3584,1024.759,1212.502,1020.055,-0.0251
mixed,8,2,0.25,4.0,512,4096,4096,16384,7168,1167.19,1546.132,1175.702,0.0225
mixed,8,2,0.25,4.0,512,8192,128,512,224,1417.556,1430.576,1417.172,-0.0295
mixed,8,2,0.25,4.0,512,8192,256,1024,448,1421.845,1459.858,1424.469,0.069
mixed,8,2,0.25,4.0,512,8192,512,2048,896,1449.076,1509.203,1449.972,0.0149
mixed,8,2,0.25,4.0,512,8192,1024,4096,1792,1499.507,1594.069,1498.064,-0.0153
mixed,8,2,0.25,4.0,512,8192,2048,8192,3584,1572.914,1768.657,1571.989,-0.0047
mixed,8,2,0.25,4.0,512,8192,4096,16384,7168,1726.193,2107.214,1727.954,0.0046
mixed,8,2,0.25,4.0,1024,0,128,512,224,558.238,572.894,557.145,-0.0746
mixed,8,2,0.25,4.0,1024,0,256,1024,448,565.853,595.547,562.14,-0.125
mixed,8,2,0.25,4.0,1024,0,512,2048,896,591.385,646.426,590.138,-0.0227
mixed,8,2,0.25,4.0,1024,0,1024,4096,1792,638.78,734.395,637.434,-0.0141
mixed,8,2,0.25,4.0,1024,0,2048,8192,3584,713.784,909.144,706.938,-0.035
mixed,8,2,0.25,4.0,1024,0,4096,16384,7168,860.249,1236.854,867.255,0.0186
mixed,8,2,0.25,4.0,1024,512,128,512,224,735.259,749.914,735.832,0.0391
mixed,8,2,0.25,4.0,1024,512,256,1024,448,741.403,775.61,739.062,-0.0684
mixed,8,2,0.25,4.0,1024,512,512,2048,896,769.433,824.566,766.556,-0.0522
mixed,8,2,0.25,4.0,1024,512,1024,4096,1792,815.515,909.912,812.281,-0.0343
mixed,8,2,0.25,4.0,1024,512,2048,8192,3584,889.912,1086.741,891.032,0.0057
mixed,8,2,0.25,4.0,1024,512,4096,16384,7168,1040.569,1415.22,1040.823,0.0007
mixed,8,2,0.25,4.0,1024,1024,128,512,224,891.834,905.657,890.52,-0.0951
mixed,8,2,0.25,4.0,1024,1024,256,1024,448,896.889,932.695,896.345,-0.0152
mixed,8,2,0.25,4.0,1024,1024,512,2048,896,920.249,980.663,921.208,0.0159
mixed,8,2,0.25,4.0,1024,1024,1024,4096,1792,970.01,1068.885,969.625,-0.0039
mixed,8,2,0.25,4.0,1024,1024,2048,8192,3584,1043.606,1243.381,1042.455,-0.0058
mixed,8,2,0.25,4.0,1024,1024,4096,16384,7168,1189.204,1571.795,1196.726,0.0197
mixed,8,2,0.25,4.0,1024,2048,128,512,224,1168.502,1183.03,1167.031,-0.1013
mixed,8,2,0.25,4.0,1024,2048,256,1024,448,1176.632,1207.061,1176.789,0.0052
mixed,8,2,0.25,4.0,1024,2048,512,2048,896,1197.845,1255.798,1198.902,0.0182
mixed,8,2,0.25,4.0,1024,2048,1024,4096,1792,1246.389,1345.75,1250.932,0.0457
mixed,8,2,0.25,4.0,1024,2048,2048,8192,3584,1321.59,1514.612,1320.821,-0.004
mixed,8,2,0.25,4.0,1024,2048,4096,16384,7168,1471.538,1856.334,1473.552,0.0052
mixed,8,2,0.25,4.0,1024,4096,128,512,224,1721.037,1739.377,1722.321,0.07
mixed,8,2,0.25,4.0,1024,4096,256,1024,448,1727.73,1759.087,1726.031,-0.0542
mixed,8,2,0.25,4.0,1024,4096,512,2048,896,1752.943,1810.387,1753.777,0.0145
mixed,8,2,0.25,4.0,1024,4096,1024,4096,1792,1802.705,1897.839,1802.256,-0.0047
mixed,8,2,0.25,4.0,1024,4096,2048,8192,3584,1874.673,2067.632,1875.631,0.005
mixed,8,2,0.25,4.0,1024,4096,4096,16384,7168,2026.127,2401.227,2031.084,0.0132
mixed,8,2,0.25,4.0,1024,8192,128,512,224,2818.023,2828.552,2815.913,-0.2004
mixed,8,2,0.25,4.0,1024,8192,256,1024,448,2818.246,2853.736,2821.254,0.0848
mixed,8,2,0.25,4.0,1024,8192,512,2048,896,2850.215,2901.224,2852.391,0.0427
mixed,8,2,0.25,4.0,1024,8192,1024,4096,1792,2895.784,2988.707,2900.229,0.0478
mixed,8,2,0.25,4.0,1024,8192,2048,8192,3584,2969.446,3160.933,2971.428,0.0104
mixed,8,2,0.25,4.0,1024,8192,4096,16384,7168,3114.823,3493.218,3129.091,0.0377
mixed,8,2,0.25,4.0,2048,0,128,512,224,1013.433,1024.505,1014.776,0.1213
mixed,8,2,0.25,4.0,2048,0,256,1024,448,1020.184,1055.381,1018.583,-0.0455
mixed,8,2,0.25,4.0,2048,0,512,2048,896,1044.213,1105.878,1046.967,0.0447
mixed,8,2,0.25,4.0,2048,0,1024,4096,1792,1094.453,1194.614,1094.871,0.0042
mixed,8,2,0.25,4.0,2048,0,2048,8192,3584,1167.349,1365.107,1168.374,0.0052
mixed,8,2,0.25,4.0,2048,0,4096,16384,7168,1316.98,1697.715,1321.206,0.0111
mixed,8,2,0.25,4.0,2048,512,128,512,224,1351.826,1366.388,1343.413,-0.5777
mixed,8,2,0.25,4.0,2048,512,256,1024,448,1353.333,1387.093,1353.527,0.0057
mixed,8,2,0.25,4.0,2048,512,512,2048,896,1378.516,1436.273,1379.891,0.0238
mixed,8,2,0.25,4.0,2048,512,1024,4096,1792,1430.546,1525.586,1428.756,-0.0188
mixed,8,2,0.25,4.0,2048,512,2048,8192,3584,1504.052,1695.728,1502.389,-0.0087
mixed,8,2,0.25,4.0,2048,512,4096,16384,7168,1655.157,2027.792,1659.089,0.0106
mixed,8,2,0.25,4.0,2048,1024,128,512,224,1687.12,1701.554,1686.738,-0.0265
mixed,8,2,0.25,4.0,2048,1024,256,1024,448,1692.691,1726.834,1690.126,-0.0751
mixed,8,2,0.25,4.0,2048,1024,512,2048,896,1719.281,1775.985,1717.873,-0.0248
mixed,8,2,0.25,4.0,2048,1024,1024,4096,1792,1769.423,1868.015,1765.84,-0.0363
mixed,8,2,0.25,4.0,2048,1024,2048,8192,3584,1841.843,2037.681,1841.936,0.0005
mixed,8,2,0.25,4.0,2048,1024,4096,16384,7168,1985.613,2376.074,1994.926,0.0239
mixed,8,2,0.25,4.0,2048,2048,128,512,224,2235.435,2250.795,2236.044,0.0396
mixed,8,2,0.25,4.0,2048,2048,256,1024,448,2242.797,2277.583,2244.431,0.047
mixed,8,2,0.25,4.0,2048,2048,512,2048,896,2271.241,2330.381,2269.294,-0.0329
mixed,8,2,0.25,4.0,2048,2048,1024,4096,1792,2319.5,2417.035,2320.138,0.0065
mixed,8,2,0.25,4.0,2048,2048,2048,8192,3584,2394.025,2585.932,2393.098,-0.0048
mixed,8,2,0.25,4.0,2048,2048,4096,16384,7168,2533.129,2922.344,2542.314,0.0236
mixed,8,2,0.25,4.0,2048,4096,128,512,224,3329.059,3343.043,3331.972,0.2083
mixed,8,2,0.25,4.0,2048,4096,256,1024,448,3336.896,3370.689,3338.371,0.0436
mixed,8,2,0.25,4.0,2048,4096,512,2048,896,3365.795,3422.593,3363.042,-0.0485
mixed,8,2,0.25,4.0,2048,4096,1024,4096,1792,3413.538,3510.018,3411.363,-0.0225
mixed,8,2,0.25,4.0,2048,4096,2048,8192,3584,3487.364,3683.489,3483.969,-0.0173
mixed,8,2,0.25,4.0,2048,4096,4096,16384,7168,3638.879,4010.718,3646.177,0.0196
mixed,8,2,0.25,4.0,2048,8192,128,512,224,5530.705,5544.275,5526.864,-0.2831
mixed,8,2,0.25,4.0,2048,8192,256,1024,448,5534.737,5567.472,5538.509,0.1152
mixed,8,2,0.25,4.0,2048,8192,512,2048,896,5554.483,5616.814,5557.233,0.0441
mixed,8,2,0.25,4.0,2048,8192,1024,4096,1792,5604.753,5699.186,5605.935,0.0125
mixed,8,2,0.25,4.0,2048,8192,2048,8192,3584,5677.043,5878.157,5680.686,0.0181
mixed,8,2,0.25,4.0,2048,8192,4096,16384,7168,5833.681,6213.425,5837.708,0.0106
pure,8,3,0.375,4.0,0,0,128,512,272,64.992,79.744,64.48,-0.0347
pure,8,3,0.375,4.0,0,0,256,1024,544,79.423,94.495,79.681,0.0171
pure,8,3,0.375,4.0,0,0,512,2048,1088,96.672,142.494,101.245,0.0998
pure,8,3,0.375,4.0,0,0,1024,4096,2176,143.71,230.336,150.463,0.078
pure,8,3,0.375,4.0,0,0,2048,8192,4352,242.844,402.173,243.486,0.004
pure,8,3,0.375,4.0,0,0,4096,16384,8704,421.727,737.052,430.238,0.027
mixed,8,3,0.375,4.0,16,0,128,512,272,85.853,99.389,85.309,-0.0402
mixed,8,3,0.375,4.0,16,0,256,1024,544,100.287,115.583,101.502,0.0794
mixed,8,3,0.375,4.0,16,0,512,2048,1088,117.92,162.558,121.247,0.0745
mixed,8,3,0.375,4.0,16,0,1024,4096,2176,165.216,250.526,170.753,0.0649
mixed,8,3,0.375,4.0,16,0,2048,8192,4352,260.768,420.829,262.715,0.0122
mixed,8,3,0.375,4.0,16,0,4096,16384,8704,439.581,757.338,456.414,0.053
mixed,8,3,0.375,4.0,16,512,128,512,272,118.334,132.992,118.238,-0.0065
mixed,8,3,0.375,4.0,16,512,256,1024,544,135.392,151.326,133.983,-0.0884
mixed,8,3,0.375,4.0,16,512,512,2048,1088,152.829,198.176,157.184,0.096
mixed,8,3,0.375,4.0,16,512,1024,4096,2176,200.831,285.343,206.882,0.0716
mixed,8,3,0.375,4.0,16,512,2048,8192,4352,297.661,458.201,299.869,0.0138
mixed,8,3,0.375,4.0,16,512,4096,16384,8704,480.028,791.58,480.636,0.002
mixed,8,3,0.375,4.0,16,1024,128,512,272,120.29,135.359,120.253,-0.0025
mixed,8,3,0.375,4.0,16,1024,256,1024,544,135.936,152.8,135.935,-0.0001
mixed,8,3,0.375,4.0,16,1024,512,2048,1088,155.742,200.416,161.022,0.1182
mixed,8,3,0.375,4.0,16,1024,1024,4096,2176,202.941,287.164,209.281,0.0753
mixed,8,3,0.375,4.0,16,1024,2048,8192,4352,296.829,459.451,306.141,0.0573
mixed,8,3,0.375,4.0,16,1024,4096,16384,8704,483.229,798.97,485.53,0.0073
mixed,8,3,0.375,4.0,16,2048,128,512,272,123.806,138.175,122.815,-0.069
mixed,8,3,0.375,4.0,16,2048,256,1024,544,140.223,158.847,139.9,-0.0173
mixed,8,3,0.375,4.0,16,2048,512,2048,1088,160.991,207.263,164.641,0.0789
mixed,8,3,0.375,4.0,16,2048,1024,4096,2176,207.453,294.109,213.023,0.0643
mixed,8,3,0.375,4.0,16,2048,2048,8192,4352,303.455,465.083,308.189,0.0293
mixed,8,3,0.375,4.0,16,2048,4096,16384,8704,483.198,792.06,494.01,0.035
mixed,8,3,0.375,4.0,16,4096,128,512,272,132.412,147.104,132.162,-0.017
mixed,8,3,0.375,4.0,16,4096,256,1024,544,147.616,167.167,148.19,0.0294
mixed,8,3,0.375,4.0,16,4096,512,2048,1088,171.936,217.437,174.686,0.0604
mixed,8,3,0.375,4.0,16,4096,1024,4096,2176,218.847,303.134,225.437,0.0782
mixed,8,3,0.375,4.0,16,4096,2048,8192,4352,315.037,475.449,319.868,0.0301
mixed,8,3,0.375,4.0,16,4096,4096,16384,8704,497.053,811.096,507.71,0.0339
mixed,8,3,0.375,4.0,16,8192,128,512,272,162.784,176.607,161.442,-0.0971
mixed,8,3,0.375,4.0,16,8192,256,1024,544,178.623,199.968,180.225,0.0751
mixed,8,3,0.375,4.0,16,8192,512,2048,1088,203.549,252.541,206.207,0.0543
mixed,8,3,0.375,4.0,16,8192,1024,4096,2176,254.048,338.398,259.613,0.066
mixed,8,3,0.375,4.0,16,8192,2048,8192,4352,348.062,514.235,352.253,0.0252
mixed,8,3,0.375,4.0,16,8192,4096,16384,8704,528.609,845.819,536.441,0.0247
mixed,8,3,0.375,4.0,32,0,128,512,272,115.839,129.983,115.517,-0.0228
mixed,8,3,0.375,4.0,32,0,256,1024,544,132.48,150.304,131.58,-0.0505
mixed,8,3,0.375,4.0,32,0,512,2048,1088,154.335,200.253,156.606,0.0495
mixed,8,3,0.375,4.0,32,0,1024,4096,2176,202.078,284.125,206.429,0.053
mixed,8,3,0.375,4.0,32,0,2048,8192,4352,295.872,458.269,302.045,0.038
mixed,8,3,0.375,4.0,32,0,4096,16384,8704,481.627,788.282,479.804,-0.0059
mixed,8,3,0.375,4.0,32,512,128,512,272,140.127,155.134,139.839,-0.0192
mixed,8,3,0.375,4.0,32,512,256,1024,544,157.184,176.062,157.503,0.0169
mixed,8,3,0.375,4.0,32,512,512,2048,1088,180.223,227.55,183.104,0.0609
mixed,8,3,0.375,4.0,32,512,1024,4096,2176,227.806,312.318,232.51,0.0557
mixed,8,3,0.375,4.0,32,512,2048,8192,4352,319.901,487.548,327.612,0.046
mixed,8,3,0.375,4.0,32,512,4096,16384,8704,507.644,813.21,509.117,0.0048
mixed,8,3,0.375,4.0,32,1024,128,512,272,141.216,156.64,141.18,-0.0023
mixed,8,3,0.375,4.0,32,1024,256,1024,544,158.399,178.46,158.721,0.0161
mixed,8,3,0.375,4.0,32,1024,512,2048,1088,181.405,228.287,184.384,0.0635
mixed,8,3,0.375,4.0,32,1024,1024,4096,2176,230.846,313.631,236.735,0.0711
mixed,8,3,0.375,4.0,32,1024,2048,8192,4352,326.525,491.804,329.31,0.0169
mixed,8,3,0.375,4.0,32,1024,4096,16384,8704,508.379,827.607,511.837,0.0108
mixed,8,3,0.375,4.0,32,2048,128,512,272,147.516,163.009,146.972,-0.0351
mixed,8,3,0.375,4.0,32,2048,256,1024,544,164.415,184.737,164.448,0.0016
mixed,8,3,0.375,4.0,32,2048,512,2048,1088,187.902,236.959,191.903,0.0816
mixed,8,3,0.375,4.0,32,2048,1024,4096,2176,239.325,325.086,242.559,0.0377
mixed,8,3,0.375,4.0,32,2048,2048,8192,4352,338.941,493.145,337.852,-0.0071
mixed,8,3,0.375,4.0,32,2048,4096,16384,8704,519.324,827.067,520.445,0.0036
mixed,8,3,0.375,4.0,32,4096,128,512,272,159.903,175.87,159.873,-0.0019
mixed,8,3,0.375,4.0,32,4096,256,1024,544,176.415,198.555,178.141,0.078
mixed,8,3,0.375,4.0,32,4096,512,2048,1088,202.463,253.215,207.451,0.0983
mixed,8,3,0.375,4.0,32,4096,1024,4096,2176,253.6,338.366,261.405,0.0921
mixed,8,3,0.375,4.0,32,4096,2048,8192,4352,351.356,510.461,354.878,0.0221
mixed,8,3,0.375,4.0,32,4096,4096,16384,8704,533.434,847.863,537.757,0.0137
mixed,8,3,0.375,4.0,32,8192,128,512,272,255.964,269.599,254.973,-0.0727
mixed,8,3,0.375,4.0,32,8192,256,1024,544,272.061,293.597,270.266,-0.0833
mixed,8,3,0.375,4.0,32,8192,512,2048,1088,295.581,343.58,302.142,0.1367
mixed,8,3,0.375,4.0,32,8192,1024,4096,2176,346.746,431.101,351.808,0.06
mixed,8,3,0.375,4.0,32,8192,2048,8192,4352,442.65,600.38,448.796,0.039
mixed,8,3,0.375,4.0,32,8192,4096,16384,8704,625.816,936.602,631.899,0.0196
mixed,8,3,0.375,4.0,64,0,128,512,272,117.568,130.845,116.352,-0.0916
mixed,8,3,0.375,4.0,64,0,256,1024,544,133.311,153.599,132.768,-0.0268
mixed,8,3,0.375,4.0,64,0,512,2048,1088,156.64,205.634,159.645,0.0613
mixed,8,3,0.375,4.0,64,0,1024,4096,2176,206.401,289.311,211.869,0.066
mixed,8,3,0.375,4.0,64,0,2048,8192,4352,301.149,464.251,305.244,0.0251
mixed,8,3,0.375,4.0,64,0,4096,16384,8704,481.18,792.12,498.491,0.0557
mixed,8,3,0.375,4.0,64,512,128,512,272,146.524,163.007,146.558,0.0021
mixed,8,3,0.375,4.0,64,512,256,1024,544,164.862,184.703,163.326,-0.0774
mixed,8,3,0.375,4.0,64,512,512,2048,1088,188.703,237.918,192.576,0.0787
mixed,8,3,0.375,4.0,64,512,1024,4096,2176,238.685,324.094,246.429,0.0907
mixed,8,3,0.375,4.0,64,512,2048,8192,4352,338.589,494.141,341.15,0.0165
mixed,8,3,0.375,4.0,64,512,4096,16384,8704,519.902,827.834,522.204,0.0075
mixed,8,3,0.375,4.0,64,1024,128,512,272,152.031,167.423,152.478,0.029
mixed,8,3,0.375,4.0,64,1024,256,1024,544,169.341,192.479,170.271,0.0402
mixed,8,3,0.375,4.0,64,1024,512,2048,1088,194.941,244.894,199.324,0.0877
mixed,8,3,0.375,4.0,64,1024,1024,4096,2176,246.366,332.126,251.518,0.0601
mixed,8,3,0.375,4.0,64,1024,2048,8192,4352,342.463,508.952,350.11,0.0459
mixed,8,3,0.375,4.0,64,1024,4096,16384,8704,523.128,832.57,532.764,0.0311
mixed,8,3,0.375,4.0,64,2048,128,512,272,163.424,179.518,162.11,-0.0816
mixed,8,3,0.375,4.0,64,2048,256,1024,544,179.489,202.622,181.277,0.0773
mixed,8,3,0.375,4.0,64,2048,512,2048,1088,203.935,256.317,207.517,0.0684
mixed,8,3,0.375,4.0,64,2048,1024,4096,2176,257.567,343.389,262.781,0.0608
mixed,8,3,0.375,4.0,64,2048,2048,8192,4352,352.479,515.421,356.35,0.0238
mixed,8,3,0.375,4.0,64,2048,4096,16384,8704,535.169,847.512,544.317,0.0293
mixed,8,3,0.375,4.0,64,4096,128,512,272,239.227,256.288,240.191,0.0565
mixed,8,3,0.375,4.0,64,4096,256,1024,544,255.42,281.919,257.632,0.0835
mixed,8,3,0.375,4.0,64,4096,512,2048,1088,281.211,329.852,285.917,0.0967
mixed,8,3,0.375,4.0,64,4096,1024,4096,2176,331.388,416.828,339.647,0.0967
mixed,8,3,0.375,4.0,64,4096,2048,8192,4352,429.276,588.411,433.31,0.0253
mixed,8,3,0.375,4.0,64,4096,4096,16384,8704,618.939,919.29,620.893,0.0065
mixed,8,3,0.375,4.0,64,8192,128,512,272,320.507,334.079,319.61,-0.0661
mixed,8,3,0.375,4.0,64,8192,256,1024,544,334.843,360.158,337.436,0.1024
mixed,8,3,0.375,4.0,64,8192,512,2048,1088,363.328,409.277,365.086,0.0383
mixed,8,3,0.375,4.0,64,8192,1024,4096,2176,412.03,498.171,417.916,0.0683
mixed,8,3,0.375,4.0,64,8192,2048,8192,4352,506.62,672.409,513.467,0.0413
mixed,8,3,0.375,4.0,64,8192,4096,16384,8704,688.698,998.55,695.099,0.0207
mixed,8,3,0.375,4.0,128,0,128,512,272,125.375,140.191,125.214,-0.0109
mixed,8,3,0.375,4.0,128,0,256,1024,544,140.351,159.839,141.184,0.0427
mixed,8,3,0.375,4.0,128,0,512,2048,1088,163.485,210.909,164.83,0.0284
mixed,8,3,0.375,4.0,128,0,1024,4096,2176,211.55,295.836,215.71,0.0494
mixed,8,3,0.375,4.0,128,0,2048,8192,4352,305.629,469.532,310.463,0.0295
mixed,8,3,0.375,4.0,128,0,4096,16384,8704,491.677,797.082,495.26,0.0117
mixed,8,3,0.375,4.0,128,512,128,512,272,163.52,177.31,163.008,-0.0371
mixed,8,3,0.375,4.0,128,512,256,1024,544,179.263,201.694,178.109,-0.0514
mixed,8,3,0.375,4.0,128,512,512,2048,1088,204.03,254.301,208.925,0.0974
mixed,8,3,0.375,4.0,128,512,1024,4096,2176,256.798,340.413,262.014,0.0624
mixed,8,3,0.375,4.0,128,512,2048,8192,4352,356.894,514.237,356.607,-0.0018
mixed,8,3,0.375,4.0,128,512,4096,16384,8704,532.667,847.864,536.927,0.0135
mixed,8,3,0.375,4.0,128,1024,128,512,272,170.814,186.112,169.183,-0.1066
mixed,8,3,0.375,4.0,128,1024,256,1024,544,189.279,208.829,186.847,-0.1244
mixed,8,3,0.375,4.0,128,1024,512,2048,1088,213.408,262.751,215.934,0.0512
mixed,8,3,0.375,4.0,128,1024,1024,4096,2176,264.607,348.799,270.43,0.0692
mixed,8,3,0.375,4.0,128,1024,2048,8192,4352,364.092,525.402,363.294,-0.0049
mixed,8,3,0.375,4.0,128,1024,4096,16384,8704,548.189,855.705,550.268,0.0068
mixed,8,3,0.375,4.0,128,2048,128,512,272,244.508,259.262,246.045,0.1042
mixed,8,3,0.375,4.0,128,2048,256,1024,544,260.925,283.616,262.208,0.0565
mixed,8,3,0.375,4.0,128,2048,512,2048,1088,287.967,338.271,292.704,0.0942
mixed,8,3,0.375,4.0,128,2048,1024,4096,2176,336.444,426.172,342.619,0.0688
mixed,8,3,0.375,4.0,128,2048,2048,8192,4352,435.419,597.086,438.015,0.0161
mixed,8,3,0.375,4.0,128,2048,4096,16384,8704,615.069,923.515,619.353,0.0139
mixed,8,3,0.375,4.0,128,4096,128,512,272,326.236,338.269,325.052,-0.0984
mixed,8,3,0.375,4.0,128,4096,256,1024,544,342.11,365.918,341.532,-0.0243
mixed,8,3,0.375,4.0,128,4096,512,2048,1088,367.101,417.31,369.181,0.0414
mixed,8,3,0.375,4.0,128,4096,1024,4096,2176,417.467,501.024,423.134,0.0678
mixed,8,3,0.375,4.0,128,4096,2048,8192,4352,511.068,674.649,517.757,0.0409
mixed,8,3,0.375,4.0,128,4096,4096,16384,8704,695.292,1005.688,708.345,0.0421
mixed,8,3,0.375,4.0,128,8192,128,512,272,474.301,486.138,472.507,-0.1516
mixed,8,3,0.375,4.0,128,8192,256,1024,544,487.58,510.811,486.108,-0.0634
mixed,8,3,0.375,4.0,128,8192,512,2048,1088,514.621,562.27,517.274,0.0557
mixed,8,3,0.375,4.0,128,8192,1024,4096,2176,562.139,648.795,568.446,0.0728
mixed,8,3,0.375,4.0,128,8192,2048,8192,4352,659.771,814.747,665.212,0.0351
mixed,8,3,0.375,4.0,128,8192,4096,16384,8704,839.833,1156.63,860.699,0.0659
mixed,8,3,0.375,4.0,256,0,128,512,272,185.024,200.414,184.094,-0.0604
mixed,8,3,0.375,4.0,256,0,256,1024,544,202.588,223.167,201.694,-0.0434
mixed,8,3,0.375,4.0,256,0,512,2048,1088,226.525,278.111,229.917,0.0658
mixed,8,3,0.375,4.0,256,0,1024,4096,2176,278.556,362.652,284.732,0.0734
mixed,8,3,0.375,4.0,256,0,2048,8192,4352,375.451,535.452,380.253,0.03
mixed,8,3,0.375,4.0,256,0,4096,16384,8704,558.013,865.177,564.924,0.0225
mixed,8,3,0.375,4.0,256,512,128,512,272,250.205,267.36,250.113,-0.0054
mixed,8,3,0.375,4.0,256,512,256,1024,544,267.23,291.038,267.068,-0.0068
mixed,8,3,0.375,4.0,256,512,512,2048,1088,291.806,343.837,296.892,0.0977
mixed,8,3,0.375,4.0,256,512,1024,4096,2176,344.316,431.099,352.67,0.0963
mixed,8,3,0.375,4.0,256,512,2048,8192,4352,444.638,605.529,443.678,-0.006
mixed,8,3,0.375,4.0,256,512,4096,16384,8704,621.404,934.455,627.228,0.0186
mixed,8,3,0.375,4.0,256,1024,128,512,272,306.846,322.589,306.047,-0.0508
mixed,8,3,0.375,4.0,256,1024,256,1024,544,324.927,347.579,323.005,-0.0848
mixed,8,3,0.375,4.0,256,1024,512,2048,1088,349.053,398.749,355.677,0.1333
mixed,8,3,0.375,4.0,256,1024,1024,4096,2176,398.492,491.068,405.403,0.0747
mixed,8,3,0.375,4.0,256,1024,2048,8192,4352,493.948,657.084,497.693,0.023
mixed,8,3,0.375,4.0,256,1024,4096,16384,8704,679.034,991.511,683.388,0.0139
mixed,8,3,0.375,4.0,256,2048,128,512,272,343.9,358.301,343.87,-0.0021
mixed,8,3,0.375,4.0,256,2048,256,1024,544,358.849,382.716,359.74,0.0373
mixed,8,3,0.375,4.0,256,2048,512,2048,1088,386.112,433.276,388.443,0.0494
mixed,8,3,0.375,4.0,256,2048,1024,4096,2176,436.798,522.203,439.419,0.0307
mixed,8,3,0.375,4.0,256,2048,2048,8192,4352,530.877,697.947,532.735,0.0111
mixed,8,3,0.375,4.0,256,2048,4096,16384,8704,713.497,1030.518,718.203,0.0148
mixed,8,3,0.375,4.0,256,4096,128,512,272,488.123,503.388,486.589,-0.1005
mixed,8,3,0.375,4.0,256,4096,256,1024,544,504.733,527.804,505.373,0.0277
mixed,8,3,0.375,4.0,256,4096,512,2048,1088,530.781,577.305,534.588,0.0818
mixed,8,3,0.375,4.0,256,4096,1024,4096,2176,580.443,664.253,584.7,0.0508
mixed,8,3,0.375,4.0,256,4096,2048,8192,4352,673.434,841.819,680.059,0.0393
mixed,8,3,0.375,4.0,256,4096,4096,16384,8704,854.168,1167.259,865.659,0.0367
mixed,8,3,0.375,4.0,256,8192,128,512,272,733.212,746.202,732.218,-0.0765
mixed,8,3,0.375,4.0,256,8192,256,1024,544,748.252,769.818,752.538,0.1987
mixed,8,3,0.375,4.0,256,8192,512,2048,1088,775.929,826.234,777.881,0.0388
mixed,8,3,0.375,4.0,256,8192,1024,4096,2176,824.857,909.052,831.611,0.0802
mixed,8,3,0.375,4.0,256,8192,2048,8192,4352,923.897,1085.238,921.914,-0.0123
mixed,8,3,0.375,4.0,256,8192,4096,16384,8704,1102.68,1413.272,1114.582,0.0383
mixed,8,3,0.375,4.0,512,0,128,512,272,304.155,318.365,302.206,-0.1372
mixed,8,3,0.375,4.0,512,0,256,1024,544,319.231,341.47,319.68,0.0202
mixed,8,3,0.375,4.0,512,0,512,2048,1088,346.526,394.106,349.85,0.0699
mixed,8,3,0.375,4.0,512,0,1024,4096,2176,396.766,479.773,401.824,0.0609
mixed,8,3,0.375,4.0,512,0,2048,8192,4352,489.374,656.374,495.55,0.037
mixed,8,3,0.375,4.0,512,0,4096,16384,8704,672.317,983.223,680.507,0.0263
mixed,8,3,0.375,4.0,512,512,128,512,272,377.566,392.254,377.118,-0.0305
mixed,8,3,0.375,4.0,512,512,256,1024,544,392.059,415.164,391.869,-0.0082
mixed,8,3,0.375,4.0,512,512,512,2048,1088,419.388,466.046,422.27,0.0618
mixed,8,3,0.375,4.0,512,512,1024,4096,2176,470.012,554.077,474.875,0.0578
mixed,8,3,0.375,4.0,512,512,2048,8192,4352,566.459,721.303,569.659,0.0207
mixed,8,3,0.375,4.0,512,512,4096,16384,8704,743.867,1058.171,756.188,0.0392
mixed,8,3,0.375,4.0,512,1024,128,512,272,446.044,459.643,445.789,-0.0188
mixed,8,3,0.375,4.0,512,1024,256,1024,544,461.279,482.878,460.795,-0.0224
mixed,8,3,0.375,4.0,512,1024,512,2048,1088,487.709,535.581,490.044,0.0488
mixed,8,3,0.375,4.0,512,1024,1024,4096,2176,536.509,624.605,544.667,0.0926
mixed,8,3,0.375,4.0,512,1024,2048,8192,4352,631.805,797.53,637.563,0.0347
mixed,8,3,0.375,4.0,512,1024,4096,16384,8704,816.378,1125.496,821.05,0.0151
mixed,8,3,0.375,4.0,512,2048,128,512,272,590.169,602.494,590.394,0.0183
mixed,8,3,0.375,4.0,512,2048,256,1024,544,606.973,626.14,602.553,-0.2306
mixed,8,3,0.375,4.0,512,2048,512,2048,1088,631.454,678.235,633.756,0.0492
mixed,8,3,0.375,4.0,512,2048,1024,4096,2176,679.61,767.29,687.93,0.0949
mixed,8,3,0.375,4.0,512,2048,2048,8192,4352,780.089,938.424,782.937,0.018
mixed,8,3,0.375,4.0,512,2048,4096,16384,8704,963.002,1273.016,967.095,0.0132
mixed,8,3,0.375,4.0,512,4096,128,512,272,869.112,880.924,867.674,-0.1217
mixed,8,3,0.375,4.0,512,4096,256,1024,544,881.88,906.17,886.778,0.2016
mixed,8,3,0.375,4.0,512,4096,512,2048,1088,911.674,956.728,911.128,-0.0121
mixed,8,3,0.375,4.0,512,4096,1024,4096,2176,959.799,1046.807,962.523,0.0313
mixed,8,3,0.375,4.0,512,4096,2048,8192,4352,1053.975,1215.287,1058.392,0.0274
mixed,8,3,0.375,4.0,512,4096,4096,16384,8704,1233.912,1547.668,1242.102,0.0261
mixed,8,3,0.375,4.0,512,8192,128,512,272,1420.565,1430.87,1420.627,0.006
mixed,8,3,0.375,4.0,512,8192,256,1024,544,1432.599,1456.918,1438.227,0.2314
mixed,8,3,0.375,4.0,512,8192,512,2048,1088,1461.655,1508.534,1464.403,0.0586
mixed,8,3,0.375,4.0,512,8192,1024,4096,2176,1512.596,1593.363,1515.796,0.0396
mixed,8,3,0.375,4.0,512,8192,2048,8192,4352,1608.531,1763.089,1612.404,0.0251
mixed,8,3,0.375,4.0,512,8192,4096,16384,8704,1787.444,2102.895,1791.441,0.0127
mixed,8,3,0.375,4.0,1024,0,128,512,272,557.947,574.267,556.413,-0.094
mixed,8,3,0.375,4.0,1024,0,256,1024,544,573.307,596.639,574.392,0.0465
mixed,8,3,0.375,4.0,1024,0,512,2048,1088,602.3,648.284,604.509,0.048
mixed,8,3,0.375,4.0,1024,0,1024,4096,2176,648.794,735.226,655.324,0.0756
mixed,8,3,0.375,4.0,1024,0,2048,8192,4352,744.986,907.674,748.698,0.0228
mixed,8,3,0.375,4.0,1024,0,4096,16384,8704,928.792,1240.473,932.92,0.0132
mixed,8,3,0.375,4.0,1024,512,128,512,272,736.826,753.177,736.826,0.0
mixed,8,3,0.375,4.0,1024,512,256,1024,544,750.489,775.416,748.826,-0.0667
mixed,8,3,0.375,4.0,1024,512,512,2048,1088,778.361,825.658,781.373,0.0637
mixed,8,3,0.375,4.0,1024,512,1024,4096,2176,825.083,913.912,832.219,0.0803
mixed,8,3,0.375,4.0,1024,512,2048,8192,4352,922.33,1081.432,928.119,0.0364
mixed,8,3,0.375,4.0,1024,512,4096,16384,8704,1109.305,1415.798,1113.24,0.0128
mixed,8,3,0.375,4.0,1024,1024,128,512,272,892.636,902.842,891.065,-0.1539
mixed,8,3,0.375,4.0,1024,1024,256,1024,544,906.842,926.775,912.088,0.2632
mixed,8,3,0.375,4.0,1024,1024,512,2048,1088,931.16,982.936,936.856,0.11
mixed,8,3,0.375,4.0,1024,1024,1024,4096,2176,980.474,1067.832,988.375,0.0904
mixed,8,3,0.375,4.0,1024,1024,2048,8192,4352,1078.2,1243.319,1081.849,0.0221
mixed,8,3,0.375,4.0,1024,1024,4096,16384,8704,1260.023,1569.652,1270.459,0.0337
mixed,8,3,0.375,4.0,1024,2048,128,512,272,1170.744,1182.039,1166.872,-0.3428
mixed,8,3,0.375,4.0,1024,2048,256,1024,544,1183.671,1206.039,1184.087,0.0186
mixed,8,3,0.375,4.0,1024,2048,512,2048,1088,1209.465,1256.92,1211.894,0.0512
mixed,8,3,0.375,4.0,1024,2048,1024,4096,2176,1258.968,1344.725,1263.99,0.0586
mixed,8,3,0.375,4.0,1024,2048,2048,8192,4352,1356.085,1514.259,1360.694,0.0291
mixed,8,3,0.375,4.0,1024,2048,4096,16384,8704,1538.23,1850.003,1545.685,0.0239
mixed,8,3,0.375,4.0,1024,4096,128,512,272,1721.076,1735.124,1720.019,-0.0752
mixed,8,3,0.375,4.0,1024,4096,256,1024,544,1738.772,1761.524,1737.206,-0.0688
mixed,8,3,0.375,4.0,1024,4096,512,2048,1088,1766.357,1809.621,1771.252,0.1131
mixed,8,3,0.375,4.0,1024,4096,1024,4096,2176,1812.853,1895.377,1817.107,0.0515
mixed,8,3,0.375,4.0,1024,4096,2048,8192,4352,1907.089,2065.649,1909.01,0.0121
mixed,8,3,0.375,4.0,1024,4096,4096,16384,8704,2093.585,2406.094,2099.409,0.0186
mixed,8,3,0.375,4.0,1024,8192,128,512,272,2818.83,2830.477,2815.562,-0.2806
mixed,8,3,0.375,4.0,1024,8192,256,1024,544,2830.859,2858.157,2832.521,0.0609
mixed,8,3,0.375,4.0,1024,8192,512,2048,1088,2856.525,2903.629,2863.343,0.1447
mixed,8,3,0.375,4.0,1024,8192,1024,4096,2176,2907.342,2988.555,2910.764,0.0421
mixed,8,3,0.375,4.0,1024,8192,2048,8192,4352,3004.235,3166.635,3006.091,0.0114
mixed,8,3,0.375,4.0,1024,8192,4096,16384,8704,3189.031,3495.012,3187.465,-0.0051
mixed,8,3,0.375,4.0,2048,0,128,512,272,1014.713,1028.022,1014.713,-0.0
mixed,8,3,0.375,4.0,2048,0,256,1024,544,1031.481,1054.263,1029.878,-0.0704
mixed,8,3,0.375,4.0,2048,0,512,2048,1088,1055.415,1103.066,1060.219,0.1008
mixed,8,3,0.375,4.0,2048,0,1024,4096,2176,1107.575,1193.43,1112.408,0.0563
mixed,8,3,0.375,4.0,2048,0,2048,8192,4352,1202.519,1362.294,1208.692,0.0386
mixed,8,3,0.375,4.0,2048,0,4096,16384,8704,1385.557,1692.276,1393.111,0.0246
mixed,8,3,0.375,4.0,2048,512,128,512,272,1351.318,1360.758,1348.533,-0.295
mixed,8,3,0.375,4.0,2048,512,256,1024,544,1362.007,1385.878,1364.884,0.1205
mixed,8,3,0.375,4.0,2048,512,512,2048,1088,1388.215,1439.446,1394.07,0.1143
mixed,8,3,0.375,4.0,2048,512,1024,4096,2176,1438.39,1525.299,1447.668,0.1068
mixed,8,3,0.375,4.0,2048,512,2048,8192,4352,1538.644,1705.492,1542.997,0.0261
mixed,8,3,0.375,4.0,2048,512,4096,16384,8704,1721.391,2032.049,1723.862,0.008
mixed,8,3,0.375,4.0,2048,1024,128,512,272,1690.579,1702.708,1689.17,-0.1162
mixed,8,3,0.375,4.0,2048,1024,256,1024,544,1701.206,1723.956,1703.956,0.1209
mixed,8,3,0.375,4.0,2048,1024,512,2048,1088,1731.38,1778.741,1730.739,-0.0135
mixed,8,3,0.375,4.0,2048,1024,1024,4096,2176,1780.342,1868.5,1785.778,0.0617
mixed,8,3,0.375,4.0,2048,1024,2048,8192,4352,1874.836,2034.93,1881.46,0.0414
mixed,8,3,0.375,4.0,2048,1024,4096,16384,8704,2059.633,2364.69,2064.21,0.015
mixed,8,3,0.375,4.0,2048,2048,128,512,272,2238.8,2247.536,2234.577,-0.4834
mixed,8,3,0.375,4.0,2048,2048,256,1024,544,2251.856,2273.422,2256.849,0.2315
mixed,8,3,0.375,4.0,2048,2048,512,2048,1088,2280.592,2329.168,2280.753,0.0033
mixed,8,3,0.375,4.0,2048,2048,1024,4096,2176,2331.311,2418.573,2334.225,0.0334
mixed,8,3,0.375,4.0,2048,2048,2048,8192,4352,2427.121,2585.23,2430.447,0.021
mixed,8,3,0.375,4.0,2048,2048,4096,16384,8704,2609.901,2921.418,2614.094,0.0135
mixed,8,3,0.375,4.0,2048,4096,128,512,272,3336.613,3349.13,3333.194,-0.2731
mixed,8,3,0.375,4.0,2048,4096,256,1024,544,3348.391,3366.279,3349.478,0.0608
mixed,8,3,0.375,4.0,2048,4096,512,2048,1088,3375.401,3423.848,3380.201,0.0991
mixed,8,3,0.375,4.0,2048,4096,1024,4096,2176,3433.191,3508.837,3434.5,0.0173
mixed,8,3,0.375,4.0,2048,4096,2048,8192,4352,3517.926,3679.046,3524.393,0.0401
mixed,8,3,0.375,4.0,2048,4096,4096,16384,8704,3703.399,4013.443,3707.558,0.0134
mixed,8,3,0.375,4.0,2048,8192,128,512,272,5534.035,5547.034,5530.169,-0.2974
mixed,8,3,0.375,4.0,2048,8192,256,1024,544,5548.6,5571.638,5549.722,0.0487
mixed,8,3,0.375,4.0,2048,8192,512,2048,1088,5571.189,5614.164,5578.551,0.1713
mixed,8,3,0.375,4.0,2048,8192,1024,4096,2176,5621.747,5701.62,5628.343,0.0826
mixed,8,3,0.375,4.0,2048,8192,2048,8192,4352,5713.017,5876.63,5712.371,-0.0039
mixed,8,3,0.375,4.0,2048,8192,4096,16384,8704,5897.553,6201.59,5907.124,0.0315
pure,8,4,0.5,4.0,0,0,128,512,320,65.886,78.686,65.248,-0.0498
pure,8,4,0.5,4.0,0,0,256,1024,640,80.961,93.566,81.215,0.0202
pure,8,4,0.5,4.0,0,0,512,2048,1280,108.542,141.953,103.743,-0.1436
pure,8,4,0.5,4.0,0,0,1024,4096,2560,160.575,230.143,168.031,0.1072
pure,8,4,0.5,4.0,0,0,2048,8192,5120,270.911,400.605,279.07,0.0629
pure,8,4,0.5,4.0,0,0,4096,16384,10240,478.365,741.019,486.782,0.032
mixed,8,4,0.5,4.0,16,0,128,512,320,86.591,99.551,85.886,-0.0544
mixed,8,4,0.5,4.0,16,0,256,1024,640,101.948,116.0,102.463,0.0366
mixed,8,4,0.5,4.0,16,0,512,2048,1280,128.798,162.561,125.79,-0.0891
mixed,8,4,0.5,4.0,16,0,1024,4096,2560,180.063,248.862,190.241,0.1479
mixed,8,4,0.5,4.0,16,0,2048,8192,5120,288.03,420.829,297.853,0.074
mixed,8,4,0.5,4.0,16,0,4096,16384,10240,502.941,756.919,505.757,0.0111
mixed,8,4,0.5,4.0,16,512,128,512,320,119.423,133.021,118.749,-0.0496
mixed,8,4,0.5,4.0,16,512,256,1024,640,135.2,151.199,135.552,0.022
mixed,8,4,0.5,4.0,16,512,512,2048,1280,165.627,198.65,162.879,-0.0832
mixed,8,4,0.5,4.0,16,512,1024,4096,2560,217.148,286.267,224.353,0.1042
mixed,8,4,0.5,4.0,16,512,2048,8192,5120,322.846,457.596,331.26,0.0624
mixed,8,4,0.5,4.0,16,512,4096,16384,10240,545.628,792.089,540.732,-0.0199
mixed,8,4,0.5,4.0,16,1024,128,512,320,121.308,133.952,120.512,-0.063
mixed,8,4,0.5,4.0,16,1024,256,1024,640,136.703,153.6,137.598,0.053
mixed,8,4,0.5,4.0,16,1024,512,2048,1280,168.511,201.569,164.672,-0.1161
mixed,8,4,0.5,4.0,16,1024,1024,4096,2560,220.096,287.743,227.679,0.1121
mixed,8,4,0.5,4.0,16,1024,2048,8192,5120,325.088,460.445,331.839,0.0499
mixed,8,4,0.5,4.0,16,1024,4096,16384,10240,541.277,796.762,540.029,-0.0049
mixed,8,4,0.5,4.0,16,2048,128,512,320,124.287,138.398,123.325,-0.0682
mixed,8,4,0.5,4.0,16,2048,256,1024,640,140.639,157.5,141.215,0.0342
mixed,8,4,0.5,4.0,16,2048,512,2048,1280,173.054,207.837,169.118,-0.1132
mixed,8,4,0.5,4.0,16,2048,1024,4096,2560,224.833,292.381,233.596,0.1297
mixed,8,4,0.5,4.0,16,2048,2048,8192,5120,330.073,463.677,338.654,0.0642
mixed,8,4,0.5,4.0,16,2048,4096,16384,10240,545.947,799.033,549.949,0.0158
mixed,8,4,0.5,4.0,16,4096,128,512,320,133.53,147.454,132.8,-0.0524
mixed,8,4,0.5,4.0,16,4096,256,1024,640,149.566,168.191,150.209,0.0345
mixed,8,4,0.5,4.0,16,4096,512,2048,1280,183.935,218.11,180.767,-0.0927
mixed,8,4,0.5,4.0,16,4096,1024,4096,2560,236.287,307.007,243.999,0.109
mixed,8,4,0.5,4.0,16,4096,2048,8192,5120,343.038,475.39,351.232,0.0619
mixed,8,4,0.5,4.0,16,4096,4096,16384,10240,565.695,810.106,556.635,-0.0371
mixed,8,4,0.5,4.0,16,8192,128,512,320,163.743,176.606,161.984,-0.1367
mixed,8,4,0.5,4.0,16,8192,256,1024,640,180.959,200.319,181.567,0.0314
mixed,8,4,0.5,4.0,16,8192,512,2048,1280,216.832,250.814,214.943,-0.0556
mixed,8,4,0.5,4.0,16,8192,1024,4096,2560,271.872,339.806,276.99,0.0753
mixed,8,4,0.5,4.0,16,8192,2048,8192,5120,377.436,508.123,381.722,0.0328
mixed,8,4,0.5,4.0,16,8192,4096,16384,10240,603.547,841.369,591.806,-0.0494
mixed,8,4,0.5,4.0,32,0,128,512,320,116.928,130.559,116.317,-0.0448
mixed,8,4,0.5,4.0,32,0,256,1024,640,133.216,150.525,133.278,0.0036
mixed,8,4,0.5,4.0,32,0,512,2048,1280,165.28,199.262,162.401,-0.0847
mixed,8,4,0.5,4.0,32,0,1024,4096,2560,216.637,286.816,224.031,0.1054
mixed,8,4,0.5,4.0,32,0,2048,8192,5120,327.041,461.789,332.254,0.0387
mixed,8,4,0.5,4.0,32,0,4096,16384,10240,538.109,788.509,542.299,0.0167
mixed,8,4,0.5,4.0,32,512,128,512,320,140.956,155.137,140.736,-0.0155
mixed,8,4,0.5,4.0,32,512,256,1024,640,158.816,177.217,157.918,-0.0488
mixed,8,4,0.5,4.0,32,512,512,2048,1280,192.737,226.655,189.215,-0.1038
mixed,8,4,0.5,4.0,32,512,1024,4096,2560,241.247,313.247,251.391,0.1409
mixed,8,4,0.5,4.0,32,512,2048,8192,5120,354.589,484.093,357.758,0.0245
mixed,8,4,0.5,4.0,32,512,4096,16384,10240,566.012,815.738,572.347,0.0254
mixed,8,4,0.5,4.0,32,1024,128,512,320,142.205,157.149,141.246,-0.0642
mixed,8,4,0.5,4.0,32,1024,256,1024,640,159.326,179.103,159.391,0.0033
mixed,8,4,0.5,4.0,32,1024,512,2048,1280,195.2,228.159,191.967,-0.0981
mixed,8,4,0.5,4.0,32,1024,1024,4096,2560,244.352,315.195,253.152,0.1242
mixed,8,4,0.5,4.0,32,1024,2048,8192,5120,354.172,487.549,360.03,0.0439
mixed,8,4,0.5,4.0,32,1024,4096,16384,10240,566.458,820.536,571.901,0.0214
mixed,8,4,0.5,4.0,32,2048,128,512,320,149.247,163.359,147.902,-0.0953
mixed,8,4,0.5,4.0,32,2048,256,1024,640,166.491,185.406,165.147,-0.0711
mixed,8,4,0.5,4.0,32,2048,512,2048,1280,202.461,235.899,199.294,-0.0947
mixed,8,4,0.5,4.0,32,2048,1024,4096,2560,253.374,324.703,260.479,0.0996
mixed,8,4,0.5,4.0,32,2048,2048,8192,5120,362.749,493.436,365.405,0.0203
mixed,8,4,0.5,4.0,32,2048,4096,16384,10240,574.492,826.713,581.339,0.0271
mixed,8,4,0.5,4.0,32,4096,128,512,320,160.862,176.926,160.894,0.002
mixed,8,4,0.5,4.0,32,4096,256,1024,640,180.478,198.11,179.167,-0.0744
mixed,8,4,0.5,4.0,32,4096,512,2048,1280,215.226,254.236,214.779,-0.0115
mixed,8,4,0.5,4.0,32,4096,1024,4096,2560,272.767,340.864,277.376,0.0677
mixed,8,4,0.5,4.0,32,4096,2048,8192,5120,376.35,511.133,385.854,0.0705
mixed,8,4,0.5,4.0,32,4096,4096,16384,10240,589.945,844.249,595.866,0.0233
mixed,8,4,0.5,4.0,32,8192,128,512,320,254.685,267.679,258.08,0.2613
mixed,8,4,0.5,4.0,32,8192,256,1024,640,272.736,293.409,276.091,0.1623
mixed,8,4,0.5,4.0,32,8192,512,2048,1280,310.269,346.591,303.962,-0.1736
mixed,8,4,0.5,4.0,32,8192,1024,4096,2560,362.588,429.95,370.112,0.1117
mixed,8,4,0.5,4.0,32,8192,2048,8192,5120,469.885,604.539,478.97,0.0675
mixed,8,4,0.5,4.0,32,8192,4096,16384,10240,695.163,935.159,687.004,-0.034
mixed,8,4,0.5,4.0,64,0,128,512,320,117.76,130.75,116.765,-0.0766
mixed,8,4,0.5,4.0,64,0,256,1024,640,135.521,153.728,135.264,-0.0141
mixed,8,4,0.5,4.0,64,0,512,2048,1280,169.631,203.871,166.497,-0.0915
mixed,8,4,0.5,4.0,64,0,1024,4096,2560,221.308,288.446,228.799,0.1116
mixed,8,4,0.5,4.0,64,0,2048,8192,5120,329.757,461.278,337.213,0.0567
mixed,8,4,0.5,4.0,64,0,4096,16384,10240,545.787,795.612,545.276,-0.002
mixed,8,4,0.5,4.0,64,512,128,512,320,147.677,162.624,147.135,-0.0363
mixed,8,4,0.5,4.0,64,512,256,1024,640,166.653,185.792,165.855,-0.0417
mixed,8,4,0.5,4.0,64,512,512,2048,1280,203.328,238.913,199.454,-0.1089
mixed,8,4,0.5,4.0,64,512,1024,4096,2560,256.385,324.254,263.871,0.1103
mixed,8,4,0.5,4.0,64,512,2048,8192,5120,362.496,500.507,369.149,0.0482
mixed,8,4,0.5,4.0,64,512,4096,16384,10240,577.308,826.393,579.965,0.0107
mixed,8,4,0.5,4.0,64,1024,128,512,320,153.632,167.585,152.542,-0.0781
mixed,8,4,0.5,4.0,64,1024,256,1024,640,171.713,191.326,173.055,0.0684
mixed,8,4,0.5,4.0,64,1024,512,2048,1280,209.025,245.022,205.503,-0.0978
mixed,8,4,0.5,4.0,64,1024,1024,4096,2560,261.44,329.661,269.371,0.1163
mixed,8,4,0.5,4.0,64,1024,2048,8192,5120,369.279,505.725,376.828,0.0553
mixed,8,4,0.5,4.0,64,1024,4096,16384,10240,588.476,831.77,586.556,-0.0079
mixed,8,4,0.5,4.0,64,2048,128,512,320,163.679,178.462,162.72,-0.0649
mixed,8,4,0.5,4.0,64,2048,256,1024,640,183.39,201.506,180.766,-0.1448
mixed,8,4,0.5,4.0,64,2048,512,2048,1280,218.431,254.493,214.878,-0.0985
mixed,8,4,0.5,4.0,64,2048,1024,4096,2560,272.893,341.948,279.52,0.096
mixed,8,4,0.5,4.0,64,2048,2048,8192,5120,377.596,513.373,385.663,0.0594
mixed,8,4,0.5,4.0,64,2048,4096,16384,10240,602.653,848.759,597.69,-0.0202
mixed,8,4,0.5,4.0,64,4096,128,512,320,241.084,255.359,240.479,-0.0424
mixed,8,4,0.5,4.0,64,4096,256,1024,640,260.06,279.49,257.757,-0.1185
mixed,8,4,0.5,4.0,64,4096,512,2048,1280,296.06,331.068,292.83,-0.0923
mixed,8,4,0.5,4.0,64,4096,1024,4096,2560,348.188,415.326,355.837,0.1139
mixed,8,4,0.5,4.0,64,4096,2048,8192,5120,457.852,589.503,465.693,0.0596
mixed,8,4,0.5,4.0,64,4096,4096,16384,10240,674.521,926.872,672.123,-0.0095
mixed,8,4,0.5,4.0,64,8192,128,512,320,320.572,335.162,322.173,0.1097
mixed,8,4,0.5,4.0,64,8192,256,1024,640,338.365,359.069,338.652,0.0139
mixed,8,4,0.5,4.0,64,8192,512,2048,1280,377.721,409.981,373.023,-0.1456
mixed,8,4,0.5,4.0,64,8192,1024,4096,2560,426.43,496.447,435.485,0.1293
mixed,8,4,0.5,4.0,64,8192,2048,8192,5120,532.926,669.404,541.407,0.0621
mixed,8,4,0.5,4.0,64,8192,4096,16384,10240,749.373,995.288,751.995,0.0107
mixed,8,4,0.5,4.0,128,0,128,512,320,126.401,140.157,125.631,-0.056
mixed,8,4,0.5,4.0,128,0,256,1024,640,141.631,159.806,142.656,0.0564
mixed,8,4,0.5,4.0,128,0,512,2048,1280,175.39,210.527,171.263,-0.1175
mixed,8,4,0.5,4.0,128,0,1024,4096,2560,224.991,294.881,232.287,0.1044
mixed,8,4,0.5,4.0,128,0,2048,8192,5120,332.638,462.108,338.464,0.045
mixed,8,4,0.5,4.0,128,0,4096,16384,10240,541.436,798.908,555.101,0.0531
mixed,8,4,0.5,4.0,128,512,128,512,320,163.807,178.078,162.048,-0.1233
mixed,8,4,0.5,4.0,128,512,256,1024,640,182.015,201.563,182.268,0.0129
mixed,8,4,0.5,4.0,128,512,512,2048,1280,218.525,254.205,215.644,-0.0807
mixed,8,4,0.5,4.0,128,512,1024,4096,2560,270.753,341.726,277.914,0.1009
mixed,8,4,0.5,4.0,128,512,2048,8192,5120,380.83,516.606,386.302,0.0403
mixed,8,4,0.5,4.0,128,512,4096,16384,10240,594.172,848.571,599.197,0.0198
mixed,8,4,0.5,4.0,128,1024,128,512,320,170.656,185.249,170.687,0.0021
mixed,8,4,0.5,4.0,128,1024,256,1024,640,190.239,209.024,190.074,-0.0088
mixed,8,4,0.5,4.0,128,1024,512,2048,1280,228.448,262.815,224.06,-0.1277
mixed,8,4,0.5,4.0,128,1024,1024,4096,2560,280.702,349.598,288.031,0.1064
mixed,8,4,0.5,4.0,128,1024,2048,8192,5120,389.087,528.092,395.965,0.0495
mixed,8,4,0.5,4.0,128,1024,4096,16384,10240,601.946,860.442,604.702,0.0107
mixed,8,4,0.5,4.0,128,2048,128,512,320,247.676,258.239,246.239,-0.136
mixed,8,4,0.5,4.0,128,2048,256,1024,640,262.816,285.407,264.892,0.0919
mixed,8,4,0.5,4.0,128,2048,512,2048,1280,299.709,336.734,296.509,-0.0864
mixed,8,4,0.5,4.0,128,2048,1024,4096,2560,352.48,425.149,359.386,0.095
mixed,8,4,0.5,4.0,128,2048,2048,8192,5120,459.039,597.275,466.24,0.0521
mixed,8,4,0.5,4.0,128,2048,4096,16384,10240,673.372,934.872,685.948,0.0481
mixed,8,4,0.5,4.0,128,4096,128,512,320,327.583,337.916,326.941,-0.0621
mixed,8,4,0.5,4.0,128,4096,256,1024,640,344.413,364.382,342.62,-0.0898
mixed,8,4,0.5,4.0,128,4096,512,2048,1280,377.887,417.022,376.858,-0.0263
mixed,8,4,0.5,4.0,128,4096,1024,4096,2560,432.318,501.304,439.806,0.1085
mixed,8,4,0.5,4.0,128,4096,2048,8192,5120,540.54,675.869,548.156,0.0563
mixed,8,4,0.5,4.0,128,4096,4096,16384,10240,750.587,1010.807,757.083,0.025
mixed,8,4,0.5,4.0,128,8192,128,512,320,474.333,487.132,474.301,-0.0025
mixed,8,4,0.5,4.0,128,8192,256,1024,640,490.716,511.549,490.747,0.0015
mixed,8,4,0.5,4.0,128,8192,512,2048,1280,527.708,562.491,522.203,-0.1583
mixed,8,4,0.5,4.0,128,8192,1024,4096,2560,580.03,647.613,585.339,0.0786
mixed,8,4,0.5,4.0,128,8192,2048,8192,5120,685.277,821.242,691.516,0.0459
mixed,8,4,0.5,4.0,128,8192,4096,16384,10240,899.226,1158.584,905.498,0.0242
mixed,8,4,0.5,4.0,256,0,128,512,320,185.153,199.712,184.352,-0.055
mixed,8,4,0.5,4.0,256,0,256,1024,640,203.549,222.941,203.931,0.0197
mixed,8,4,0.5,4.0,256,0,512,2048,1280,240.8,278.013,236.86,-0.1059
mixed,8,4,0.5,4.0,256,0,1024,4096,2560,296.128,364.096,302.527,0.0941
mixed,8,4,0.5,4.0,256,0,2048,8192,5120,400.925,538.208,410.592,0.0704
mixed,8,4,0.5,4.0,256,0,4096,16384,10240,619.096,863.323,624.539,0.0223
mixed,8,4,0.5,4.0,256,512,128,512,320,253.599,266.687,252.604,-0.076
mixed,8,4,0.5,4.0,256,512,256,1024,640,271.552,290.43,270.91,-0.034
mixed,8,4,0.5,4.0,256,512,512,2048,1280,308.668,341.757,305.214,-0.1044
mixed,8,4,0.5,4.0,256,512,1024,4096,2560,357.95,433.882,366.845,0.1171
mixed,8,4,0.5,4.0,256,512,2048,8192,5120,467.773,605.595,473.408,0.0409
mixed,8,4,0.5,4.0,256,512,4096,16384,10240,683.197,930.521,691.802,0.0348
mixed,8,4,0.5,4.0,256,1024,128,512,320,309.567,320.861,308.992,-0.0509
mixed,8,4,0.5,4.0,256,1024,256,1024,640,327.23,348.827,327.774,0.0252
mixed,8,4,0.5,4.0,256,1024,512,2048,1280,363.584,396.314,359.327,-0.1301
mixed,8,4,0.5,4.0,256,1024,1024,4096,2560,415.995,485.691,423.483,0.1074
mixed,8,4,0.5,4.0,256,1024,2048,8192,5120,523.834,661.849,527.676,0.0278
mixed,8,4,0.5,4.0,256,1024,4096,16384,10240,737.756,992.95,742.236,0.0176
mixed,8,4,0.5,4.0,256,2048,128,512,320,345.054,358.014,343.998,-0.0815
mixed,8,4,0.5,4.0,256,2048,256,1024,640,362.11,382.588,362.621,0.025
mixed,8,4,0.5,4.0,256,2048,512,2048,1280,399.871,434.555,397.278,-0.0748
mixed,8,4,0.5,4.0,256,2048,1024,4096,2560,451.676,523.518,461.564,0.1376
mixed,8,4,0.5,4.0,256,2048,2048,8192,5120,561.756,699.289,567.198,0.0396
mixed,8,4,0.5,4.0,256,2048,4096,16384,10240,771.738,1023.387,777.049,0.0211
mixed,8,4,0.5,4.0,256,4096,128,512,320,491.036,502.047,488.764,-0.2063
mixed,8,4,0.5,4.0,256,4096,256,1024,640,506.336,527.581,508.444,0.0992
mixed,8,4,0.5,4.0,256,4096,512,2048,1280,545.659,576.282,540.891,-0.1557
mixed,8,4,0.5,4.0,256,4096,1024,4096,2560,597.147,672.185,601.692,0.0606
mixed,8,4,0.5,4.0,256,4096,2048,8192,5120,703.547,838.678,713.979,0.0772
mixed,8,4,0.5,4.0,256,4096,4096,16384,10240,913.434,1172.312,919.733,0.0243
mixed,8,4,0.5,4.0,256,8192,128,512,320,735.099,748.569,737.434,0.1733
mixed,8,4,0.5,4.0,256,8192,256,1024,640,750.428,772.154,750.972,0.025
mixed,8,4,0.5,4.0,256,8192,512,2048,1280,789.594,823.291,785.531,-0.1206
mixed,8,4,0.5,4.0,256,8192,1024,4096,2560,841.465,910.103,850.747,0.1352
mixed,8,4,0.5,4.0,256,8192,2048,8192,5120,952.089,1079.256,954.875,0.0219
mixed,8,4,0.5,4.0,256,8192,4096,16384,10240,1168.15,1415.35,1168.474,0.0013
mixed,8,4,0.5,4.0,512,0,128,512,320,304.958,317.951,304.35,-0.0468
mixed,8,4,0.5,4.0,512,0,256,1024,640,322.334,343.198,321.946,-0.0186
mixed,8,4,0.5,4.0,512,0,512,2048,1280,358.559,394.048,355.136,-0.0965
mixed,8,4,0.5,4.0,512,0,1024,4096,2560,413.212,480.765,420.349,0.1057
mixed,8,4,0.5,4.0,512,0,2048,8192,5120,519.74,651.643,524.733,0.0379
mixed,8,4,0.5,4.0,512,0,4096,16384,10240,728.283,986.519,736.282,0.031
mixed,8,4,0.5,4.0,512,512,128,512,320,378.142,389.787,379.006,0.0742
mixed,8,4,0.5,4.0,512,512,256,1024,640,395.134,415.166,396.063,0.0464
mixed,8,4,0.5,4.0,512,512,512,2048,1280,432.509,467.837,428.574,-0.1114
mixed,8,4,0.5,4.0,512,512,1024,4096,2560,485.47,553.472,490.523,0.0743
mixed,8,4,0.5,4.0,512,512,2048,8192,5120,592.858,726.745,598.141,0.0395
mixed,8,4,0.5,4.0,512,512,4096,16384,10240,803.738,1062.202,812.185,0.0327
mixed,8,4,0.5,4.0,512,1024,128,512,320,446.043,458.618,444.955,-0.0865
mixed,8,4,0.5,4.0,512,1024,256,1024,640,463.55,484.284,465.534,0.0957
mixed,8,4,0.5,4.0,512,1024,512,2048,1280,501.213,534.62,500.67,-0.0163
mixed,8,4,0.5,4.0,512,1024,1024,4096,2560,552.826,623.195,561.499,0.1233
mixed,8,4,0.5,4.0,512,1024,2048,8192,5120,660.7,795.866,663.549,0.0211
mixed,8,4,0.5,4.0,512,1024,4096,16384,10240,877.048,1128.473,879.096,0.0081
mixed,8,4,0.5,4.0,512,2048,128,512,320,590.972,604.567,590.171,-0.0589
mixed,8,4,0.5,4.0,512,2048,256,1024,640,609.179,628.536,609.949,0.0398
mixed,8,4,0.5,4.0,512,2048,512,2048,1280,643.036,680.795,641.245,-0.0474
mixed,8,4,0.5,4.0,512,2048,1024,4096,2560,697.566,768.06,701.69,0.0585
mixed,8,4,0.5,4.0,512,2048,2048,8192,5120,808.668,943.063,808.795,0.0009
mixed,8,4,0.5,4.0,512,2048,4096,16384,10240,1014.042,1266.777,1022.779,0.0346
mixed,8,4,0.5,4.0,512,4096,128,512,320,869.882,880.636,868.892,-0.0921
mixed,8,4,0.5,4.0,512,4096,256,1024,640,890.201,907.736,886.905,-0.188
mixed,8,4,0.5,4.0,512,4096,512,2048,1280,924.441,958.457,921.241,-0.0941
mixed,8,4,0.5,4.0,512,4096,1024,4096,2560,975.065,1042.712,979.161,0.0605
mixed,8,4,0.5,4.0,512,4096,2048,8192,5120,1080.923,1220.6,1090.329,0.0673
mixed,8,4,0.5,4.0,512,4096,4096,16384,10240,1302.423,1549.528,1304.633,0.0089
mixed,8,4,0.5,4.0,512,8192,128,512,320,1421.91,1432.789,1418.135,-0.347
mixed,8,4,0.5,4.0,512,8192,256,1024,640,1435.156,1458.774,1439.767,0.1952
mixed,8,4,0.5,4.0,512,8192,512,2048,1280,1474.998,1508.92,1470.674,-0.1275
mixed,8,4,0.5,4.0,512,8192,1024,4096,2560,1527.544,1593.207,1535.929,0.1277
mixed,8,4,0.5,4.0,512,8192,2048,8192,5120,1637.11,1766.677,1639.829,0.021
mixed,8,4,0.5,4.0,512,8192,4096,16384,10240,1852.085,2097.936,1846.421,-0.023
mixed,8,4,0.5,4.0,1024,0,128,512,320,560.187,573.117,559.804,-0.0296
mixed,8,4,0.5,4.0,1024,0,256,1024,640,573.82,597.661,578.331,0.1892
mixed,8,4,0.5,4.0,1024,0,512,2048,1280,614.428,647.163,610.491,-0.1203
mixed,8,4,0.5,4.0,1024,0,1024,4096,2560,664.442,732.796,672.313,0.1152
mixed,8,4,0.5,4.0,1024,0,2048,8192,5120,773.689,908.154,777.146,0.0257
mixed,8,4,0.5,4.0,1024,0,4096,16384,10240,982.778,1238.619,993.944,0.0436
mixed,8,4,0.5,4.0,1024,512,128,512,320,739.771,750.522,734.492,-0.491
mixed,8,4,0.5,4.0,1024,512,256,1024,640,757.051,774.97,756.539,-0.0286
mixed,8,4,0.5,4.0,1024,512,512,2048,1280,791.901,824.25,786.938,-0.1534
mixed,8,4,0.5,4.0,1024,512,1024,4096,2560,843.484,909.112,852.861,0.1429
mixed,8,4,0.5,4.0,1024,512,2048,8192,5120,954.554,1083.898,957.275,0.021
mixed,8,4,0.5,4.0,1024,512,4096,16384,10240,1163.354,1422.585,1167.958,0.0178
mixed,8,4,0.5,4.0,1024,1024,128,512,320,893.627,902.33,892.698,-0.1067
mixed,8,4,0.5,4.0,1024,1024,256,1024,640,911.289,927.133,908.795,-0.1574
mixed,8,4,0.5,4.0,1024,1024,512,2048,1280,947.066,980.41,942.618,-0.1334
mixed,8,4,0.5,4.0,1024,1024,1024,4096,2560,999.45,1067.705,1004.378,0.0722
mixed,8,4,0.5,4.0,1024,1024,2048,8192,5120,1103.959,1240.085,1111.867,0.0581
mixed,8,4,0.5,4.0,1024,1024,4096,16384,10240,1321.56,1568.983,1318.104,-0.014
mixed,8,4,0.5,4.0,1024,2048,128,512,320,1171.546,1178.903,1167.545,-0.5438
mixed,8,4,0.5,4.0,1024,2048,256,1024,640,1185.69,1209.432,1185.562,-0.0054
mixed,8,4,0.5,4.0,1024,2048,512,2048,1280,1223.321,1256.186,1221.303,-0.0614
mixed,8,4,0.5,4.0,1024,2048,1024,4096,2560,1271.192,1349.079,1285.174,0.1795
mixed,8,4,0.5,4.0,1024,2048,2048,8192,5120,1386.903,1514.323,1388.118,0.0095
mixed,8,4,0.5,4.0,1024,2048,4096,16384,10240,1597.78,1848.852,1606.036,0.0329
mixed,8,4,0.5,4.0,1024,4096,128,512,320,1722.547,1736.406,1722.678,0.0095
mixed,8,4,0.5,4.0,1024,4096,256,1024,640,1740.117,1760.344,1741.779,0.0822
mixed,8,4,0.5,4.0,1024,4096,512,2048,1280,1773.748,1808.659,1776.949,0.0917
mixed,8,4,0.5,4.0,1024,4096,1024,4096,2560,1828.597,1897.557,1834.74,0.0891
mixed,8,4,0.5,4.0,1024,4096,2048,8192,5120,1932.213,2069.908,1939.863,0.0556
mixed,8,4,0.5,4.0,1024,4096,4096,16384,10240,2151.6,2397.743,2156.593,0.0203
mixed,8,4,0.5,4.0,1024,8192,128,512,320,2821.005,2830.889,2813.933,-0.7155
mixed,8,4,0.5,4.0,1024,8192,256,1024,640,2834.504,2853.388,2832.843,-0.088
mixed,8,4,0.5,4.0,1024,8192,512,2048,1280,2873.292,2905.866,2866.831,-0.1983
mixed,8,4,0.5,4.0,1024,8192,1024,4096,2560,2917.93,2990.602,2930.606,0.1744
mixed,8,4,0.5,4.0,1024,8192,2048,8192,5120,3032.527,3165.228,3037.1,0.0345
mixed,8,4,0.5,4.0,1024,8192,4096,16384,10240,3247.463,3498.822,3245.293,-0.0086
mixed,8,4,0.5,4.0,2048,0,128,512,320,1012.343,1028.858,1015.928,0.2171
mixed,8,4,0.5,4.0,2048,0,256,1024,640,1032.376,1054.105,1032.248,-0.0059
mixed,8,4,0.5,4.0,2048,0,512,2048,1280,1069.877,1104.154,1065.562,-0.1259
mixed,8,4,0.5,4.0,2048,0,1024,4096,2560,1124.439,1191.51,1130.04,0.0835
mixed,8,4,0.5,4.0,2048,0,2048,8192,5120,1229.174,1368.279,1240.537,0.0817
mixed,8,4,0.5,4.0,2048,0,4096,16384,10240,1445.975,1697.204,1448.022,0.0081
mixed,8,4,0.5,4.0,2048,512,128,512,320,1349.397,1362.197,1349.526,0.0101
mixed,8,4,0.5,4.0,2048,512,256,1024,640,1366.87,1385.335,1369.142,0.123
mixed,8,4,0.5,4.0,2048,512,512,2048,1280,1403.959,1438.167,1400.916,-0.089
mixed,8,4,0.5,4.0,2048,512,1024,4096,2560,1456.055,1523.093,1468.822,0.1904
mixed,8,4,0.5,4.0,2048,512,2048,8192,5120,1563.638,1701.517,1575.798,0.0882
mixed,8,4,0.5,4.0,2048,512,4096,16384,10240,1777.203,2026.003,1780.689,0.014
mixed,8,4,0.5,4.0,2048,1024,128,512,320,1684.116,1699.188,1688.021,0.2591
mixed,8,4,0.5,4.0,2048,1024,256,1024,640,1705.459,1728.981,1706.42,0.0409
mixed,8,4,0.5,4.0,2048,1024,512,2048,1280,1744.883,1779.187,1739.348,-0.1614
mixed,8,4,0.5,4.0,2048,1024,1024,4096,2560,1794.932,1865.842,1801.171,0.088
mixed,8,4,0.5,4.0,2048,1024,2048,8192,5120,1904.916,2036.368,1915.347,0.0794
mixed,8,4,0.5,4.0,2048,1024,4096,16384,10240,2112.498,2371.566,2124.271,0.0454
mixed,8,4,0.5,4.0,2048,2048,128,512,320,2240.276,2251.855,2239.857,-0.0362
mixed,8,4,0.5,4.0,2048,2048,256,1024,640,2255.761,2276.335,2258.578,0.1369
mixed,8,4,0.5,4.0,2048,2048,512,2048,1280,2291.09,2329.232,2289.681,-0.0369
mixed,8,4,0.5,4.0,2048,2048,1024,4096,2560,2345.616,2414.864,2357.557,0.1724
mixed,8,4,0.5,4.0,2048,2048,2048,8192,5120,2455.439,2584.879,2464.56,0.0705
mixed,8,4,0.5,4.0,2048,2048,4096,16384,10240,2666.606,2917.325,2668.27,0.0066
mixed,8,4,0.5,4.0,2048,4096,128,512,320,3335.017,3346.126,3334.507,-0.0459
mixed,8,4,0.5,4.0,2048,4096,256,1024,640,3356.743,3370.856,3348.526,-0.5822
mixed,8,4,0.5,4.0,2048,4096,512,2048,1280,3387.498,3425.578,3387.291,-0.0054
mixed,8,4,0.5,4.0,2048,4096,1024,4096,2560,3438.445,3512.619,3448.347,0.1335
mixed,8,4,0.5,4.0,2048,4096,2048,8192,5120,3546.663,3682.216,3556.803,0.0748
mixed,8,4,0.5,4.0,2048,4096,4096,16384,10240,3760.166,4014.472,3771.624,0.0451
mixed,8,4,0.5,4.0,2048,8192,128,512,320,5536.252,5546.297,5539.327,0.3061
mixed,8,4,0.5,4.0,2048,8192,256,1024,640,5560.476,5570.296,5555.227,-0.5345
mixed,8,4,0.5,4.0,2048,8192,512,2048,1280,5584.216,5619.127,5583.037,-0.0338
mixed,8,4,0.5,4.0,2048,8192,1024,4096,2560,5642.621,5703.322,5645.784,0.0521
mixed,8,4,0.5,4.0,2048,8192,2048,8192,5120,5746.972,5875.542,5754.968,0.0622
mixed,8,4,0.5,4.0,2048,8192,4096,16384,10240,5964.664,6219.126,5952.957,-0.046
pure,8,6,0.75,4.0,0,0,128,512,416,67.584,78.753,66.751,-0.0746
pure,8,6,0.75,4.0,0,0,256,1024,832,86.431,94.176,86.366,-0.0084
pure,8,6,0.75,4.0,0,0,512,2048,1664,121.696,142.591,122.975,0.0612
pure,8,6,0.75,4.0,0,0,1024,4096,3328,194.593,228.735,194.239,-0.0104
pure,8,6,0.75,4.0,0,0,2048,8192,6656,340.03,400.767,336.061,-0.0653
pure,8,6,0.75,4.0,0,0,4096,16384,13312,612.571,736.249,611.707,-0.007
mixed,8,6,0.75,4.0,16,0,128,512,416,88.732,98.24,87.647,-0.1141
mixed,8,6,0.75,4.0,16,0,256,1024,832,107.042,115.903,108.67,0.1837
mixed,8,6,0.75,4.0,16,0,512,2048,1664,143.165,164.383,142.4,-0.0361
mixed,8,6,0.75,4.0,16,0,1024,4096,3328,213.857,249.759,214.88,0.0285
mixed,8,6,0.75,4.0,16,0,2048,8192,6656,357.596,425.502,361.628,0.0594
mixed,8,6,0.75,4.0,16,0,4096,16384,13312,641.469,750.585,635.868,-0.0513
mixed,8,6,0.75,4.0,16,512,128,512,416,121.441,133.405,121.12,-0.0268
mixed,8,6,0.75,4.0,16,512,256,1024,832,141.344,150.431,142.591,0.1372
mixed,8,6,0.75,4.0,16,512,512,2048,1664,177.437,197.856,178.237,0.0392
mixed,8,6,0.75,4.0,16,512,1024,4096,3328,248.895,285.309,248.705,-0.0052
mixed,8,6,0.75,4.0,16,512,2048,8192,6656,398.366,458.268,396.829,-0.0257
mixed,8,6,0.75,4.0,16,512,4096,16384,13312,671.803,791.323,664.315,-0.0627
mixed,8,6,0.75,4.0,16,1024,128,512,416,122.879,135.167,122.079,-0.0651
mixed,8,6,0.75,4.0,16,1024,256,1024,832,143.644,154.589,145.151,0.1377
mixed,8,6,0.75,4.0,16,1024,512,2048,1664,180.863,201.246,182.304,0.0707
mixed,8,6,0.75,4.0,16,1024,1024,4096,3328,252.637,290.111,252.061,-0.0154
mixed,8,6,0.75,4.0,16,1024,2048,8192,6656,395.452,461.629,396.796,0.0203
mixed,8,6,0.75,4.0,16,1024,4096,16384,13312,667.131,795.61,667.964,0.0065
mixed,8,6,0.75,4.0,16,2048,128,512,416,126.239,138.208,125.503,-0.0615
mixed,8,6,0.75,4.0,16,2048,256,1024,832,147.264,158.395,148.032,0.069
mixed,8,6,0.75,4.0,16,2048,512,2048,1664,185.472,206.336,186.463,0.0475
mixed,8,6,0.75,4.0,16,2048,1024,4096,3328,256.478,297.15,257.821,0.033
mixed,8,6,0.75,4.0,16,2048,2048,8192,6656,398.113,463.389,404.219,0.0935
mixed,8,6,0.75,4.0,16,2048,4096,16384,13312,672.892,802.747,670.875,-0.0155
mixed,8,6,0.75,4.0,16,4096,128,512,416,135.261,147.136,134.655,-0.051
mixed,8,6,0.75,4.0,16,4096,256,1024,832,157.791,168.544,158.176,0.0358
mixed,8,6,0.75,4.0,16,4096,512,2048,1664,196.861,218.461,197.981,0.0519
mixed,8,6,0.75,4.0,16,4096,1024,4096,3328,268.095,307.259,268.284,0.0048
mixed,8,6,0.75,4.0,16,4096,2048,8192,6656,417.949,474.878,416.507,-0.0253
mixed,8,6,0.75,4.0,16,4096,4096,16384,13312,683.261,808.379,682.203,-0.0085
mixed,8,6,0.75,4.0,16,8192,128,512,416,165.248,176.828,165.501,0.0218
mixed,8,6,0.75,4.0,16,8192,256,1024,832,190.015,200.605,188.892,-0.106
mixed,8,6,0.75,4.0,16,8192,512,2048,1664,232.542,251.967,233.535,0.0511
mixed,8,6,0.75,4.0,16,8192,1024,4096,3328,302.941,338.364,304.414,0.0416
mixed,8,6,0.75,4.0,16,8192,2048,8192,6656,446.688,507.164,448.541,0.0306
mixed,8,6,0.75,4.0,16,8192,4096,16384,13312,719.929,838.777,724.984,0.0425
mixed,8,6,0.75,4.0,32,0,128,512,416,118.846,129.216,118.238,-0.0586
mixed,8,6,0.75,4.0,32,0,256,1024,832,139.648,151.711,139.999,0.0291
mixed,8,6,0.75,4.0,32,0,512,2048,1664,179.357,199.52,178.238,-0.0555
mixed,8,6,0.75,4.0,32,0,1024,4096,3328,248.095,284.83,250.848,0.0749
mixed,8,6,0.75,4.0,32,0,2048,8192,6656,398.461,458.173,399.999,0.0258
mixed,8,6,0.75,4.0,32,0,4096,16384,13312,668.957,791.643,664.796,-0.0339
mixed,8,6,0.75,4.0,32,512,128,512,416,143.486,155.106,142.303,-0.1018
mixed,8,6,0.75,4.0,32,512,256,1024,832,165.403,177.472,165.44,0.0031
mixed,8,6,0.75,4.0,32,512,512,2048,1664,205.406,226.848,207.522,0.0987
mixed,8,6,0.75,4.0,32,512,1024,4096,3328,275.996,310.302,274.816,-0.0344
mixed,8,6,0.75,4.0,32,512,2048,8192,6656,420.061,487.964,423.004,0.0433
mixed,8,6,0.75,4.0,32,512,4096,16384,13312,690.459,819.291,695.353,0.038
mixed,8,6,0.75,4.0,32,1024,128,512,416,144.289,156.224,143.836,-0.038
mixed,8,6,0.75,4.0,32,1024,256,1024,832,167.585,179.169,167.967,0.033
mixed,8,6,0.75,4.0,32,1024,512,2048,1664,207.775,228.124,209.949,0.1068
mixed,8,6,0.75,4.0,32,1024,1024,4096,3328,276.736,317.854,278.075,0.0326
mixed,8,6,0.75,4.0,32,1024,2048,8192,6656,426.077,486.141,424.476,-0.0267
mixed,8,6,0.75,4.0,32,1024,4096,16384,13312,696.346,816.472,694.717,-0.0136
mixed,8,6,0.75,4.0,32,2048,128,512,416,151.262,162.432,150.144,-0.1001
mixed,8,6,0.75,4.0,32,2048,256,1024,832,173.885,186.433,174.304,0.0334
mixed,8,6,0.75,4.0,32,2048,512,2048,1664,215.87,235.712,217.375,0.0758
mixed,8,6,0.75,4.0,32,2048,1024,4096,3328,286.655,323.263,286.304,-0.0096
mixed,8,6,0.75,4.0,32,2048,2048,8192,6656,432.442,495.037,432.957,0.0082
mixed,8,6,0.75,4.0,32,2048,4096,16384,13312,703.996,826.074,709.146,0.0422
mixed,8,6,0.75,4.0,32,4096,128,512,416,163.84,176.383,162.782,-0.0843
mixed,8,6,0.75,4.0,32,4096,256,1024,832,186.4,199.776,188.225,0.1364
mixed,8,6,0.75,4.0,32,4096,512,2048,1664,232.83,254.368,232.827,-0.0001
mixed,8,6,0.75,4.0,32,4096,1024,4096,3328,302.112,340.446,305.662,0.0926
mixed,8,6,0.75,4.0,32,4096,2048,8192,6656,447.133,510.654,447.486,0.0056
mixed,8,6,0.75,4.0,32,4096,4096,16384,13312,723.451,841.179,717.82,-0.0478
mixed,8,6,0.75,4.0,32,8192,128,512,416,258.558,270.046,258.781,0.0194
mixed,8,6,0.75,4.0,32,8192,256,1024,832,281.279,295.295,283.742,0.1757
mixed,8,6,0.75,4.0,32,8192,512,2048,1664,326.107,344.767,326.814,0.0379
mixed,8,6,0.75,4.0,32,8192,1024,4096,3328,393.441,433.31,395.419,0.0496
mixed,8,6,0.75,4.0,32,8192,2048,8192,6656,541.053,600.217,542.588,0.0259
mixed,8,6,0.75,4.0,32,8192,4096,16384,13312,813.564,930.969,804.859,-0.0741
mixed,8,6,0.75,4.0,64,0,128,512,416,119.359,131.745,118.785,-0.0463
mixed,8,6,0.75,4.0,64,0,256,1024,832,143.198,154.143,142.047,-0.1052
mixed,8,6,0.75,4.0,64,0,512,2048,1664,183.52,205.31,184.092,0.0263
mixed,8,6,0.75,4.0,64,0,1024,4096,3328,254.879,292.125,256.509,0.0438
mixed,8,6,0.75,4.0,64,0,2048,8192,6656,403.005,462.525,403.774,0.0129
mixed,8,6,0.75,4.0,64,0,4096,16384,13312,673.723,795.067,669.658,-0.0335
mixed,8,6,0.75,4.0,64,512,128,512,416,150.175,161.953,149.183,-0.0842
mixed,8,6,0.75,4.0,64,512,256,1024,832,173.919,185.789,174.624,0.0594
mixed,8,6,0.75,4.0,64,512,512,2048,1664,217.855,237.41,217.696,-0.0081
mixed,8,6,0.75,4.0,64,512,1024,4096,3328,287.807,323.55,287.868,0.0017
mixed,8,6,0.75,4.0,64,512,2048,8192,6656,437.501,493.118,435.806,-0.0305
mixed,8,6,0.75,4.0,64,512,4096,16384,13312,708.957,830.01,708.347,-0.005
mixed,8,6,0.75,4.0,64,1024,128,512,416,155.52,168.03,155.456,-0.0051
mixed,8,6,0.75,4.0,64,1024,256,1024,832,178.719,191.68,180.155,0.1108
mixed,8,6,0.75,4.0,64,1024,512,2048,1664,224.703,244.638,223.968,-0.0369
mixed,8,6,0.75,4.0,64,1024,1024,4096,3328,294.493,331.518,296.063,0.0424
mixed,8,6,0.75,4.0,64,1024,2048,8192,6656,444.125,507.709,444.701,0.0091
mixed,8,6,0.75,4.0,64,1024,4096,16384,13312,714.587,833.563,709.919,-0.0392
mixed,8,6,0.75,4.0,64,2048,128,512,416,165.569,177.855,165.44,-0.0105
mixed,8,6,0.75,4.0,64,2048,256,1024,832,190.559,201.793,190.913,0.0315
mixed,8,6,0.75,4.0,64,2048,512,2048,1664,234.687,254.943,234.655,-0.0016
mixed,8,6,0.75,4.0,64,2048,1024,4096,3328,305.343,341.979,305.916,0.0156
mixed,8,6,0.75,4.0,64,2048,2048,8192,6656,450.144,515.101,449.502,-0.0099
mixed,8,6,0.75,4.0,64,2048,4096,16384,13312,725.371,842.681,724.823,-0.0047
mixed,8,6,0.75,4.0,64,4096,128,512,416,243.615,254.014,242.429,-0.114
mixed,8,6,0.75,4.0,64,4096,256,1024,832,266.878,279.775,269.248,0.1838
mixed,8,6,0.75,4.0,64,4096,512,2048,1664,310.429,330.718,310.878,0.0221
mixed,8,6,0.75,4.0,64,4096,1024,4096,3328,380.543,418.94,381.66,0.0291
mixed,8,6,0.75,4.0,64,4096,2048,8192,6656,526.557,585.692,524.157,-0.0406
mixed,8,6,0.75,4.0,64,4096,4096,16384,13312,805.498,924.856,797.595,-0.0662
mixed,8,6,0.75,4.0,64,8192,128,512,416,323.1,334.011,324.255,0.1059
mixed,8,6,0.75,4.0,64,8192,256,1024,832,348.667,360.768,349.437,0.0636
mixed,8,6,0.75,4.0,64,8192,512,2048,1664,388.829,410.366,390.525,0.0787
mixed,8,6,0.75,4.0,64,8192,1024,4096,3328,459.135,496.474,461.181,0.0548
mixed,8,6,0.75,4.0,64,8192,2048,8192,6656,603.003,666.364,608.54,0.0874
mixed,8,6,0.75,4.0,64,8192,4096,16384,13312,887.356,1009.624,881.051,-0.0516
mixed,8,6,0.75,4.0,128,0,128,512,416,128.158,139.712,128.224,0.0057
mixed,8,6,0.75,4.0,128,0,256,1024,832,149.983,160.0,149.823,-0.016
mixed,8,6,0.75,4.0,128,0,512,2048,1664,189.344,208.993,187.838,-0.0766
mixed,8,6,0.75,4.0,128,0,1024,4096,3328,257.311,294.301,258.847,0.0415
mixed,8,6,0.75,4.0,128,0,2048,8192,6656,405.852,468.316,407.581,0.0277
mixed,8,6,0.75,4.0,128,0,4096,16384,13312,676.348,799.548,676.123,-0.0018
mixed,8,6,0.75,4.0,128,512,128,512,416,164.895,177.632,165.217,0.0253
mixed,8,6,0.75,4.0,128,512,256,1024,832,189.856,202.016,190.843,0.0812
mixed,8,6,0.75,4.0,128,512,512,2048,1664,232.988,254.301,233.854,0.0406
mixed,8,6,0.75,4.0,128,512,1024,4096,3328,306.718,339.677,305.472,-0.0378
mixed,8,6,0.75,4.0,128,512,2048,8192,6656,448.413,515.996,451.037,0.0388
mixed,8,6,0.75,4.0,128,512,4096,16384,13312,726.747,842.816,724.154,-0.0223
mixed,8,6,0.75,4.0,128,1024,128,512,416,173.792,186.784,172.576,-0.0936
mixed,8,6,0.75,4.0,128,1024,256,1024,832,197.343,208.383,198.752,0.1276
mixed,8,6,0.75,4.0,128,1024,512,2048,1664,242.782,263.71,243.328,0.0261
mixed,8,6,0.75,4.0,128,1024,1024,4096,3328,315.036,350.656,312.572,-0.0692
mixed,8,6,0.75,4.0,128,1024,2048,8192,6656,458.94,522.718,455.709,-0.0507
mixed,8,6,0.75,4.0,128,1024,4096,16384,13312,733.051,853.594,728.343,-0.0391
mixed,8,6,0.75,4.0,128,2048,128,512,416,249.631,259.199,250.914,0.1341
mixed,8,6,0.75,4.0,128,2048,256,1024,832,274.591,286.334,273.311,-0.109
mixed,8,6,0.75,4.0,128,2048,512,2048,1664,316.83,334.874,315.454,-0.0763
mixed,8,6,0.75,4.0,128,2048,1024,4096,3328,385.281,425.372,385.789,0.0127
mixed,8,6,0.75,4.0,128,2048,2048,8192,6656,532.349,593.276,531.226,-0.0184
mixed,8,6,0.75,4.0,128,2048,4096,16384,13312,803.961,925.497,804.571,0.005
mixed,8,6,0.75,4.0,128,4096,128,512,416,328.797,338.527,328.796,-0.0001
mixed,8,6,0.75,4.0,128,4096,256,1024,832,354.013,363.837,352.671,-0.1366
mixed,8,6,0.75,4.0,128,4096,512,2048,1664,395.709,416.349,395.709,0.0
mixed,8,6,0.75,4.0,128,4096,1024,4096,3328,469.723,498.783,463.838,-0.2025
mixed,8,6,0.75,4.0,128,4096,2048,8192,6656,611.519,675.934,614.846,0.0516
mixed,8,6,0.75,4.0,128,4096,4096,16384,13312,883.77,1006.684,877.593,-0.0503
mixed,8,6,0.75,4.0,128,8192,128,512,416,477.885,485.501,476.957,-0.1218
mixed,8,6,0.75,4.0,128,8192,256,1024,832,499.163,511.549,499.071,-0.0074
mixed,8,6,0.75,4.0,128,8192,512,2048,1664,543.228,559.742,542.717,-0.0309
mixed,8,6,0.75,4.0,128,8192,1024,4096,3328,610.716,647.258,612.987,0.0621
mixed,8,6,0.75,4.0,128,8192,2048,8192,6656,761.721,818.938,757.659,-0.071
mixed,8,6,0.75,4.0,128,8192,4096,16384,13312,1031.64,1152.6,1028.087,-0.0294
mixed,8,6,0.75,4.0,256,0,128,512,416,187.678,200.032,187.167,-0.0414
mixed,8,6,0.75,4.0,256,0,256,1024,832,210.781,223.937,211.84,0.0805
mixed,8,6,0.75,4.0,256,0,512,2048,1664,256.604,278.624,258.079,0.067
mixed,8,6,0.75,4.0,256,0,1024,4096,3328,325.916,362.718,330.97,0.1373
mixed,8,6,0.75,4.0,256,0,2048,8192,6656,475.616,536.316,477.279,0.0274
mixed,8,6,0.75,4.0,256,0,4096,16384,13312,752.475,864.986,739.643,-0.1141
mixed,8,6,0.75,4.0,256,512,128,512,416,254.879,267.23,254.397,-0.039
mixed,8,6,0.75,4.0,256,512,256,1024,832,278.589,290.08,279.997,0.1225
mixed,8,6,0.75,4.0,256,512,512,2048,1664,322.72,342.589,324.446,0.0869
mixed,8,6,0.75,4.0,256,512,1024,4096,3328,394.652,432.286,395.228,0.0153
mixed,8,6,0.75,4.0,256,512,2048,8192,6656,539.321,603.161,535.228,-0.0641
mixed,8,6,0.75,4.0,256,512,4096,16384,13312,806.457,936.508,810.043,0.0276
mixed,8,6,0.75,4.0,256,1024,128,512,416,312.157,319.645,311.295,-0.1151
mixed,8,6,0.75,4.0,256,1024,256,1024,832,334.463,348.03,335.135,0.0495
mixed,8,6,0.75,4.0,256,1024,512,2048,1664,376.541,397.789,378.045,0.0708
mixed,8,6,0.75,4.0,256,1024,1024,4096,3328,446.59,489.309,448.796,0.0516
mixed,8,6,0.75,4.0,256,1024,2048,8192,6656,602.683,659.261,594.68,-0.1415
mixed,8,6,0.75,4.0,256,1024,4096,16384,13312,870.394,982.267,868.506,-0.0169
mixed,8,6,0.75,4.0,256,2048,128,512,416,347.039,357.083,349.213,0.2164
mixed,8,6,0.75,4.0,256,2048,256,1024,832,370.524,383.932,372.061,0.1146
mixed,8,6,0.75,4.0,256,2048,512,2048,1664,412.448,433.791,417.021,0.2143
mixed,8,6,0.75,4.0,256,2048,1024,4096,3328,482.269,519.997,485.057,0.0739
mixed,8,6,0.75,4.0,256,2048,2048,8192,6656,630.875,694.398,630.813,-0.001
mixed,8,6,0.75,4.0,256,2048,4096,16384,13312,904.603,1024.507,900.41,-0.035
mixed,8,6,0.75,4.0,256,4096,128,512,416,494.014,504.222,492.06,-0.1914
mixed,8,6,0.75,4.0,256,4096,256,1024,832,514.589,529.019,516.414,0.1265
mixed,8,6,0.75,4.0,256,4096,512,2048,1664,560.475,579.484,558.812,-0.0875
mixed,8,6,0.75,4.0,256,4096,1024,4096,3328,626.523,666.652,629.277,0.0686
mixed,8,6,0.75,4.0,256,4096,2048,8192,6656,777.82,835.739,774.012,-0.0657
mixed,8,6,0.75,4.0,256,4096,4096,16384,13312,1051.834,1168.887,1042.969,-0.0757
mixed,8,6,0.75,4.0,256,8192,128,512,416,737.691,746.46,738.363,0.0766
mixed,8,6,0.75,4.0,256,8192,256,1024,832,760.22,772.06,761.532,0.1108
mixed,8,6,0.75,4.0,256,8192,512,2048,1664,804.697,823.74,805.561,0.0454
mixed,8,6,0.75,4.0,256,8192,1024,4096,3328,876.189,908.729,871.514,-0.1437
mixed,8,6,0.75,4.0,256,8192,2048,8192,6656,1020.027,1081.466,1018.397,-0.0265
mixed,8,6,0.75,4.0,256,8192,4096,16384,13312,1292.377,1413.719,1293.113,0.0061
mixed,8,6,0.75,4.0,512,0,128,512,416,309.566,317.148,306.812,-0.3632
mixed,8,6,0.75,4.0,512,0,256,1024,832,330.621,342.397,331.358,0.0626
mixed,8,6,0.75,4.0,512,0,512,2048,1664,372.54,393.214,373.342,0.0388
mixed,8,6,0.75,4.0,512,0,1024,4096,3328,442.687,480.575,444.477,0.0472
mixed,8,6,0.75,4.0,512,0,2048,8192,6656,583.292,653.853,591.71,0.1193
mixed,8,6,0.75,4.0,512,0,4096,16384,13312,864.989,983.255,861.241,-0.0317
mixed,8,6,0.75,4.0,512,512,128,512,416,380.542,391.035,379.55,-0.0945
mixed,8,6,0.75,4.0,512,512,256,1024,832,402.75,416.638,404.637,0.1359
mixed,8,6,0.75,4.0,512,512,512,2048,1664,448.253,468.637,446.367,-0.0925
mixed,8,6,0.75,4.0,512,512,1024,4096,3328,516.892,553.467,520.829,0.1076
mixed,8,6,0.75,4.0,512,512,2048,8192,6656,660.38,725.148,666.237,0.0904
mixed,8,6,0.75,4.0,512,512,4096,16384,13312,934.396,1061.114,934.201,-0.0015
mixed,8,6,0.75,4.0,512,1024,128,512,416,449.054,460.315,447.39,-0.1478
mixed,8,6,0.75,4.0,512,1024,256,1024,832,473.15,483.84,473.405,0.0239
mixed,8,6,0.75,4.0,512,1024,512,2048,1664,514.396,537.657,515.389,0.0427
mixed,8,6,0.75,4.0,512,1024,1024,4096,3328,585.882,623.197,583.323,-0.0686
mixed,8,6,0.75,4.0,512,1024,2048,8192,6656,729.464,791.643,728.568,-0.0144
mixed,8,6,0.75,4.0,512,1024,4096,16384,13312,1001.307,1127.991,1001.047,-0.0021
mixed,8,6,0.75,4.0,512,2048,128,512,416,594.108,603.42,592.252,-0.1993
mixed,8,6,0.75,4.0,512,2048,256,1024,832,615.674,628.735,616.475,0.0613
mixed,8,6,0.75,4.0,512,2048,512,2048,1664,658.045,679.484,659.194,0.0536
mixed,8,6,0.75,4.0,512,2048,1024,4096,3328,730.105,766.074,728.669,-0.0399
mixed,8,6,0.75,4.0,512,2048,2048,8192,6656,872.763,936.472,872.891,0.002
mixed,8,6,0.75,4.0,512,2048,4096,16384,13312,1154.458,1271.512,1143.801,-0.091
mixed,8,6,0.75,4.0,512,4096,128,512,416,873.212,882.362,870.938,-0.2485
mixed,8,6,0.75,4.0,512,4096,256,1024,832,893.083,906.359,893.403,0.0241
mixed,8,6,0.75,4.0,512,4096,512,2048,1664,937.18,957.466,937.338,0.0078
mixed,8,6,0.75,4.0,512,4096,1024,4096,3328,1010.97,1042.585,1007.544,-0.1084
mixed,8,6,0.75,4.0,512,4096,2048,8192,6656,1152.025,1216.024,1155.161,0.049
mixed,8,6,0.75,4.0,512,4096,4096,16384,13312,1427.543,1549.015,1425.976,-0.0129
mixed,8,6,0.75,4.0,512,8192,128,512,416,1422.325,1432.214,1421.399,-0.0936
mixed,8,6,0.75,4.0,512,8192,256,1024,832,1448.087,1455.254,1449.398,0.1829
mixed,8,6,0.75,4.0,512,8192,512,2048,1664,1488.951,1509.304,1485.939,-0.148
mixed,8,6,0.75,4.0,512,8192,1024,4096,3328,1559.701,1595.416,1560.564,0.0242
mixed,8,6,0.75,4.0,512,8192,2048,8192,6656,1702.806,1763.348,1704.564,0.029
mixed,8,6,0.75,4.0,512,8192,4096,16384,13312,1978.773,2101.043,1969.17,-0.0785
mixed,8,6,0.75,4.0,1024,0,128,512,416,563.453,573.147,559.517,-0.406
mixed,8,6,0.75,4.0,1024,0,256,1024,832,586.621,597.499,585.819,-0.0737
mixed,8,6,0.75,4.0,1024,0,512,2048,1664,626.332,648.666,626.333,0.0
mixed,8,6,0.75,4.0,1024,0,1024,4096,3328,696.987,733.724,700.636,0.0993
mixed,8,6,0.75,4.0,1024,0,2048,8192,6656,842.393,908.346,841.243,-0.0174
mixed,8,6,0.75,4.0,1024,0,4096,16384,13312,1117.527,1237.208,1112.663,-0.0406
mixed,8,6,0.75,4.0,1024,512,128,512,416,740.255,751.899,740.475,0.0189
mixed,8,6,0.75,4.0,1024,512,256,1024,832,762.202,777.115,766.202,0.2682
mixed,8,6,0.75,4.0,1024,512,512,2048,1664,807.866,823.258,805.724,-0.1392
mixed,8,6,0.75,4.0,1024,512,1024,4096,3328,872.698,912.317,874.459,0.0444
mixed,8,6,0.75,4.0,1024,512,2048,8192,6656,1026.329,1085.212,1023.768,-0.0435
mixed,8,6,0.75,4.0,1024,512,4096,16384,13312,1293.174,1418.2,1288.279,-0.0392
mixed,8,6,0.75,4.0,1024,1024,128,512,416,896.796,905.499,897.851,0.1212
mixed,8,6,0.75,4.0,1024,1024,256,1024,832,920.376,931.514,919.61,-0.0688
mixed,8,6,0.75,4.0,1024,1024,512,2048,1664,957.05,979.639,960.602,0.1572
mixed,8,6,0.75,4.0,1024,1024,1024,4096,3328,1028.026,1068.25,1033.304,0.1312
mixed,8,6,0.75,4.0,1024,1024,2048,8192,6656,1177.784,1240.952,1176.118,-0.0264
mixed,8,6,0.75,4.0,1024,1024,4096,16384,13312,1450.198,1572.919,1446.71,-0.0284
mixed,8,6,0.75,4.0,1024,2048,128,512,416,1170.01,1181.305,1172.218,0.1955
mixed,8,6,0.75,4.0,1024,2048,256,1024,832,1197.271,1204.375,1197.655,0.0541
mixed,8,6,0.75,4.0,1024,2048,512,2048,1664,1237.368,1259.095,1232.312,-0.2327
mixed,8,6,0.75,4.0,1024,2048,1024,4096,3328,1308.694,1350.678,1309.814,0.0267
mixed,8,6,0.75,4.0,1024,2048,2048,8192,6656,1455.32,1518.514,1451.863,-0.0547
mixed,8,6,0.75,4.0,1024,2048,4096,16384,13312,1727.799,1846.484,1727.957,0.0013
mixed,8,6,0.75,4.0,1024,4096,128,512,416,1726.994,1737.141,1726.93,-0.0063
mixed,8,6,0.75,4.0,1024,4096,256,1024,832,1752.05,1760.023,1745.396,-0.8346
mixed,8,6,0.75,4.0,1024,4096,512,2048,1664,1792.084,1813.554,1790.675,-0.0656
mixed,8,6,0.75,4.0,1024,4096,1024,4096,3328,1855.894,1894.706,1864.149,0.2127
mixed,8,6,0.75,4.0,1024,4096,2048,8192,6656,2012.691,2067.092,2007.985,-0.0865
mixed,8,6,0.75,4.0,1024,4096,4096,16384,13312,2277.232,2396.691,2279.761,0.0212
mixed,8,6,0.75,4.0,1024,8192,128,512,416,2818.861,2830.188,2818.062,-0.0705
mixed,8,6,0.75,4.0,1024,8192,256,1024,832,2843.117,2856.591,2846.061,0.2185
mixed,8,6,0.75,4.0,1024,8192,512,2048,1664,2886.286,2901.098,2884.107,-0.1471
mixed,8,6,0.75,4.0,1024,8192,1024,4096,3328,2957.324,2988.874,2954.508,-0.0893
mixed,8,6,0.75,4.0,1024,8192,2048,8192,6656,3108.139,3162.635,3102.668,-0.1004
mixed,8,6,0.75,4.0,1024,8192,4096,16384,13312,3381.865,3500.522,3371.333,-0.0888
mixed,8,6,0.75,4.0,2048,0,128,512,416,1017.594,1032.024,1017.977,0.0265
mixed,8,6,0.75,4.0,2048,0,256,1024,832,1040.25,1051.128,1042.299,0.1884
mixed,8,6,0.75,4.0,2048,0,512,2048,1664,1085.145,1106.169,1083.001,-0.102
mixed,8,6,0.75,4.0,2048,0,1024,4096,3328,1160.152,1195.064,1157.529,-0.0751
mixed,8,6,0.75,4.0,2048,0,2048,8192,6656,1302.905,1370.712,1301.465,-0.0212
mixed,8,6,0.75,4.0,2048,0,4096,16384,13312,1578.772,1693.845,1566.71,-0.1048
mixed,8,6,0.75,4.0,2048,512,128,512,416,1350.105,1362.871,1348.441,-0.1303
mixed,8,6,0.75,4.0,2048,512,256,1024,832,1377.587,1386.261,1375.226,-0.2722
mixed,8,6,0.75,4.0,2048,512,512,2048,1664,1420.822,1437.013,1420.373,-0.0277
mixed,8,6,0.75,4.0,2048,512,1024,4096,3328,1486.964,1526.169,1487.639,0.0172
mixed,8,6,0.75,4.0,2048,512,2048,8192,6656,1634.711,1695.637,1634.066,-0.0106
mixed,8,6,0.75,4.0,2048,512,4096,16384,13312,1918.42,2032.47,1901.974,-0.1442
mixed,8,6,0.75,4.0,2048,1024,128,512,416,1694.711,1699.062,1684.851,-2.2661
mixed,8,6,0.75,4.0,2048,1024,256,1024,832,1715.284,1723.348,1713.236,-0.254
mixed,8,6,0.75,4.0,2048,1024,512,2048,1664,1755.54,1777.908,1757.11,0.0702
mixed,8,6,0.75,4.0,2048,1024,1024,4096,3328,1825.68,1863.222,1833.715,0.214
mixed,8,6,0.75,4.0,2048,1024,2048,8192,6656,1966.485,2037.011,1968.726,0.0318
mixed,8,6,0.75,4.0,2048,1024,4096,16384,13312,2242.996,2374.416,2243.924,0.0071
mixed,8,6,0.75,4.0,2048,2048,128,512,416,2244.272,2254.227,2240.081,-0.421
mixed,8,6,0.75,4.0,2048,2048,256,1024,832,2266.32,2279.475,2265.489,-0.0632
mixed,8,6,0.75,4.0,2048,2048,512,2048,1664,2307.186,2327.57,2306.289,-0.044
mixed,8,6,0.75,4.0,2048,2048,1024,4096,3328,2379.537,2418.098,2380.049,0.0133
mixed,8,6,0.75,4.0,2048,2048,2048,8192,6656,2524.915,2587.762,2526.095,0.0188
mixed,8,6,0.75,4.0,2048,2048,4096,16384,13312,2805.742,2918.574,2793.423,-0.1092
mixed,8,6,0.75,4.0,2048,4096,128,512,416,3338.858,3349.837,3335.854,-0.2736
mixed,8,6,0.75,4.0,2048,4096,256,1024,832,3360.462,3377.643,3360.012,-0.0262
mixed,8,6,0.75,4.0,2048,4096,512,2048,1664,3408.11,3423.786,3400.492,-0.486
mixed,8,6,0.75,4.0,2048,4096,1024,4096,3328,3475.402,3508.937,3477.132,0.0516
mixed,8,6,0.75,4.0,2048,4096,2048,8192,6656,3617.257,3678.538,3618.699,0.0235
mixed,8,6,0.75,4.0,2048,4096,4096,16384,13312,3905.219,4018.759,3885.163,-0.1766
mixed,8,6,0.75,4.0,2048,8192,128,512,416,5535.709,5543.97,5533.058,-0.3209
mixed,8,6,0.75,4.0,2048,8192,256,1024,832,5555.389,5566.624,5554.272,-0.0994
mixed,8,6,0.75,4.0,2048,8192,512,2048,1664,5602.686,5618.722,5595.742,-0.433
mixed,8,6,0.75,4.0,2048,8192,1024,4096,3328,5668.187,5708.857,5669.24,0.0259
mixed,8,6,0.75,4.0,2048,8192,2048,8192,6656,5812.283,5873.016,5812.439,0.0026
mixed,8,6,0.75,4.0,2048,8192,4096,16384,13312,6086.3,6211.64,6084.248,-0.0164
pure,8,7,0.875,4.0,0,0,128,512,464,68.672,78.782,76.191,0.7437
pure,8,7,0.875,4.0,0,0,256,1024,928,89.377,94.719,89.694,0.0593
pure,8,7,0.875,4.0,0,0,512,2048,1856,132.831,141.667,134.879,0.2318
pure,8,7,0.875,4.0,0,0,1024,4096,3712,208.636,230.494,217.823,0.4203
pure,8,7,0.875,4.0,0,0,2048,8192,7424,366.107,403.165,375.069,0.2418
pure,8,7,0.875,4.0,0,0,4096,16384,14848,671.132,733.95,690.204,0.3036
mixed,8,7,0.875,4.0,16,0,128,512,464,89.024,98.654,97.441,0.874
mixed,8,7,0.875,4.0,16,0,256,1024,928,111.359,115.934,111.711,0.0769
mixed,8,7,0.875,4.0,16,0,512,2048,1856,154.846,163.296,158.849,0.4737
mixed,8,7,0.875,4.0,16,0,1024,4096,3712,229.214,249.599,237.855,0.4239
mixed,8,7,0.875,4.0,16,0,2048,8192,7424,386.045,424.382,401.246,0.3965
mixed,8,7,0.875,4.0,16,0,4096,16384,14848,693.659,755.324,710.845,0.2787
mixed,8,7,0.875,4.0,16,512,128,512,464,122.079,133.149,131.361,0.8385
mixed,8,7,0.875,4.0,16,512,256,1024,928,146.907,151.262,146.239,-0.1534
mixed,8,7,0.875,4.0,16,512,512,2048,1856,189.727,198.847,193.279,0.3895
mixed,8,7,0.875,4.0,16,512,1024,4096,3712,265.183,285.085,274.685,0.4774
mixed,8,7,0.875,4.0,16,512,2048,8192,7424,422.878,458.462,434.751,0.3337
mixed,8,7,0.875,4.0,16,512,4096,16384,14848,729.436,794.619,737.053,0.1169
mixed,8,7,0.875,4.0,16,1024,128,512,464,123.294,133.822,132.257,0.8513
mixed,8,7,0.875,4.0,16,1024,256,1024,928,148.159,153.219,148.735,0.1138
mixed,8,7,0.875,4.0,16,1024,512,2048,1856,193.217,199.456,196.769,0.5693
mixed,8,7,0.875,4.0,16,1024,1024,4096,3712,271.071,289.31,278.365,0.3999
mixed,8,7,0.875,4.0,16,1024,2048,8192,7424,421.342,458.397,434.623,0.3584
mixed,8,7,0.875,4.0,16,1024,4096,16384,14848,729.179,795.193,744.602,0.2336
mixed,8,7,0.875,4.0,16,2048,128,512,464,126.399,138.495,135.134,0.7221
mixed,8,7,0.875,4.0,16,2048,256,1024,928,152.544,158.783,153.121,0.0925
mixed,8,7,0.875,4.0,16,2048,512,2048,1856,197.66,206.08,198.941,0.1521
mixed,8,7,0.875,4.0,16,2048,1024,4096,3712,271.646,298.015,283.294,0.4417
mixed,8,7,0.875,4.0,16,2048,2048,8192,7424,429.952,463.101,435.866,0.1784
mixed,8,7,0.875,4.0,16,2048,4096,16384,14848,731.548,796.06,762.268,0.4762
mixed,8,7,0.875,4.0,16,4096,128,512,464,135.391,146.943,145.441,0.87
mixed,8,7,0.875,4.0,16,4096,256,1024,928,161.375,167.84,162.079,0.1089
mixed,8,7,0.875,4.0,16,4096,512,2048,1856,207.712,219.518,211.07,0.2844
mixed,8,7,0.875,4.0,16,4096,1024,4096,3712,288.158,306.751,290.078,0.1033
mixed,8,7,0.875,4.0,16,4096,2048,8192,7424,440.219,477.5,452.895,0.34
mixed,8,7,0.875,4.0,16,4096,4096,16384,14848,747.322,810.653,771.163,0.3765
mixed,8,7,0.875,4.0,16,8192,128,512,464,165.661,176.673,172.925,0.6596
mixed,8,7,0.875,4.0,16,8192,256,1024,928,194.107,200.094,194.303,0.0327
mixed,8,7,0.875,4.0,16,8192,512,2048,1856,243.101,250.746,244.479,0.1802
mixed,8,7,0.875,4.0,16,8192,1024,4096,3712,318.111,339.166,327.134,0.4285
mixed,8,7,0.875,4.0,16,8192,2048,8192,7424,472.351,511.805,488.414,0.4071
mixed,8,7,0.875,4.0,16,8192,4096,16384,14848,777.148,844.92,806.586,0.4344
mixed,8,7,0.875,4.0,32,0,128,512,464,120.226,129.983,128.065,0.8034
mixed,8,7,0.875,4.0,32,0,256,1024,928,143.966,150.529,144.285,0.0486
mixed,8,7,0.875,4.0,32,0,512,2048,1856,190.176,198.624,192.67,0.2952
mixed,8,7,0.875,4.0,32,0,1024,4096,3712,267.935,288.477,274.942,0.3411
mixed,8,7,0.875,4.0,32,0,2048,8192,7424,423.581,463.58,437.341,0.344
mixed,8,7,0.875,4.0,32,0,4096,16384,14848,728.86,795.485,741.818,0.1945
mixed,8,7,0.875,4.0,32,512,128,512,464,144.255,154.559,152.545,0.8045
mixed,8,7,0.875,4.0,32,512,256,1024,928,169.888,177.404,170.142,0.0338
mixed,8,7,0.875,4.0,32,512,512,2048,1856,217.439,224.765,219.2,0.2404
mixed,8,7,0.875,4.0,32,512,1024,4096,3712,292.158,312.51,299.745,0.3728
mixed,8,7,0.875,4.0,32,512,2048,8192,7424,446.459,485.66,459.645,0.3364
mixed,8,7,0.875,4.0,32,512,4096,16384,14848,762.396,812.699,770.238,0.1559
mixed,8,7,0.875,4.0,32,1024,128,512,464,145.567,155.744,152.992,0.7296
mixed,8,7,0.875,4.0,32,1024,256,1024,928,172.512,179.259,173.31,0.1183
mixed,8,7,0.875,4.0,32,1024,512,2048,1856,219.455,229.148,222.943,0.3598
mixed,8,7,0.875,4.0,32,1024,1024,4096,3712,295.933,316.224,306.013,0.4968
mixed,8,7,0.875,4.0,32,1024,2048,8192,7424,449.244,484.54,462.527,0.3763
mixed,8,7,0.875,4.0,32,1024,4096,16384,14848,762.974,823.514,772.893,0.1638
mixed,8,7,0.875,4.0,32,2048,128,512,464,151.934,162.944,159.2,0.6599
mixed,8,7,0.875,4.0,32,2048,256,1024,928,178.59,185.952,178.303,-0.039
mixed,8,7,0.875,4.0,32,2048,512,2048,1856,228.992,237.498,231.168,0.2558
mixed,8,7,0.875,4.0,32,2048,1024,4096,3712,305.724,326.524,313.117,0.3554
mixed,8,7,0.875,4.0,32,2048,2048,8192,7424,457.086,495.806,469.726,0.3264
mixed,8,7,0.875,4.0,32,2048,4096,16384,14848,762.619,831.931,781.95,0.2789
mixed,8,7,0.875,4.0,32,4096,128,512,464,164.735,175.55,173.216,0.7842
mixed,8,7,0.875,4.0,32,4096,256,1024,928,193.886,198.684,193.308,-0.1205
mixed,8,7,0.875,4.0,32,4096,512,2048,1856,244.958,253.627,245.824,0.0999
mixed,8,7,0.875,4.0,32,4096,1024,4096,3712,321.341,339.261,330.877,0.5321
mixed,8,7,0.875,4.0,32,4096,2048,8192,7424,476.669,512.124,488.286,0.3277
mixed,8,7,0.875,4.0,32,4096,4096,16384,14848,783.036,844.091,799.772,0.2741
mixed,8,7,0.875,4.0,32,8192,128,512,464,260.672,267.068,265.888,0.8155
mixed,8,7,0.875,4.0,32,8192,256,1024,928,284.64,294.462,285.31,0.0682
mixed,8,7,0.875,4.0,32,8192,512,2048,1856,336.062,345.216,338.942,0.3146
mixed,8,7,0.875,4.0,32,8192,1024,4096,3712,411.708,431.836,420.67,0.4453
mixed,8,7,0.875,4.0,32,8192,2048,8192,7424,564.605,598.745,580.862,0.4762
mixed,8,7,0.875,4.0,32,8192,4096,16384,14848,874.136,933.72,895.512,0.3588
mixed,8,7,0.875,4.0,64,0,128,512,464,120.226,130.333,127.837,0.753
mixed,8,7,0.875,4.0,64,0,256,1024,928,146.207,153.278,147.616,0.1993
mixed,8,7,0.875,4.0,64,0,512,2048,1856,193.343,205.343,196.447,0.2587
mixed,8,7,0.875,4.0,64,0,1024,4096,3712,271.807,289.663,278.429,0.3709
mixed,8,7,0.875,4.0,64,0,2048,8192,7424,428.189,464.731,439.55,0.3109
mixed,8,7,0.875,4.0,64,0,4096,16384,14848,736.156,798.971,750.331,0.2257
mixed,8,7,0.875,4.0,64,512,128,512,464,151.422,161.505,158.496,0.7016
mixed,8,7,0.875,4.0,64,512,256,1024,928,179.327,185.727,180.03,0.1098
mixed,8,7,0.875,4.0,64,512,512,2048,1856,229.982,238.335,232.189,0.2642
mixed,8,7,0.875,4.0,64,512,1024,4096,3712,303.038,325.758,313.117,0.4436
mixed,8,7,0.875,4.0,64,512,2048,8192,7424,461.694,497.755,472.032,0.2867
mixed,8,7,0.875,4.0,64,512,4096,16384,14848,766.46,830.235,787.322,0.3271
mixed,8,7,0.875,4.0,64,1024,128,512,464,158.208,168.289,164.51,0.6251
mixed,8,7,0.875,4.0,64,1024,256,1024,928,186.112,191.451,185.631,-0.0901
mixed,8,7,0.875,4.0,64,1024,512,2048,1856,236.192,245.406,236.445,0.0275
mixed,8,7,0.875,4.0,64,1024,1024,4096,3712,313.309,330.397,321.629,0.4869
mixed,8,7,0.875,4.0,64,1024,2048,8192,7424,463.453,503.067,478.942,0.391
mixed,8,7,0.875,4.0,64,1024,4096,16384,14848,773.978,834.14,791.803,0.2963
mixed,8,7,0.875,4.0,64,2048,128,512,464,167.968,178.495,175.583,0.7234
mixed,8,7,0.875,4.0,64,2048,256,1024,928,195.87,202.654,194.684,-0.1748
mixed,8,7,0.875,4.0,64,2048,512,2048,1856,246.143,255.23,248.254,0.2323
mixed,8,7,0.875,4.0,64,2048,1024,4096,3712,323.361,343.423,331.678,0.4146
mixed,8,7,0.875,4.0,64,2048,2048,8192,7424,474.749,516.415,492.222,0.4194
mixed,8,7,0.875,4.0,64,2048,4096,16384,14848,784.317,842.781,805.083,0.3552
mixed,8,7,0.875,4.0,64,4096,128,512,464,246.466,254.014,250.621,0.5505
mixed,8,7,0.875,4.0,64,4096,256,1024,928,272.094,277.181,273.437,0.264
mixed,8,7,0.875,4.0,64,4096,512,2048,1856,321.15,330.429,323.899,0.2963
mixed,8,7,0.875,4.0,64,4096,1024,4096,3712,397.504,418.43,408.128,0.5077
mixed,8,7,0.875,4.0,64,4096,2048,8192,7424,552.671,590.588,564.955,0.324
mixed,8,7,0.875,4.0,64,4096,4096,16384,14848,860.761,917.753,889.113,0.4975
mixed,8,7,0.875,4.0,64,8192,128,512,464,325.44,335.742,330.622,0.503
mixed,8,7,0.875,4.0,64,8192,256,1024,928,354.333,359.549,353.343,-0.1898
mixed,8,7,0.875,4.0,64,8192,512,2048,1856,404.446,411.197,404.155,-0.0431
mixed,8,7,0.875,4.0,64,8192,1024,4096,3712,478.94,496.541,485.532,0.3745
mixed,8,7,0.875,4.0,64,8192,2048,8192,7424,628.733,667.291,649.887,0.5486
mixed,8,7,0.875,4.0,64,8192,4096,16384,14848,944.089,1008.283,962.107,0.2807
mixed,8,7,0.875,4.0,128,0,128,512,464,129.343,139.166,136.576,0.7363
mixed,8,7,0.875,4.0,128,0,256,1024,928,153.086,160.225,154.815,0.2422
mixed,8,7,0.875,4.0,128,0,512,2048,1856,199.231,209.536,200.799,0.1522
mixed,8,7,0.875,4.0,128,0,1024,4096,3712,274.111,293.98,283.421,0.4686
mixed,8,7,0.875,4.0,128,0,2048,8192,7424,435.229,467.166,446.462,0.3517
mixed,8,7,0.875,4.0,128,0,4096,16384,14848,737.851,799.867,761.692,0.3844
mixed,8,7,0.875,4.0,128,512,128,512,464,168.481,176.959,173.569,0.6001
mixed,8,7,0.875,4.0,128,512,256,1024,928,193.342,202.112,194.432,0.1243
mixed,8,7,0.875,4.0,128,512,512,2048,1856,246.014,252.7,248.063,0.3065
mixed,8,7,0.875,4.0,128,512,1024,4096,3712,320.033,338.495,332.189,0.6584
mixed,8,7,0.875,4.0,128,512,2048,8192,7424,476.541,511.418,492.446,0.456
mixed,8,7,0.875,4.0,128,512,4096,16384,14848,782.3,856.125,801.659,0.2622
mixed,8,7,0.875,4.0,128,1024,128,512,464,175.455,185.983,182.592,0.6779
mixed,8,7,0.875,4.0,128,1024,256,1024,928,202.784,209.409,202.08,-0.1063
mixed,8,7,0.875,4.0,128,1024,512,2048,1856,255.736,261.565,257.759,0.3471
mixed,8,7,0.875,4.0,128,1024,1024,4096,3712,328.348,347.419,337.407,0.475
mixed,8,7,0.875,4.0,128,1024,2048,8192,7424,490.109,526.077,499.484,0.2606
mixed,8,7,0.875,4.0,128,1024,4096,16384,14848,791.42,851.738,810.684,0.3194
mixed,8,7,0.875,4.0,128,2048,128,512,464,250.396,259.391,257.213,0.7579
mixed,8,7,0.875,4.0,128,2048,256,1024,928,276.763,284.095,278.463,0.2319
mixed,8,7,0.875,4.0,128,2048,512,2048,1856,327.324,335.644,328.001,0.0814
mixed,8,7,0.875,4.0,128,2048,1024,4096,3712,400.288,425.279,415.707,0.617
mixed,8,7,0.875,4.0,128,2048,2048,8192,7424,557.949,595.9,573.597,0.4123
mixed,8,7,0.875,4.0,128,2048,4096,16384,14848,864.83,926.523,880.856,0.2598
mixed,8,7,0.875,4.0,128,4096,128,512,464,330.079,337.692,335.484,0.71
mixed,8,7,0.875,4.0,128,4096,256,1024,928,361.436,365.055,357.278,-1.1489
mixed,8,7,0.875,4.0,128,4096,512,2048,1856,405.116,413.051,409.437,0.5445
mixed,8,7,0.875,4.0,128,4096,1024,4096,3712,479.261,500.734,489.53,0.4782
mixed,8,7,0.875,4.0,128,4096,2048,8192,7424,634.075,671.837,652.318,0.4831
mixed,8,7,0.875,4.0,128,4096,4096,16384,14848,940.698,1013.849,960.12,0.2655
mixed,8,7,0.875,4.0,128,8192,128,512,464,478.557,485.118,483.421,0.7414
mixed,8,7,0.875,4.0,128,8192,256,1024,928,504.029,510.173,503.933,-0.0156
mixed,8,7,0.875,4.0,128,8192,512,2048,1856,552.031,560.157,554.174,0.2637
mixed,8,7,0.875,4.0,128,8192,1024,4096,3712,632.092,648.282,635.644,0.2194
mixed,8,7,0.875,4.0,128,8192,2048,8192,7424,785.852,822.588,799.932,0.3833
mixed,8,7,0.875,4.0,128,8192,4096,16384,14848,1091.322,1151.994,1108.152,0.2774
mixed,8,7,0.875,4.0,256,0,128,512,464,189.376,200.255,197.086,0.7087
mixed,8,7,0.875,4.0,256,0,256,1024,928,216.767,222.879,217.6,0.1363
mixed,8,7,0.875,4.0,256,0,512,2048,1856,271.326,276.445,270.495,-0.1623
mixed,8,7,0.875,4.0,256,0,1024,4096,3712,344.193,366.016,353.086,0.4075
mixed,8,7,0.875,4.0,256,0,2048,8192,7424,501.564,537.693,515.454,0.3845
mixed,8,7,0.875,4.0,256,0,4096,16384,14848,808.987,867.675,830.716,0.3702
mixed,8,7,0.875,4.0,256,512,128,512,464,256.862,265.884,265.949,1.0072
mixed,8,7,0.875,4.0,256,512,256,1024,928,284.795,292.032,283.455,-0.1852
mixed,8,7,0.875,4.0,256,512,512,2048,1856,333.116,343.005,336.447,0.3368
mixed,8,7,0.875,4.0,256,512,1024,4096,3712,410.172,430.972,417.918,0.3724
mixed,8,7,0.875,4.0,256,512,2048,8192,7424,564.38,607.804,579.129,0.3397
mixed,8,7,0.875,4.0,256,512,4096,16384,14848,879.131,930.041,890.684,0.2269
mixed,8,7,0.875,4.0,256,1024,128,512,464,313.724,322.849,319.549,0.6384
mixed,8,7,0.875,4.0,256,1024,256,1024,928,340.641,348.476,340.958,0.0405
mixed,8,7,0.875,4.0,256,1024,512,2048,1856,388.574,396.542,390.079,0.1889
mixed,8,7,0.875,4.0,256,1024,1024,4096,3712,462.621,485.278,475.646,0.5749
mixed,8,7,0.875,4.0,256,1024,2048,8192,7424,618.462,662.908,631.743,0.2988
mixed,8,7,0.875,4.0,256,1024,4096,16384,14848,933.945,987.994,943.131,0.17
mixed,8,7,0.875,4.0,256,2048,128,512,464,348.224,358.527,355.551,0.7112
mixed,8,7,0.875,4.0,256,2048,256,1024,928,377.181,382.014,374.814,-0.4898
mixed,8,7,0.875,4.0,256,2048,512,2048,1856,426.269,432.607,429.311,0.48
mixed,8,7,0.875,4.0,256,2048,1024,4096,3712,503.58,522.75,509.724,0.3205
mixed,8,7,0.875,4.0,256,2048,2048,8192,7424,656.668,697.917,672.575,0.3856
mixed,8,7,0.875,4.0,256,2048,4096,16384,14848,965.243,1023.351,987.994,0.3915
mixed,8,7,0.875,4.0,256,4096,128,512,464,493.338,504.097,500.765,0.6903
mixed,8,7,0.875,4.0,256,4096,256,1024,928,519.999,525.02,521.66,0.3308
mixed,8,7,0.875,4.0,256,4096,512,2048,1856,569.211,578.266,571.804,0.2864
mixed,8,7,0.875,4.0,256,4096,1024,4096,3712,646.587,661.883,652.956,0.4164
mixed,8,7,0.875,4.0,256,4096,2048,8192,7424,797.596,835.322,820.125,0.5972
mixed,8,7,0.875,4.0,256,4096,4096,16384,14848,1103.449,1175.226,1126.554,0.3219
mixed,8,7,0.875,4.0,256,8192,128,512,464,738.043,750.012,745.149,0.5937
mixed,8,7,0.875,4.0,256,8192,256,1024,928,766.202,773.758,768.538,0.3092
mixed,8,7,0.875,4.0,256,8192,512,2048,1856,814.81,823.543,816.89,0.2382
mixed,8,7,0.875,4.0,256,8192,1024,4096,3712,895.036,911.644,901.435,0.3853
mixed,8,7,0.875,4.0,256,8192,2048,8192,7424,1042.392,1082.523,1060.057,0.4402
mixed,8,7,0.875,4.0,256,8192,4096,16384,14848,1350.777,1419.127,1365.462,0.2149
mixed,8,7,0.875,4.0,512,0,128,512,464,308.477,319.583,316.67,0.7377
mixed,8,7,0.875,4.0,512,0,256,1024,928,334.396,341.919,336.509,0.2809
mixed,8,7,0.875,4.0,512,0,512,2048,1856,385.917,392.381,387.07,0.1784
mixed,8,7,0.875,4.0,512,0,1024,4096,3712,461.914,480.671,470.362,0.4504
mixed,8,7,0.875,4.0,512,0,2048,8192,7424,616.505,652.346,625.568,0.2529
mixed,8,7,0.875,4.0,512,0,4096,16384,14848,930.558,983.256,940.252,0.184
mixed,8,7,0.875,4.0,512,512,128,512,464,382.908,390.396,387.71,0.6413
mixed,8,7,0.875,4.0,512,512,256,1024,928,407.903,416.126,411.293,0.4123
mixed,8,7,0.875,4.0,512,512,512,2048,1856,456.992,466.752,460.7,0.3799
mixed,8,7,0.875,4.0,512,512,1024,4096,3712,533.342,552.222,542.588,0.4897
mixed,8,7,0.875,4.0,512,512,2048,8192,7424,687.421,725.563,709.787,0.5864
mixed,8,7,0.875,4.0,512,512,4096,16384,14848,994.265,1053.339,1013.625,0.3277
mixed,8,7,0.875,4.0,512,1024,128,512,464,450.939,459.038,457.981,0.8695
mixed,8,7,0.875,4.0,512,1024,256,1024,928,476.733,486.044,476.573,-0.0172
mixed,8,7,0.875,4.0,512,1024,512,2048,1856,526.654,534.652,529.31,0.3321
mixed,8,7,0.875,4.0,512,1024,1024,4096,3712,600.283,622.268,610.749,0.4761
mixed,8,7,0.875,4.0,512,1024,2048,8192,7424,755.995,794.875,773.436,0.4486
mixed,8,7,0.875,4.0,512,1024,4096,16384,14848,1058.105,1130.81,1084.921,0.3688
mixed,8,7,0.875,4.0,512,2048,128,512,464,593.178,604.796,601.5,0.7163
mixed,8,7,0.875,4.0,512,2048,256,1024,928,621.369,627.483,620.282,-0.1778
mixed,8,7,0.875,4.0,512,2048,512,2048,1856,670.748,677.692,672.189,0.2075
mixed,8,7,0.875,4.0,512,2048,1024,4096,3712,748.989,770.203,760.028,0.5204
mixed,8,7,0.875,4.0,512,2048,2048,8192,7424,897.175,940.313,918.714,0.4993
mixed,8,7,0.875,4.0,512,2048,4096,16384,14848,1205.878,1270.361,1229.111,0.3603
mixed,8,7,0.875,4.0,512,4096,128,512,464,874.202,881.819,878.49,0.563
mixed,8,7,0.875,4.0,512,4096,256,1024,928,898.331,904.731,902.522,0.6548
mixed,8,7,0.875,4.0,512,4096,512,2048,1856,949.497,958.139,950.041,0.0629
mixed,8,7,0.875,4.0,512,4096,1024,4096,3712,1022.521,1045.564,1034.809,0.5333
mixed,8,7,0.875,4.0,512,4096,2048,8192,7424,1176.702,1218.619,1191.354,0.3495
mixed,8,7,0.875,4.0,512,4096,4096,16384,14848,1482.424,1548.279,1509.238,0.4072
mixed,8,7,0.875,4.0,512,8192,128,512,464,1429.59,1436.503,1429.4,-0.0275
mixed,8,7,0.875,4.0,512,8192,256,1024,928,1449.015,1457.017,1451.382,0.2958
mixed,8,7,0.875,4.0,512,8192,512,2048,1856,1501.302,1509.048,1502.773,0.1899
mixed,8,7,0.875,4.0,512,8192,1024,4096,3712,1580.855,1594.261,1585.719,0.3628
mixed,8,7,0.875,4.0,512,8192,2048,8192,7424,1727.316,1766.869,1746.29,0.4797
mixed,8,7,0.875,4.0,512,8192,4096,16384,14848,2033.651,2100.949,2056.595,0.3409
mixed,8,7,0.875,4.0,1024,0,128,512,464,563.419,571.898,569.083,0.668
mixed,8,7,0.875,4.0,1024,0,256,1024,928,590.875,594.653,591.484,0.1612
mixed,8,7,0.875,4.0,1024,0,512,2048,1856,639.609,647.578,643.416,0.4777
mixed,8,7,0.875,4.0,1024,0,1024,4096,3712,714.748,732.507,724.121,0.5278
mixed,8,7,0.875,4.0,1024,0,2048,8192,7424,871.866,906.233,889.114,0.5019
mixed,8,7,0.875,4.0,1024,0,4096,16384,14848,1184.729,1237.878,1194.041,0.1752
mixed,8,7,0.875,4.0,1024,512,128,512,464,740.894,752.315,750.619,0.8515
mixed,8,7,0.875,4.0,1024,512,256,1024,928,769.501,774.555,768.283,-0.241
mixed,8,7,0.875,4.0,1024,512,512,2048,1856,815.706,826.171,819.932,0.4038
mixed,8,7,0.875,4.0,1024,512,1024,4096,3712,892.158,915.196,903.354,0.486
mixed,8,7,0.875,4.0,1024,512,2048,8192,7424,1049.241,1083.674,1065.72,0.4786
mixed,8,7,0.875,4.0,1024,512,4096,16384,14848,1356.919,1421.944,1366.68,0.1501
mixed,8,7,0.875,4.0,1024,1024,128,512,464,896.539,911.61,901.178,0.3078
mixed,8,7,0.875,4.0,1024,1024,256,1024,928,923.898,930.106,925.371,0.2373
mixed,8,7,0.875,4.0,1024,1024,512,2048,1856,973.02,980.667,974.554,0.2006
mixed,8,7,0.875,4.0,1024,1024,1024,4096,3712,1048.667,1070.2,1054.107,0.2526
mixed,8,7,0.875,4.0,1024,1024,2048,8192,7424,1198.903,1236.344,1215.991,0.4564
mixed,8,7,0.875,4.0,1024,1024,4096,16384,14848,1512.249,1570.515,1527.029,0.2537
mixed,8,7,0.875,4.0,1024,2048,128,512,464,1171.865,1181.947,1179.32,0.7394
mixed,8,7,0.875,4.0,1024,2048,256,1024,928,1200.6,1206.97,1200.09,-0.0801
mixed,8,7,0.875,4.0,1024,2048,512,2048,1856,1249.785,1255.29,1249.145,-0.1163
mixed,8,7,0.875,4.0,1024,2048,1024,4096,3712,1324.727,1343.929,1334.518,0.5099
mixed,8,7,0.875,4.0,1024,2048,2048,8192,7424,1475.799,1516.245,1492.918,0.4233
mixed,8,7,0.875,4.0,1024,2048,4096,16384,14848,1789.109,1850.101,1802.008,0.2115
mixed,8,7,0.875,4.0,1024,4096,128,512,464,1726.101,1735.864,1732.824,0.6886
mixed,8,7,0.875,4.0,1024,4096,256,1024,928,1754.998,1759.798,1755.092,0.0196
mixed,8,7,0.875,4.0,1024,4096,512,2048,1856,1798.966,1809.43,1804.598,0.5382
mixed,8,7,0.875,4.0,1024,4096,1024,4096,3712,1879.224,1897.436,1884.153,0.2706
mixed,8,7,0.875,4.0,1024,4096,2048,8192,7424,2037.305,2071.097,2050.265,0.3835
mixed,8,7,0.875,4.0,1024,4096,4096,16384,14848,2336.764,2398.174,2367.297,0.4972
mixed,8,7,0.875,4.0,1024,8192,128,512,464,2821.922,2829.475,2829.957,1.0638
mixed,8,7,0.875,4.0,1024,8192,256,1024,928,2846.054,2852.128,2845.572,-0.0794
mixed,8,7,0.875,4.0,1024,8192,512,2048,1856,2892.929,2902.531,2896.098,0.33
mixed,8,7,0.875,4.0,1024,8192,1024,4096,3712,2976.964,2990.597,2980.77,0.2792
mixed,8,7,0.875,4.0,1024,8192,2048,8192,7424,3126.244,3171.271,3141.924,0.3482
mixed,8,7,0.875,4.0,1024,8192,4096,16384,14848,3431.624,3504.17,3455.082,0.3234
mixed,8,7,0.875,4.0,2048,0,128,512,464,1019.179,1030.349,1027.437,0.7393
mixed,8,7,0.875,4.0,2048,0,256,1024,928,1046.254,1052.3,1046.315,0.0101
mixed,8,7,0.875,4.0,2048,0,512,2048,1856,1096.816,1106.157,1097.676,0.0921
mixed,8,7,0.875,4.0,2048,0,1024,4096,3712,1172.751,1190.286,1183.214,0.5967
mixed,8,7,0.875,4.0,2048,0,2048,8192,7424,1325.903,1370.738,1345.521,0.4376
mixed,8,7,0.875,4.0,2048,0,4096,16384,14848,1633.91,1691.219,1658.291,0.4254
mixed,8,7,0.875,4.0,2048,512,128,512,464,1355.695,1361.588,1364.817,1.5479
mixed,8,7,0.875,4.0,2048,512,256,1024,928,1380.497,1388.015,1377.712,-0.3704
mixed,8,7,0.875,4.0,2048,512,512,2048,1856,1432.786,1441.425,1434.608,0.2109
mixed,8,7,0.875,4.0,2048,512,1024,4096,3712,1504.531,1526.419,1518.45,0.6359
mixed,8,7,0.875,4.0,2048,512,2048,8192,7424,1656.69,1702.164,1674.005,0.3808
mixed,8,7,0.875,4.0,2048,512,4096,16384,14848,1969.719,2023.319,1990.039,0.3791
mixed,8,7,0.875,4.0,2048,1024,128,512,464,1693.714,1704.501,1699.701,0.555
mixed,8,7,0.875,4.0,2048,1024,256,1024,928,1721.493,1729.813,1721.972,0.0576
mixed,8,7,0.875,4.0,2048,1024,512,2048,1856,1770.197,1778.358,1771.317,0.1372
mixed,8,7,0.875,4.0,2048,1024,1024,4096,3712,1846.356,1865.845,1855.958,0.4927
mixed,8,7,0.875,4.0,2048,1024,2048,8192,7424,2006.52,2039.577,2014.87,0.2526
mixed,8,7,0.875,4.0,2048,1024,4096,16384,14848,2304.826,2370.395,2332.408,0.4207
mixed,8,7,0.875,4.0,2048,2048,128,512,464,2240.091,2254.041,2255.135,1.0784
mixed,8,7,0.875,4.0,2048,2048,256,1024,928,2273.116,2277.243,2269.374,-0.9067
mixed,8,7,0.875,4.0,2048,2048,512,2048,1856,2321.017,2325.629,2322.364,0.2921
mixed,8,7,0.875,4.0,2048,2048,1024,4096,3712,2396.506,2415.901,2405.087,0.4424
mixed,8,7,0.875,4.0,2048,2048,2048,8192,7424,2551.421,2588.413,2567.391,0.4317
mixed,8,7,0.875,4.0,2048,2048,4096,16384,14848,2859.97,2933.828,2882.659,0.3072
mixed,8,7,0.875,4.0,2048,4096,128,512,464,3342.665,3349.607,3346.182,0.5066
mixed,8,7,0.875,4.0,2048,4096,256,1024,928,3364.389,3369.608,3365.896,0.2888
mixed,8,7,0.875,4.0,2048,4096,512,2048,1856,3416.839,3418.825,3416.137,-0.3535
mixed,8,7,0.875,4.0,2048,4096,1024,4096,3712,3491.461,3516.139,3497.899,0.2609
mixed,8,7,0.875,4.0,2048,4096,2048,8192,7424,3640.329,3682.376,3659.662,0.4598
mixed,8,7,0.875,4.0,2048,4096,4096,16384,14848,3950.51,4011.244,3976.911,0.4347
mixed,8,7,0.875,4.0,2048,8192,128,512,464,5533.789,5545.696,5544.669,0.9137
mixed,8,7,0.875,4.0,2048,8192,256,1024,928,5564.575,5569.182,5558.787,-1.2563
mixed,8,7,0.875,4.0,2048,8192,512,2048,1856,5609.051,5616.544,5614.339,0.7057
mixed,8,7,0.875,4.0,2048,8192,1024,4096,3712,5691.33,5704.543,5697.087,0.4357
mixed,8,7,0.875,4.0,2048,8192,2048,8192,7424,5844.222,5876.386,5856.162,0.3712
mixed,8,7,0.875,4.0,2048,8192,4096,16384,14848,6148.096,6206.502,6169.479,0.3661
pure,16,1,0.0625,4.0,0,0,128,512,152,67.777,101.441,66.335,-0.0428
pure,16,1,0.0625,4.0,0,0,256,1024,304,83.458,147.842,82.114,-0.0209
pure,16,1,0.0625,4.0,0,0,512,2048,608,104.801,237.283,109.602,0.0362
pure,16,1,0.0625,4.0,0,0,1024,4096,1216,161.922,415.846,166.787,0.0192
pure,16,1,0.0625,4.0,0,0,2048,8192,2432,274.307,768.01,283.618,0.0189
pure,16,1,0.0625,4.0,0,0,4096,16384,4864,481.701,1459.28,512.038,0.031
mixed,16,1,0.0625,4.0,16,0,128,512,152,87.938,121.632,86.627,-0.0389
mixed,16,1,0.0625,4.0,16,0,256,1024,304,103.616,170.242,102.34,-0.0192
mixed,16,1,0.0625,4.0,16,0,512,2048,608,127.041,258.532,132.546,0.0419
mixed,16,1,0.0625,4.0,16,0,1024,4096,1216,184.195,432.39,188.673,0.018
mixed,16,1,0.0625,4.0,16,0,2048,8192,2432,293.542,778.761,308.547,0.0309
mixed,16,1,0.0625,4.0,16,0,4096,16384,4864,504.167,1479.023,524.294,0.0206
mixed,16,1,0.0625,4.0,16,512,128,512,152,121.055,155.424,120.48,-0.0167
mixed,16,1,0.0625,4.0,16,512,256,1024,304,136.196,203.746,135.521,-0.01
mixed,16,1,0.0625,4.0,16,512,512,2048,608,162.401,293.189,166.72,0.033
mixed,16,1,0.0625,4.0,16,512,1024,4096,1216,217.792,472.837,220.128,0.0092
mixed,16,1,0.0625,4.0,16,512,2048,8192,2432,325.893,817.612,341.249,0.0312
mixed,16,1,0.0625,4.0,16,512,4096,16384,4864,537.7,1511.217,550.121,0.0128
mixed,16,1,0.0625,4.0,16,1024,128,512,152,123.393,158.208,122.626,-0.022
mixed,16,1,0.0625,4.0,16,1024,256,1024,304,139.586,206.913,138.018,-0.0233
mixed,16,1,0.0625,4.0,16,1024,512,2048,608,164.543,297.856,169.443,0.0368
mixed,16,1,0.0625,4.0,16,1024,1024,4096,1216,216.995,476.743,224.675,0.0296
mixed,16,1,0.0625,4.0,16,1024,2048,8192,2432,332.836,826.025,341.028,0.0166
mixed,16,1,0.0625,4.0,16,1024,4096,16384,4864,541.22,1517.294,560.389,0.0196
mixed,16,1,0.0625,4.0,16,2048,128,512,152,125.792,162.526,124.546,-0.0339
mixed,16,1,0.0625,4.0,16,2048,256,1024,304,141.218,211.684,139.649,-0.0223
mixed,16,1,0.0625,4.0,16,2048,512,2048,608,169.25,300.13,171.843,0.0198
mixed,16,1,0.0625,4.0,16,2048,1024,4096,1216,223.682,477.478,228.481,0.0189
mixed,16,1,0.0625,4.0,16,2048,2048,8192,2432,333.443,823.464,342.595,0.0187
mixed,16,1,0.0625,4.0,16,2048,4096,16384,4864,542.98,1513.966,564.453,0.0221
mixed,16,1,0.0625,4.0,16,4096,128,512,152,135.393,172.674,134.081,-0.0352
mixed,16,1,0.0625,4.0,16,4096,256,1024,304,150.56,224.995,150.562,0.0
mixed,16,1,0.0625,4.0,16,4096,512,2048,608,181.859,311.94,185.154,0.0253
mixed,16,1,0.0625,4.0,16,4096,1024,4096,1216,233.76,493.861,239.297,0.0213
mixed,16,1,0.0625,4.0,16,4096,2048,8192,2432,346.595,835.815,360.26,0.0279
mixed,16,1,0.0625,4.0,16,4096,4096,16384,4864,552.678,1524.817,575.014,0.023
mixed,16,1,0.0625,4.0,16,8192,128,512,152,166.562,205.154,164.544,-0.0523
mixed,16,1,0.0625,4.0,16,8192,256,1024,304,182.499,257.924,182.56,0.0008
mixed,16,1,0.0625,4.0,16,8192,512,2048,608,214.243,351.685,219.013,0.0347
mixed,16,1,0.0625,4.0,16,8192,1024,4096,1216,271.491,525.093,275.362,0.0153
mixed,16,1,0.0625,4.0,16,8192,2048,8192,2432,384.678,878.603,395.81,0.0225
mixed,16,1,0.0625,4.0,16,8192,4096,16384,4864,591.942,1569.071,610.694,0.0192
mixed,16,1,0.0625,4.0,32,0,128,512,152,118.945,156.45,117.154,-0.0478
mixed,16,1,0.0625,4.0,32,0,256,1024,304,134.337,202.914,132.706,-0.0238
mixed,16,1,0.0625,4.0,32,0,512,2048,608,160.609,296.227,165.506,0.0361
mixed,16,1,0.0625,4.0,32,0,1024,4096,1216,215.556,469.54,221.155,0.022
mixed,16,1,0.0625,4.0,32,0,2048,8192,2432,330.819,818.057,344.228,0.0275
mixed,16,1,0.0625,4.0,32,0,4096,16384,4864,544.901,1525.389,560.678,0.0161
mixed,16,1,0.0625,4.0,32,512,128,512,152,142.977,181.025,141.793,-0.0311
mixed,16,1,0.0625,4.0,32,512,256,1024,304,160.32,231.553,159.424,-0.0126
mixed,16,1,0.0625,4.0,32,512,512,2048,608,189.537,322.884,192.739,0.024
mixed,16,1,0.0625,4.0,32,512,1024,4096,1216,244.834,500.487,246.211,0.0054
mixed,16,1,0.0625,4.0,32,512,2048,8192,2432,357.093,843.526,367.492,0.0214
mixed,16,1,0.0625,4.0,32,512,4096,16384,4864,561.766,1548.913,587.269,0.0258
mixed,16,1,0.0625,4.0,32,1024,128,512,152,144.417,182.529,143.073,-0.0353
mixed,16,1,0.0625,4.0,32,1024,256,1024,304,161.508,233.922,160.705,-0.0111
mixed,16,1,0.0625,4.0,32,1024,512,2048,608,190.66,324.418,194.081,0.0256
mixed,16,1,0.0625,4.0,32,1024,1024,4096,1216,245.221,504.134,250.98,0.0222
mixed,16,1,0.0625,4.0,32,1024,2048,8192,2432,356.865,845.289,366.466,0.0197
mixed,16,1,0.0625,4.0,32,1024,4096,16384,4864,574.372,1533.135,587.012,0.0132
mixed,16,1,0.0625,4.0,32,2048,128,512,152,150.943,192.225,149.632,-0.0318
mixed,16,1,0.0625,4.0,32,2048,256,1024,304,167.877,242.594,167.298,-0.0077
mixed,16,1,0.0625,4.0,32,2048,512,2048,608,198.4,329.668,202.432,0.0307
mixed,16,1,0.0625,4.0,32,2048,1024,4096,1216,254.017,509.639,258.821,0.0188
mixed,16,1,0.0625,4.0,32,2048,2048,8192,2432,366.02,858.57,374.785,0.0178
mixed,16,1,0.0625,4.0,32,2048,4096,16384,4864,577.701,1548.144,599.301,0.0223
mixed,16,1,0.0625,4.0,32,4096,128,512,152,162.656,203.97,161.986,-0.0162
mixed,16,1,0.0625,4.0,32,4096,256,1024,304,180.802,259.104,179.649,-0.0147
mixed,16,1,0.0625,4.0,32,4096,512,2048,608,212.386,344.194,217.154,0.0362
mixed,16,1,0.0625,4.0,32,4096,1024,4096,1216,270.53,530.151,272.129,0.0062
mixed,16,1,0.0625,4.0,32,4096,2048,8192,2432,382.468,884.422,390.276,0.0156
mixed,16,1,0.0625,4.0,32,4096,4096,16384,4864,595.653,1575.088,616.006,0.0208
mixed,16,1,0.0625,4.0,32,8192,128,512,152,260.929,299.909,258.5,-0.0623
mixed,16,1,0.0625,4.0,32,8192,256,1024,304,278.595,351.747,276.161,-0.0333
mixed,16,1,0.0625,4.0,32,8192,512,2048,608,307.326,441.763,312.256,0.0367
mixed,16,1,0.0625,4.0,32,8192,1024,4096,1216,363.14,622.344,368.096,0.0191
mixed,16,1,0.0625,4.0,32,8192,2048,8192,2432,474.215,958.57,480.773,0.0135
mixed,16,1,0.0625,4.0,32,8192,4096,16384,4864,683.88,1648.49,706.982,0.0239
mixed,16,1,0.0625,4.0,64,0,128,512,152,118.623,157.664,118.4,-0.0057
mixed,16,1,0.0625,4.0,64,0,256,1024,304,136.993,208.546,134.56,-0.034
mixed,16,1,0.0625,4.0,64,0,512,2048,608,164.066,300.259,168.706,0.0341
mixed,16,1,0.0625,4.0,64,0,1024,4096,1216,223.265,477.316,226.916,0.0144
mixed,16,1,0.0625,4.0,64,0,2048,8192,2432,334.243,823.238,344.035,0.02
mixed,16,1,0.0625,4.0,64,0,4096,16384,4864,544.038,1518.316,569.224,0.0259
mixed,16,1,0.0625,4.0,64,512,128,512,152,149.217,188.801,148.357,-0.0217
mixed,16,1,0.0625,4.0,64,512,256,1024,304,165.892,243.106,167.264,0.0178
mixed,16,1,0.0625,4.0,64,512,512,2048,608,197.824,330.881,202.69,0.0366
mixed,16,1,0.0625,4.0,64,512,1024,4096,1216,255.906,516.26,258.592,0.0103
mixed,16,1,0.0625,4.0,64,512,2048,8192,2432,368.099,857.318,376.707,0.0176
mixed,16,1,0.0625,4.0,64,512,4096,16384,4864,572.42,1559.437,601.38,0.0293
mixed,16,1,0.0625,4.0,64,1024,128,512,152,155.359,195.685,153.921,-0.0357
mixed,16,1,0.0625,4.0,64,1024,256,1024,304,172.255,248.004,171.936,-0.0042
mixed,16,1,0.0625,4.0,64,1024,512,2048,608,203.136,335.939,207.906,0.0359
mixed,16,1,0.0625,4.0,64,1024,1024,4096,1216,260.866,514.627,264.035,0.0125
mixed,16,1,0.0625,4.0,64,1024,2048,8192,2432,369.155,856.935,379.779,0.0218
mixed,16,1,0.0625,4.0,64,1024,4096,16384,4864,580.77,1564.781,604.2,0.0238
mixed,16,1,0.0625,4.0,64,2048,128,512,152,164.608,203.457,163.39,-0.0314
mixed,16,1,0.0625,4.0,64,2048,256,1024,304,182.214,259.748,182.305,0.0012
mixed,16,1,0.0625,4.0,64,2048,512,2048,608,213.376,349.092,215.908,0.0187
mixed,16,1,0.0625,4.0,64,2048,1024,4096,1216,270.562,525.252,275.233,0.0183
mixed,16,1,0.0625,4.0,64,2048,2048,8192,2432,383.97,872.132,393.281,0.0191
mixed,16,1,0.0625,4.0,64,2048,4096,16384,4864,591.015,1579.435,612.775,0.022
mixed,16,1,0.0625,4.0,64,4096,128,512,152,243.36,284.866,241.473,-0.0455
mixed,16,1,0.0625,4.0,64,4096,256,1024,304,260.26,335.715,259.427,-0.011
mixed,16,1,0.0625,4.0,64,4096,512,2048,608,292.932,425.122,296.45,0.0266
mixed,16,1,0.0625,4.0,64,4096,1024,4096,1216,349.058,603.043,351.872,0.0111
mixed,16,1,0.0625,4.0,64,4096,2048,8192,2432,459.044,962.216,469.317,0.0204
mixed,16,1,0.0625,4.0,64,4096,4096,16384,4864,678.502,1648.206,685.667,0.0074
mixed,16,1,0.0625,4.0,64,8192,128,512,152,323.523,363.492,321.442,-0.0521
mixed,16,1,0.0625,4.0,64,8192,256,1024,304,342.688,415.844,338.497,-0.0573
mixed,16,1,0.0625,4.0,64,8192,512,2048,608,372.995,505.794,376.068,0.0231
mixed,16,1,0.0625,4.0,64,8192,1024,4096,1216,428.035,688.967,430.946,0.0112
mixed,16,1,0.0625,4.0,64,8192,2048,8192,2432,540.193,1025.801,547.842,0.0158
mixed,16,1,0.0625,4.0,64,8192,4096,16384,4864,746.148,1725.964,777.961,0.0325
mixed,16,1,0.0625,4.0,128,0,128,512,152,128.033,163.84,126.912,-0.0313
mixed,16,1,0.0625,4.0,128,0,256,1024,304,144.101,213.217,141.953,-0.0311
mixed,16,1,0.0625,4.0,128,0,512,2048,608,170.177,304.897,173.57,0.0252
mixed,16,1,0.0625,4.0,128,0,1024,4096,1216,226.464,482.915,232.129,0.0221
mixed,16,1,0.0625,4.0,128,0,2048,8192,2432,341.282,827.239,347.842,0.0135
mixed,16,1,0.0625,4.0,128,0,4096,16384,4864,541.733,1524.109,570.692,0.0295
mixed,16,1,0.0625,4.0,128,512,128,512,152,164.642,206.688,163.713,-0.0221
mixed,16,1,0.0625,4.0,128,512,256,1024,304,185.187,259.107,182.335,-0.0386
mixed,16,1,0.0625,4.0,128,512,512,2048,608,213.601,346.595,217.504,0.0293
mixed,16,1,0.0625,4.0,128,512,1024,4096,1216,272.768,525.221,275.682,0.0115
mixed,16,1,0.0625,4.0,128,512,2048,8192,2432,384.067,869.671,395.044,0.0226
mixed,16,1,0.0625,4.0,128,512,4096,16384,4864,590.853,1577.229,618.63,0.0282
mixed,16,1,0.0625,4.0,128,1024,128,512,152,172.034,214.112,170.943,-0.0259
mixed,16,1,0.0625,4.0,128,1024,256,1024,304,193.535,266.944,190.336,-0.0436
mixed,16,1,0.0625,4.0,128,1024,512,2048,608,220.386,360.707,224.929,0.0324
mixed,16,1,0.0625,4.0,128,1024,1024,4096,1216,279.714,534.148,282.978,0.0128
mixed,16,1,0.0625,4.0,128,1024,2048,8192,2432,393.891,881.991,402.886,0.0184
mixed,16,1,0.0625,4.0,128,1024,4096,16384,4864,604.899,1572.971,621.669,0.0173
mixed,16,1,0.0625,4.0,128,2048,128,512,152,247.647,291.459,245.09,-0.0584
mixed,16,1,0.0625,4.0,128,2048,256,1024,304,266.817,340.545,267.299,0.0065
mixed,16,1,0.0625,4.0,128,2048,512,2048,608,294.753,431.491,301.664,0.0505
mixed,16,1,0.0625,4.0,128,2048,1024,4096,1216,351.395,608.197,355.428,0.0157
mixed,16,1,0.0625,4.0,128,2048,2048,8192,2432,468.29,950.12,470.945,0.0055
mixed,16,1,0.0625,4.0,128,2048,4096,16384,4864,672.675,1638.892,701.574,0.0299
mixed,16,1,0.0625,4.0,128,4096,128,512,152,327.073,368.544,326.531,-0.0131
mixed,16,1,0.0625,4.0,128,4096,256,1024,304,344.708,418.563,343.011,-0.023
mixed,16,1,0.0625,4.0,128,4096,512,2048,608,376.514,509.186,381.92,0.0407
mixed,16,1,0.0625,4.0,128,4096,1024,4096,1216,431.651,688.805,436.674,0.0195
mixed,16,1,0.0625,4.0,128,4096,2048,8192,2432,547.649,1029.224,550.341,0.0056
mixed,16,1,0.0625,4.0,128,4096,4096,16384,4864,750.886,1734.635,764.935,0.0143
mixed,16,1,0.0625,4.0,128,8192,128,512,152,476.355,513.795,472.389,-0.1059
mixed,16,1,0.0625,4.0,128,8192,256,1024,304,491.684,566.66,492.581,0.012
mixed,16,1,0.0625,4.0,128,8192,512,2048,608,518.467,655.045,522.98,0.033
mixed,16,1,0.0625,4.0,128,8192,1024,4096,1216,577.349,834.725,584.867,0.0292
mixed,16,1,0.0625,4.0,128,8192,2048,8192,2432,694.754,1181.001,694.822,0.0001
mixed,16,1,0.0625,4.0,128,8192,4096,16384,4864,901.511,1870.699,913.478,0.0123
mixed,16,1,0.0625,4.0,256,0,128,512,152,187.073,227.713,186.499,-0.0141
mixed,16,1,0.0625,4.0,256,0,256,1024,304,207.842,282.784,204.512,-0.0444
mixed,16,1,0.0625,4.0,256,0,512,2048,608,234.531,371.46,238.977,0.0325
mixed,16,1,0.0625,4.0,256,0,1024,4096,1216,295.33,550.85,299.105,0.0148
mixed,16,1,0.0625,4.0,256,0,2048,8192,2432,404.74,898.884,414.533,0.0198
mixed,16,1,0.0625,4.0,256,0,4096,16384,4864,614.181,1592.652,631.172,0.0174
mixed,16,1,0.0625,4.0,256,512,128,512,152,253.122,295.905,253.891,0.018
mixed,16,1,0.0625,4.0,256,512,256,1024,304,273.537,349.348,271.426,-0.0278
mixed,16,1,0.0625,4.0,256,512,512,2048,608,301.377,441.699,309.122,0.0552
mixed,16,1,0.0625,4.0,256,512,1024,4096,1216,361.313,619.557,368.257,0.0269
mixed,16,1,0.0625,4.0,256,512,2048,8192,2432,471.716,964.903,486.306,0.0296
mixed,16,1,0.0625,4.0,256,512,4096,16384,4864,676.644,1660.778,708.421,0.0323
mixed,16,1,0.0625,4.0,256,1024,128,512,152,311.139,351.171,308.421,-0.0679
mixed,16,1,0.0625,4.0,256,1024,256,1024,304,327.619,403.489,325.473,-0.0283
mixed,16,1,0.0625,4.0,256,1024,512,2048,608,356.259,491.141,362.658,0.0474
mixed,16,1,0.0625,4.0,256,1024,1024,4096,1216,414.114,673.571,420.61,0.025
mixed,16,1,0.0625,4.0,256,1024,2048,8192,2432,523.49,1015.88,535.744,0.0249
mixed,16,1,0.0625,4.0,256,1024,4096,16384,4864,734.117,1716.299,750.724,0.0169
mixed,16,1,0.0625,4.0,256,2048,128,512,152,346.5,388.548,345.217,-0.0305
mixed,16,1,0.0625,4.0,256,2048,256,1024,304,362.786,437.634,364.707,0.0257
mixed,16,1,0.0625,4.0,256,2048,512,2048,608,394.432,529.251,400.035,0.0416
mixed,16,1,0.0625,4.0,256,2048,1024,4096,1216,452.801,701.315,454.116,0.0053
mixed,16,1,0.0625,4.0,256,2048,2048,8192,2432,560.803,1053.447,570.725,0.0201
mixed,16,1,0.0625,4.0,256,2048,4096,16384,4864,776.196,1739.212,790.116,0.0145
mixed,16,1,0.0625,4.0,256,4096,128,512,152,492.547,529.636,490.466,-0.0561
mixed,16,1,0.0625,4.0,256,4096,256,1024,304,510.853,586.47,509.123,-0.0229
mixed,16,1,0.0625,4.0,256,4096,512,2048,608,540.1,673.925,544.611,0.0337
mixed,16,1,0.0625,4.0,256,4096,1024,4096,1216,595.845,852.067,598.053,0.0086
mixed,16,1,0.0625,4.0,256,4096,2048,8192,2432,710.82,1198.248,715.428,0.0095
mixed,16,1,0.0625,4.0,256,4096,4096,16384,4864,911.234,1893.582,933.862,0.023
mixed,16,1,0.0625,4.0,256,8192,128,512,152,736.677,776.87,734.118,-0.0637
mixed,16,1,0.0625,4.0,256,8192,256,1024,304,753.989,826.278,753.285,-0.0097
mixed,16,1,0.0625,4.0,256,8192,512,2048,608,782.919,921.543,787.016,0.0296
mixed,16,1,0.0625,4.0,256,8192,1024,4096,1216,842.406,1097.99,845.576,0.0124
mixed,16,1,0.0625,4.0,256,8192,2048,8192,2432,950.982,1440.97,958.852,0.0161
mixed,16,1,0.0625,4.0,256,8192,4096,16384,4864,1165.221,2136.557,1183.335,0.0186
mixed,16,1,0.0625,4.0,512,0,128,512,152,305.987,346.498,306.143,0.0039
mixed,16,1,0.0625,4.0,512,0,256,1024,304,324.866,397.569,322.88,-0.0273
mixed,16,1,0.0625,4.0,512,0,512,2048,608,354.882,486.979,358.594,0.0281
mixed,16,1,0.0625,4.0,512,0,1024,4096,1216,411.715,669.443,415.49,0.0146
mixed,16,1,0.0625,4.0,512,0,2048,8192,2432,523.718,1014.117,530.083,0.013
mixed,16,1,0.0625,4.0,512,0,4096,16384,4864,732.329,1708.266,761.794,0.0302
mixed,16,1,0.0625,4.0,512,512,128,512,152,380.385,420.387,378.917,-0.0367
mixed,16,1,0.0625,4.0,512,512,256,1024,304,399.076,471.076,396.769,-0.032
mixed,16,1,0.0625,4.0,512,512,512,2048,608,427.3,562.374,431.713,0.0327
mixed,16,1,0.0625,4.0,512,512,1024,4096,1216,484.675,738.116,487.651,0.0117
mixed,16,1,0.0625,4.0,512,512,2048,8192,2432,595.65,1093.156,609.795,0.0284
mixed,16,1,0.0625,4.0,512,512,4096,16384,4864,805.67,1775.912,818.438,0.0132
mixed,16,1,0.0625,4.0,512,1024,128,512,152,447.875,487.363,447.075,-0.0203
mixed,16,1,0.0625,4.0,512,1024,256,1024,304,464.129,539.395,465.219,0.0145
mixed,16,1,0.0625,4.0,512,1024,512,2048,608,495.33,632.229,499.109,0.0276
mixed,16,1,0.0625,4.0,512,1024,1024,4096,1216,553.668,805.923,557.41,0.0148
mixed,16,1,0.0625,4.0,512,1024,2048,8192,2432,662.53,1152.87,675.171,0.0258
mixed,16,1,0.0625,4.0,512,1024,4096,16384,4864,876.038,1857.676,892.808,0.0171
mixed,16,1,0.0625,4.0,512,2048,128,512,152,593.059,632.867,589.989,-0.0771
mixed,16,1,0.0625,4.0,512,2048,256,1024,304,608.388,685.73,610.214,0.0236
mixed,16,1,0.0625,4.0,512,2048,512,2048,608,641.284,775.172,646.435,0.0385
mixed,16,1,0.0625,4.0,512,2048,1024,4096,1216,695.874,953.862,701.7,0.0226
mixed,16,1,0.0625,4.0,512,2048,2048,8192,2432,810.727,1302.57,817.156,0.0131
mixed,16,1,0.0625,4.0,512,2048,4096,16384,4864,1014.471,1995.34,1043.747,0.0298
mixed,16,1,0.0625,4.0,512,4096,128,512,152,871.557,911.428,869.54,-0.0506
mixed,16,1,0.0625,4.0,512,4096,256,1024,304,886.696,962.661,888.229,0.0202
mixed,16,1,0.0625,4.0,512,4096,512,2048,608,920.131,1056.772,924.934,0.0352
mixed,16,1,0.0625,4.0,512,4096,1024,4096,1216,974.949,1233.798,976.933,0.0077
mixed,16,1,0.0625,4.0,512,4096,2048,8192,2432,1083.045,1586.314,1094.118,0.022
mixed,16,1,0.0625,4.0,512,4096,4096,16384,4864,1292.936,2266.38,1319.495,0.0273
mixed,16,1,0.0625,4.0,512,8192,128,512,152,1419.335,1460.262,1418.441,-0.0218
mixed,16,1,0.0625,4.0,512,8192,256,1024,304,1438.825,1516.106,1439.08,0.0033
mixed,16,1,0.0625,4.0,512,8192,512,2048,608,1468.229,1603.017,1472.87,0.0344
mixed,16,1,0.0625,4.0,512,8192,1024,4096,1216,1529.001,1781.866,1526.854,-0.0085
mixed,16,1,0.0625,4.0,512,8192,2048,8192,2432,1643.56,2128.716,1646.762,0.0066
mixed,16,1,0.0625,4.0,512,8192,4096,16384,4864,1852.298,2822.735,1870.124,0.0184
mixed,16,1,0.0625,4.0,1024,0,128,512,152,562.083,601.026,559.074,-0.0773
mixed,16,1,0.0625,4.0,1024,0,256,1024,304,575.812,652.801,576.385,0.0074
mixed,16,1,0.0625,4.0,1024,0,512,2048,608,609.797,741.637,614.914,0.0388
mixed,16,1,0.0625,4.0,1024,0,1024,4096,1216,664.772,917.862,669.221,0.0176
mixed,16,1,0.0625,4.0,1024,0,2048,8192,2432,775.109,1268.741,780.61,0.0111
mixed,16,1,0.0625,4.0,1024,0,4096,16384,4864,990.244,1965.704,1003.2,0.0133
mixed,16,1,0.0625,4.0,1024,512,128,512,152,738.755,776.994,738.339,-0.0109
mixed,16,1,0.0625,4.0,1024,512,256,1024,304,757.318,828.675,753.539,-0.053
mixed,16,1,0.0625,4.0,1024,512,512,2048,608,786.563,919.494,789.793,0.0243
mixed,16,1,0.0625,4.0,1024,512,1024,4096,1216,843.623,1093.67,845.38,0.007
mixed,16,1,0.0625,4.0,1024,512,2048,8192,2432,950.948,1436.999,963.686,0.0262
mixed,16,1,0.0625,4.0,1024,512,4096,16384,4864,1164.455,2131.338,1178.886,0.0149
mixed,16,1,0.0625,4.0,1024,1024,128,512,152,895.938,934.372,894.467,-0.0383
mixed,16,1,0.0625,4.0,1024,1024,256,1024,304,910.918,986.211,911.14,0.0029
mixed,16,1,0.0625,4.0,1024,1024,512,2048,608,942.052,1075.588,946.309,0.0319
mixed,16,1,0.0625,4.0,1024,1024,1024,4096,1216,1002.725,1257.383,1001.827,-0.0035
mixed,16,1,0.0625,4.0,1024,1024,2048,8192,2432,1108.391,1593.126,1115.653,0.015
mixed,16,1,0.0625,4.0,1024,1024,4096,16384,4864,1319.205,2297.291,1335.849,0.017
mixed,16,1,0.0625,4.0,1024,2048,128,512,152,1172.872,1213.477,1170.438,-0.0599
mixed,16,1,0.0625,4.0,1024,2048,256,1024,304,1192.871,1260.869,1189.379,-0.0514
mixed,16,1,0.0625,4.0,1024,2048,512,2048,608,1219.813,1355.271,1226.247,0.0475
mixed,16,1,0.0625,4.0,1024,2048,1024,4096,1216,1275.206,1535.718,1277.83,0.0101
mixed,16,1,0.0625,4.0,1024,2048,2048,8192,2432,1388.709,1883.015,1396.102,0.015
mixed,16,1,0.0625,4.0,1024,2048,4096,16384,4864,1594.664,2576.811,1612.808,0.0185
mixed,16,1,0.0625,4.0,1024,4096,128,512,152,1723.048,1766.951,1725.383,0.0532
mixed,16,1,0.0625,4.0,1024,4096,256,1024,304,1745.001,1816.935,1741.224,-0.0525
mixed,16,1,0.0625,4.0,1024,4096,512,2048,608,1773.799,1904.748,1776.935,0.0239
mixed,16,1,0.0625,4.0,1024,4096,1024,4096,1216,1830.951,2086.763,1834.217,0.0128
mixed,16,1,0.0625,4.0,1024,4096,2048,8192,2432,1943.143,2433.485,1951.433,0.0169
mixed,16,1,0.0625,4.0,1024,4096,4096,16384,4864,2157.417,3122.157,2176.779,0.0201
mixed,16,1,0.0625,4.0,1024,8192,128,512,152,2821.26,2862.061,2816.718,-0.1113
mixed,16,1,0.0625,4.0,1024,8192,256,1024,304,2837.355,2908.172,2836.749,-0.0086
mixed,16,1,0.0625,4.0,1024,8192,512,2048,608,2865.132,3006.957,2870.442,0.0374
mixed,16,1,0.0625,4.0,1024,8192,1024,4096,1216,2926.095,3174.608,2922.959,-0.0126
mixed,16,1,0.0625,4.0,1024,8192,2048,8192,2432,3038.634,3523.73,3042.511,0.008
mixed,16,1,0.0625,4.0,1024,8192,4096,16384,4864,3248.4,4219.54,3266.639,0.0188
mixed,16,1,0.0625,4.0,2048,0,128,512,152,1021.187,1055.332,1017.028,-0.1218
mixed,16,1,0.0625,4.0,2048,0,256,1024,304,1033.348,1115.11,1032.228,-0.0137
mixed,16,1,0.0625,4.0,2048,0,512,2048,608,1066.5,1198.309,1068.707,0.0167
mixed,16,1,0.0625,4.0,2048,0,1024,4096,1216,1123.781,1376.42,1127.078,0.0131
mixed,16,1,0.0625,4.0,2048,0,2048,8192,2432,1233.126,1727.432,1242.278,0.0185
mixed,16,1,0.0625,4.0,2048,0,4096,16384,4864,1442.918,2416.523,1463.591,0.0212
mixed,16,1,0.0625,4.0,2048,512,128,512,152,1354.181,1393.543,1352.87,-0.0333
mixed,16,1,0.0625,4.0,2048,512,256,1024,304,1370.055,1447.879,1366.247,-0.0489
mixed,16,1,0.0625,4.0,2048,512,512,2048,608,1398.534,1534.725,1403.109,0.0336
mixed,16,1,0.0625,4.0,2048,512,1024,4096,1216,1456.742,1705.257,1460.486,0.0151
mixed,16,1,0.0625,4.0,2048,512,2048,8192,2432,1571.526,2065.834,1579.913,0.017
mixed,16,1,0.0625,4.0,2048,512,4096,16384,4864,1776.108,2757.419,1801.061,0.0254
mixed,16,1,0.0625,4.0,2048,1024,128,512,152,1693.032,1727.241,1691.302,-0.0506
mixed,16,1,0.0625,4.0,2048,1024,256,1024,304,1706.727,1781.221,1707.463,0.0099
mixed,16,1,0.0625,4.0,2048,1024,512,2048,608,1740.39,1865.512,1741.513,0.009
mixed,16,1,0.0625,4.0,2048,1024,1024,4096,1216,1794.793,2051.304,1800.779,0.0233
mixed,16,1,0.0625,4.0,2048,1024,2048,8192,2432,1909.416,2397.739,1917.64,0.0168
mixed,16,1,0.0625,4.0,2048,1024,4096,16384,4864,2120.49,3092.235,2132.617,0.0125
mixed,16,1,0.0625,4.0,2048,2048,128,512,152,2240.101,2278.379,2239.981,-0.0031
mixed,16,1,0.0625,4.0,2048,2048,256,1024,304,2259.883,2333.641,2255.145,-0.0642
mixed,16,1,0.0625,4.0,2048,2048,512,2048,608,2291.498,2423.435,2295.721,0.032
mixed,16,1,0.0625,4.0,2048,2048,1024,4096,1216,2347.018,2602.282,2347.309,0.0011
mixed,16,1,0.0625,4.0,2048,2048,2048,8192,2432,2460.044,2948.332,2465.03,0.0102
mixed,16,1,0.0625,4.0,2048,2048,4096,16384,4864,2668.843,3642.862,2685.74,0.0173
mixed,16,1,0.0625,4.0,2048,4096,128,512,152,3340.716,3374.447,3338.862,-0.055
mixed,16,1,0.0625,4.0,2048,4096,256,1024,304,3356.875,3431.311,3358.894,0.0271
mixed,16,1,0.0625,4.0,2048,4096,512,2048,608,3381.484,3522.763,3392.301,0.0766
mixed,16,1,0.0625,4.0,2048,4096,1024,4096,1216,3437.997,3702.896,3440.492,0.0094
mixed,16,1,0.0625,4.0,2048,4096,2048,8192,2432,3555.856,4044.624,3558.73,0.0059
mixed,16,1,0.0625,4.0,2048,4096,4096,16384,4864,3761.904,4731.317,3791.794,0.0308
mixed,16,1,0.0625,4.0,2048,8192,128,512,152,5532.981,5572.789,5528.821,-0.1045
mixed,16,1,0.0625,4.0,2048,8192,256,1024,304,5552.022,5624.057,5547.865,-0.0577
mixed,16,1,0.0625,4.0,2048,8192,512,2048,608,5577.207,5711.066,5582.393,0.0387
mixed,16,1,0.0625,4.0,2048,8192,1024,4096,1216,5634.518,5893.336,5636.439,0.0074
mixed,16,1,0.0625,4.0,2048,8192,2048,8192,2432,5745.43,6238.366,5753.714,0.0168
mixed,16,1,0.0625,4.0,2048,8192,4096,16384,4864,5956.789,6937.182,5980.217,0.0239
pure,16,2,0.125,4.0,0,0,128,512,176,68.289,101.76,77.408,0.2724
pure,16,2,0.125,4.0,0,0,256,1024,352,83.936,147.488,84.638,0.011
pure,16,2,0.125,4.0,0,0,512,2048,704,116.832,239.072,116.096,-0.006
pure,16,2,0.125,4.0,0,0,1024,4096,1408,182.657,419.137,175.488,-0.0303
pure,16,2,0.125,4.0,0,0,2048,8192,2816,308.484,768.131,299.329,-0.0199
pure,16,2,0.125,4.0,0,0,4096,16384,5632,542.594,1452.356,538.626,-0.0044
mixed,16,2,0.125,4.0,16,0,128,512,176,88.739,122.176,98.209,0.2832
mixed,16,2,0.125,4.0,16,0,256,1024,352,105.216,169.28,105.121,-0.0015
mixed,16,2,0.125,4.0,16,0,512,2048,704,137.567,260.289,138.177,0.005
mixed,16,2,0.125,4.0,16,0,1024,4096,1408,200.768,435.106,195.777,-0.0213
mixed,16,2,0.125,4.0,16,0,2048,8192,2816,327.842,787.169,321.535,-0.0137
mixed,16,2,0.125,4.0,16,0,4096,16384,5632,565.828,1465.893,551.875,-0.0155
mixed,16,2,0.125,4.0,16,512,128,512,176,121.919,156.865,130.943,0.2582
mixed,16,2,0.125,4.0,16,512,256,1024,352,138.946,204.098,138.851,-0.0015
mixed,16,2,0.125,4.0,16,512,512,2048,704,170.659,295.651,171.906,0.01
mixed,16,2,0.125,4.0,16,512,1024,4096,1408,238.304,467.169,232.416,-0.0257
mixed,16,2,0.125,4.0,16,512,2048,8192,2816,361.316,825.859,355.04,-0.0135
mixed,16,2,0.125,4.0,16,512,4096,16384,5632,596.896,1505.635,593.634,-0.0036
mixed,16,2,0.125,4.0,16,1024,128,512,176,123.616,159.68,132.576,0.2484
mixed,16,2,0.125,4.0,16,1024,256,1024,352,141.535,205.28,141.697,0.0025
mixed,16,2,0.125,4.0,16,1024,512,2048,704,173.121,297.792,175.743,0.021
mixed,16,2,0.125,4.0,16,1024,1024,4096,1408,239.488,472.835,233.312,-0.0265
mixed,16,2,0.125,4.0,16,1024,2048,8192,2816,364.418,822.246,359.65,-0.0104
mixed,16,2,0.125,4.0,16,1024,4096,16384,5632,603.587,1508.196,595.524,-0.0089
mixed,16,2,0.125,4.0,16,2048,128,512,176,126.146,163.522,135.839,0.2593
mixed,16,2,0.125,4.0,16,2048,256,1024,352,143.649,211.234,143.872,0.0033
mixed,16,2,0.125,4.0,16,2048,512,2048,704,177.761,301.216,178.819,0.0086
mixed,16,2,0.125,4.0,16,2048,1024,4096,1408,244.193,476.033,237.378,-0.0294
mixed,16,2,0.125,4.0,16,2048,2048,8192,2816,371.554,830.306,364.385,-0.0156
mixed,16,2,0.125,4.0,16,2048,4096,16384,5632,606.659,1507.205,594.688,-0.0133
mixed,16,2,0.125,4.0,16,4096,128,512,176,135.84,173.92,144.511,0.2277
mixed,16,2,0.125,4.0,16,4096,256,1024,352,152.608,222.816,155.265,0.0378
mixed,16,2,0.125,4.0,16,4096,512,2048,704,189.378,314.495,193.313,0.0315
mixed,16,2,0.125,4.0,16,4096,1024,4096,1408,257.408,486.083,251.293,-0.0267
mixed,16,2,0.125,4.0,16,4096,2048,8192,2816,376.13,836.773,376.387,0.0006
mixed,16,2,0.125,4.0,16,4096,4096,16384,5632,619.362,1537.029,608.354,-0.012
mixed,16,2,0.125,4.0,16,8192,128,512,176,165.824,205.472,175.362,0.2406
mixed,16,2,0.125,4.0,16,8192,256,1024,352,186.497,257.762,187.105,0.0085
mixed,16,2,0.125,4.0,16,8192,512,2048,704,222.241,348.642,226.303,0.0321
mixed,16,2,0.125,4.0,16,8192,1024,4096,1408,292.896,522.307,284.866,-0.035
mixed,16,2,0.125,4.0,16,8192,2048,8192,2816,418.21,876.418,409.504,-0.019
mixed,16,2,0.125,4.0,16,8192,4096,16384,5632,656.801,1569.667,643.906,-0.0141
mixed,16,2,0.125,4.0,32,0,128,512,176,119.681,155.296,128.255,0.2407
mixed,16,2,0.125,4.0,32,0,256,1024,352,136.642,204.544,137.151,0.0075
mixed,16,2,0.125,4.0,32,0,512,2048,704,169.632,291.872,172.672,0.0249
mixed,16,2,0.125,4.0,32,0,1024,4096,1408,236.864,470.146,230.307,-0.0281
mixed,16,2,0.125,4.0,32,0,2048,8192,2816,364.803,814.915,358.85,-0.0132
mixed,16,2,0.125,4.0,32,0,4096,16384,5632,603.779,1520.487,596.191,-0.0083
mixed,16,2,0.125,4.0,32,512,128,512,176,144.191,180.608,153.6,0.2584
mixed,16,2,0.125,4.0,32,512,256,1024,352,161.631,231.714,162.592,0.0137
mixed,16,2,0.125,4.0,32,512,512,2048,704,197.984,319.713,201.151,0.026
mixed,16,2,0.125,4.0,32,512,1024,4096,1408,264.0,500.483,257.536,-0.0273
mixed,16,2,0.125,4.0,32,512,2048,8192,2816,393.184,839.841,382.499,-0.0239
mixed,16,2,0.125,4.0,32,512,4096,16384,5632,634.34,1540.291,621.058,-0.0147
mixed,16,2,0.125,4.0,32,1024,128,512,176,144.992,182.4,154.208,0.2464
mixed,16,2,0.125,4.0,32,1024,256,1024,352,162.433,232.769,163.586,0.0164
mixed,16,2,0.125,4.0,32,1024,512,2048,704,201.282,322.208,203.199,0.0159
mixed,16,2,0.125,4.0,32,1024,1024,4096,1408,265.951,497.472,261.634,-0.0186
mixed,16,2,0.125,4.0,32,1024,2048,8192,2816,390.912,848.229,388.512,-0.0052
mixed,16,2,0.125,4.0,32,1024,4096,16384,5632,632.288,1543.363,619.585,-0.0139
mixed,16,2,0.125,4.0,32,2048,128,512,176,152.031,190.337,161.28,0.2415
mixed,16,2,0.125,4.0,32,2048,256,1024,352,171.04,240.704,170.591,-0.0064
mixed,16,2,0.125,4.0,32,2048,512,2048,704,208.258,331.328,211.233,0.0242
mixed,16,2,0.125,4.0,32,2048,1024,4096,1408,274.4,508.068,269.856,-0.0194
mixed,16,2,0.125,4.0,32,2048,2048,8192,2816,398.688,856.548,394.592,-0.0089
mixed,16,2,0.125,4.0,32,2048,4096,16384,5632,642.915,1557.348,634.37,-0.0093
mixed,16,2,0.125,4.0,32,4096,128,512,176,163.775,204.003,171.809,0.1997
mixed,16,2,0.125,4.0,32,4096,256,1024,352,185.377,256.291,183.265,-0.0298
mixed,16,2,0.125,4.0,32,4096,512,2048,704,222.974,349.025,225.729,0.0219
mixed,16,2,0.125,4.0,32,4096,1024,4096,1408,294.242,524.225,285.248,-0.0391
mixed,16,2,0.125,4.0,32,4096,2048,8192,2816,416.644,869.218,409.698,-0.0153
mixed,16,2,0.125,4.0,32,4096,4096,16384,5632,664.899,1580.581,648.769,-0.0176
mixed,16,2,0.125,4.0,32,8192,128,512,176,261.888,300.577,269.729,0.2027
mixed,16,2,0.125,4.0,32,8192,256,1024,352,279.679,349.79,280.128,0.0064
mixed,16,2,0.125,4.0,32,8192,512,2048,704,317.793,442.049,316.801,-0.008
mixed,16,2,0.125,4.0,32,8192,1024,4096,1408,382.593,615.489,375.839,-0.029
mixed,16,2,0.125,4.0,32,8192,2048,8192,2816,509.345,960.707,503.874,-0.0121
mixed,16,2,0.125,4.0,32,8192,4096,16384,5632,747.166,1654.085,740.129,-0.0078
mixed,16,2,0.125,4.0,64,0,128,512,176,119.967,157.375,129.374,0.2515
mixed,16,2,0.125,4.0,64,0,256,1024,352,138.367,207.648,138.626,0.0037
mixed,16,2,0.125,4.0,64,0,512,2048,704,174.243,299.551,177.153,0.0232
mixed,16,2,0.125,4.0,64,0,1024,4096,1408,241.822,473.153,235.906,-0.0256
mixed,16,2,0.125,4.0,64,0,2048,8192,2816,366.175,816.675,363.488,-0.006
mixed,16,2,0.125,4.0,64,0,4096,16384,5632,602.305,1520.26,597.698,-0.005
mixed,16,2,0.125,4.0,64,512,128,512,176,149.922,190.754,158.596,0.2124
mixed,16,2,0.125,4.0,64,512,256,1024,352,169.314,243.681,169.472,0.0021
mixed,16,2,0.125,4.0,64,512,512,2048,704,208.129,334.271,211.136,0.0238
mixed,16,2,0.125,4.0,64,512,1024,4096,1408,277.312,507.426,270.335,-0.0303
mixed,16,2,0.125,4.0,64,512,2048,8192,2816,397.537,864.512,395.904,-0.0035
mixed,16,2,0.125,4.0,64,512,4096,16384,5632,640.222,1540.42,633.025,-0.008
mixed,16,2,0.125,4.0,64,1024,128,512,176,156.99,196.638,165.662,0.2187
mixed,16,2,0.125,4.0,64,1024,256,1024,352,175.424,247.361,175.009,-0.0058
mixed,16,2,0.125,4.0,64,1024,512,2048,704,214.24,343.169,216.958,0.0211
mixed,16,2,0.125,4.0,64,1024,1024,4096,1408,284.96,510.531,273.058,-0.0528
mixed,16,2,0.125,4.0,64,1024,2048,8192,2816,407.038,863.905,402.561,-0.0098
mixed,16,2,0.125,4.0,64,1024,4096,16384,5632,644.353,1558.724,636.736,-0.0083
mixed,16,2,0.125,4.0,64,2048,128,512,176,166.114,205.695,173.888,0.1964
mixed,16,2,0.125,4.0,64,2048,256,1024,352,185.92,258.851,185.44,-0.0066
mixed,16,2,0.125,4.0,64,2048,512,2048,704,223.294,351.779,225.12,0.0142
mixed,16,2,0.125,4.0,64,2048,1024,4096,1408,294.016,524.13,286.624,-0.0321
mixed,16,2,0.125,4.0,64,2048,2048,8192,2816,418.624,869.22,414.047,-0.0102
mixed,16,2,0.125,4.0,64,2048,4096,16384,5632,654.179,1580.129,651.233,-0.0032
mixed,16,2,0.125,4.0,64,4096,128,512,176,244.703,286.082,253.12,0.2034
mixed,16,2,0.125,4.0,64,4096,256,1024,352,263.746,335.552,263.072,-0.0094
mixed,16,2,0.125,4.0,64,4096,512,2048,704,302.722,425.217,304.446,0.0141
mixed,16,2,0.125,4.0,64,4096,1024,4096,1408,370.016,605.441,362.979,-0.0299
mixed,16,2,0.125,4.0,64,4096,2048,8192,2816,497.026,948.194,489.314,-0.0171
mixed,16,2,0.125,4.0,64,4096,4096,16384,5632,733.569,1650.273,722.369,-0.0122
mixed,16,2,0.125,4.0,64,8192,128,512,176,326.274,364.417,332.513,0.1636
mixed,16,2,0.125,4.0,64,8192,256,1024,352,344.8,414.593,344.066,-0.0105
mixed,16,2,0.125,4.0,64,8192,512,2048,704,380.863,505.857,384.321,0.0277
mixed,16,2,0.125,4.0,64,8192,1024,4096,1408,450.593,683.712,443.012,-0.0325
mixed,16,2,0.125,4.0,64,8192,2048,8192,2816,577.922,1031.104,566.4,-0.0254
mixed,16,2,0.125,4.0,64,8192,4096,16384,5632,814.112,1725.155,801.953,-0.0133
mixed,16,2,0.125,4.0,128,0,128,512,176,128.515,163.937,137.377,0.2502
mixed,16,2,0.125,4.0,128,0,256,1024,352,145.697,215.586,147.071,0.0197
mixed,16,2,0.125,4.0,128,0,512,2048,704,179.81,302.337,181.954,0.0175
mixed,16,2,0.125,4.0,128,0,1024,4096,1408,247.745,479.297,242.368,-0.0232
mixed,16,2,0.125,4.0,128,0,2048,8192,2816,369.216,824.737,364.801,-0.0097
mixed,16,2,0.125,4.0,128,0,4096,16384,5632,608.034,1516.388,610.113,0.0023
mixed,16,2,0.125,4.0,128,512,128,512,176,165.667,206.08,174.846,0.2271
mixed,16,2,0.125,4.0,128,512,256,1024,352,185.953,257.954,185.374,-0.008
mixed,16,2,0.125,4.0,128,512,512,2048,704,221.986,350.146,226.912,0.0384
mixed,16,2,0.125,4.0,128,512,1024,4096,1408,292.033,526.015,286.368,-0.0242
mixed,16,2,0.125,4.0,128,512,2048,8192,2816,413.76,878.691,413.441,-0.0007
mixed,16,2,0.125,4.0,128,512,4096,16384,5632,654.722,1566.244,647.043,-0.0084
mixed,16,2,0.125,4.0,128,1024,128,512,176,173.248,215.294,182.208,0.2131
mixed,16,2,0.125,4.0,128,1024,256,1024,352,194.211,268.096,194.177,-0.0005
mixed,16,2,0.125,4.0,128,1024,512,2048,704,232.064,358.273,236.127,0.0322
mixed,16,2,0.125,4.0,128,1024,1024,4096,1408,301.249,536.128,296.095,-0.0219
mixed,16,2,0.125,4.0,128,1024,2048,8192,2816,424.286,881.152,421.633,-0.0058
mixed,16,2,0.125,4.0,128,1024,4096,16384,5632,664.93,1566.18,661.471,-0.0038
mixed,16,2,0.125,4.0,128,2048,128,512,176,248.992,289.281,257.472,0.2105
mixed,16,2,0.125,4.0,128,2048,256,1024,352,269.44,340.32,266.814,-0.037
mixed,16,2,0.125,4.0,128,2048,512,2048,704,304.289,433.314,307.103,0.0218
mixed,16,2,0.125,4.0,128,2048,1024,4096,1408,376.768,604.256,369.567,-0.0317
mixed,16,2,0.125,4.0,128,2048,2048,8192,2816,497.92,956.993,494.148,-0.0082
mixed,16,2,0.125,4.0,128,2048,4096,16384,5632,732.803,1648.677,727.01,-0.0063
mixed,16,2,0.125,4.0,128,4096,128,512,176,328.988,369.758,337.73,0.2144
mixed,16,2,0.125,4.0,128,4096,256,1024,352,347.68,417.346,348.226,0.0078
mixed,16,2,0.125,4.0,128,4096,512,2048,704,382.849,508.513,388.0,0.041
mixed,16,2,0.125,4.0,128,4096,1024,4096,1408,451.777,688.291,442.529,-0.0391
mixed,16,2,0.125,4.0,128,4096,2048,8192,2816,578.272,1027.009,571.425,-0.0153
mixed,16,2,0.125,4.0,128,4096,4096,16384,5632,819.454,1723.811,803.968,-0.0171
mixed,16,2,0.125,4.0,128,8192,128,512,176,475.584,515.01,482.495,0.1753
mixed,16,2,0.125,4.0,128,8192,256,1024,352,494.625,565.153,495.363,0.0105
mixed,16,2,0.125,4.0,128,8192,512,2048,704,531.713,655.423,532.098,0.0031
mixed,16,2,0.125,4.0,128,8192,1024,4096,1408,598.016,832.481,597.216,-0.0034
mixed,16,2,0.125,4.0,128,8192,2048,8192,2816,721.636,1179.423,716.991,-0.0101
mixed,16,2,0.125,4.0,128,8192,4096,16384,5632,961.25,1874.146,950.561,-0.0117
mixed,16,2,0.125,4.0,256,0,128,512,176,188.065,228.864,198.53,0.2565
mixed,16,2,0.125,4.0,256,0,256,1024,352,208.128,281.854,207.808,-0.0043
mixed,16,2,0.125,4.0,256,0,512,2048,704,245.471,369.505,248.064,0.0209
mixed,16,2,0.125,4.0,256,0,1024,4096,1408,314.496,550.08,309.122,-0.0228
mixed,16,2,0.125,4.0,256,0,2048,8192,2816,443.263,892.546,436.322,-0.0154
mixed,16,2,0.125,4.0,256,0,4096,16384,5632,681.058,1587.524,669.955,-0.0122
mixed,16,2,0.125,4.0,256,512,128,512,176,256.162,295.424,262.24,0.1548
mixed,16,2,0.125,4.0,256,512,256,1024,352,275.103,348.704,278.273,0.0431
mixed,16,2,0.125,4.0,256,512,512,2048,704,313.151,437.568,316.896,0.0301
mixed,16,2,0.125,4.0,256,512,1024,4096,1408,381.087,613.536,377.695,-0.0146
mixed,16,2,0.125,4.0,256,512,2048,8192,2816,504.384,959.808,499.935,-0.0098
mixed,16,2,0.125,4.0,256,512,4096,16384,5632,745.95,1653.442,738.401,-0.0083
mixed,16,2,0.125,4.0,256,1024,128,512,176,313.378,349.919,319.776,0.1751
mixed,16,2,0.125,4.0,256,1024,256,1024,352,329.985,403.008,329.218,-0.0105
mixed,16,2,0.125,4.0,256,1024,512,2048,704,369.922,491.775,370.786,0.0071
mixed,16,2,0.125,4.0,256,1024,1024,4096,1408,435.807,671.105,429.568,-0.0265
mixed,16,2,0.125,4.0,256,1024,2048,8192,2816,558.977,1008.833,553.953,-0.0112
mixed,16,2,0.125,4.0,256,1024,4096,16384,5632,794.207,1711.235,790.915,-0.0036
mixed,16,2,0.125,4.0,256,2048,128,512,176,346.593,385.662,355.392,0.2252
mixed,16,2,0.125,4.0,256,2048,256,1024,352,366.432,437.442,369.664,0.0455
mixed,16,2,0.125,4.0,256,2048,512,2048,704,403.041,527.743,407.777,0.038
mixed,16,2,0.125,4.0,256,2048,1024,4096,1408,475.584,704.322,468.192,-0.0323
mixed,16,2,0.125,4.0,256,2048,2048,8192,2816,597.92,1051.075,586.72,-0.0247
mixed,16,2,0.125,4.0,256,2048,4096,16384,5632,844.323,1740.001,831.267,-0.0146
mixed,16,2,0.125,4.0,256,4096,128,512,176,493.088,531.266,500.096,0.1836
mixed,16,2,0.125,4.0,256,4096,256,1024,352,511.105,582.176,512.066,0.0135
mixed,16,2,0.125,4.0,256,4096,512,2048,704,549.25,673.312,549.922,0.0054
mixed,16,2,0.125,4.0,256,4096,1024,4096,1408,615.168,850.689,613.409,-0.0075
mixed,16,2,0.125,4.0,256,4096,2048,8192,2816,737.887,1192.831,731.583,-0.0139
mixed,16,2,0.125,4.0,256,4096,4096,16384,5632,974.754,1892.034,975.105,0.0004
mixed,16,2,0.125,4.0,256,8192,128,512,176,737.057,775.393,745.824,0.2287
mixed,16,2,0.125,4.0,256,8192,256,1024,352,758.4,829.314,754.466,-0.0555
mixed,16,2,0.125,4.0,256,8192,512,2048,704,794.753,920.128,796.063,0.0104
mixed,16,2,0.125,4.0,256,8192,1024,4096,1408,860.898,1096.16,855.455,-0.0231
mixed,16,2,0.125,4.0,256,8192,2048,8192,2816,986.176,1445.06,979.968,-0.0135
mixed,16,2,0.125,4.0,256,8192,4096,16384,5632,1225.986,2147.617,1216.452,-0.0103
mixed,16,2,0.125,4.0,512,0,128,512,176,309.024,348.484,315.134,0.1548
mixed,16,2,0.125,4.0,512,0,256,1024,352,326.143,398.562,326.335,0.0027
mixed,16,2,0.125,4.0,512,0,512,2048,704,364.671,492.001,367.296,0.0206
mixed,16,2,0.125,4.0,512,0,1024,4096,1408,431.839,665.922,426.175,-0.0242
mixed,16,2,0.125,4.0,512,0,2048,8192,2816,554.016,1009.537,548.513,-0.0121
mixed,16,2,0.125,4.0,512,0,4096,16384,5632,799.457,1709.508,787.776,-0.0128
mixed,16,2,0.125,4.0,512,512,128,512,176,381.508,418.849,386.783,0.1413
mixed,16,2,0.125,4.0,512,512,256,1024,352,399.489,475.586,399.84,0.0046
mixed,16,2,0.125,4.0,512,512,512,2048,704,437.09,560.961,441.023,0.0318
mixed,16,2,0.125,4.0,512,512,1024,4096,1408,503.904,737.951,499.999,-0.0167
mixed,16,2,0.125,4.0,512,512,2048,8192,2816,629.472,1086.626,624.864,-0.0101
mixed,16,2,0.125,4.0,512,512,4096,16384,5632,864.897,1783.073,860.832,-0.0044
mixed,16,2,0.125,4.0,512,1024,128,512,176,448.832,488.288,457.536,0.2206
mixed,16,2,0.125,4.0,512,1024,256,1024,352,467.873,538.562,467.744,-0.0018
mixed,16,2,0.125,4.0,512,1024,512,2048,704,505.213,627.136,508.254,0.0249
mixed,16,2,0.125,4.0,512,1024,1024,4096,1408,575.393,804.224,566.75,-0.0378
mixed,16,2,0.125,4.0,512,1024,2048,8192,2816,699.904,1153.955,691.042,-0.0195
mixed,16,2,0.125,4.0,512,1024,4096,16384,5632,947.549,1845.156,930.947,-0.0185
mixed,16,2,0.125,4.0,512,2048,128,512,176,593.568,631.871,600.8,0.1888
mixed,16,2,0.125,4.0,512,2048,256,1024,352,613.279,683.552,614.497,0.0173
mixed,16,2,0.125,4.0,512,2048,512,2048,704,649.056,776.255,653.76,0.037
mixed,16,2,0.125,4.0,512,2048,1024,4096,1408,716.674,953.952,714.432,-0.0094
mixed,16,2,0.125,4.0,512,2048,2048,8192,2816,844.418,1291.969,839.905,-0.0101
mixed,16,2,0.125,4.0,512,2048,4096,16384,5632,1087.807,1994.945,1074.079,-0.0151
mixed,16,2,0.125,4.0,512,4096,128,512,176,870.145,911.84,879.108,0.215
mixed,16,2,0.125,4.0,512,4096,256,1024,352,888.769,962.689,889.983,0.0164
mixed,16,2,0.125,4.0,512,4096,512,2048,704,926.143,1053.119,930.915,0.0376
mixed,16,2,0.125,4.0,512,4096,1024,4096,1408,998.593,1226.02,991.681,-0.0304
mixed,16,2,0.125,4.0,512,4096,2048,8192,2816,1123.649,1582.334,1117.347,-0.0137
mixed,16,2,0.125,4.0,512,4096,4096,16384,5632,1362.176,2276.513,1343.97,-0.0199
mixed,16,2,0.125,4.0,512,8192,128,512,176,1424.672,1462.305,1428.416,0.0995
mixed,16,2,0.125,4.0,512,8192,256,1024,352,1440.132,1516.61,1442.176,0.0267
mixed,16,2,0.125,4.0,512,8192,512,2048,704,1478.4,1604.321,1481.857,0.0275
mixed,16,2,0.125,4.0,512,8192,1024,4096,1408,1548.164,1778.144,1539.651,-0.037
mixed,16,2,0.125,4.0,512,8192,2048,8192,2816,1671.777,2123.717,1664.641,-0.0158
mixed,16,2,0.125,4.0,512,8192,4096,16384,5632,1903.201,2815.46,1905.345,0.0024
mixed,16,2,0.125,4.0,1024,0,128,512,176,561.792,600.928,567.97,0.1579
mixed,16,2,0.125,4.0,1024,0,256,1024,352,579.649,652.961,581.216,0.0214
mixed,16,2,0.125,4.0,1024,0,512,2048,704,615.872,739.712,620.8,0.0398
mixed,16,2,0.125,4.0,1024,0,1024,4096,1408,683.713,914.783,681.603,-0.0091
mixed,16,2,0.125,4.0,1024,0,2048,8192,2816,806.623,1276.387,808.482,0.004
mixed,16,2,0.125,4.0,1024,0,4096,16384,5632,1054.177,1953.186,1045.985,-0.0091
mixed,16,2,0.125,4.0,1024,512,128,512,176,738.752,779.585,746.686,0.1943
mixed,16,2,0.125,4.0,1024,512,256,1024,352,759.04,831.136,759.682,0.0089
mixed,16,2,0.125,4.0,1024,512,512,2048,704,795.232,920.544,796.604,0.0109
mixed,16,2,0.125,4.0,1024,512,1024,4096,1408,864.737,1092.033,858.595,-0.027
mixed,16,2,0.125,4.0,1024,512,2048,8192,2816,991.2,1442.402,981.985,-0.0204
mixed,16,2,0.125,4.0,1024,512,4096,16384,5632,1229.729,2141.344,1217.279,-0.0137
mixed,16,2,0.125,4.0,1024,1024,128,512,176,896.896,935.777,903.359,0.1662
mixed,16,2,0.125,4.0,1024,1024,256,1024,352,912.451,987.903,915.359,0.0385
mixed,16,2,0.125,4.0,1024,1024,512,2048,704,952.32,1076.384,956.704,0.0353
mixed,16,2,0.125,4.0,1024,1024,1024,4096,1408,1017.601,1250.34,1016.478,-0.0048
mixed,16,2,0.125,4.0,1024,1024,2048,8192,2816,1147.362,1610.753,1142.689,-0.0101
mixed,16,2,0.125,4.0,1024,1024,4096,16384,5632,1387.266,2293.888,1378.176,-0.01
mixed,16,2,0.125,4.0,1024,2048,128,512,176,1173.183,1211.36,1181.121,0.2079
mixed,16,2,0.125,4.0,1024,2048,256,1024,352,1192.48,1261.152,1191.939,-0.0079
mixed,16,2,0.125,4.0,1024,2048,512,2048,704,1231.586,1352.737,1233.217,0.0135
mixed,16,2,0.125,4.0,1024,2048,1024,4096,1408,1296.706,1531.999,1291.648,-0.0215
mixed,16,2,0.125,4.0,1024,2048,2048,8192,2816,1418.337,1874.241,1418.56,0.0005
mixed,16,2,0.125,4.0,1024,2048,4096,16384,5632,1654.562,2568.48,1655.614,0.0012
mixed,16,2,0.125,4.0,1024,4096,128,512,176,1728.322,1765.632,1733.088,0.1277
mixed,16,2,0.125,4.0,1024,4096,256,1024,352,1745.086,1814.016,1748.067,0.0432
mixed,16,2,0.125,4.0,1024,4096,512,2048,704,1783.104,1907.297,1785.313,0.0178
mixed,16,2,0.125,4.0,1024,4096,1024,4096,1408,1851.136,2083.01,1839.715,-0.0493
mixed,16,2,0.125,4.0,1024,4096,2048,8192,2816,1977.153,2438.435,1966.236,-0.0237
mixed,16,2,0.125,4.0,1024,4096,4096,16384,5632,2218.176,3118.563,2207.585,-0.0118
mixed,16,2,0.125,4.0,1024,8192,128,512,176,2824.417,2857.187,2829.406,0.1522
mixed,16,2,0.125,4.0,1024,8192,256,1024,352,2837.858,2911.426,2839.679,0.0248
mixed,16,2,0.125,4.0,1024,8192,512,2048,704,2878.143,3004.13,2876.001,-0.017
mixed,16,2,0.125,4.0,1024,8192,1024,4096,1408,2945.825,3178.914,2936.416,-0.0404
mixed,16,2,0.125,4.0,1024,8192,2048,8192,2816,3064.097,3520.993,3066.275,0.0048
mixed,16,2,0.125,4.0,1024,8192,4096,16384,5632,3307.265,4218.942,3301.281,-0.0066
mixed,16,2,0.125,4.0,2048,0,128,512,176,1022.304,1059.647,1026.913,0.1234
mixed,16,2,0.125,4.0,2048,0,256,1024,352,1037.602,1109.952,1041.505,0.0539
mixed,16,2,0.125,4.0,2048,0,512,2048,704,1075.646,1200.867,1077.601,0.0156
mixed,16,2,0.125,4.0,2048,0,1024,4096,1408,1146.528,1373.695,1136.126,-0.0458
mixed,16,2,0.125,4.0,2048,0,2048,8192,2816,1265.536,1724.832,1261.759,-0.0082
mixed,16,2,0.125,4.0,2048,0,4096,16384,5632,1507.873,2421.282,1499.84,-0.0088
mixed,16,2,0.125,4.0,2048,512,128,512,176,1355.52,1391.455,1362.593,0.1968
mixed,16,2,0.125,4.0,2048,512,256,1024,352,1372.417,1441.312,1373.313,0.013
mixed,16,2,0.125,4.0,2048,512,512,2048,704,1411.23,1537.377,1413.728,0.0198
mixed,16,2,0.125,4.0,2048,512,1024,4096,1408,1478.462,1707.68,1470.336,-0.0355
mixed,16,2,0.125,4.0,2048,512,2048,8192,2816,1605.729,2059.97,1598.272,-0.0164
mixed,16,2,0.125,4.0,2048,512,4096,16384,5632,1843.81,2759.361,1831.105,-0.0139
mixed,16,2,0.125,4.0,2048,1024,128,512,176,1692.704,1732.673,1698.623,0.1481
mixed,16,2,0.125,4.0,2048,1024,256,1024,352,1714.656,1784.672,1706.527,-0.1161
mixed,16,2,0.125,4.0,2048,1024,512,2048,704,1749.381,1873.249,1751.295,0.0155
mixed,16,2,0.125,4.0,2048,1024,1024,4096,1408,1819.553,2047.297,1811.552,-0.0351
mixed,16,2,0.125,4.0,2048,1024,2048,8192,2816,1940.892,2404.642,1934.242,-0.0143
mixed,16,2,0.125,4.0,2048,1024,4096,16384,5632,2183.584,3082.113,2175.137,-0.0094
mixed,16,2,0.125,4.0,2048,2048,128,512,176,2244.35,2284.0,2252.161,0.197
mixed,16,2,0.125,4.0,2048,2048,256,1024,352,2260.483,2333.183,2263.23,0.0378
mixed,16,2,0.125,4.0,2048,2048,512,2048,704,2299.937,2420.001,2301.824,0.0157
mixed,16,2,0.125,4.0,2048,2048,1024,4096,1408,2369.473,2597.632,2358.144,-0.0497
mixed,16,2,0.125,4.0,2048,2048,2048,8192,2816,2489.472,2945.504,2484.129,-0.0117
mixed,16,2,0.125,4.0,2048,2048,4096,16384,5632,2728.77,3632.962,2721.412,-0.0081
mixed,16,2,0.125,4.0,2048,4096,128,512,176,3342.82,3377.343,3345.825,0.087
mixed,16,2,0.125,4.0,2048,4096,256,1024,352,3353.088,3426.082,3356.317,0.0442
mixed,16,2,0.125,4.0,2048,4096,512,2048,704,3394.05,3518.526,3398.88,0.0388
mixed,16,2,0.125,4.0,2048,4096,1024,4096,1408,3462.21,3689.599,3458.624,-0.0158
mixed,16,2,0.125,4.0,2048,4096,2048,8192,2816,3585.57,4048.035,3578.627,-0.015
mixed,16,2,0.125,4.0,2048,4096,4096,16384,5632,3829.888,4729.602,3820.227,-0.0107
mixed,16,2,0.125,4.0,2048,8192,128,512,176,5533.856,5570.782,5539.839,0.162
mixed,16,2,0.125,4.0,2048,8192,256,1024,352,5553.983,5618.818,5553.984,0.0
mixed,16,2,0.125,4.0,2048,8192,512,2048,704,5592.385,5716.61,5597.987,0.0451
mixed,16,2,0.125,4.0,2048,8192,1024,4096,1408,5656.608,5895.87,5649.407,-0.0301
mixed,16,2,0.125,4.0,2048,8192,2048,8192,2816,5780.158,6234.848,5776.962,-0.007
mixed,16,2,0.125,4.0,2048,8192,4096,16384,5632,6021.217,6934.529,6011.459,-0.0107
pure,16,3,0.1875,4.0,0,0,128,512,200,68.192,100.576,78.561,0.3202
pure,16,3,0.1875,4.0,0,0,256,1024,400,88.032,148.126,88.064,0.0005
pure,16,3,0.1875,4.0,0,0,512,2048,800,125.629,237.342,120.8,-0.0432
pure,16,3,0.1875,4.0,0,0,1024,4096,1600,194.626,416.031,191.36,-0.0148
pure,16,3,0.1875,4.0,0,0,2048,8192,3200,338.656,759.392,335.041,-0.0086
pure,16,3,0.1875,4.0,0,0,4096,16384,6400,609.824,1456.158,597.442,-0.0146
mixed,16,3,0.1875,4.0,16,0,128,512,200,89.728,120.831,98.404,0.2789
mixed,16,3,0.1875,4.0,16,0,256,1024,400,108.769,169.31,107.552,-0.0201
mixed,16,3,0.1875,4.0,16,0,512,2048,800,147.261,257.537,142.24,-0.0455
mixed,16,3,0.1875,4.0,16,0,1024,4096,1600,214.147,434.879,210.688,-0.0157
mixed,16,3,0.1875,4.0,16,0,2048,8192,3200,358.752,779.393,351.069,-0.0183
mixed,16,3,0.1875,4.0,16,0,4096,16384,6400,628.382,1480.415,616.607,-0.0138
mixed,16,3,0.1875,4.0,16,512,128,512,200,122.466,156.383,131.521,0.267
mixed,16,3,0.1875,4.0,16,512,256,1024,400,142.785,202.24,142.688,-0.0016
mixed,16,3,0.1875,4.0,16,512,512,2048,800,180.512,294.112,176.094,-0.0389
mixed,16,3,0.1875,4.0,16,512,1024,4096,1600,250.4,467.68,246.303,-0.0189
mixed,16,3,0.1875,4.0,16,512,2048,8192,3200,393.952,820.352,390.943,-0.0071
mixed,16,3,0.1875,4.0,16,512,4096,16384,6400,668.128,1505.44,654.719,-0.016
mixed,16,3,0.1875,4.0,16,1024,128,512,200,124.192,159.584,133.12,0.2523
mixed,16,3,0.1875,4.0,16,1024,256,1024,400,144.16,205.824,144.577,0.0068
mixed,16,3,0.1875,4.0,16,1024,512,2048,800,183.905,297.215,178.464,-0.048
mixed,16,3,0.1875,4.0,16,1024,1024,4096,1600,253.342,471.968,248.347,-0.0228
mixed,16,3,0.1875,4.0,16,1024,2048,8192,3200,398.591,814.368,388.129,-0.0252
mixed,16,3,0.1875,4.0,16,1024,4096,16384,6400,668.224,1500.769,660.736,-0.009
mixed,16,3,0.1875,4.0,16,2048,128,512,200,127.581,163.295,136.064,0.2375
mixed,16,3,0.1875,4.0,16,2048,256,1024,400,148.127,210.848,148.864,0.0118
mixed,16,3,0.1875,4.0,16,2048,512,2048,800,188.578,303.104,183.456,-0.0447
mixed,16,3,0.1875,4.0,16,2048,1024,4096,1600,258.688,478.496,255.905,-0.0127
mixed,16,3,0.1875,4.0,16,2048,2048,8192,3200,400.48,819.872,395.998,-0.0107
mixed,16,3,0.1875,4.0,16,2048,4096,16384,6400,668.927,1514.237,661.186,-0.0092
mixed,16,3,0.1875,4.0,16,4096,128,512,200,136.48,173.024,146.208,0.2662
mixed,16,3,0.1875,4.0,16,4096,256,1024,400,157.885,222.976,158.432,0.0084
mixed,16,3,0.1875,4.0,16,4096,512,2048,800,200.768,313.312,196.799,-0.0353
mixed,16,3,0.1875,4.0,16,4096,1024,4096,1600,271.135,490.943,267.777,-0.0153
mixed,16,3,0.1875,4.0,16,4096,2048,8192,3200,417.313,839.807,406.849,-0.0248
mixed,16,3,0.1875,4.0,16,4096,4096,16384,6400,688.223,1521.663,668.608,-0.0235
mixed,16,3,0.1875,4.0,16,8192,128,512,200,167.105,205.76,177.152,0.2599
mixed,16,3,0.1875,4.0,16,8192,256,1024,400,190.85,258.146,190.753,-0.0014
mixed,16,3,0.1875,4.0,16,8192,512,2048,800,235.423,348.64,232.45,-0.0263
mixed,16,3,0.1875,4.0,16,8192,1024,4096,1600,308.448,523.55,300.96,-0.0348
mixed,16,3,0.1875,4.0,16,8192,2048,8192,3200,446.208,872.224,442.206,-0.0094
mixed,16,3,0.1875,4.0,16,8192,4096,16384,6400,716.349,1566.912,708.222,-0.0096
mixed,16,3,0.1875,4.0,32,0,128,512,200,119.713,155.743,128.704,0.2495
mixed,16,3,0.1875,4.0,32,0,256,1024,400,142.465,204.575,140.514,-0.0314
mixed,16,3,0.1875,4.0,32,0,512,2048,800,181.793,298.144,177.918,-0.0333
mixed,16,3,0.1875,4.0,32,0,1024,4096,1600,252.162,479.103,247.039,-0.0226
mixed,16,3,0.1875,4.0,32,0,2048,8192,3200,397.599,816.479,388.541,-0.0216
mixed,16,3,0.1875,4.0,32,0,4096,16384,6400,667.457,1514.912,652.992,-0.0171
mixed,16,3,0.1875,4.0,32,512,128,512,200,144.032,181.536,152.479,0.2252
mixed,16,3,0.1875,4.0,32,512,256,1024,400,166.848,231.006,165.313,-0.0239
mixed,16,3,0.1875,4.0,32,512,512,2048,800,208.223,319.998,205.183,-0.0272
mixed,16,3,0.1875,4.0,32,512,1024,4096,1600,279.806,498.24,273.891,-0.0271
mixed,16,3,0.1875,4.0,32,512,2048,8192,3200,422.56,847.134,410.367,-0.0287
mixed,16,3,0.1875,4.0,32,512,4096,16384,6400,694.752,1540.255,679.167,-0.0184
mixed,16,3,0.1875,4.0,32,1024,128,512,200,145.535,183.584,154.147,0.2263
mixed,16,3,0.1875,4.0,32,1024,256,1024,400,169.118,234.177,168.959,-0.0024
mixed,16,3,0.1875,4.0,32,1024,512,2048,800,211.966,325.825,206.976,-0.0438
mixed,16,3,0.1875,4.0,32,1024,1024,4096,1600,284.064,504.929,276.796,-0.0329
mixed,16,3,0.1875,4.0,32,1024,2048,8192,3200,423.614,850.559,418.91,-0.011
mixed,16,3,0.1875,4.0,32,1024,4096,16384,6400,703.455,1542.592,679.297,-0.0288
mixed,16,3,0.1875,4.0,32,2048,128,512,200,152.672,191.232,159.552,0.1784
mixed,16,3,0.1875,4.0,32,2048,256,1024,400,176.127,242.235,173.44,-0.0406
mixed,16,3,0.1875,4.0,32,2048,512,2048,800,219.651,331.232,215.452,-0.0376
mixed,16,3,0.1875,4.0,32,2048,1024,4096,1600,290.461,506.24,287.072,-0.0157
mixed,16,3,0.1875,4.0,32,2048,2048,8192,3200,431.586,853.985,425.824,-0.0136
mixed,16,3,0.1875,4.0,32,2048,4096,16384,6400,711.264,1552.064,684.482,-0.0319
mixed,16,3,0.1875,4.0,32,4096,128,512,200,165.568,205.025,174.016,0.2141
mixed,16,3,0.1875,4.0,32,4096,256,1024,400,190.783,258.238,187.775,-0.0446
mixed,16,3,0.1875,4.0,32,4096,512,2048,800,234.019,348.736,230.72,-0.0288
mixed,16,3,0.1875,4.0,32,4096,1024,4096,1600,304.479,525.023,298.687,-0.0263
mixed,16,3,0.1875,4.0,32,4096,2048,8192,3200,449.057,865.985,441.248,-0.0187
mixed,16,3,0.1875,4.0,32,4096,4096,16384,6400,720.288,1564.351,714.272,-0.0071
mixed,16,3,0.1875,4.0,32,8192,128,512,200,258.75,299.008,267.167,0.2091
mixed,16,3,0.1875,4.0,32,8192,256,1024,400,286.43,351.135,283.744,-0.0415
mixed,16,3,0.1875,4.0,32,8192,512,2048,800,326.685,440.382,323.361,-0.0292
mixed,16,3,0.1875,4.0,32,8192,1024,4096,1600,394.625,617.215,397.024,0.0108
mixed,16,3,0.1875,4.0,32,8192,2048,8192,3200,536.735,971.999,530.494,-0.0143
mixed,16,3,0.1875,4.0,32,8192,4096,16384,6400,811.935,1662.272,803.934,-0.0094
mixed,16,3,0.1875,4.0,64,0,128,512,200,120.607,157.504,128.609,0.2169
mixed,16,3,0.1875,4.0,64,0,256,1024,400,142.785,206.816,141.888,-0.014
mixed,16,3,0.1875,4.0,64,0,512,2048,800,186.208,299.167,182.816,-0.03
mixed,16,3,0.1875,4.0,64,0,1024,4096,1600,256.256,471.68,251.712,-0.0211
mixed,16,3,0.1875,4.0,64,0,2048,8192,3200,399.712,822.784,396.925,-0.0066
mixed,16,3,0.1875,4.0,64,0,4096,16384,6400,672.96,1518.462,655.199,-0.021
mixed,16,3,0.1875,4.0,64,512,128,512,200,150.592,189.664,159.549,0.2292
mixed,16,3,0.1875,4.0,64,512,256,1024,400,175.426,241.086,173.181,-0.0342
mixed,16,3,0.1875,4.0,64,512,512,2048,800,220.096,331.552,214.912,-0.0465
mixed,16,3,0.1875,4.0,64,512,1024,4096,1600,289.124,510.401,285.567,-0.0161
mixed,16,3,0.1875,4.0,64,512,2048,8192,3200,434.048,859.296,429.152,-0.0115
mixed,16,3,0.1875,4.0,64,512,4096,16384,6400,707.328,1559.967,693.408,-0.0163
mixed,16,3,0.1875,4.0,64,1024,128,512,200,156.672,195.52,166.493,0.2528
mixed,16,3,0.1875,4.0,64,1024,256,1024,400,182.749,248.767,180.0,-0.0416
mixed,16,3,0.1875,4.0,64,1024,512,2048,800,225.887,342.143,222.817,-0.0264
mixed,16,3,0.1875,4.0,64,1024,1024,4096,1600,296.0,511.138,291.55,-0.0207
mixed,16,3,0.1875,4.0,64,1024,2048,8192,3200,441.471,856.414,431.136,-0.0249
mixed,16,3,0.1875,4.0,64,1024,4096,16384,6400,710.911,1553.761,698.944,-0.0142
mixed,16,3,0.1875,4.0,64,2048,128,512,200,167.424,205.311,173.439,0.1588
mixed,16,3,0.1875,4.0,64,2048,256,1024,400,190.562,259.902,189.055,-0.0217
mixed,16,3,0.1875,4.0,64,2048,512,2048,800,236.448,350.112,232.321,-0.0363
mixed,16,3,0.1875,4.0,64,2048,1024,4096,1600,309.12,525.826,302.782,-0.0292
mixed,16,3,0.1875,4.0,64,2048,2048,8192,3200,446.69,877.343,443.712,-0.0069
mixed,16,3,0.1875,4.0,64,2048,4096,16384,6400,720.32,1566.142,713.091,-0.0085
mixed,16,3,0.1875,4.0,64,4096,128,512,200,245.597,283.39,251.519,0.1567
mixed,16,3,0.1875,4.0,64,4096,256,1024,400,269.566,333.822,269.313,-0.0039
mixed,16,3,0.1875,4.0,64,4096,512,2048,800,312.479,426.048,308.575,-0.0344
mixed,16,3,0.1875,4.0,64,4096,1024,4096,1600,383.519,606.497,376.671,-0.0307
mixed,16,3,0.1875,4.0,64,4096,2048,8192,3200,524.992,949.216,518.848,-0.0145
mixed,16,3,0.1875,4.0,64,4096,4096,16384,6400,800.319,1638.494,787.807,-0.0149
mixed,16,3,0.1875,4.0,64,8192,128,512,200,326.688,362.719,333.312,0.1838
mixed,16,3,0.1875,4.0,64,8192,256,1024,400,350.593,415.135,349.088,-0.0233
mixed,16,3,0.1875,4.0,64,8192,512,2048,800,394.785,503.2,389.31,-0.0505
mixed,16,3,0.1875,4.0,64,8192,1024,4096,1600,461.984,685.28,457.278,-0.0211
mixed,16,3,0.1875,4.0,64,8192,2048,8192,3200,610.686,1032.831,600.577,-0.0239
mixed,16,3,0.1875,4.0,64,8192,4096,16384,6400,879.198,1746.081,866.176,-0.015
mixed,16,3,0.1875,4.0,128,0,128,512,200,130.272,163.456,139.168,0.2681
mixed,16,3,0.1875,4.0,128,0,256,1024,400,151.136,213.216,150.144,-0.016
mixed,16,3,0.1875,4.0,128,0,512,2048,800,192.896,305.729,186.336,-0.0581
mixed,16,3,0.1875,4.0,128,0,1024,4096,1600,259.967,479.168,254.881,-0.0232
mixed,16,3,0.1875,4.0,128,0,2048,8192,3200,402.559,838.753,399.839,-0.0062
mixed,16,3,0.1875,4.0,128,0,4096,16384,6400,672.575,1527.905,670.753,-0.0021
mixed,16,3,0.1875,4.0,128,512,128,512,200,166.753,206.048,175.232,0.2158
mixed,16,3,0.1875,4.0,128,512,256,1024,400,190.913,260.384,190.529,-0.0055
mixed,16,3,0.1875,4.0,128,512,512,2048,800,237.346,350.464,232.831,-0.0399
mixed,16,3,0.1875,4.0,128,512,1024,4096,1600,307.394,527.584,301.343,-0.0275
mixed,16,3,0.1875,4.0,128,512,2048,8192,3200,450.974,872.062,446.72,-0.0101
mixed,16,3,0.1875,4.0,128,512,4096,16384,6400,724.511,1584.671,707.201,-0.0201
mixed,16,3,0.1875,4.0,128,1024,128,512,200,173.443,213.473,182.367,0.2229
mixed,16,3,0.1875,4.0,128,1024,256,1024,400,200.064,267.135,198.43,-0.0244
mixed,16,3,0.1875,4.0,128,1024,512,2048,800,245.12,359.742,240.544,-0.0399
mixed,16,3,0.1875,4.0,128,1024,1024,4096,1600,316.863,537.087,311.71,-0.0234
mixed,16,3,0.1875,4.0,128,1024,2048,8192,3200,457.887,880.64,456.161,-0.0041
mixed,16,3,0.1875,4.0,128,1024,4096,16384,6400,729.76,1572.283,712.256,-0.0208
mixed,16,3,0.1875,4.0,128,2048,128,512,200,249.215,286.496,259.777,0.2833
mixed,16,3,0.1875,4.0,128,2048,256,1024,400,271.999,342.337,275.137,0.0446
mixed,16,3,0.1875,4.0,128,2048,512,2048,800,317.759,430.052,312.029,-0.051
mixed,16,3,0.1875,4.0,128,2048,1024,4096,1600,387.714,604.285,380.06,-0.0353
mixed,16,3,0.1875,4.0,128,2048,2048,8192,3200,538.333,957.211,522.752,-0.0372
mixed,16,3,0.1875,4.0,128,2048,4096,16384,6400,812.285,1643.103,792.703,-0.0236
mixed,16,3,0.1875,4.0,128,4096,128,512,200,332.288,368.575,338.561,0.1729
mixed,16,3,0.1875,4.0,128,4096,256,1024,400,353.438,418.655,350.175,-0.05
mixed,16,3,0.1875,4.0,128,4096,512,2048,800,398.719,507.106,391.104,-0.0703
mixed,16,3,0.1875,4.0,128,4096,1024,4096,1600,465.185,686.497,462.625,-0.0116
mixed,16,3,0.1875,4.0,128,4096,2048,8192,3200,611.424,1032.864,605.565,-0.0139
mixed,16,3,0.1875,4.0,128,4096,4096,16384,6400,890.464,1719.454,862.301,-0.034
mixed,16,3,0.1875,4.0,128,8192,128,512,200,476.096,513.792,482.337,0.1656
mixed,16,3,0.1875,4.0,128,8192,256,1024,400,500.991,567.999,499.198,-0.0268
mixed,16,3,0.1875,4.0,128,8192,512,2048,800,543.328,653.376,537.888,-0.0494
mixed,16,3,0.1875,4.0,128,8192,1024,4096,1600,615.585,834.722,606.623,-0.0409
mixed,16,3,0.1875,4.0,128,8192,2048,8192,3200,758.174,1175.358,748.222,-0.0239
mixed,16,3,0.1875,4.0,128,8192,4096,16384,6400,1028.191,1872.029,1025.409,-0.0033
mixed,16,3,0.1875,4.0,256,0,128,512,200,189.664,228.255,198.658,0.2331
mixed,16,3,0.1875,4.0,256,0,256,1024,400,215.714,282.815,212.609,-0.0463
mixed,16,3,0.1875,4.0,256,0,512,2048,800,259.04,374.268,255.935,-0.0269
mixed,16,3,0.1875,4.0,256,0,1024,4096,1600,333.055,546.941,324.608,-0.0395
mixed,16,3,0.1875,4.0,256,0,2048,8192,3200,473.822,900.095,466.463,-0.0173
mixed,16,3,0.1875,4.0,256,0,4096,16384,6400,747.424,1588.865,733.377,-0.0167
mixed,16,3,0.1875,4.0,256,512,128,512,200,255.36,295.903,264.636,0.2288
mixed,16,3,0.1875,4.0,256,512,256,1024,400,281.824,350.017,281.375,-0.0066
mixed,16,3,0.1875,4.0,256,512,512,2048,800,326.336,437.182,323.36,-0.0268
mixed,16,3,0.1875,4.0,256,512,1024,4096,1600,398.016,617.728,388.608,-0.0428
mixed,16,3,0.1875,4.0,256,512,2048,8192,3200,542.783,965.663,533.056,-0.023
mixed,16,3,0.1875,4.0,256,512,4096,16384,6400,811.807,1670.175,798.491,-0.0155
mixed,16,3,0.1875,4.0,256,1024,128,512,200,311.935,350.396,320.033,0.2106
mixed,16,3,0.1875,4.0,256,1024,256,1024,400,336.096,405.024,334.402,-0.0246
mixed,16,3,0.1875,4.0,256,1024,512,2048,800,378.88,491.392,374.813,-0.0361
mixed,16,3,0.1875,4.0,256,1024,1024,4096,1600,450.62,667.871,445.536,-0.0234
mixed,16,3,0.1875,4.0,256,1024,2048,8192,3200,592.768,1018.108,585.056,-0.0181
mixed,16,3,0.1875,4.0,256,1024,4096,16384,6400,875.297,1708.093,852.321,-0.0276
mixed,16,3,0.1875,4.0,256,2048,128,512,200,348.542,387.872,357.983,0.24
mixed,16,3,0.1875,4.0,256,2048,256,1024,400,370.943,437.087,372.161,0.0184
mixed,16,3,0.1875,4.0,256,2048,512,2048,800,417.537,529.79,413.022,-0.0402
mixed,16,3,0.1875,4.0,256,2048,1024,4096,1600,484.607,706.688,481.024,-0.0161
mixed,16,3,0.1875,4.0,256,2048,2048,8192,3200,627.391,1048.384,620.736,-0.0158
mixed,16,3,0.1875,4.0,256,2048,4096,16384,6400,904.48,1743.421,891.998,-0.0149
mixed,16,3,0.1875,4.0,256,4096,128,512,200,494.112,531.422,500.573,0.1732
mixed,16,3,0.1875,4.0,256,4096,256,1024,400,518.784,582.077,516.606,-0.0344
mixed,16,3,0.1875,4.0,256,4096,512,2048,800,559.967,675.232,555.775,-0.0364
mixed,16,3,0.1875,4.0,256,4096,1024,4096,1600,627.998,847.265,625.087,-0.0133
mixed,16,3,0.1875,4.0,256,4096,2048,8192,3200,775.07,1199.422,767.423,-0.018
mixed,16,3,0.1875,4.0,256,4096,4096,16384,6400,1039.326,1897.854,1030.973,-0.0097
mixed,16,3,0.1875,4.0,256,8192,128,512,200,739.712,776.673,748.16,0.2286
mixed,16,3,0.1875,4.0,256,8192,256,1024,400,764.287,827.617,762.464,-0.0288
mixed,16,3,0.1875,4.0,256,8192,512,2048,800,806.302,919.294,801.087,-0.0462
mixed,16,3,0.1875,4.0,256,8192,1024,4096,1600,876.863,1097.982,871.646,-0.0236
mixed,16,3,0.1875,4.0,256,8192,2048,8192,3200,1019.452,1439.136,1018.142,-0.0031
mixed,16,3,0.1875,4.0,256,8192,4096,16384,6400,1292.094,2139.866,1274.654,-0.0206
mixed,16,3,0.1875,4.0,512,0,128,512,200,309.245,348.255,312.799,0.0911
mixed,16,3,0.1875,4.0,512,0,256,1024,400,333.214,396.544,330.782,-0.0384
mixed,16,3,0.1875,4.0,512,0,512,2048,800,379.648,487.52,372.095,-0.07
mixed,16,3,0.1875,4.0,512,0,1024,4096,1600,444.927,668.446,441.056,-0.0173
mixed,16,3,0.1875,4.0,512,0,2048,8192,3200,587.007,1017.277,582.176,-0.0112
mixed,16,3,0.1875,4.0,512,0,4096,16384,6400,860.767,1710.081,852.353,-0.0099
mixed,16,3,0.1875,4.0,512,512,128,512,200,382.816,421.374,389.471,0.1726
mixed,16,3,0.1875,4.0,512,512,256,1024,400,406.398,471.747,404.832,-0.024
mixed,16,3,0.1875,4.0,512,512,512,2048,800,450.205,565.758,445.568,-0.0401
mixed,16,3,0.1875,4.0,512,512,1024,4096,1600,518.53,734.878,513.024,-0.0254
mixed,16,3,0.1875,4.0,512,512,2048,8192,3200,662.015,1087.904,655.647,-0.015
mixed,16,3,0.1875,4.0,512,512,4096,16384,6400,932.159,1779.55,920.35,-0.0139
mixed,16,3,0.1875,4.0,512,1024,128,512,200,450.335,487.677,457.631,0.1954
mixed,16,3,0.1875,4.0,512,1024,256,1024,400,472.992,539.487,472.671,-0.0048
mixed,16,3,0.1875,4.0,512,1024,512,2048,800,517.598,627.614,511.517,-0.0553
mixed,16,3,0.1875,4.0,512,1024,1024,4096,1600,588.733,805.95,586.241,-0.0115
mixed,16,3,0.1875,4.0,512,1024,2048,8192,3200,726.209,1145.885,722.174,-0.0096
mixed,16,3,0.1875,4.0,512,1024,4096,16384,6400,1005.755,1845.565,995.361,-0.0124
mixed,16,3,0.1875,4.0,512,2048,128,512,200,596.127,631.487,600.639,0.1276
mixed,16,3,0.1875,4.0,512,2048,256,1024,400,618.656,684.606,617.728,-0.0141
mixed,16,3,0.1875,4.0,512,2048,512,2048,800,661.089,778.14,657.569,-0.0301
mixed,16,3,0.1875,4.0,512,2048,1024,4096,1600,732.923,949.758,722.496,-0.0481
mixed,16,3,0.1875,4.0,512,2048,2048,8192,3200,875.006,1294.303,870.62,-0.0105
mixed,16,3,0.1875,4.0,512,2048,4096,16384,6400,1152.959,1993.47,1128.381,-0.0292
mixed,16,3,0.1875,4.0,512,4096,128,512,200,872.799,910.431,879.967,0.1905
mixed,16,3,0.1875,4.0,512,4096,256,1024,400,896.319,961.501,896.638,0.0049
mixed,16,3,0.1875,4.0,512,4096,512,2048,800,937.79,1050.046,935.651,-0.0191
mixed,16,3,0.1875,4.0,512,4096,1024,4096,1600,1009.182,1231.356,1001.823,-0.0331
mixed,16,3,0.1875,4.0,512,4096,2048,8192,3200,1152.99,1574.237,1144.034,-0.0213
mixed,16,3,0.1875,4.0,512,4096,4096,16384,6400,1433.502,2276.191,1411.903,-0.0256
mixed,16,3,0.1875,4.0,512,8192,128,512,200,1424.511,1464.702,1428.318,0.0947
mixed,16,3,0.1875,4.0,512,8192,256,1024,400,1449.213,1514.238,1444.8,-0.0679
mixed,16,3,0.1875,4.0,512,8192,512,2048,800,1490.462,1604.444,1487.647,-0.0247
mixed,16,3,0.1875,4.0,512,8192,1024,4096,1600,1560.38,1778.719,1556.895,-0.016
mixed,16,3,0.1875,4.0,512,8192,2048,8192,3200,1704.861,2127.454,1701.149,-0.0088
mixed,16,3,0.1875,4.0,512,8192,4096,16384,6400,1975.454,2813.853,1961.76,-0.0163
mixed,16,3,0.1875,4.0,1024,0,128,512,200,563.617,601.406,568.063,0.1177
mixed,16,3,0.1875,4.0,1024,0,256,1024,400,586.208,654.079,584.16,-0.0302
mixed,16,3,0.1875,4.0,1024,0,512,2048,800,629.121,741.695,626.175,-0.0262
mixed,16,3,0.1875,4.0,1024,0,1024,4096,1600,696.255,920.704,696.189,-0.0003
mixed,16,3,0.1875,4.0,1024,0,2048,8192,3200,841.407,1264.478,832.319,-0.0215
mixed,16,3,0.1875,4.0,1024,0,4096,16384,6400,1111.294,1957.788,1100.286,-0.013
mixed,16,3,0.1875,4.0,1024,512,128,512,200,739.393,778.173,748.639,0.2384
mixed,16,3,0.1875,4.0,1024,512,256,1024,400,764.575,827.744,764.03,-0.0086
mixed,16,3,0.1875,4.0,1024,512,512,2048,800,807.103,919.71,802.302,-0.0426
mixed,16,3,0.1875,4.0,1024,512,1024,4096,1600,875.712,1097.757,868.191,-0.0339
mixed,16,3,0.1875,4.0,1024,512,2048,8192,3200,1021.695,1448.927,1011.136,-0.0247
mixed,16,3,0.1875,4.0,1024,512,4096,16384,6400,1292.733,2130.78,1281.757,-0.0131
mixed,16,3,0.1875,4.0,1024,1024,128,512,200,901.117,937.215,904.061,0.0816
mixed,16,3,0.1875,4.0,1024,1024,256,1024,400,920.673,985.985,920.447,-0.0035
mixed,16,3,0.1875,4.0,1024,1024,512,2048,800,963.871,1077.248,956.478,-0.0652
mixed,16,3,0.1875,4.0,1024,1024,1024,4096,1600,1033.63,1257.408,1028.641,-0.0223
mixed,16,3,0.1875,4.0,1024,1024,2048,8192,3200,1176.128,1597.853,1174.11,-0.0048
mixed,16,3,0.1875,4.0,1024,1024,4096,16384,6400,1447.068,2295.839,1437.436,-0.0113
mixed,16,3,0.1875,4.0,1024,2048,128,512,200,1177.63,1212.287,1178.974,0.0388
mixed,16,3,0.1875,4.0,1024,2048,256,1024,400,1197.664,1264.924,1195.23,-0.0362
mixed,16,3,0.1875,4.0,1024,2048,512,2048,800,1241.567,1355.517,1237.374,-0.0368
mixed,16,3,0.1875,4.0,1024,2048,1024,4096,1600,1312.831,1531.231,1305.116,-0.0353
mixed,16,3,0.1875,4.0,1024,2048,2048,8192,3200,1455.167,1875.674,1442.972,-0.029
mixed,16,3,0.1875,4.0,1024,2048,4096,16384,6400,1733.566,2570.429,1708.029,-0.0305
mixed,16,3,0.1875,4.0,1024,4096,128,512,200,1730.527,1766.396,1733.501,0.0829
mixed,16,3,0.1875,4.0,1024,4096,256,1024,400,1750.912,1815.451,1746.46,-0.069
mixed,16,3,0.1875,4.0,1024,4096,512,2048,800,1797.597,1900.637,1791.962,-0.0547
mixed,16,3,0.1875,4.0,1024,4096,1024,4096,1600,1864.672,2088.893,1857.368,-0.0326
mixed,16,3,0.1875,4.0,1024,4096,2048,8192,3200,2008.221,2436.761,1998.396,-0.0229
mixed,16,3,0.1875,4.0,1024,4096,4096,16384,6400,2281.661,3133.85,2263.003,-0.0219
mixed,16,3,0.1875,4.0,1024,8192,128,512,200,2819.261,2859.613,2829.595,0.2561
mixed,16,3,0.1875,4.0,1024,8192,256,1024,400,2845.851,2910.205,2845.339,-0.008
mixed,16,3,0.1875,4.0,1024,8192,512,2048,800,2888.922,3002.718,2887.613,-0.0115
mixed,16,3,0.1875,4.0,1024,8192,1024,4096,1600,2959.996,3173.277,2957.212,-0.0131
mixed,16,3,0.1875,4.0,1024,8192,2048,8192,3200,3102.557,3526.266,3094.138,-0.0199
mixed,16,3,0.1875,4.0,1024,8192,4096,16384,6400,3381.593,4228.119,3359.739,-0.0258
mixed,16,3,0.1875,4.0,2048,0,128,512,200,1021.985,1057.311,1024.769,0.0788
mixed,16,3,0.1875,4.0,2048,0,256,1024,400,1044.574,1110.398,1042.878,-0.0258
mixed,16,3,0.1875,4.0,2048,0,512,2048,800,1090.014,1199.84,1083.682,-0.0577
mixed,16,3,0.1875,4.0,2048,0,1024,4096,1600,1154.56,1381.278,1151.775,-0.0123
mixed,16,3,0.1875,4.0,2048,0,2048,8192,3200,1304.798,1735.87,1294.655,-0.0235
mixed,16,3,0.1875,4.0,2048,0,4096,16384,6400,1576.029,2440.54,1561.215,-0.0171
mixed,16,3,0.1875,4.0,2048,512,128,512,200,1352.831,1391.709,1359.261,0.1654
mixed,16,3,0.1875,4.0,2048,512,256,1024,400,1379.74,1443.71,1379.038,-0.011
mixed,16,3,0.1875,4.0,2048,512,512,2048,800,1423.775,1534.591,1418.973,-0.0433
mixed,16,3,0.1875,4.0,2048,512,1024,4096,1600,1494.556,1713.019,1487.867,-0.0306
mixed,16,3,0.1875,4.0,2048,512,2048,8192,3200,1639.421,2061.344,1625.437,-0.0331
mixed,16,3,0.1875,4.0,2048,512,4096,16384,6400,1903.423,2749.785,1890.109,-0.0157
mixed,16,3,0.1875,4.0,2048,1024,128,512,200,1694.045,1728.253,1697.343,0.0964
mixed,16,3,0.1875,4.0,2048,1024,256,1024,400,1717.884,1780.765,1716.095,-0.0285
mixed,16,3,0.1875,4.0,2048,1024,512,2048,800,1759.069,1876.859,1754.206,-0.0413
mixed,16,3,0.1875,4.0,2048,1024,1024,4096,1600,1829.405,2047.294,1823.869,-0.0254
mixed,16,3,0.1875,4.0,2048,1024,2048,8192,3200,1974.363,2395.133,1966.363,-0.019
mixed,16,3,0.1875,4.0,2048,1024,4096,16384,6400,2251.902,3087.032,2230.783,-0.0253
mixed,16,3,0.1875,4.0,2048,2048,128,512,200,2244.252,2280.605,2249.853,0.1541
mixed,16,3,0.1875,4.0,2048,2048,256,1024,400,2267.161,2330.589,2267.099,-0.001
mixed,16,3,0.1875,4.0,2048,2048,512,2048,800,2309.66,2428.314,2303.899,-0.0486
mixed,16,3,0.1875,4.0,2048,2048,1024,4096,1600,2380.253,2600.412,2375.672,-0.0208
mixed,16,3,0.1875,4.0,2048,2048,2048,8192,3200,2529.917,2939.869,2523.166,-0.0165
mixed,16,3,0.1875,4.0,2048,2048,4096,16384,6400,2805.179,3650.715,2785.501,-0.0233
mixed,16,3,0.1875,4.0,2048,4096,128,512,200,3339.995,3379.61,3347.836,0.1979
mixed,16,3,0.1875,4.0,2048,4096,256,1024,400,3361.981,3428.537,3358.585,-0.051
mixed,16,3,0.1875,4.0,2048,4096,512,2048,800,3407.706,3517.915,3401.978,-0.052
mixed,16,3,0.1875,4.0,2048,4096,1024,4096,1600,3475.29,3699.642,3475.065,-0.001
mixed,16,3,0.1875,4.0,2048,4096,2048,8192,3200,3616.854,4045.465,3610.136,-0.0157
mixed,16,3,0.1875,4.0,2048,4096,4096,16384,6400,3887.225,4735.995,3880.574,-0.0078
mixed,16,3,0.1875,4.0,2048,8192,128,512,200,5535.384,5581.14,5543.51,0.1776
mixed,16,3,0.1875,4.0,2048,8192,256,1024,400,5554.835,5627.189,5562.135,0.1009
mixed,16,3,0.1875,4.0,2048,8192,512,2048,800,5605.073,5710.486,5592.886,-0.1156
mixed,16,3,0.1875,4.0,2048,8192,1024,4096,1600,5674.609,5895.156,5665.331,-0.0421
mixed,16,3,0.1875,4.0,2048,8192,2048,8192,3200,5812.088,6249.529,5805.012,-0.0162
mixed,16,3,0.1875,4.0,2048,8192,4096,16384,6400,6094.42,6944.473,6081.335,-0.0154
pure,16,4,0.25,4.0,0,0,128,512,224,69.761,101.119,79.614,0.3142
pure,16,4,0.25,4.0,0,0,256,1024,448,90.463,148.063,91.232,0.0134
pure,16,4,0.25,4.0,0,0,512,2048,896,136.8,238.784,137.28,0.0047
pure,16,4,0.25,4.0,0,0,1024,4096,1792,216.608,413.983,215.521,-0.0055
pure,16,4,0.25,4.0,0,0,2048,8192,3584,371.263,759.23,382.399,0.0287
pure,16,4,0.25,4.0,0,0,4096,16384,7168,672.512,1450.751,669.63,-0.0037
mixed,16,4,0.25,4.0,16,0,128,512,224,89.919,122.206,100.032,0.3132
mixed,16,4,0.25,4.0,16,0,256,1024,448,111.647,168.896,112.161,0.009
mixed,16,4,0.25,4.0,16,0,512,2048,896,157.918,260.031,158.977,0.0104
mixed,16,4,0.25,4.0,16,0,1024,4096,1792,236.48,438.88,235.809,-0.0033
mixed,16,4,0.25,4.0,16,0,2048,8192,3584,394.653,782.557,392.8,-0.0048
mixed,16,4,0.25,4.0,16,0,4096,16384,7168,698.685,1482.557,705.757,0.009
mixed,16,4,0.25,4.0,16,512,128,512,224,123.008,155.904,133.983,0.3336
mixed,16,4,0.25,4.0,16,512,256,1024,448,145.984,203.233,146.176,0.0034
mixed,16,4,0.25,4.0,16,512,512,2048,896,191.713,296.128,194.046,0.0223
mixed,16,4,0.25,4.0,16,512,1024,4096,1792,271.806,471.455,272.031,0.0011
mixed,16,4,0.25,4.0,16,512,2048,8192,3584,431.072,816.702,427.617,-0.009
mixed,16,4,0.25,4.0,16,512,4096,16384,7168,734.815,1503.068,737.565,0.0036
mixed,16,4,0.25,4.0,16,1024,128,512,224,124.545,158.462,134.206,0.2848
mixed,16,4,0.25,4.0,16,1024,256,1024,448,147.874,206.463,148.769,0.0153
mixed,16,4,0.25,4.0,16,1024,512,2048,896,195.711,296.03,197.024,0.0131
mixed,16,4,0.25,4.0,16,1024,1024,4096,1792,273.407,470.721,275.935,0.0128
mixed,16,4,0.25,4.0,16,1024,2048,8192,3584,433.535,820.189,435.392,0.0048
mixed,16,4,0.25,4.0,16,1024,4096,16384,7168,741.087,1511.58,732.22,-0.0115
mixed,16,4,0.25,4.0,16,2048,128,512,224,127.551,162.749,137.217,0.2746
mixed,16,4,0.25,4.0,16,2048,256,1024,448,151.808,212.512,151.711,-0.0016
mixed,16,4,0.25,4.0,16,2048,512,2048,896,200.383,298.462,200.0,-0.0039
mixed,16,4,0.25,4.0,16,2048,1024,4096,1792,279.646,475.806,279.391,-0.0013
mixed,16,4,0.25,4.0,16,2048,2048,8192,3584,433.214,825.247,437.692,0.0114
mixed,16,4,0.25,4.0,16,2048,4096,16384,7168,737.282,1520.317,750.111,0.0164
mixed,16,4,0.25,4.0,16,4096,128,512,224,136.735,174.175,147.264,0.2812
mixed,16,4,0.25,4.0,16,4096,256,1024,448,161.696,224.416,162.08,0.0061
mixed,16,4,0.25,4.0,16,4096,512,2048,896,212.448,312.032,210.464,-0.0199
mixed,16,4,0.25,4.0,16,4096,1024,4096,1792,290.879,494.591,290.593,-0.0014
mixed,16,4,0.25,4.0,16,4096,2048,8192,3584,449.823,838.142,448.671,-0.003
mixed,16,4,0.25,4.0,16,4096,4096,16384,7168,756.445,1530.429,750.301,-0.0079
mixed,16,4,0.25,4.0,16,8192,128,512,224,167.997,206.368,178.816,0.282
mixed,16,4,0.25,4.0,16,8192,256,1024,448,194.88,257.824,196.959,0.033
mixed,16,4,0.25,4.0,16,8192,512,2048,896,247.904,348.671,246.4,-0.0149
mixed,16,4,0.25,4.0,16,8192,1024,4096,1792,324.063,525.057,326.11,0.0102
mixed,16,4,0.25,4.0,16,8192,2048,8192,3584,482.973,872.061,486.365,0.0087
mixed,16,4,0.25,4.0,16,8192,4096,16384,7168,782.206,1567.036,793.404,0.0143
mixed,16,4,0.25,4.0,32,0,128,512,224,120.576,155.232,131.039,0.3019
mixed,16,4,0.25,4.0,32,0,256,1024,448,145.248,204.162,144.322,-0.0157
mixed,16,4,0.25,4.0,32,0,512,2048,896,194.688,296.768,191.839,-0.0279
mixed,16,4,0.25,4.0,32,0,1024,4096,1792,272.287,472.927,270.719,-0.0078
mixed,16,4,0.25,4.0,32,0,2048,8192,3584,429.66,814.845,428.513,-0.003
mixed,16,4,0.25,4.0,32,0,4096,16384,7168,730.718,1512.125,730.977,0.0003
mixed,16,4,0.25,4.0,32,512,128,512,224,145.053,181.791,156.0,0.298
mixed,16,4,0.25,4.0,32,512,256,1024,448,171.265,231.072,171.745,0.008
mixed,16,4,0.25,4.0,32,512,512,2048,896,218.429,320.285,219.871,0.0142
mixed,16,4,0.25,4.0,32,512,1024,4096,1792,299.581,498.335,300.832,0.0063
mixed,16,4,0.25,4.0,32,512,2048,8192,3584,462.59,839.419,460.096,-0.0066
mixed,16,4,0.25,4.0,32,512,4096,16384,7168,760.829,1534.173,758.686,-0.0028
mixed,16,4,0.25,4.0,32,1024,128,512,224,146.624,182.145,156.639,0.2819
mixed,16,4,0.25,4.0,32,1024,256,1024,448,172.927,233.279,173.248,0.0053
mixed,16,4,0.25,4.0,32,1024,512,2048,896,221.312,323.552,220.0,-0.0128
mixed,16,4,0.25,4.0,32,1024,1024,4096,1792,300.063,503.425,303.132,0.0151
mixed,16,4,0.25,4.0,32,1024,2048,8192,3584,454.27,842.495,461.727,0.0192
mixed,16,4,0.25,4.0,32,1024,4096,16384,7168,766.241,1532.701,760.765,-0.0071
mixed,16,4,0.25,4.0,32,2048,128,512,224,153.342,192.159,163.872,0.2713
mixed,16,4,0.25,4.0,32,2048,256,1024,448,180.224,241.44,179.838,-0.0063
mixed,16,4,0.25,4.0,32,2048,512,2048,896,230.56,329.761,229.504,-0.0106
mixed,16,4,0.25,4.0,32,2048,1024,4096,1792,310.881,507.712,309.375,-0.0077
mixed,16,4,0.25,4.0,32,2048,2048,8192,3584,467.615,850.21,465.855,-0.0046
mixed,16,4,0.25,4.0,32,2048,4096,16384,7168,768.414,1541.758,775.678,0.0094
mixed,16,4,0.25,4.0,32,4096,128,512,224,165.44,204.444,175.745,0.2642
mixed,16,4,0.25,4.0,32,4096,256,1024,448,193.279,259.008,193.568,0.0044
mixed,16,4,0.25,4.0,32,4096,512,2048,896,244.672,348.129,246.656,0.0192
mixed,16,4,0.25,4.0,32,4096,1024,4096,1792,326.238,518.944,326.078,-0.0008
mixed,16,4,0.25,4.0,32,4096,2048,8192,3584,480.287,867.644,481.278,0.0026
mixed,16,4,0.25,4.0,32,4096,4096,16384,7168,786.141,1553.246,788.061,0.0025
mixed,16,4,0.25,4.0,32,8192,128,512,224,261.503,302.208,272.417,0.2681
mixed,16,4,0.25,4.0,32,8192,256,1024,448,290.846,352.287,289.055,-0.0291
mixed,16,4,0.25,4.0,32,8192,512,2048,896,340.413,436.736,340.349,-0.0007
mixed,16,4,0.25,4.0,32,8192,1024,4096,1792,422.305,611.007,419.136,-0.0168
mixed,16,4,0.25,4.0,32,8192,2048,8192,3584,577.118,961.022,573.565,-0.0093
mixed,16,4,0.25,4.0,32,8192,4096,16384,7168,874.558,1657.245,888.51,0.0178
mixed,16,4,0.25,4.0,64,0,128,512,224,120.828,157.952,130.367,0.2569
mixed,16,4,0.25,4.0,64,0,256,1024,448,145.407,208.353,147.552,0.0341
mixed,16,4,0.25,4.0,64,0,512,2048,896,197.79,298.208,197.022,-0.0076
mixed,16,4,0.25,4.0,64,0,1024,4096,1792,278.686,477.213,277.056,-0.0082
mixed,16,4,0.25,4.0,64,0,2048,8192,3584,432.927,826.464,435.774,0.0072
mixed,16,4,0.25,4.0,64,0,4096,16384,7168,735.935,1513.533,734.559,-0.0018
mixed,16,4,0.25,4.0,64,512,128,512,224,151.617,188.991,161.664,0.2688
mixed,16,4,0.25,4.0,64,512,256,1024,448,178.85,241.536,178.626,-0.0036
mixed,16,4,0.25,4.0,64,512,512,2048,896,229.537,334.016,230.304,0.0073
mixed,16,4,0.25,4.0,64,512,1024,4096,1792,312.192,515.52,309.888,-0.0113
mixed,16,4,0.25,4.0,64,512,2048,8192,3584,467.712,852.478,471.743,0.0105
mixed,16,4,0.25,4.0,64,512,4096,16384,7168,771.296,1542.171,772.864,0.002
mixed,16,4,0.25,4.0,64,1024,128,512,224,159.137,195.872,167.777,0.2352
mixed,16,4,0.25,4.0,64,1024,256,1024,448,184.194,247.874,185.951,0.0276
mixed,16,4,0.25,4.0,64,1024,512,2048,896,235.358,339.202,236.417,0.0102
mixed,16,4,0.25,4.0,64,1024,1024,4096,1792,317.632,522.14,317.506,-0.0006
mixed,16,4,0.25,4.0,64,1024,2048,8192,3584,475.777,865.789,476.256,0.0012
mixed,16,4,0.25,4.0,64,1024,4096,16384,7168,779.582,1563.55,778.943,-0.0008
mixed,16,4,0.25,4.0,64,2048,128,512,224,167.777,205.215,176.131,0.2231
mixed,16,4,0.25,4.0,64,2048,256,1024,448,195.424,259.871,194.4,-0.0159
mixed,16,4,0.25,4.0,64,2048,512,2048,896,247.966,354.112,247.136,-0.0078
mixed,16,4,0.25,4.0,64,2048,1024,4096,1792,326.301,524.381,330.302,0.0202
mixed,16,4,0.25,4.0,64,2048,2048,8192,3584,484.064,873.308,488.192,0.0106
mixed,16,4,0.25,4.0,64,2048,4096,16384,7168,803.102,1590.845,788.572,-0.0184
mixed,16,4,0.25,4.0,64,4096,128,512,224,245.601,282.559,254.143,0.2311
mixed,16,4,0.25,4.0,64,4096,256,1024,448,273.76,335.039,272.512,-0.0204
mixed,16,4,0.25,4.0,64,4096,512,2048,896,322.495,423.166,324.13,0.0162
mixed,16,4,0.25,4.0,64,4096,1024,4096,1792,404.126,603.104,404.222,0.0005
mixed,16,4,0.25,4.0,64,4096,2048,8192,3584,559.868,947.455,560.639,0.002
mixed,16,4,0.25,4.0,64,4096,4096,16384,7168,862.461,1646.716,870.942,0.0108
mixed,16,4,0.25,4.0,64,8192,128,512,224,326.785,365.15,336.258,0.2469
mixed,16,4,0.25,4.0,64,8192,256,1024,448,352.222,413.726,354.685,0.04
mixed,16,4,0.25,4.0,64,8192,512,2048,896,403.232,504.51,404.895,0.0164
mixed,16,4,0.25,4.0,64,8192,1024,4096,1792,485.119,682.847,485.026,-0.0005
mixed,16,4,0.25,4.0,64,8192,2048,8192,3584,639.904,1024.991,642.046,0.0056
mixed,16,4,0.25,4.0,64,8192,4096,16384,7168,943.709,1722.462,942.814,-0.0011
mixed,16,4,0.25,4.0,128,0,128,512,224,130.018,165.952,139.646,0.2679
mixed,16,4,0.25,4.0,128,0,256,1024,448,152.64,214.718,153.852,0.0195
mixed,16,4,0.25,4.0,128,0,512,2048,896,202.654,305.57,201.695,-0.0093
mixed,16,4,0.25,4.0,128,0,1024,4096,1792,283.551,478.877,282.207,-0.0069
mixed,16,4,0.25,4.0,128,0,2048,8192,3584,437.281,832.733,439.933,0.0067
mixed,16,4,0.25,4.0,128,0,4096,16384,7168,737.725,1514.875,745.342,0.0098
mixed,16,4,0.25,4.0,128,512,128,512,224,168.353,206.368,177.632,0.2441
mixed,16,4,0.25,4.0,128,512,256,1024,448,194.176,259.361,195.103,0.0142
mixed,16,4,0.25,4.0,128,512,512,2048,896,246.591,347.679,246.973,0.0038
mixed,16,4,0.25,4.0,128,512,1024,4096,1792,327.262,520.447,330.974,0.0192
mixed,16,4,0.25,4.0,128,512,2048,8192,3584,485.792,876.253,486.784,0.0025
mixed,16,4,0.25,4.0,128,512,4096,16384,7168,786.076,1576.668,790.334,0.0054
mixed,16,4,0.25,4.0,128,1024,128,512,224,176.67,213.088,185.056,0.2303
mixed,16,4,0.25,4.0,128,1024,256,1024,448,202.622,268.959,203.198,0.0087
mixed,16,4,0.25,4.0,128,1024,512,2048,896,257.344,359.008,255.197,-0.0211
mixed,16,4,0.25,4.0,128,1024,1024,4096,1792,334.685,533.117,335.677,0.005
mixed,16,4,0.25,4.0,128,1024,2048,8192,3584,494.045,888.607,492.959,-0.0028
mixed,16,4,0.25,4.0,128,1024,4096,16384,7168,792.22,1575.578,802.365,0.013
mixed,16,4,0.25,4.0,128,2048,128,512,224,251.326,289.056,259.648,0.2206
mixed,16,4,0.25,4.0,128,2048,256,1024,448,276.094,339.582,277.439,0.0212
mixed,16,4,0.25,4.0,128,2048,512,2048,896,329.504,430.974,328.928,-0.0057
mixed,16,4,0.25,4.0,128,2048,1024,4096,1792,409.344,608.093,406.62,-0.0137
mixed,16,4,0.25,4.0,128,2048,2048,8192,3584,566.11,951.133,567.486,0.0036
mixed,16,4,0.25,4.0,128,2048,4096,16384,7168,867.869,1646.427,865.406,-0.0032
mixed,16,4,0.25,4.0,128,4096,128,512,224,332.127,370.238,337.311,0.136
mixed,16,4,0.25,4.0,128,4096,256,1024,448,360.894,418.813,358.205,-0.0464
mixed,16,4,0.25,4.0,128,4096,512,2048,896,408.445,509.599,408.767,0.0032
mixed,16,4,0.25,4.0,128,4096,1024,4096,1792,484.351,684.19,487.359,0.0151
mixed,16,4,0.25,4.0,128,4096,2048,8192,3584,646.366,1031.005,643.871,-0.0065
mixed,16,4,0.25,4.0,128,4096,4096,16384,7168,944.765,1720.859,952.096,0.0094
mixed,16,4,0.25,4.0,128,8192,128,512,224,476.768,512.672,484.704,0.221
mixed,16,4,0.25,4.0,128,8192,256,1024,448,502.815,566.077,505.023,0.0349
mixed,16,4,0.25,4.0,128,8192,512,2048,896,553.823,653.087,554.012,0.0019
mixed,16,4,0.25,4.0,128,8192,1024,4096,1792,636.35,836.829,630.237,-0.0305
mixed,16,4,0.25,4.0,128,8192,2048,8192,3584,790.718,1189.725,785.725,-0.0125
mixed,16,4,0.25,4.0,128,8192,4096,16384,7168,1095.165,1869.815,1110.109,0.0193
mixed,16,4,0.25,4.0,256,0,128,512,224,191.998,229.152,199.487,0.2016
mixed,16,4,0.25,4.0,256,0,256,1024,448,217.824,283.648,216.768,-0.016
mixed,16,4,0.25,4.0,256,0,512,2048,896,271.421,374.113,270.27,-0.0112
mixed,16,4,0.25,4.0,256,0,1024,4096,1792,353.376,548.48,353.601,0.0012
mixed,16,4,0.25,4.0,256,0,2048,8192,3584,508.7,898.368,506.557,-0.0055
mixed,16,4,0.25,4.0,256,0,4096,16384,7168,813.95,1599.163,818.558,0.0059
mixed,16,4,0.25,4.0,256,512,128,512,224,258.048,294.272,266.815,0.242
mixed,16,4,0.25,4.0,256,512,256,1024,448,286.177,346.911,285.982,-0.0032
mixed,16,4,0.25,4.0,256,512,512,2048,896,335.68,438.815,334.976,-0.0068
mixed,16,4,0.25,4.0,256,512,1024,4096,1792,415.903,613.789,414.686,-0.0062
mixed,16,4,0.25,4.0,256,512,2048,8192,3584,575.293,964.797,575.325,0.0001
mixed,16,4,0.25,4.0,256,512,4096,16384,7168,875.934,1659.26,874.431,-0.0019
mixed,16,4,0.25,4.0,256,1024,128,512,224,314.111,349.825,323.873,0.2733
mixed,16,4,0.25,4.0,256,1024,256,1024,448,339.808,403.231,340.514,0.0111
mixed,16,4,0.25,4.0,256,1024,512,2048,896,391.328,493.279,389.471,-0.0182
mixed,16,4,0.25,4.0,256,1024,1024,4096,1792,470.367,668.192,469.792,-0.0029
mixed,16,4,0.25,4.0,256,1024,2048,8192,3584,624.318,1015.772,624.51,0.0005
mixed,16,4,0.25,4.0,256,1024,4096,16384,7168,927.324,1729.051,939.037,0.0146
mixed,16,4,0.25,4.0,256,2048,128,512,224,349.824,388.702,355.39,0.1432
mixed,16,4,0.25,4.0,256,2048,256,1024,448,378.175,438.527,376.255,-0.0318
mixed,16,4,0.25,4.0,256,2048,512,2048,896,427.138,531.488,426.24,-0.0086
mixed,16,4,0.25,4.0,256,2048,1024,4096,1792,503.998,713.853,506.337,0.0111
mixed,16,4,0.25,4.0,256,2048,2048,8192,3584,665.887,1049.79,665.886,-0.0
mixed,16,4,0.25,4.0,256,2048,4096,16384,7168,965.375,1755.325,978.173,0.0162
mixed,16,4,0.25,4.0,256,4096,128,512,224,495.295,530.654,502.305,0.1983
mixed,16,4,0.25,4.0,256,4096,256,1024,448,519.455,582.493,521.407,0.031
mixed,16,4,0.25,4.0,256,4096,512,2048,896,570.432,672.126,571.999,0.0154
mixed,16,4,0.25,4.0,256,4096,1024,4096,1792,650.528,853.376,646.878,-0.018
mixed,16,4,0.25,4.0,256,4096,2048,8192,3584,804.862,1190.079,810.846,0.0155
mixed,16,4,0.25,4.0,256,4096,4096,16384,7168,1110.109,1887.901,1108.159,-0.0025
mixed,16,4,0.25,4.0,256,8192,128,512,224,736.7,775.296,747.39,0.277
mixed,16,4,0.25,4.0,256,8192,256,1024,448,765.951,827.901,768.638,0.0434
mixed,16,4,0.25,4.0,256,8192,512,2048,896,814.943,921.181,813.853,-0.0103
mixed,16,4,0.25,4.0,256,8192,1024,4096,1792,898.272,1094.629,896.924,-0.0069
mixed,16,4,0.25,4.0,256,8192,2048,8192,3584,1056.764,1447.261,1054.463,-0.0059
mixed,16,4,0.25,4.0,256,8192,4096,16384,7168,1352.988,2130.108,1355.486,0.0032
mixed,16,4,0.25,4.0,512,0,128,512,224,309.47,349.151,318.048,0.2162
mixed,16,4,0.25,4.0,512,0,256,1024,448,336.191,398.464,337.309,0.018
mixed,16,4,0.25,4.0,512,0,512,2048,896,386.75,491.067,386.496,-0.0024
mixed,16,4,0.25,4.0,512,0,1024,4096,1792,467.551,665.761,469.054,0.0076
mixed,16,4,0.25,4.0,512,0,2048,8192,3584,623.167,1017.949,626.591,0.0087
mixed,16,4,0.25,4.0,512,0,4096,16384,7168,919.614,1703.932,926.558,0.0089
mixed,16,4,0.25,4.0,512,512,128,512,224,381.117,422.432,391.008,0.2394
mixed,16,4,0.25,4.0,512,512,256,1024,448,411.103,471.072,409.759,-0.0224
mixed,16,4,0.25,4.0,512,512,512,2048,896,460.802,561.789,459.646,-0.0114
mixed,16,4,0.25,4.0,512,512,1024,4096,1792,538.813,736.445,540.831,0.0102
mixed,16,4,0.25,4.0,512,512,2048,8192,3584,700.223,1084.063,697.693,-0.0066
mixed,16,4,0.25,4.0,512,512,4096,16384,7168,1005.051,1786.649,1010.014,0.0063
mixed,16,4,0.25,4.0,512,1024,128,512,224,451.776,488.159,458.366,0.1811
mixed,16,4,0.25,4.0,512,1024,256,1024,448,477.95,538.782,477.951,0.0
mixed,16,4,0.25,4.0,512,1024,512,2048,896,528.928,630.173,528.862,-0.0007
mixed,16,4,0.25,4.0,512,1024,1024,4096,1792,607.583,804.929,606.113,-0.0074
mixed,16,4,0.25,4.0,512,1024,2048,8192,3584,761.758,1151.737,765.47,0.0095
mixed,16,4,0.25,4.0,512,1024,4096,16384,7168,1067.935,1853.051,1079.389,0.0146
mixed,16,4,0.25,4.0,512,2048,128,512,224,596.381,633.374,604.062,0.2076
mixed,16,4,0.25,4.0,512,2048,256,1024,448,622.557,684.092,623.744,0.0193
mixed,16,4,0.25,4.0,512,2048,512,2048,896,672.478,774.942,670.174,-0.0225
mixed,16,4,0.25,4.0,512,2048,1024,4096,1792,751.357,953.307,755.326,0.0197
mixed,16,4,0.25,4.0,512,2048,2048,8192,3584,910.622,1298.013,909.502,-0.0029
mixed,16,4,0.25,4.0,512,2048,4096,16384,7168,1214.62,1998.778,1213.311,-0.0017
mixed,16,4,0.25,4.0,512,4096,128,512,224,872.955,912.764,882.205,0.2324
mixed,16,4,0.25,4.0,512,4096,256,1024,448,898.817,963.968,900.733,0.0294
mixed,16,4,0.25,4.0,512,4096,512,2048,896,950.875,1052.605,950.552,-0.0032
mixed,16,4,0.25,4.0,512,4096,1024,4096,1792,1030.205,1224.477,1028.636,-0.0081
mixed,16,4,0.25,4.0,512,4096,2048,8192,3584,1189.5,1576.379,1185.404,-0.0106
mixed,16,4,0.25,4.0,512,4096,4096,16384,7168,1491.069,2277.531,1492.06,0.0013
mixed,16,4,0.25,4.0,512,8192,128,512,224,1424.189,1462.458,1430.778,0.1722
mixed,16,4,0.25,4.0,512,8192,256,1024,448,1452.542,1512.957,1451.805,-0.0122
mixed,16,4,0.25,4.0,512,8192,512,2048,896,1502.877,1603.417,1501.693,-0.0118
mixed,16,4,0.25,4.0,512,8192,1024,4096,1792,1585.724,1782.107,1579.387,-0.0323
mixed,16,4,0.25,4.0,512,8192,2048,8192,3584,1741.21,2129.531,1739.963,-0.0032
mixed,16,4,0.25,4.0,512,8192,4096,16384,7168,2039.962,2826.072,2042.074,0.0027
mixed,16,4,0.25,4.0,1024,0,128,512,224,563.294,600.158,573.118,0.2665
mixed,16,4,0.25,4.0,1024,0,256,1024,448,592.222,652.513,590.367,-0.0308
mixed,16,4,0.25,4.0,1024,0,512,2048,896,640.926,739.199,638.621,-0.0235
mixed,16,4,0.25,4.0,1024,0,1024,4096,1792,721.054,915.55,717.723,-0.0171
mixed,16,4,0.25,4.0,1024,0,2048,8192,3584,875.069,1263.582,874.817,-0.0006
mixed,16,4,0.25,4.0,1024,0,4096,16384,7168,1179.292,1949.116,1180.73,0.0019
mixed,16,4,0.25,4.0,1024,512,128,512,224,739.485,779.713,750.878,0.2832
mixed,16,4,0.25,4.0,1024,512,256,1024,448,768.797,829.184,766.174,-0.0434
mixed,16,4,0.25,4.0,1024,512,512,2048,896,818.176,918.719,817.565,-0.0061
mixed,16,4,0.25,4.0,1024,512,1024,4096,1792,897.982,1091.515,894.43,-0.0184
mixed,16,4,0.25,4.0,1024,512,2048,8192,3584,1058.332,1441.309,1053.146,-0.0135
mixed,16,4,0.25,4.0,1024,512,4096,16384,7168,1364.637,2133.463,1372.959,0.0108
mixed,16,4,0.25,4.0,1024,1024,128,512,224,896.8,935.453,907.964,0.2888
mixed,16,4,0.25,4.0,1024,1024,256,1024,448,923.677,983.547,927.742,0.0679
mixed,16,4,0.25,4.0,1024,1024,512,2048,896,977.118,1078.046,974.781,-0.0232
mixed,16,4,0.25,4.0,1024,1024,1024,4096,1792,1056.477,1249.725,1055.709,-0.004
mixed,16,4,0.25,4.0,1024,1024,2048,8192,3584,1216.412,1599.677,1207.324,-0.0237
mixed,16,4,0.25,4.0,1024,1024,4096,16384,7168,1516.766,2288.794,1518.078,0.0017
mixed,16,4,0.25,4.0,1024,2048,128,512,224,1172.67,1211.164,1183.677,0.2859
mixed,16,4,0.25,4.0,1024,2048,256,1024,448,1201.66,1262.365,1202.493,0.0137
mixed,16,4,0.25,4.0,1024,2048,512,2048,896,1253.628,1353.469,1250.941,-0.0269
mixed,16,4,0.25,4.0,1024,2048,1024,4096,1792,1328.285,1531.196,1326.428,-0.0092
mixed,16,4,0.25,4.0,1024,2048,2048,8192,3584,1486.108,1880.635,1487.58,0.0037
mixed,16,4,0.25,4.0,1024,2048,4096,16384,7168,1787.576,2565.85,1790.812,0.0042
mixed,16,4,0.25,4.0,1024,4096,128,512,224,1728.221,1767.194,1733.789,0.1429
mixed,16,4,0.25,4.0,1024,4096,256,1024,448,1755.325,1817.373,1757.338,0.0324
mixed,16,4,0.25,4.0,1024,4096,512,2048,896,1805.595,1906.138,1809.114,0.035
mixed,16,4,0.25,4.0,1024,4096,1024,4096,1792,1886.105,2082.554,1880.509,-0.0285
mixed,16,4,0.25,4.0,1024,4096,2048,8192,3584,2042.97,2425.657,2042.522,-0.0012
mixed,16,4,0.25,4.0,1024,4096,4096,16384,7168,2347.225,3115.8,2343.195,-0.0052
mixed,16,4,0.25,4.0,1024,8192,128,512,224,2821.59,2861.881,2832.538,0.2717
mixed,16,4,0.25,4.0,1024,8192,256,1024,448,2846.583,2914.231,2850.583,0.0591
mixed,16,4,0.25,4.0,1024,8192,512,2048,896,2892.95,3001.334,2895.48,0.0233
mixed,16,4,0.25,4.0,1024,8192,1024,4096,1792,2981.209,3178.455,2974.645,-0.0333
mixed,16,4,0.25,4.0,1024,8192,2048,8192,3584,3136.245,3522.739,3138.199,0.0051
mixed,16,4,0.25,4.0,1024,8192,4096,16384,7168,3439.799,4235.381,3442.899,0.0039
mixed,16,4,0.25,4.0,2048,0,128,512,224,1024.412,1057.917,1031.229,0.2035
mixed,16,4,0.25,4.0,2048,0,256,1024,448,1047.003,1110.555,1045.277,-0.0272
mixed,16,4,0.25,4.0,2048,0,512,2048,896,1097.212,1200.475,1098.557,0.013
mixed,16,4,0.25,4.0,2048,0,1024,4096,1792,1178.525,1375.451,1183.099,0.0232
mixed,16,4,0.25,4.0,2048,0,2048,8192,3584,1336.86,1720.861,1340.22,0.0087
mixed,16,4,0.25,4.0,2048,0,4096,16384,7168,1635.578,2417.4,1639.739,0.0053
mixed,16,4,0.25,4.0,2048,512,128,512,224,1356.413,1392.956,1361.853,0.1489
mixed,16,4,0.25,4.0,2048,512,256,1024,448,1382.782,1442.621,1383.965,0.0198
mixed,16,4,0.25,4.0,2048,512,512,2048,896,1432.158,1532.378,1429.981,-0.0217
mixed,16,4,0.25,4.0,2048,512,1024,4096,1792,1511.996,1710.333,1513.213,0.0061
mixed,16,4,0.25,4.0,2048,512,2048,8192,3584,1670.681,2059.324,1674.172,0.009
mixed,16,4,0.25,4.0,2048,512,4096,16384,7168,1971.899,2770.552,1974.714,0.0035
mixed,16,4,0.25,4.0,2048,1024,128,512,224,1694.618,1730.073,1702.972,0.2356
mixed,16,4,0.25,4.0,2048,1024,256,1024,448,1717.374,1782.427,1721.085,0.057
mixed,16,4,0.25,4.0,2048,1024,512,2048,896,1772.796,1868.796,1773.244,0.0047
mixed,16,4,0.25,4.0,2048,1024,1024,4096,1792,1852.793,2053.05,1850.682,-0.0105
mixed,16,4,0.25,4.0,2048,1024,2048,8192,3584,2005.145,2395.928,2001.688,-0.0088
mixed,16,4,0.25,4.0,2048,1024,4096,16384,7168,2307.704,3096.12,2308.056,0.0004
mixed,16,4,0.25,4.0,2048,2048,128,512,224,2246.49,2277.4,2252.57,0.1967
mixed,16,4,0.25,4.0,2048,2048,256,1024,448,2270.074,2333.369,2271.451,0.0218
mixed,16,4,0.25,4.0,2048,2048,512,2048,896,2325.081,2425.466,2321.69,-0.0338
mixed,16,4,0.25,4.0,2048,2048,1024,4096,1792,2403.926,2599.672,2398.714,-0.0266
mixed,16,4,0.25,4.0,2048,2048,2048,8192,3584,2564.666,2954.296,2558.777,-0.0151
mixed,16,4,0.25,4.0,2048,2048,4096,16384,7168,2862.263,3642.998,2864.599,0.003
mixed,16,4,0.25,4.0,2048,4096,128,512,224,3341.016,3372.756,3351.477,0.3296
mixed,16,4,0.25,4.0,2048,4096,256,1024,448,3363.479,3427.668,3362.773,-0.011
mixed,16,4,0.25,4.0,2048,4096,512,2048,896,3414.454,3521.909,3411.605,-0.0265
mixed,16,4,0.25,4.0,2048,4096,1024,4096,1792,3493.59,3702.356,3499.351,0.0276
mixed,16,4,0.25,4.0,2048,4096,2048,8192,3584,3649.72,4042.743,3650.421,0.0018
mixed,16,4,0.25,4.0,2048,4096,4096,16384,7168,3956.306,4747.379,3953.14,-0.004
mixed,16,4,0.25,4.0,2048,8192,128,512,224,5532.686,5569.711,5542.707,0.2707
mixed,16,4,0.25,4.0,2048,8192,256,1024,448,5561.97,5623.568,5563.726,0.0285
mixed,16,4,0.25,4.0,2048,8192,512,2048,896,5609.874,5716.752,5608.303,-0.0147
mixed,16,4,0.25,4.0,2048,8192,1024,4096,1792,5692.912,5897.775,5688.175,-0.0231
mixed,16,4,0.25,4.0,2048,8192,2048,8192,3584,5847.727,6230.898,5853.806,0.0159
mixed,16,4,0.25,4.0,2048,8192,4096,16384,7168,6155.214,6951.308,6141.485,-0.0172
pure,16,8,0.5,4.0,0,0,128,512,320,83.553,100.831,82.687,-0.0501
pure,16,8,0.5,4.0,0,0,256,1024,640,112.32,148.705,106.559,-0.1583
pure,16,8,0.5,4.0,0,0,512,2048,1280,171.68,241.247,165.887,-0.0833
pure,16,8,0.5,4.0,0,0,1024,4096,2560,282.976,414.654,276.414,-0.0498
pure,16,8,0.5,4.0,0,0,2048,8192,5120,495.711,758.59,485.884,-0.0374
pure,16,8,0.5,4.0,0,0,4096,16384,10240,930.845,1456.123,912.19,-0.0355
mixed,16,8,0.5,4.0,16,0,128,512,320,104.127,122.526,103.138,-0.0538
mixed,16,8,0.5,4.0,16,0,256,1024,640,134.078,169.119,128.223,-0.1671
mixed,16,8,0.5,4.0,16,0,512,2048,1280,191.231,258.305,186.429,-0.0716
mixed,16,8,0.5,4.0,16,0,1024,4096,2560,302.208,439.517,294.337,-0.0573
mixed,16,8,0.5,4.0,16,0,2048,8192,5120,527.679,786.622,507.678,-0.0772
mixed,16,8,0.5,4.0,16,0,4096,16384,10240,958.812,1469.692,925.183,-0.0658
mixed,16,8,0.5,4.0,16,512,128,512,320,137.601,157.057,136.512,-0.056
mixed,16,8,0.5,4.0,16,512,256,1024,640,170.623,202.783,164.384,-0.194
mixed,16,8,0.5,4.0,16,512,512,2048,1280,226.813,297.695,222.655,-0.0587
mixed,16,8,0.5,4.0,16,512,1024,4096,2560,339.71,471.135,334.72,-0.038
mixed,16,8,0.5,4.0,16,512,2048,8192,5120,558.269,816.252,542.974,-0.0593
mixed,16,8,0.5,4.0,16,512,4096,16384,10240,983.197,1502.172,967.261,-0.0307
mixed,16,8,0.5,4.0,16,1024,128,512,320,140.544,159.424,137.409,-0.166
mixed,16,8,0.5,4.0,16,1024,256,1024,640,172.288,205.759,166.721,-0.1663
mixed,16,8,0.5,4.0,16,1024,512,2048,1280,228.351,298.845,224.959,-0.0481
mixed,16,8,0.5,4.0,16,1024,1024,4096,2560,342.717,466.654,331.233,-0.0927
mixed,16,8,0.5,4.0,16,1024,2048,8192,5120,562.46,828.285,539.07,-0.088
mixed,16,8,0.5,4.0,16,1024,4096,16384,10240,992.83,1506.204,969.822,-0.0448
mixed,16,8,0.5,4.0,16,2048,128,512,320,141.151,163.423,141.343,0.0086
mixed,16,8,0.5,4.0,16,2048,256,1024,640,177.215,209.376,171.521,-0.177
mixed,16,8,0.5,4.0,16,2048,512,2048,1280,232.99,299.455,228.609,-0.0659
mixed,16,8,0.5,4.0,16,2048,1024,4096,2560,342.271,474.142,340.288,-0.015
mixed,16,8,0.5,4.0,16,2048,2048,8192,5120,568.735,824.349,545.437,-0.0911
mixed,16,8,0.5,4.0,16,2048,4096,16384,10240,998.652,1511.453,976.253,-0.0437
mixed,16,8,0.5,4.0,16,4096,128,512,320,152.35,174.785,150.175,-0.0969
mixed,16,8,0.5,4.0,16,4096,256,1024,640,187.616,224.575,182.015,-0.1515
mixed,16,8,0.5,4.0,16,4096,512,2048,1280,245.249,312.67,243.167,-0.0309
mixed,16,8,0.5,4.0,16,4096,1024,4096,2560,356.417,486.239,353.086,-0.0257
mixed,16,8,0.5,4.0,16,4096,2048,8192,5120,578.974,844.318,558.367,-0.0777
mixed,16,8,0.5,4.0,16,4096,4096,16384,10240,1013.535,1527.42,984.926,-0.0557
mixed,16,8,0.5,4.0,16,8192,128,512,320,185.312,207.167,181.663,-0.167
mixed,16,8,0.5,4.0,16,8192,256,1024,640,222.269,257.308,218.366,-0.1114
mixed,16,8,0.5,4.0,16,8192,512,2048,1280,280.447,350.687,277.792,-0.0378
mixed,16,8,0.5,4.0,16,8192,1024,4096,2560,395.07,527.134,383.582,-0.087
mixed,16,8,0.5,4.0,16,8192,2048,8192,5120,609.758,878.267,593.054,-0.0622
mixed,16,8,0.5,4.0,16,8192,4096,16384,10240,1038.43,1559.485,1031.135,-0.014
mixed,16,8,0.5,4.0,32,0,128,512,320,135.582,156.415,134.015,-0.0752
mixed,16,8,0.5,4.0,32,0,256,1024,640,169.184,206.336,163.84,-0.1438
mixed,16,8,0.5,4.0,32,0,512,2048,1280,225.919,296.192,221.888,-0.0574
mixed,16,8,0.5,4.0,32,0,1024,4096,2560,342.112,469.343,332.894,-0.0725
mixed,16,8,0.5,4.0,32,0,2048,8192,5120,559.138,817.63,545.341,-0.0534
mixed,16,8,0.5,4.0,32,0,4096,16384,10240,985.952,1518.429,963.804,-0.0416
mixed,16,8,0.5,4.0,32,512,128,512,320,161.31,180.898,160.065,-0.0636
mixed,16,8,0.5,4.0,32,512,256,1024,640,195.617,230.592,189.758,-0.1675
mixed,16,8,0.5,4.0,32,512,512,2048,1280,253.504,322.781,255.199,0.0245
mixed,16,8,0.5,4.0,32,512,1024,4096,2560,365.375,501.788,361.441,-0.0288
mixed,16,8,0.5,4.0,32,512,2048,8192,5120,586.974,848.093,572.383,-0.0559
mixed,16,8,0.5,4.0,32,512,4096,16384,10240,1016.058,1548.123,1007.068,-0.0169
mixed,16,8,0.5,4.0,32,1024,128,512,320,162.557,184.67,160.962,-0.0721
mixed,16,8,0.5,4.0,32,1024,256,1024,640,198.144,233.47,192.8,-0.1513
mixed,16,8,0.5,4.0,32,1024,512,2048,1280,256.254,320.863,252.736,-0.0545
mixed,16,8,0.5,4.0,32,1024,1024,4096,2560,371.39,500.027,360.544,-0.0843
mixed,16,8,0.5,4.0,32,1024,2048,8192,5120,596.096,850.332,573.824,-0.0876
mixed,16,8,0.5,4.0,32,1024,4096,16384,10240,1016.702,1538.109,998.717,-0.0345
mixed,16,8,0.5,4.0,32,2048,128,512,320,168.191,190.943,168.159,-0.0014
mixed,16,8,0.5,4.0,32,2048,256,1024,640,205.473,240.287,200.927,-0.1306
mixed,16,8,0.5,4.0,32,2048,512,2048,1280,266.591,332.255,259.998,-0.1004
mixed,16,8,0.5,4.0,32,2048,1024,4096,2560,377.182,508.673,369.855,-0.0557
mixed,16,8,0.5,4.0,32,2048,2048,8192,5120,607.325,861.727,580.478,-0.1055
mixed,16,8,0.5,4.0,32,2048,4096,16384,10240,1026.109,1551.803,1006.973,-0.0364
mixed,16,8,0.5,4.0,32,4096,128,512,320,183.103,205.186,180.671,-0.1101
mixed,16,8,0.5,4.0,32,4096,256,1024,640,218.818,257.854,214.27,-0.1165
mixed,16,8,0.5,4.0,32,4096,512,2048,1280,279.39,346.944,277.088,-0.0341
mixed,16,8,0.5,4.0,32,4096,1024,4096,2560,391.741,526.334,386.207,-0.0411
mixed,16,8,0.5,4.0,32,4096,2048,8192,5120,614.176,867.328,596.031,-0.0717
mixed,16,8,0.5,4.0,32,4096,4096,16384,10240,1044.126,1570.361,1016.253,-0.053
mixed,16,8,0.5,4.0,32,8192,128,512,320,277.662,301.184,277.09,-0.0243
mixed,16,8,0.5,4.0,32,8192,256,1024,640,314.911,348.703,307.678,-0.214
mixed,16,8,0.5,4.0,32,8192,512,2048,1280,375.04,442.943,370.592,-0.0655
mixed,16,8,0.5,4.0,32,8192,1024,4096,2560,483.389,618.016,477.342,-0.0449
mixed,16,8,0.5,4.0,32,8192,2048,8192,5120,716.764,962.268,691.837,-0.1015
mixed,16,8,0.5,4.0,32,8192,4096,16384,10240,1131.838,1654.171,1123.739,-0.0155
mixed,16,8,0.5,4.0,64,0,128,512,320,136.959,157.823,135.233,-0.0827
mixed,16,8,0.5,4.0,64,0,256,1024,640,172.609,210.207,168.831,-0.1005
mixed,16,8,0.5,4.0,64,0,512,2048,1280,231.648,299.87,227.168,-0.0657
mixed,16,8,0.5,4.0,64,0,1024,4096,2560,346.112,472.162,335.966,-0.0805
mixed,16,8,0.5,4.0,64,0,2048,8192,5120,568.32,830.173,549.79,-0.0708
mixed,16,8,0.5,4.0,64,0,4096,16384,10240,1003.229,1508.317,971.838,-0.0621
mixed,16,8,0.5,4.0,64,512,128,512,320,168.479,189.601,166.654,-0.0864
mixed,16,8,0.5,4.0,64,512,256,1024,640,204.477,242.24,200.513,-0.105
mixed,16,8,0.5,4.0,64,512,512,2048,1280,265.535,333.694,259.935,-0.0822
mixed,16,8,0.5,4.0,64,512,1024,4096,2560,377.309,508.959,371.612,-0.0433
mixed,16,8,0.5,4.0,64,512,2048,8192,5120,595.293,856.349,579.358,-0.061
mixed,16,8,0.5,4.0,64,512,4096,16384,10240,1019.583,1543.546,1010.62,-0.0171
mixed,16,8,0.5,4.0,64,1024,128,512,320,173.919,196.253,171.807,-0.0946
mixed,16,8,0.5,4.0,64,1024,256,1024,640,210.463,247.102,207.136,-0.0908
mixed,16,8,0.5,4.0,64,1024,512,2048,1280,270.847,338.782,267.713,-0.0461
mixed,16,8,0.5,4.0,64,1024,1024,4096,2560,387.328,514.526,379.421,-0.0622
mixed,16,8,0.5,4.0,64,1024,2048,8192,5120,607.678,866.462,581.986,-0.0993
mixed,16,8,0.5,4.0,64,1024,4096,16384,10240,1035.84,1549.051,1004.255,-0.0615
mixed,16,8,0.5,4.0,64,2048,128,512,320,184.992,205.312,181.854,-0.1544
mixed,16,8,0.5,4.0,64,2048,256,1024,640,219.583,259.584,214.817,-0.1191
mixed,16,8,0.5,4.0,64,2048,512,2048,1280,283.263,348.671,277.985,-0.0807
mixed,16,8,0.5,4.0,64,2048,1024,4096,2560,392.414,523.132,388.257,-0.0318
mixed,16,8,0.5,4.0,64,2048,2048,8192,5120,612.509,873.441,594.492,-0.069
mixed,16,8,0.5,4.0,64,2048,4096,16384,10240,1052.956,1561.82,1023.934,-0.057
mixed,16,8,0.5,4.0,64,4096,128,512,320,261.695,282.753,260.32,-0.0653
mixed,16,8,0.5,4.0,64,4096,256,1024,640,299.167,337.469,294.56,-0.1203
mixed,16,8,0.5,4.0,64,4096,512,2048,1280,358.944,426.015,354.525,-0.0659
mixed,16,8,0.5,4.0,64,4096,1024,4096,2560,471.841,606.815,461.919,-0.0735
mixed,16,8,0.5,4.0,64,4096,2048,8192,5120,690.75,949.02,674.783,-0.0618
mixed,16,8,0.5,4.0,64,4096,4096,16384,10240,1127.806,1637.533,1089.916,-0.0743
mixed,16,8,0.5,4.0,64,8192,128,512,320,342.719,364.704,342.975,0.0116
mixed,16,8,0.5,4.0,64,8192,256,1024,640,381.024,416.734,374.208,-0.1909
mixed,16,8,0.5,4.0,64,8192,512,2048,1280,437.725,505.341,434.239,-0.0516
mixed,16,8,0.5,4.0,64,8192,1024,4096,2560,551.966,683.292,540.415,-0.088
mixed,16,8,0.5,4.0,64,8192,2048,8192,5120,765.694,1031.677,754.336,-0.0427
mixed,16,8,0.5,4.0,64,8192,4096,16384,10240,1202.329,1715.354,1178.237,-0.047
mixed,16,8,0.5,4.0,128,0,128,512,320,144.065,163.871,143.201,-0.0436
mixed,16,8,0.5,4.0,128,0,256,1024,640,177.117,212.992,172.385,-0.1319
mixed,16,8,0.5,4.0,128,0,512,2048,1280,236.321,301.184,231.327,-0.077
mixed,16,8,0.5,4.0,128,0,1024,4096,2560,351.616,480.096,346.08,-0.0431
mixed,16,8,0.5,4.0,128,0,2048,8192,5120,568.319,820.03,556.191,-0.0482
mixed,16,8,0.5,4.0,128,0,4096,16384,10240,995.995,1528.635,973.053,-0.0431
mixed,16,8,0.5,4.0,128,512,128,512,320,184.671,206.753,182.017,-0.1202
mixed,16,8,0.5,4.0,128,512,256,1024,640,221.472,260.862,215.775,-0.1446
mixed,16,8,0.5,4.0,128,512,512,2048,1280,282.144,351.743,276.543,-0.0805
mixed,16,8,0.5,4.0,128,512,1024,4096,2560,392.828,531.615,385.565,-0.0523
mixed,16,8,0.5,4.0,128,512,2048,8192,5120,619.644,868.701,600.605,-0.0764
mixed,16,8,0.5,4.0,128,512,4096,16384,10240,1048.156,1581.209,1021.5,-0.05
mixed,16,8,0.5,4.0,128,1024,128,512,320,192.096,212.798,191.872,-0.0108
mixed,16,8,0.5,4.0,128,1024,256,1024,640,227.968,268.382,223.231,-0.1172
mixed,16,8,0.5,4.0,128,1024,512,2048,1280,289.599,359.104,286.815,-0.0401
mixed,16,8,0.5,4.0,128,1024,1024,4096,2560,400.061,541.883,393.247,-0.048
mixed,16,8,0.5,4.0,128,1024,2048,8192,5120,625.758,874.111,606.459,-0.0777
mixed,16,8,0.5,4.0,128,1024,4096,16384,10240,1054.366,1568.701,1023.55,-0.0599
mixed,16,8,0.5,4.0,128,2048,128,512,320,268.862,291.166,264.191,-0.2094
mixed,16,8,0.5,4.0,128,2048,256,1024,640,305.856,340.446,299.296,-0.1897
mixed,16,8,0.5,4.0,128,2048,512,2048,1280,361.023,436.801,358.845,-0.0287
mixed,16,8,0.5,4.0,128,2048,1024,4096,2560,475.741,603.359,466.591,-0.0717
mixed,16,8,0.5,4.0,128,2048,2048,8192,5120,689.181,958.941,674.555,-0.0542
mixed,16,8,0.5,4.0,128,2048,4096,16384,10240,1131.355,1648.601,1109.467,-0.0423
mixed,16,8,0.5,4.0,128,4096,128,512,320,347.838,367.998,344.191,-0.1809
mixed,16,8,0.5,4.0,128,4096,256,1024,640,382.781,415.55,380.414,-0.0722
mixed,16,8,0.5,4.0,128,4096,512,2048,1280,442.654,508.349,438.142,-0.0687
mixed,16,8,0.5,4.0,128,4096,1024,4096,2560,555.677,685.755,547.04,-0.0664
mixed,16,8,0.5,4.0,128,4096,2048,8192,5120,779.486,1028.829,753.345,-0.1048
mixed,16,8,0.5,4.0,128,4096,4096,16384,10240,1209.371,1731.896,1180.572,-0.0551
mixed,16,8,0.5,4.0,128,8192,128,512,320,492.83,512.83,491.227,-0.0801
mixed,16,8,0.5,4.0,128,8192,256,1024,640,528.862,564.382,522.878,-0.1685
mixed,16,8,0.5,4.0,128,8192,512,2048,1280,586.623,652.639,584.99,-0.0247
mixed,16,8,0.5,4.0,128,8192,1024,4096,2560,702.593,829.789,691.293,-0.0888
mixed,16,8,0.5,4.0,128,8192,2048,8192,5120,917.597,1172.664,910.204,-0.029
mixed,16,8,0.5,4.0,128,8192,4096,16384,10240,1354.748,1867.1,1335.354,-0.0379
mixed,16,8,0.5,4.0,256,0,128,512,320,207.135,227.679,204.16,-0.1448
mixed,16,8,0.5,4.0,256,0,256,1024,640,243.87,282.046,239.391,-0.1173
mixed,16,8,0.5,4.0,256,0,512,2048,1280,306.336,373.823,302.815,-0.0522
mixed,16,8,0.5,4.0,256,0,1024,4096,2560,418.526,553.66,411.069,-0.0552
mixed,16,8,0.5,4.0,256,0,2048,8192,5120,640.094,893.212,619.808,-0.0801
mixed,16,8,0.5,4.0,256,0,4096,16384,10240,1070.2,1595.131,1047.23,-0.0438
mixed,16,8,0.5,4.0,256,512,128,512,320,274.079,295.711,272.417,-0.0768
mixed,16,8,0.5,4.0,256,512,256,1024,640,309.726,347.904,306.59,-0.0821
mixed,16,8,0.5,4.0,256,512,512,2048,1280,370.59,436.862,366.337,-0.0642
mixed,16,8,0.5,4.0,256,512,1024,4096,2560,483.645,611.485,478.751,-0.0383
mixed,16,8,0.5,4.0,256,512,2048,8192,5120,702.269,962.365,690.462,-0.0454
mixed,16,8,0.5,4.0,256,512,4096,16384,10240,1130.235,1663.035,1115.165,-0.0283
mixed,16,8,0.5,4.0,256,1024,128,512,320,328.381,351.902,328.577,0.0083
mixed,16,8,0.5,4.0,256,1024,256,1024,640,365.31,403.616,360.765,-0.1186
mixed,16,8,0.5,4.0,256,1024,512,2048,1280,423.903,491.103,420.703,-0.0476
mixed,16,8,0.5,4.0,256,1024,1024,4096,2560,533.6,671.806,529.376,-0.0306
mixed,16,8,0.5,4.0,256,1024,2048,8192,5120,754.207,1022.171,733.887,-0.0758
mixed,16,8,0.5,4.0,256,1024,4096,16384,10240,1199.612,1725.916,1169.66,-0.0569
mixed,16,8,0.5,4.0,256,2048,128,512,320,366.175,385.34,365.151,-0.0534
mixed,16,8,0.5,4.0,256,2048,256,1024,640,401.087,438.686,395.71,-0.143
mixed,16,8,0.5,4.0,256,2048,512,2048,1280,459.488,528.384,456.831,-0.0386
mixed,16,8,0.5,4.0,256,2048,1024,4096,2560,575.55,706.654,568.319,-0.0552
mixed,16,8,0.5,4.0,256,2048,2048,8192,5120,796.958,1056.573,783.967,-0.05
mixed,16,8,0.5,4.0,256,2048,4096,16384,10240,1223.452,1751.257,1205.21,-0.0346
mixed,16,8,0.5,4.0,256,4096,128,512,320,508.414,531.392,508.992,0.0252
mixed,16,8,0.5,4.0,256,4096,256,1024,640,545.983,582.494,542.878,-0.085
mixed,16,8,0.5,4.0,256,4096,512,2048,1280,606.685,673.792,600.317,-0.0949
mixed,16,8,0.5,4.0,256,4096,1024,4096,2560,715.71,852.028,711.262,-0.0326
mixed,16,8,0.5,4.0,256,4096,2048,8192,5120,935.29,1207.578,921.627,-0.0502
mixed,16,8,0.5,4.0,256,4096,4096,16384,10240,1365.627,1893.531,1360.253,-0.0102
mixed,16,8,0.5,4.0,256,8192,128,512,320,755.452,776.224,754.558,-0.043
mixed,16,8,0.5,4.0,256,8192,256,1024,640,792.989,827.837,786.012,-0.2002
mixed,16,8,0.5,4.0,256,8192,512,2048,1280,850.492,918.174,846.943,-0.0524
mixed,16,8,0.5,4.0,256,8192,1024,4096,2560,967.644,1095.289,950.652,-0.1331
mixed,16,8,0.5,4.0,256,8192,2048,8192,5120,1182.044,1443.227,1169.755,-0.0471
mixed,16,8,0.5,4.0,256,8192,4096,16384,10240,1625.178,2142.267,1591.13,-0.0658
mixed,16,8,0.5,4.0,512,0,128,512,320,326.11,346.431,323.261,-0.1402
mixed,16,8,0.5,4.0,512,0,256,1024,640,359.676,399.583,356.19,-0.0874
mixed,16,8,0.5,4.0,512,0,512,2048,1280,422.145,488.923,417.148,-0.0748
mixed,16,8,0.5,4.0,512,0,1024,4096,2560,534.621,665.758,524.285,-0.0788
mixed,16,8,0.5,4.0,512,0,2048,8192,5120,759.357,1013.182,733.403,-0.1023
mixed,16,8,0.5,4.0,512,0,4096,16384,10240,1182.493,1709.915,1157.277,-0.0478
mixed,16,8,0.5,4.0,512,512,128,512,320,399.711,420.288,398.592,-0.0544
mixed,16,8,0.5,4.0,512,512,256,1024,640,434.24,473.662,430.428,-0.0967
mixed,16,8,0.5,4.0,512,512,512,2048,1280,494.398,562.239,491.455,-0.0434
mixed,16,8,0.5,4.0,512,512,1024,4096,2560,603.582,732.636,601.502,-0.0161
mixed,16,8,0.5,4.0,512,512,2048,8192,5120,834.845,1085.629,811.517,-0.093
mixed,16,8,0.5,4.0,512,512,4096,16384,10240,1263.867,1787.323,1241.598,-0.0425
mixed,16,8,0.5,4.0,512,1024,128,512,320,466.814,489.021,464.766,-0.0922
mixed,16,8,0.5,4.0,512,1024,256,1024,640,501.245,541.982,498.463,-0.0683
mixed,16,8,0.5,4.0,512,1024,512,2048,1280,561.246,627.678,560.637,-0.0092
mixed,16,8,0.5,4.0,512,1024,1024,4096,2560,671.935,806.652,664.381,-0.0561
mixed,16,8,0.5,4.0,512,1024,2048,8192,5120,893.757,1155.675,879.069,-0.0561
mixed,16,8,0.5,4.0,512,1024,4096,16384,10240,1322.268,1845.469,1308.379,-0.0265
mixed,16,8,0.5,4.0,512,2048,128,512,320,612.063,632.48,608.958,-0.1521
mixed,16,8,0.5,4.0,512,2048,256,1024,640,649.214,684.606,643.518,-0.1609
mixed,16,8,0.5,4.0,512,2048,512,2048,1280,707.868,781.051,703.741,-0.0564
mixed,16,8,0.5,4.0,512,2048,1024,4096,2560,820.925,958.109,810.815,-0.0737
mixed,16,8,0.5,4.0,512,2048,2048,8192,5120,1036.093,1297.691,1022.366,-0.0525
mixed,16,8,0.5,4.0,512,2048,4096,16384,10240,1473.242,1995.19,1458.617,-0.028
mixed,16,8,0.5,4.0,512,4096,128,512,320,890.877,909.244,887.067,-0.2074
mixed,16,8,0.5,4.0,512,4096,256,1024,640,923.933,961.017,923.231,-0.0189
mixed,16,8,0.5,4.0,512,4096,512,2048,1280,986.044,1051.934,979.932,-0.0928
mixed,16,8,0.5,4.0,512,4096,1024,4096,2560,1098.587,1222.715,1088.955,-0.0776
mixed,16,8,0.5,4.0,512,4096,2048,8192,5120,1316.06,1576.86,1301.659,-0.0552
mixed,16,8,0.5,4.0,512,4096,4096,16384,10240,1757.596,2274.455,1723.513,-0.0659
mixed,16,8,0.5,4.0,512,8192,128,512,320,1439.549,1462.333,1440.378,0.0364
mixed,16,8,0.5,4.0,512,8192,256,1024,640,1477.402,1514.749,1472.795,-0.1234
mixed,16,8,0.5,4.0,512,8192,512,2048,1280,1536.186,1607.453,1535.93,-0.0036
mixed,16,8,0.5,4.0,512,8192,1024,4096,2560,1647.578,1785.657,1643.933,-0.0264
mixed,16,8,0.5,4.0,512,8192,2048,8192,5120,1865.276,2135.639,1855.74,-0.0353
mixed,16,8,0.5,4.0,512,8192,4096,16384,10240,2310.197,2826.137,2284.73,-0.0494
mixed,16,8,0.5,4.0,1024,0,128,512,320,580.572,600.094,577.438,-0.1605
mixed,16,8,0.5,4.0,1024,0,256,1024,640,613.151,652.542,610.524,-0.0667
mixed,16,8,0.5,4.0,1024,0,512,2048,1280,675.357,740.573,669.79,-0.0854
mixed,16,8,0.5,4.0,1024,0,1024,4096,2560,792.347,918.75,775.934,-0.1298
mixed,16,8,0.5,4.0,1024,0,2048,8192,5120,1005.852,1271.9,992.571,-0.0499
mixed,16,8,0.5,4.0,1024,0,4096,16384,10240,1436.537,1960.73,1425.086,-0.0218
mixed,16,8,0.5,4.0,1024,512,128,512,320,757.023,779.389,755.197,-0.0816
mixed,16,8,0.5,4.0,1024,512,256,1024,640,793.438,828.607,788.348,-0.1447
mixed,16,8,0.5,4.0,1024,512,512,2048,1280,851.742,920.254,848.83,-0.0425
mixed,16,8,0.5,4.0,1024,512,1024,4096,2560,960.956,1099.773,954.271,-0.0482
mixed,16,8,0.5,4.0,1024,512,2048,8192,5120,1182.012,1447.386,1170.972,-0.0416
mixed,16,8,0.5,4.0,1024,512,4096,16384,10240,1617.465,2137.496,1591.74,-0.0495
mixed,16,8,0.5,4.0,1024,1024,128,512,320,913.085,938.396,911.133,-0.0771
mixed,16,8,0.5,4.0,1024,1024,256,1024,640,950.749,985.022,945.276,-0.1597
mixed,16,8,0.5,4.0,1024,1024,512,2048,1280,1007.804,1074.938,1000.958,-0.102
mixed,16,8,0.5,4.0,1024,1024,1024,4096,2560,1125.949,1248.477,1120.318,-0.046
mixed,16,8,0.5,4.0,1024,1024,2048,8192,5120,1340.636,1607.356,1323.454,-0.0644
mixed,16,8,0.5,4.0,1024,1024,4096,16384,10240,1771.389,2308.79,1746.97,-0.0454
mixed,16,8,0.5,4.0,1024,2048,128,512,320,1191.356,1212.443,1187.932,-0.1624
mixed,16,8,0.5,4.0,1024,2048,256,1024,640,1226.556,1261.693,1223.868,-0.0765
mixed,16,8,0.5,4.0,1024,2048,512,2048,1280,1285.051,1359.801,1282.457,-0.0347
mixed,16,8,0.5,4.0,1024,2048,1024,4096,2560,1391.577,1532.157,1390.045,-0.0109
mixed,16,8,0.5,4.0,1024,2048,2048,8192,5120,1619.516,1876.602,1601.945,-0.0683
mixed,16,8,0.5,4.0,1024,2048,4096,16384,10240,2055.42,2583.766,2041.368,-0.0266
mixed,16,8,0.5,4.0,1024,4096,128,512,320,1744.862,1767.993,1740.698,-0.18
mixed,16,8,0.5,4.0,1024,4096,256,1024,640,1781.05,1813.788,1774.01,-0.215
mixed,16,8,0.5,4.0,1024,4096,512,2048,1280,1842.042,1910.234,1834.586,-0.1093
mixed,16,8,0.5,4.0,1024,4096,1024,4096,2560,1954.94,2081.499,1942.265,-0.1002
mixed,16,8,0.5,4.0,1024,4096,2048,8192,5120,2167.193,2428.538,2150.586,-0.0635
mixed,16,8,0.5,4.0,1024,4096,4096,16384,10240,2605.944,3127.991,2581.205,-0.0474
mixed,16,8,0.5,4.0,1024,8192,128,512,320,2836.278,2857.175,2840.725,0.2128
mixed,16,8,0.5,4.0,1024,8192,256,1024,640,2877.717,2911.899,2869.783,-0.2321
mixed,16,8,0.5,4.0,1024,8192,512,2048,1280,2933.143,3001.851,2930.837,-0.0336
mixed,16,8,0.5,4.0,1024,8192,1024,4096,2560,3041.847,3173.047,3037.456,-0.0335
mixed,16,8,0.5,4.0,1024,8192,2048,8192,5120,3264.663,3524.145,3241.719,-0.0884
mixed,16,8,0.5,4.0,1024,8192,4096,16384,10240,3695.796,4217.777,3681.557,-0.0273
mixed,16,8,0.5,4.0,2048,0,128,512,320,1034.78,1056.924,1033.787,-0.0448
mixed,16,8,0.5,4.0,2048,0,256,1024,640,1071.484,1107.933,1068.059,-0.094
mixed,16,8,0.5,4.0,2048,0,512,2048,1280,1130.555,1205.499,1128.989,-0.0209
mixed,16,8,0.5,4.0,2048,0,1024,4096,2560,1245.85,1375.58,1239.962,-0.0454
mixed,16,8,0.5,4.0,2048,0,2048,8192,5120,1463.995,1719.354,1454.234,-0.0382
mixed,16,8,0.5,4.0,2048,0,4096,16384,10240,1908.026,2432.344,1868.059,-0.0762
mixed,16,8,0.5,4.0,2048,512,128,512,320,1371.035,1394.939,1369.625,-0.059
mixed,16,8,0.5,4.0,2048,512,256,1024,640,1408.826,1441.98,1401.433,-0.223
mixed,16,8,0.5,4.0,2048,512,512,2048,1280,1466.01,1535.771,1461.402,-0.0661
mixed,16,8,0.5,4.0,2048,512,1024,4096,2560,1578.713,1717.241,1571.481,-0.0522
mixed,16,8,0.5,4.0,2048,512,2048,8192,5120,1797.688,2069.752,1783.579,-0.0519
mixed,16,8,0.5,4.0,2048,512,4096,16384,10240,2231.063,2765.111,2205.239,-0.0484
mixed,16,8,0.5,4.0,2048,1024,128,512,320,1708.792,1726.651,1711.164,0.1328
mixed,16,8,0.5,4.0,2048,1024,256,1024,640,1742.937,1783.162,1742.235,-0.0175
mixed,16,8,0.5,4.0,2048,1024,512,2048,1280,1807.546,1873.721,1803.004,-0.0686
mixed,16,8,0.5,4.0,2048,1024,1024,4096,2560,1918.777,2053.465,1906.808,-0.0889
mixed,16,8,0.5,4.0,2048,1024,2048,8192,5120,2135.606,2393.946,2119.035,-0.0641
mixed,16,8,0.5,4.0,2048,1024,4096,16384,10240,2571.545,3097.012,2548.024,-0.0448
mixed,16,8,0.5,4.0,2048,2048,128,512,320,2256.055,2278.936,2259.607,0.1552
mixed,16,8,0.5,4.0,2048,2048,256,1024,640,2297.018,2333.366,2289.466,-0.2078
mixed,16,8,0.5,4.0,2048,2048,512,2048,1280,2353.464,2425.623,2352.629,-0.0116
mixed,16,8,0.5,4.0,2048,2048,1024,4096,2560,2472.087,2603.223,2459.987,-0.0923
mixed,16,8,0.5,4.0,2048,2048,2048,8192,5120,2686.708,2942.582,2674.967,-0.0459
mixed,16,8,0.5,4.0,2048,2048,4096,16384,10240,3128.534,3641.299,3104.243,-0.0474
mixed,16,8,0.5,4.0,2048,4096,128,512,320,3350.483,3375.283,3353.361,0.116
mixed,16,8,0.5,4.0,2048,4096,256,1024,640,3388.087,3430.358,3383.543,-0.1075
mixed,16,8,0.5,4.0,2048,4096,512,2048,1280,3451.985,3519.22,3442.068,-0.1475
mixed,16,8,0.5,4.0,2048,4096,1024,4096,2560,3567.635,3690.93,3555.796,-0.096
mixed,16,8,0.5,4.0,2048,4096,2048,8192,5120,3781.073,4042.227,3761.396,-0.0753
mixed,16,8,0.5,4.0,2048,4096,4096,16384,10240,4206.548,4743.088,4197.267,-0.0173
mixed,16,8,0.5,4.0,2048,8192,128,512,320,5554.701,5573.711,5557.072,0.1247
mixed,16,8,0.5,4.0,2048,8192,256,1024,640,5583.467,5625.135,5582.859,-0.0146
mixed,16,8,0.5,4.0,2048,8192,512,2048,1280,5644.269,5711.056,5637.933,-0.0949
mixed,16,8,0.5,4.0,2048,8192,1024,4096,2560,5756.558,5896.362,5757.45,0.0064
mixed,16,8,0.5,4.0,2048,8192,2048,8192,5120,5974.795,6236.688,5960.3,-0.0553
mixed,16,8,0.5,4.0,2048,8192,4096,16384,10240,6405.708,6954.12,6393.224,-0.0228
pure,16,12,0.75,4.0,0,0,128,512,416,88.926,100.32,88.16,-0.0672
pure,16,12,0.75,4.0,0,0,256,1024,832,126.368,147.999,128.351,0.0917
pure,16,12,0.75,4.0,0,0,512,2048,1664,206.016,238.111,201.054,-0.1546
pure,16,12,0.75,4.0,0,0,1024,4096,3328,347.552,417.406,346.399,-0.0165
pure,16,12,0.75,4.0,0,0,2048,8192,6656,632.349,766.526,627.328,-0.0374
pure,16,12,0.75,4.0,0,0,4096,16384,13312,1183.899,1456.732,1179.324,-0.0168
mixed,16,12,0.75,4.0,16,0,128,512,416,109.632,121.44,108.032,-0.1355
mixed,16,12,0.75,4.0,16,0,256,1024,832,148.832,168.48,149.566,0.0374
mixed,16,12,0.75,4.0,16,0,512,2048,1664,226.879,262.211,217.535,-0.2645
mixed,16,12,0.75,4.0,16,0,1024,4096,3328,373.949,439.871,364.896,-0.1373
mixed,16,12,0.75,4.0,16,0,2048,8192,6656,653.984,774.366,649.054,-0.041
mixed,16,12,0.75,4.0,16,0,4096,16384,13312,1219.966,1486.394,1204.091,-0.0596
mixed,16,12,0.75,4.0,16,512,128,512,416,143.455,156.669,142.685,-0.0583
mixed,16,12,0.75,4.0,16,512,256,1024,832,184.926,203.166,184.864,-0.0034
mixed,16,12,0.75,4.0,16,512,512,2048,1664,259.07,295.581,251.999,-0.1937
mixed,16,12,0.75,4.0,16,512,1024,4096,3328,408.0,470.88,400.765,-0.1151
mixed,16,12,0.75,4.0,16,512,2048,8192,6656,689.246,813.594,684.287,-0.0399
mixed,16,12,0.75,4.0,16,512,4096,16384,13312,1250.174,1508.866,1255.261,0.0197
mixed,16,12,0.75,4.0,16,1024,128,512,416,145.791,158.624,145.056,-0.0573
mixed,16,12,0.75,4.0,16,1024,256,1024,832,186.369,208.16,186.528,0.0073
mixed,16,12,0.75,4.0,16,1024,512,2048,1664,264.255,296.062,256.126,-0.2556
mixed,16,12,0.75,4.0,16,1024,1024,4096,3328,409.118,468.959,399.709,-0.1572
mixed,16,12,0.75,4.0,16,1024,2048,8192,6656,697.402,818.234,683.806,-0.1125
mixed,16,12,0.75,4.0,16,1024,4096,16384,13312,1254.077,1515.582,1252.474,-0.0061
mixed,16,12,0.75,4.0,16,2048,128,512,416,149.473,163.008,148.543,-0.0687
mixed,16,12,0.75,4.0,16,2048,256,1024,832,191.648,210.653,192.543,0.0471
mixed,16,12,0.75,4.0,16,2048,512,2048,1664,268.063,299.136,260.735,-0.2358
mixed,16,12,0.75,4.0,16,2048,1024,4096,3328,412.639,479.933,409.756,-0.0428
mixed,16,12,0.75,4.0,16,2048,2048,8192,6656,694.332,817.727,689.537,-0.0389
mixed,16,12,0.75,4.0,16,2048,4096,16384,13312,1258.591,1512.218,1241.021,-0.0693
mixed,16,12,0.75,4.0,16,4096,128,512,416,161.154,174.753,158.269,-0.2121
mixed,16,12,0.75,4.0,16,4096,256,1024,832,200.672,223.295,204.735,0.1796
mixed,16,12,0.75,4.0,16,4096,512,2048,1664,279.105,313.282,271.293,-0.2286
mixed,16,12,0.75,4.0,16,4096,1024,4096,3328,427.933,490.557,422.878,-0.0807
mixed,16,12,0.75,4.0,16,4096,2048,8192,6656,702.046,833.533,701.276,-0.0059
mixed,16,12,0.75,4.0,16,4096,4096,16384,13312,1266.46,1535.067,1263.803,-0.0099
mixed,16,12,0.75,4.0,16,8192,128,512,416,193.471,206.273,190.398,-0.24
mixed,16,12,0.75,4.0,16,8192,256,1024,832,237.856,258.625,239.262,0.0677
mixed,16,12,0.75,4.0,16,8192,512,2048,1664,314.494,349.345,308.545,-0.1707
mixed,16,12,0.75,4.0,16,8192,1024,4096,3328,461.151,525.215,456.767,-0.0684
mixed,16,12,0.75,4.0,16,8192,2048,8192,6656,739.802,872.063,749.949,0.0767
mixed,16,12,0.75,4.0,16,8192,4096,16384,13312,1298.556,1561.175,1300.029,0.0056
mixed,16,12,0.75,4.0,32,0,128,512,416,141.696,155.939,141.215,-0.0338
mixed,16,12,0.75,4.0,32,0,256,1024,832,183.904,203.615,184.48,0.0292
mixed,16,12,0.75,4.0,32,0,512,2048,1664,260.607,295.393,256.35,-0.1224
mixed,16,12,0.75,4.0,32,0,1024,4096,3328,402.143,478.558,402.115,-0.0004
mixed,16,12,0.75,4.0,32,0,2048,8192,6656,691.325,825.724,688.572,-0.0205
mixed,16,12,0.75,4.0,32,0,4096,16384,13312,1254.458,1512.572,1237.692,-0.065
mixed,16,12,0.75,4.0,32,512,128,512,416,167.935,182.016,166.399,-0.1091
mixed,16,12,0.75,4.0,32,512,256,1024,832,209.343,230.879,211.263,0.0892
mixed,16,12,0.75,4.0,32,512,512,2048,1664,287.774,322.143,282.462,-0.1546
mixed,16,12,0.75,4.0,32,512,1024,4096,3328,432.318,501.823,428.219,-0.059
mixed,16,12,0.75,4.0,32,512,2048,8192,6656,716.06,842.268,713.95,-0.0167
mixed,16,12,0.75,4.0,32,512,4096,16384,13312,1289.755,1533.466,1260.507,-0.12
mixed,16,12,0.75,4.0,32,1024,128,512,416,170.143,182.782,169.023,-0.0886
mixed,16,12,0.75,4.0,32,1024,256,1024,832,212.544,232.958,214.145,0.0784
mixed,16,12,0.75,4.0,32,1024,512,2048,1664,291.871,324.412,285.6,-0.1927
mixed,16,12,0.75,4.0,32,1024,1024,4096,3328,435.582,498.27,430.974,-0.0735
mixed,16,12,0.75,4.0,32,1024,2048,8192,6656,713.312,843.773,711.039,-0.0174
mixed,16,12,0.75,4.0,32,1024,4096,16384,13312,1276.187,1534.43,1272.284,-0.0151
mixed,16,12,0.75,4.0,32,2048,128,512,416,177.025,191.648,177.184,0.0109
mixed,16,12,0.75,4.0,32,2048,256,1024,832,220.544,242.204,222.433,0.0872
mixed,16,12,0.75,4.0,32,2048,512,2048,1664,298.749,333.885,295.038,-0.1056
mixed,16,12,0.75,4.0,32,2048,1024,4096,3328,440.704,508.349,438.239,-0.0364
mixed,16,12,0.75,4.0,32,2048,2048,8192,6656,728.348,860.287,722.846,-0.0417
mixed,16,12,0.75,4.0,32,2048,4096,16384,13312,1285.531,1549.177,1274.81,-0.0407
mixed,16,12,0.75,4.0,32,4096,128,512,416,191.455,203.743,189.918,-0.1251
mixed,16,12,0.75,4.0,32,4096,256,1024,832,236.415,257.823,238.526,0.0986
mixed,16,12,0.75,4.0,32,4096,512,2048,1664,313.79,349.63,308.286,-0.1536
mixed,16,12,0.75,4.0,32,4096,1024,4096,3328,459.646,531.199,460.191,0.0076
mixed,16,12,0.75,4.0,32,4096,2048,8192,6656,737.34,877.277,740.923,0.0256
mixed,16,12,0.75,4.0,32,4096,4096,16384,13312,1313.725,1554.62,1296.476,-0.0716
mixed,16,12,0.75,4.0,32,8192,128,512,416,287.071,299.487,286.08,-0.0798
mixed,16,12,0.75,4.0,32,8192,256,1024,832,329.407,350.942,332.862,0.1604
mixed,16,12,0.75,4.0,32,8192,512,2048,1664,407.933,440.893,401.727,-0.1883
mixed,16,12,0.75,4.0,32,8192,1024,4096,3328,551.938,620.094,548.189,-0.055
mixed,16,12,0.75,4.0,32,8192,2048,8192,6656,837.114,963.933,831.805,-0.0419
mixed,16,12,0.75,4.0,32,8192,4096,16384,13312,1399.707,1665.05,1396.57,-0.0118
mixed,16,12,0.75,4.0,64,0,128,512,416,144.256,157.311,142.527,-0.1324
mixed,16,12,0.75,4.0,64,0,256,1024,832,187.902,207.776,189.728,0.0919
mixed,16,12,0.75,4.0,64,0,512,2048,1664,268.897,300.861,260.254,-0.2704
mixed,16,12,0.75,4.0,64,0,1024,4096,3328,413.022,476.958,404.99,-0.1256
mixed,16,12,0.75,4.0,64,0,2048,8192,6656,695.646,822.111,692.096,-0.0281
mixed,16,12,0.75,4.0,64,0,4096,16384,13312,1258.65,1508.089,1251.45,-0.0289
mixed,16,12,0.75,4.0,64,512,128,512,416,176.767,189.374,174.111,-0.2107
mixed,16,12,0.75,4.0,64,512,256,1024,832,221.024,242.336,223.806,0.1305
mixed,16,12,0.75,4.0,64,512,512,2048,1664,298.462,333.214,293.633,-0.139
mixed,16,12,0.75,4.0,64,512,1024,4096,3328,441.757,509.245,441.825,0.001
mixed,16,12,0.75,4.0,64,512,2048,8192,6656,723.615,860.859,721.981,-0.0119
mixed,16,12,0.75,4.0,64,512,4096,16384,13312,1292.251,1544.184,1277.499,-0.0586
mixed,16,12,0.75,4.0,64,1024,128,512,416,182.079,196.607,181.793,-0.0197
mixed,16,12,0.75,4.0,64,1024,256,1024,832,227.871,248.928,229.023,0.0547
mixed,16,12,0.75,4.0,64,1024,512,2048,1664,305.534,340.384,299.839,-0.1634
mixed,16,12,0.75,4.0,64,1024,1024,4096,3328,449.693,518.11,450.464,0.0113
mixed,16,12,0.75,4.0,64,1024,2048,8192,6656,734.365,857.981,729.757,-0.0373
mixed,16,12,0.75,4.0,64,1024,4096,16384,13312,1296.092,1566.106,1288.953,-0.0264
mixed,16,12,0.75,4.0,64,2048,128,512,416,191.648,205.28,191.234,-0.0304
mixed,16,12,0.75,4.0,64,2048,256,1024,832,237.152,259.488,238.686,0.0687
mixed,16,12,0.75,4.0,64,2048,512,2048,1664,318.203,347.871,311.232,-0.235
mixed,16,12,0.75,4.0,64,2048,1024,4096,3328,459.901,525.887,456.541,-0.0509
mixed,16,12,0.75,4.0,64,2048,2048,8192,6656,741.822,880.19,743.037,0.0088
mixed,16,12,0.75,4.0,64,2048,4096,16384,13312,1309.662,1566.649,1295.964,-0.0533
mixed,16,12,0.75,4.0,64,4096,128,512,416,271.134,285.599,269.12,-0.1392
mixed,16,12,0.75,4.0,64,4096,256,1024,832,313.983,337.438,318.045,0.1732
mixed,16,12,0.75,4.0,64,4096,512,2048,1664,392.51,426.302,387.069,-0.161
mixed,16,12,0.75,4.0,64,4096,1024,4096,3328,538.495,600.766,536.189,-0.037
mixed,16,12,0.75,4.0,64,4096,2048,8192,6656,824.093,953.92,820.156,-0.0303
mixed,16,12,0.75,4.0,64,4096,4096,16384,13312,1384.477,1644.186,1379.453,-0.0193
mixed,16,12,0.75,4.0,64,8192,128,512,416,353.185,365.184,350.271,-0.2429
mixed,16,12,0.75,4.0,64,8192,256,1024,832,394.111,416.157,396.956,0.129
mixed,16,12,0.75,4.0,64,8192,512,2048,1664,472.77,504.384,468.351,-0.1398
mixed,16,12,0.75,4.0,64,8192,1024,4096,3328,619.615,680.508,614.27,-0.0878
mixed,16,12,0.75,4.0,64,8192,2048,8192,6656,900.508,1037.051,896.283,-0.0309
mixed,16,12,0.75,4.0,64,8192,4096,16384,13312,1457.562,1723.066,1457.114,-0.0017
mixed,16,12,0.75,4.0,128,0,128,512,416,152.224,165.44,150.4,-0.138
mixed,16,12,0.75,4.0,128,0,256,1024,832,191.231,213.502,194.72,0.1567
mixed,16,12,0.75,4.0,128,0,512,2048,1664,270.303,302.621,267.358,-0.0911
mixed,16,12,0.75,4.0,128,0,1024,4096,3328,415.967,479.935,416.414,0.007
mixed,16,12,0.75,4.0,128,0,2048,8192,6656,697.341,824.958,691.357,-0.0469
mixed,16,12,0.75,4.0,128,0,4096,16384,13312,1261.37,1523.995,1252.667,-0.0331
mixed,16,12,0.75,4.0,128,512,128,512,416,192.287,205.727,191.969,-0.0237
mixed,16,12,0.75,4.0,128,512,256,1024,832,237.566,257.662,239.199,0.0813
mixed,16,12,0.75,4.0,128,512,512,2048,1664,317.117,350.047,311.521,-0.1699
mixed,16,12,0.75,4.0,128,512,1024,4096,3328,467.103,527.23,463.648,-0.0575
mixed,16,12,0.75,4.0,128,512,2048,8192,6656,741.149,872.573,735.902,-0.0399
mixed,16,12,0.75,4.0,128,512,4096,16384,13312,1302.525,1573.946,1301.912,-0.0023
mixed,16,12,0.75,4.0,128,1024,128,512,416,200.832,214.113,198.623,-0.1663
mixed,16,12,0.75,4.0,128,1024,256,1024,832,246.687,268.892,248.607,0.0865
mixed,16,12,0.75,4.0,128,1024,512,2048,1664,325.855,357.087,317.214,-0.2767
mixed,16,12,0.75,4.0,128,1024,1024,4096,3328,469.44,534.589,470.078,0.0098
mixed,16,12,0.75,4.0,128,1024,2048,8192,6656,750.302,880.35,745.313,-0.0384
mixed,16,12,0.75,4.0,128,1024,4096,16384,13312,1324.665,1577.596,1311.197,-0.0532
mixed,16,12,0.75,4.0,128,2048,128,512,416,274.525,288.799,274.56,0.0025
mixed,16,12,0.75,4.0,128,2048,256,1024,832,317.087,338.783,320.511,0.1578
mixed,16,12,0.75,4.0,128,2048,512,2048,1664,398.463,434.974,392.031,-0.1762
mixed,16,12,0.75,4.0,128,2048,1024,4096,3328,541.312,608.64,540.989,-0.0048
mixed,16,12,0.75,4.0,128,2048,2048,8192,6656,824.956,958.973,818.268,-0.0499
mixed,16,12,0.75,4.0,128,2048,4096,16384,13312,1382.715,1641.88,1383.899,0.0046
mixed,16,12,0.75,4.0,128,4096,128,512,416,352.959,367.424,353.758,0.0552
mixed,16,12,0.75,4.0,128,4096,256,1024,832,396.318,420.126,399.328,0.1264
mixed,16,12,0.75,4.0,128,4096,512,2048,1664,475.42,505.276,466.558,-0.2968
mixed,16,12,0.75,4.0,128,4096,1024,4096,3328,620.031,685.085,620.124,0.0014
mixed,16,12,0.75,4.0,128,4096,2048,8192,6656,900.509,1038.716,898.105,-0.0174
mixed,16,12,0.75,4.0,128,4096,4096,16384,13312,1474.076,1721.178,1453.18,-0.0846
mixed,16,12,0.75,4.0,128,8192,128,512,416,500.415,513.631,498.879,-0.1162
mixed,16,12,0.75,4.0,128,8192,256,1024,832,544.668,566.302,545.632,0.0446
mixed,16,12,0.75,4.0,128,8192,512,2048,1664,623.07,654.974,613.661,-0.2949
mixed,16,12,0.75,4.0,128,8192,1024,4096,3328,767.423,829.404,760.319,-0.1146
mixed,16,12,0.75,4.0,128,8192,2048,8192,6656,1050.205,1186.429,1043.002,-0.0529
mixed,16,12,0.75,4.0,128,8192,4096,16384,13312,1612.411,1869.433,1614.265,0.0072
mixed,16,12,0.75,4.0,256,0,128,512,416,216.543,228.928,213.625,-0.2356
mixed,16,12,0.75,4.0,256,0,256,1024,832,260.064,282.561,263.901,0.1706
mixed,16,12,0.75,4.0,256,0,512,2048,1664,342.207,375.39,336.254,-0.1794
mixed,16,12,0.75,4.0,256,0,1024,4096,3328,483.263,558.27,478.015,-0.07
mixed,16,12,0.75,4.0,256,0,2048,8192,6656,769.212,913.918,759.357,-0.0681
mixed,16,12,0.75,4.0,256,0,4096,16384,13312,1331.771,1600.408,1316.41,-0.0572
mixed,16,12,0.75,4.0,256,512,128,512,416,281.534,296.478,281.372,-0.0108
mixed,16,12,0.75,4.0,256,512,256,1024,832,326.911,345.98,327.871,0.0503
mixed,16,12,0.75,4.0,256,512,512,2048,1664,405.151,437.404,396.094,-0.2808
mixed,16,12,0.75,4.0,256,512,1024,4096,3328,554.75,617.406,544.159,-0.169
mixed,16,12,0.75,4.0,256,512,2048,8192,6656,837.695,976.349,823.611,-0.1016
mixed,16,12,0.75,4.0,256,512,4096,16384,13312,1397.627,1657.212,1382.298,-0.0591
mixed,16,12,0.75,4.0,256,1024,128,512,416,336.382,350.431,338.718,0.1663
mixed,16,12,0.75,4.0,256,1024,256,1024,832,381.854,400.799,383.486,0.0861
mixed,16,12,0.75,4.0,256,1024,512,2048,1664,460.48,491.771,453.888,-0.2107
mixed,16,12,0.75,4.0,256,1024,1024,4096,3328,606.144,672.095,598.845,-0.1107
mixed,16,12,0.75,4.0,256,1024,2048,8192,6656,887.675,1013.405,878.843,-0.0702
mixed,16,12,0.75,4.0,256,1024,4096,16384,13312,1457.404,1716.921,1446.458,-0.0422
mixed,16,12,0.75,4.0,256,2048,128,512,416,374.05,387.678,372.028,-0.1484
mixed,16,12,0.75,4.0,256,2048,256,1024,832,417.597,436.221,419.071,0.0791
mixed,16,12,0.75,4.0,256,2048,512,2048,1664,497.343,531.388,488.48,-0.2603
mixed,16,12,0.75,4.0,256,2048,1024,4096,3328,641.405,701.823,638.393,-0.0499
mixed,16,12,0.75,4.0,256,2048,2048,8192,6656,926.683,1050.172,920.54,-0.0497
mixed,16,12,0.75,4.0,256,2048,4096,16384,13312,1486.779,1740.602,1481.338,-0.0214
mixed,16,12,0.75,4.0,256,4096,128,512,416,518.142,530.878,516.286,-0.1457
mixed,16,12,0.75,4.0,256,4096,256,1024,832,559.677,584.989,562.014,0.0923
mixed,16,12,0.75,4.0,256,4096,512,2048,1664,639.676,673.724,632.574,-0.2086
mixed,16,12,0.75,4.0,256,4096,1024,4096,3328,785.726,848.667,781.404,-0.0687
mixed,16,12,0.75,4.0,256,4096,2048,8192,6656,1069.085,1199.13,1065.116,-0.0305
mixed,16,12,0.75,4.0,256,4096,4096,16384,13312,1642.715,1886.233,1616.954,-0.1058
mixed,16,12,0.75,4.0,256,8192,128,512,416,765.243,777.884,761.564,-0.291
mixed,16,12,0.75,4.0,256,8192,256,1024,832,805.119,827.709,811.709,0.2917
mixed,16,12,0.75,4.0,256,8192,512,2048,1664,885.18,924.22,875.323,-0.2525
mixed,16,12,0.75,4.0,256,8192,1024,4096,3328,1028.377,1094.781,1024.859,-0.053
mixed,16,12,0.75,4.0,256,8192,2048,8192,6656,1311.064,1442.647,1315.294,0.0321
mixed,16,12,0.75,4.0,256,8192,4096,16384,13312,1867.323,2129.656,1866.875,-0.0017
mixed,16,12,0.75,4.0,512,0,128,512,416,332.799,348.32,331.327,-0.0948
mixed,16,12,0.75,4.0,512,0,256,1024,832,378.783,396.959,379.903,0.0616
mixed,16,12,0.75,4.0,512,0,512,2048,1664,457.44,488.509,449.921,-0.242
mixed,16,12,0.75,4.0,512,0,1024,4096,3328,600.382,661.855,600.57,0.0031
mixed,16,12,0.75,4.0,512,0,2048,8192,6656,887.547,1012.348,875.323,-0.0979
mixed,16,12,0.75,4.0,512,0,4096,16384,13312,1447.9,1709.497,1437.658,-0.0392
mixed,16,12,0.75,4.0,512,512,128,512,416,409.694,419.233,406.046,-0.3824
mixed,16,12,0.75,4.0,512,512,256,1024,832,451.07,472.319,450.655,-0.0195
mixed,16,12,0.75,4.0,512,512,512,2048,1664,531.136,561.212,521.983,-0.3043
mixed,16,12,0.75,4.0,512,512,1024,4096,3328,672.606,740.415,670.271,-0.0344
mixed,16,12,0.75,4.0,512,512,2048,8192,6656,956.442,1087.996,950.14,-0.0479
mixed,16,12,0.75,4.0,512,512,4096,16384,13312,1522.618,1787.384,1506.395,-0.0613
mixed,16,12,0.75,4.0,512,1024,128,512,416,474.782,488.988,474.175,-0.0427
mixed,16,12,0.75,4.0,512,1024,256,1024,832,519.228,539.324,520.189,0.0478
mixed,16,12,0.75,4.0,512,1024,512,2048,1664,598.017,631.644,588.286,-0.2894
mixed,16,12,0.75,4.0,512,1024,1024,4096,3328,741.051,806.843,735.706,-0.0812
mixed,16,12,0.75,4.0,512,1024,2048,8192,6656,1022.49,1160.635,1019.261,-0.0234
mixed,16,12,0.75,4.0,512,1024,4096,16384,13312,1592.058,1840.058,1576.667,-0.0621
mixed,16,12,0.75,4.0,512,2048,128,512,416,618.079,634.302,619.809,0.1066
mixed,16,12,0.75,4.0,512,2048,256,1024,832,662.783,683.167,668.093,0.2605
mixed,16,12,0.75,4.0,512,2048,512,2048,1664,742.336,775.004,733.5,-0.2705
mixed,16,12,0.75,4.0,512,2048,1024,4096,3328,882.522,946.974,883.741,0.0189
mixed,16,12,0.75,4.0,512,2048,2048,8192,6656,1172.924,1306.042,1165.819,-0.0534
mixed,16,12,0.75,4.0,512,2048,4096,16384,13312,1730.779,1998.232,1730.107,-0.0025
mixed,16,12,0.75,4.0,512,4096,128,512,416,896.283,909.501,895.165,-0.0846
mixed,16,12,0.75,4.0,512,4096,256,1024,832,941.791,961.083,944.38,0.1342
mixed,16,12,0.75,4.0,512,4096,512,2048,1664,1018.621,1052.859,1012.442,-0.1805
mixed,16,12,0.75,4.0,512,4096,1024,4096,3328,1167.132,1224.475,1160.7,-0.1122
mixed,16,12,0.75,4.0,512,4096,2048,8192,6656,1450.106,1580.059,1441.531,-0.066
mixed,16,12,0.75,4.0,512,4096,4096,16384,13312,2005.338,2268.09,2005.529,0.0007
mixed,16,12,0.75,4.0,512,8192,128,512,416,1449.947,1461.915,1447.61,-0.1953
mixed,16,12,0.75,4.0,512,8192,256,1024,832,1491.578,1512.057,1491.388,-0.0093
mixed,16,12,0.75,4.0,512,8192,512,2048,1664,1570.073,1602.651,1567.706,-0.0727
mixed,16,12,0.75,4.0,512,8192,1024,4096,3328,1712.892,1780.282,1712.028,-0.0128
mixed,16,12,0.75,4.0,512,8192,2048,8192,6656,1999.452,2123.833,1994.138,-0.0427
mixed,16,12,0.75,4.0,512,8192,4096,16384,13312,2551.063,2829.016,2555.222,0.015
mixed,16,12,0.75,4.0,1024,0,128,512,416,587.742,601.119,584.829,-0.2178
mixed,16,12,0.75,4.0,1024,0,256,1024,832,628.026,655.196,632.126,0.1509
mixed,16,12,0.75,4.0,1024,0,512,2048,1664,709.374,738.783,705.534,-0.1306
mixed,16,12,0.75,4.0,1024,0,1024,4096,3328,858.012,921.277,846.141,-0.1876
mixed,16,12,0.75,4.0,1024,0,2048,8192,6656,1135.517,1268.026,1139.645,0.0312
mixed,16,12,0.75,4.0,1024,0,4096,16384,13312,1697.721,1963.48,1699.641,0.0072
mixed,16,12,0.75,4.0,1024,512,128,512,416,762.492,779.998,763.868,0.0786
mixed,16,12,0.75,4.0,1024,512,256,1024,832,806.908,830.46,811.262,0.1849
mixed,16,12,0.75,4.0,1024,512,512,2048,1664,889.403,917.052,881.469,-0.287
mixed,16,12,0.75,4.0,1024,512,1024,4096,3328,1039.227,1102.523,1025.116,-0.2229
mixed,16,12,0.75,4.0,1024,512,2048,8192,6656,1309.019,1454.363,1310.876,0.0128
mixed,16,12,0.75,4.0,1024,512,4096,16384,13312,1870.586,2141.622,1866.265,-0.0159
mixed,16,12,0.75,4.0,1024,1024,128,512,416,922.495,937.724,919.098,-0.2231
mixed,16,12,0.75,4.0,1024,1024,256,1024,832,962.83,983.471,966.059,0.1564
mixed,16,12,0.75,4.0,1024,1024,512,2048,1664,1040.08,1076.298,1037.548,-0.0699
mixed,16,12,0.75,4.0,1024,1024,1024,4096,3328,1187.848,1251.335,1184.779,-0.0483
mixed,16,12,0.75,4.0,1024,1024,2048,8192,6656,1472.901,1599.074,1469.829,-0.0243
mixed,16,12,0.75,4.0,1024,1024,4096,16384,13312,2029.912,2291.348,2035.319,0.0207
mixed,16,12,0.75,4.0,1024,2048,128,512,416,1199.592,1213.45,1197.292,-0.166
mixed,16,12,0.75,4.0,1024,2048,256,1024,832,1243.531,1261.384,1244.136,0.0339
mixed,16,12,0.75,4.0,1024,2048,512,2048,1664,1324.52,1350.599,1312.362,-0.4662
mixed,16,12,0.75,4.0,1024,2048,1024,4096,3328,1463.623,1530.18,1460.837,-0.0419
mixed,16,12,0.75,4.0,1024,2048,2048,8192,6656,1751.869,1876.668,1749.727,-0.0172
mixed,16,12,0.75,4.0,1024,2048,4096,16384,13312,2312.63,2592.433,2304.918,-0.0276
mixed,16,12,0.75,4.0,1024,4096,128,512,416,1751.904,1768.67,1750.558,-0.0803
mixed,16,12,0.75,4.0,1024,4096,256,1024,832,1795.23,1817.404,1796.094,0.039
mixed,16,12,0.75,4.0,1024,4096,512,2048,1664,1875.262,1904.35,1870.015,-0.1804
mixed,16,12,0.75,4.0,1024,4096,1024,4096,3328,2019.352,2085.626,2014.65,-0.0709
mixed,16,12,0.75,4.0,1024,4096,2048,8192,6656,2303.028,2436.501,2302.004,-0.0077
mixed,16,12,0.75,4.0,1024,4096,4096,16384,13312,2867.721,3121.83,2861.069,-0.0262
mixed,16,12,0.75,4.0,1024,8192,128,512,416,2844.937,2855.816,2840.937,-0.3677
mixed,16,12,0.75,4.0,1024,8192,256,1024,832,2889.772,2910.666,2889.836,0.0031
mixed,16,12,0.75,4.0,1024,8192,512,2048,1664,2965.894,2999.144,2962.344,-0.1068
mixed,16,12,0.75,4.0,1024,8192,1024,4096,3328,3106.82,3177.286,3108.839,0.0287
mixed,16,12,0.75,4.0,1024,8192,2048,8192,6656,3395.202,3521.535,3393.281,-0.0152
mixed,16,12,0.75,4.0,1024,8192,4096,16384,13312,3965.846,4216.565,3954.969,-0.0434
mixed,16,12,0.75,4.0,2048,0,128,512,416,1045.71,1057.455,1044.714,-0.0848
mixed,16,12,0.75,4.0,2048,0,256,1024,832,1083.595,1109.996,1093.42,0.3721
mixed,16,12,0.75,4.0,2048,0,512,2048,1664,1168.648,1198.25,1161.642,-0.2367
mixed,16,12,0.75,4.0,2048,0,1024,4096,3328,1310.95,1377.83,1303.817,-0.1067
mixed,16,12,0.75,4.0,2048,0,2048,8192,6656,1594.691,1731.872,1591.651,-0.0222
mixed,16,12,0.75,4.0,2048,0,4096,16384,13312,2163.578,2417.396,2154.039,-0.0376
mixed,16,12,0.75,4.0,2048,512,128,512,416,1378.15,1394.022,1379.526,0.0867
mixed,16,12,0.75,4.0,2048,512,256,1024,832,1420.805,1445.541,1427.495,0.2705
mixed,16,12,0.75,4.0,2048,512,512,2048,1664,1504.483,1537.861,1494.631,-0.2952
mixed,16,12,0.75,4.0,2048,512,1024,4096,3328,1652.898,1711.235,1641.635,-0.1931
mixed,16,12,0.75,4.0,2048,512,2048,8192,6656,1924.762,2058.33,1927.772,0.0225
mixed,16,12,0.75,4.0,2048,512,4096,16384,13312,2499.058,2757.486,2498.356,-0.0027
mixed,16,12,0.75,4.0,2048,1024,128,512,416,1718.494,1732.769,1715.138,-0.2351
mixed,16,12,0.75,4.0,2048,1024,256,1024,832,1760.449,1783.55,1764.801,0.1884
mixed,16,12,0.75,4.0,2048,1024,512,2048,1664,1841.759,1877.918,1833.567,-0.2266
mixed,16,12,0.75,4.0,2048,1024,1024,4096,3328,1988.027,2048.155,1979.837,-0.1362
mixed,16,12,0.75,4.0,2048,1024,2048,8192,6656,2274.36,2396.244,2261.782,-0.1032
mixed,16,12,0.75,4.0,2048,1024,4096,16384,13312,2834.284,3094.953,2825.166,-0.035
mixed,16,12,0.75,4.0,2048,2048,128,512,416,2269.849,2286.33,2267.416,-0.1476
mixed,16,12,0.75,4.0,2048,2048,256,1024,832,2314.164,2335.576,2312.792,-0.0641
mixed,16,12,0.75,4.0,2048,2048,512,2048,1664,2392.725,2422.267,2383.448,-0.314
mixed,16,12,0.75,4.0,2048,2048,1024,4096,3328,2538.101,2602.131,2530.162,-0.124
mixed,16,12,0.75,4.0,2048,2048,2048,8192,6656,2816.556,2949.133,2809.325,-0.0545
mixed,16,12,0.75,4.0,2048,2048,4096,16384,13312,3378.182,3643.074,3375.044,-0.0118
mixed,16,12,0.75,4.0,2048,4096,128,512,416,3363.584,3375.044,3363.461,-0.0107
mixed,16,12,0.75,4.0,2048,4096,256,1024,832,3403.682,3428.932,3408.034,0.1724
mixed,16,12,0.75,4.0,2048,4096,512,2048,1664,3487.297,3515.332,3478.98,-0.2967
mixed,16,12,0.75,4.0,2048,4096,1024,4096,3328,3625.442,3701.761,3623.904,-0.0202
mixed,16,12,0.75,4.0,2048,4096,2048,8192,6656,3907.13,4044.25,3903.743,-0.0247
mixed,16,12,0.75,4.0,2048,4096,4096,16384,13312,4481.106,4739.469,4480.275,-0.0032
mixed,16,12,0.75,4.0,2048,8192,128,512,416,5556.127,5578.4,5556.159,0.0014
mixed,16,12,0.75,4.0,2048,8192,256,1024,832,5599.003,5626.111,5598.558,-0.0164
mixed,16,12,0.75,4.0,2048,8192,512,2048,1664,5682.843,5710.045,5671.965,-0.3999
mixed,16,12,0.75,4.0,2048,8192,1024,4096,3328,5825.626,5886.716,5819.932,-0.0932
mixed,16,12,0.75,4.0,2048,8192,2048,8192,6656,6111.19,6232.691,6110.265,-0.0076
mixed,16,12,0.75,4.0,2048,8192,4096,16384,13312,6661.006,6930.919,6661.776,0.0029
pure,16,14,0.875,4.0,0,0,128,512,464,91.455,101.15,97.247,0.5974
pure,16,14,0.875,4.0,0,0,256,1024,928,136.606,149.085,142.878,0.5026
pure,16,14,0.875,4.0,0,0,512,2048,1856,216.382,236.923,228.957,0.6122
pure,16,14,0.875,4.0,0,0,1024,4096,3712,385.05,414.01,398.841,0.4762
pure,16,14,0.875,4.0,0,0,2048,8192,7424,696.437,758.835,731.219,0.5574
pure,16,14,0.875,4.0,0,0,4096,16384,14848,1324.875,1458.281,1397.865,0.5471
mixed,16,14,0.875,4.0,16,0,128,512,464,112.093,121.502,118.908,0.7243
mixed,16,14,0.875,4.0,16,0,256,1024,928,158.622,169.981,163.549,0.4338
mixed,16,14,0.875,4.0,16,0,512,2048,1856,241.404,259.769,252.636,0.6116
mixed,16,14,0.875,4.0,16,0,1024,4096,3712,403.002,438.167,419.258,0.4623
mixed,16,14,0.875,4.0,16,0,2048,8192,7424,724.211,786.26,752.883,0.4621
mixed,16,14,0.875,4.0,16,0,4096,16384,14848,1348.873,1478.088,1410.185,0.4745
mixed,16,14,0.875,4.0,16,512,128,512,464,145.949,157.468,151.551,0.4863
mixed,16,14,0.875,4.0,16,512,256,1024,928,194.206,203.228,199.355,0.5707
mixed,16,14,0.875,4.0,16,512,512,2048,1856,273.209,294.333,284.316,0.5258
mixed,16,14,0.875,4.0,16,512,1024,4096,3712,440.822,467.384,456.728,0.5988
mixed,16,14,0.875,4.0,16,512,2048,8192,7424,756.213,814.355,787.187,0.5327
mixed,16,14,0.875,4.0,16,512,4096,16384,14848,1377.065,1504.745,1435.338,0.4564
mixed,16,14,0.875,4.0,16,1024,128,512,464,149.054,159.55,156.094,0.6707
mixed,16,14,0.875,4.0,16,1024,256,1024,928,195.484,205.564,201.948,0.6413
mixed,16,14,0.875,4.0,16,1024,512,2048,1856,276.57,296.317,286.01,0.478
mixed,16,14,0.875,4.0,16,1024,1024,4096,3712,449.016,471.478,454.231,0.2322
mixed,16,14,0.875,4.0,16,1024,2048,8192,7424,752.081,822.931,790.674,0.5447
mixed,16,14,0.875,4.0,16,1024,4096,16384,14848,1375.466,1499.624,1449.867,0.5992
mixed,16,14,0.875,4.0,16,2048,128,512,464,152.349,162.621,157.372,0.489
mixed,16,14,0.875,4.0,16,2048,256,1024,928,200.254,210.747,204.827,0.4358
mixed,16,14,0.875,4.0,16,2048,512,2048,1856,279.196,302.172,290.237,0.4805
mixed,16,14,0.875,4.0,16,2048,1024,4096,3712,451.193,478.074,458.105,0.2571
mixed,16,14,0.875,4.0,16,2048,2048,8192,7424,768.88,820.819,797.171,0.5447
mixed,16,14,0.875,4.0,16,2048,4096,16384,14848,1381.193,1521.64,1440.809,0.4245
mixed,16,14,0.875,4.0,16,4096,128,512,464,163.101,174.14,169.92,0.6177
mixed,16,14,0.875,4.0,16,4096,256,1024,928,213.661,222.492,217.947,0.4853
mixed,16,14,0.875,4.0,16,4096,512,2048,1856,293.276,313.4,303.1,0.4882
mixed,16,14,0.875,4.0,16,4096,1024,4096,3712,459.609,490.423,472.505,0.4185
mixed,16,14,0.875,4.0,16,4096,2048,8192,7424,774.929,835.09,802.195,0.4532
mixed,16,14,0.875,4.0,16,4096,4096,16384,14848,1395.401,1532.008,1467.748,0.5296
mixed,16,14,0.875,4.0,16,8192,128,512,464,196.222,209.149,200.54,0.334
mixed,16,14,0.875,4.0,16,8192,256,1024,928,247.964,258.333,254.428,0.6234
mixed,16,14,0.875,4.0,16,8192,512,2048,1856,327.225,352.252,341.242,0.5601
mixed,16,14,0.875,4.0,16,8192,1024,4096,3712,489.366,523.35,511.893,0.6629
mixed,16,14,0.875,4.0,16,8192,2048,8192,7424,807.891,870.226,848.147,0.6458
mixed,16,14,0.875,4.0,16,8192,4096,16384,14848,1434.827,1560.553,1504.68,0.5556
mixed,16,14,0.875,4.0,32,0,128,512,464,147.197,155.039,152.765,0.71
mixed,16,14,0.875,4.0,32,0,256,1024,928,193.499,203.708,198.716,0.511
mixed,16,14,0.875,4.0,32,0,512,2048,1856,273.596,298.171,287.1,0.5495
mixed,16,14,0.875,4.0,32,0,1024,4096,3712,441.686,479.706,457.881,0.426
mixed,16,14,0.875,4.0,32,0,2048,8192,7424,754.451,816.564,788.307,0.5451
mixed,16,14,0.875,4.0,32,0,4096,16384,14848,1377.45,1517.256,1449.769,0.5173
mixed,16,14,0.875,4.0,32,512,128,512,464,171.165,181.278,177.183,0.5951
mixed,16,14,0.875,4.0,32,512,256,1024,928,221.022,230.747,226.204,0.5329
mixed,16,14,0.875,4.0,32,512,512,2048,1856,301.563,321.915,313.274,0.5754
mixed,16,14,0.875,4.0,32,512,1024,4096,3712,469.271,499.739,483.319,0.4611
mixed,16,14,0.875,4.0,32,512,2048,8192,7424,783.571,857.522,803.89,0.2748
mixed,16,14,0.875,4.0,32,512,4096,16384,14848,1412.811,1546.664,1486.44,0.5501
mixed,16,14,0.875,4.0,32,1024,128,512,464,173.374,183.005,179.231,0.6081
mixed,16,14,0.875,4.0,32,1024,256,1024,928,223.358,232.763,227.675,0.459
mixed,16,14,0.875,4.0,32,1024,512,2048,1856,304.248,323.517,312.765,0.442
mixed,16,14,0.875,4.0,32,1024,1024,4096,3712,469.017,498.2,489.397,0.6984
mixed,16,14,0.875,4.0,32,1024,2048,8192,7424,786.929,850.068,814.067,0.4298
mixed,16,14,0.875,4.0,32,1024,4096,16384,14848,1408.714,1535.656,1465.546,0.4477
mixed,16,14,0.875,4.0,32,2048,128,512,464,180.19,191.326,186.909,0.6034
mixed,16,14,0.875,4.0,32,2048,256,1024,928,231.708,242.784,235.677,0.3583
mixed,16,14,0.875,4.0,32,2048,512,2048,1856,309.469,335.163,321.756,0.4782
mixed,16,14,0.875,4.0,32,2048,1024,4096,3712,476.599,513.783,490.423,0.3718
mixed,16,14,0.875,4.0,32,2048,2048,8192,7424,788.563,854.291,830.26,0.6344
mixed,16,14,0.875,4.0,32,2048,4096,16384,14848,1413.318,1549.514,1477.643,0.4723
mixed,16,14,0.875,4.0,32,4096,128,512,464,194.848,203.741,200.893,0.6797
mixed,16,14,0.875,4.0,32,4096,256,1024,928,245.692,257.755,251.546,0.4853
mixed,16,14,0.875,4.0,32,4096,512,2048,1856,326.653,346.362,337.465,0.5486
mixed,16,14,0.875,4.0,32,4096,1024,4096,3712,493.08,528.472,504.538,0.3237
mixed,16,14,0.875,4.0,32,4096,2048,8192,7424,802.227,871.632,836.114,0.4883
mixed,16,14,0.875,4.0,32,4096,4096,16384,14848,1433.481,1565.705,1485.895,0.3964
mixed,16,14,0.875,4.0,32,8192,128,512,464,291.193,297.083,294.652,0.5873
mixed,16,14,0.875,4.0,32,8192,256,1024,928,339.898,349.564,343.419,0.3643
mixed,16,14,0.875,4.0,32,8192,512,2048,1856,423.352,438.105,429.273,0.4013
mixed,16,14,0.875,4.0,32,8192,1024,4096,3712,584.791,616.981,598.839,0.4364
mixed,16,14,0.875,4.0,32,8192,2048,8192,7424,897.874,963.443,926.643,0.4388
mixed,16,14,0.875,4.0,32,8192,4096,16384,14848,1536.684,1659.845,1588.742,0.4227
mixed,16,14,0.875,4.0,64,0,128,512,464,147.934,157.662,154.143,0.6383
mixed,16,14,0.875,4.0,64,0,256,1024,928,198.141,210.142,203.323,0.4318
mixed,16,14,0.875,4.0,64,0,512,2048,1856,277.818,297.98,287.229,0.4668
mixed,16,14,0.875,4.0,64,0,1024,4096,3712,444.441,477.879,455.993,0.3455
mixed,16,14,0.875,4.0,64,0,2048,8192,7424,760.18,825.394,789.14,0.4441
mixed,16,14,0.875,4.0,64,0,4096,16384,14848,1393.96,1509.803,1455.466,0.5309
mixed,16,14,0.875,4.0,64,512,128,512,464,180.606,189.276,184.449,0.4433
mixed,16,14,0.875,4.0,64,512,256,1024,928,232.378,242.458,237.278,0.4861
mixed,16,14,0.875,4.0,64,512,512,2048,1856,309.722,331.773,319.546,0.4455
mixed,16,14,0.875,4.0,64,512,1024,4096,3712,479.545,504.855,491.16,0.4589
mixed,16,14,0.875,4.0,64,512,2048,8192,7424,793.268,861.552,824.755,0.4611
mixed,16,14,0.875,4.0,64,512,4096,16384,14848,1414.123,1555.689,1482.025,0.4796
mixed,16,14,0.875,4.0,64,1024,128,512,464,186.205,196.254,190.976,0.4748
mixed,16,14,0.875,4.0,64,1024,256,1024,928,238.015,247.967,242.142,0.4147
mixed,16,14,0.875,4.0,64,1024,512,2048,1856,315.835,340.442,332.218,0.6658
mixed,16,14,0.875,4.0,64,1024,1024,4096,3712,483.801,514.268,501.721,0.5882
mixed,16,14,0.875,4.0,64,1024,2048,8192,7424,801.81,868.594,832.564,0.4605
mixed,16,14,0.875,4.0,64,1024,4096,16384,14848,1419.949,1553.546,1484.013,0.4795
mixed,16,14,0.875,4.0,64,2048,128,512,464,195.389,205.436,202.139,0.6718
mixed,16,14,0.875,4.0,64,2048,256,1024,928,248.351,258.75,252.38,0.3874
mixed,16,14,0.875,4.0,64,2048,512,2048,1856,331.099,351.259,341.561,0.5189
mixed,16,14,0.875,4.0,64,2048,1024,4096,3712,494.072,522.905,511.129,0.5916
mixed,16,14,0.875,4.0,64,2048,2048,8192,7424,808.019,877.426,836.212,0.4062
mixed,16,14,0.875,4.0,64,2048,4096,16384,14848,1437.13,1570.953,1511.401,0.555
mixed,16,14,0.875,4.0,64,4096,128,512,464,272.828,283.418,279.898,0.6676
mixed,16,14,0.875,4.0,64,4096,256,1024,928,324.41,335.293,331.357,0.6383
mixed,16,14,0.875,4.0,64,4096,512,2048,1856,402.743,425.592,420.441,0.7746
mixed,16,14,0.875,4.0,64,4096,1024,4096,3712,571.766,604.981,585.271,0.4066
mixed,16,14,0.875,4.0,64,4096,2048,8192,7424,894.993,957.392,925.651,0.4913
mixed,16,14,0.875,4.0,64,4096,4096,16384,14848,1518.954,1643.652,1583.496,0.5176
mixed,16,14,0.875,4.0,64,8192,128,512,464,353.593,364.729,360.089,0.5833
mixed,16,14,0.875,4.0,64,8192,256,1024,928,406.459,415.61,408.378,0.2097
mixed,16,14,0.875,4.0,64,8192,512,2048,1856,486.521,504.122,493.337,0.3873
mixed,16,14,0.875,4.0,64,8192,1024,4096,3712,649.271,687.284,661.944,0.3334
mixed,16,14,0.875,4.0,64,8192,2048,8192,7424,965.267,1027.282,994.291,0.468
mixed,16,14,0.875,4.0,64,8192,4096,16384,14848,1593.193,1730.308,1658.441,0.4759
mixed,16,14,0.875,4.0,128,0,128,512,464,154.814,163.517,160.157,0.6139
mixed,16,14,0.875,4.0,128,0,256,1024,928,202.363,213.375,207.999,0.5118
mixed,16,14,0.875,4.0,128,0,512,2048,1856,281.721,301.948,295.963,0.7041
mixed,16,14,0.875,4.0,128,0,1024,4096,3712,446.587,480.953,468.44,0.6359
mixed,16,14,0.875,4.0,128,0,2048,8192,7424,768.887,832.149,805.43,0.5776
mixed,16,14,0.875,4.0,128,0,4096,16384,14848,1381.931,1521.068,1451.851,0.5025
mixed,16,14,0.875,4.0,128,512,128,512,464,196.316,205.438,201.598,0.579
mixed,16,14,0.875,4.0,128,512,256,1024,928,248.603,260.476,250.686,0.1754
mixed,16,14,0.875,4.0,128,512,512,2048,1856,327.804,349.818,339.228,0.5189
mixed,16,14,0.875,4.0,128,512,1024,4096,3712,497.464,523.318,510.906,0.5199
mixed,16,14,0.875,4.0,128,512,2048,8192,7424,820.917,874.418,845.526,0.46
mixed,16,14,0.875,4.0,128,512,4096,16384,14848,1434.22,1578.057,1500.748,0.4625
mixed,16,14,0.875,4.0,128,1024,128,512,464,204.671,213.756,208.989,0.4753
mixed,16,14,0.875,4.0,128,1024,256,1024,928,256.987,268.414,260.764,0.3305
mixed,16,14,0.875,4.0,128,1024,512,2048,1856,341.596,358.042,349.531,0.4825
mixed,16,14,0.875,4.0,128,1024,1024,4096,3712,506.262,533.175,512.087,0.2164
mixed,16,14,0.875,4.0,128,1024,2048,8192,7424,815.891,882.77,856.855,0.6125
mixed,16,14,0.875,4.0,128,1024,4096,16384,14848,1444.619,1584.299,1496.429,0.3709
mixed,16,14,0.875,4.0,128,2048,128,512,464,280.572,288.923,283.001,0.2909
mixed,16,14,0.875,4.0,128,2048,256,1024,928,332.57,339.194,336.026,0.5217
mixed,16,14,0.875,4.0,128,2048,512,2048,1856,411.094,428.793,417.496,0.3617
mixed,16,14,0.875,4.0,128,2048,1024,4096,3712,572.248,602.487,593.528,0.7037
mixed,16,14,0.875,4.0,128,2048,2048,8192,7424,892.209,952.947,924.565,0.5327
mixed,16,14,0.875,4.0,128,2048,4096,16384,14848,1526.537,1643.656,1577.673,0.4366
mixed,16,14,0.875,4.0,128,4096,128,512,464,360.539,366.299,363.868,0.578
mixed,16,14,0.875,4.0,128,4096,256,1024,928,408.06,416.218,409.785,0.2114
mixed,16,14,0.875,4.0,128,4096,512,2048,1856,490.295,510.712,499.511,0.4514
mixed,16,14,0.875,4.0,128,4096,1024,4096,3712,654.228,687.159,665.654,0.347
mixed,16,14,0.875,4.0,128,4096,2048,8192,7424,977.522,1028.752,998.738,0.4141
mixed,16,14,0.875,4.0,128,4096,4096,16384,14848,1595.432,1725.574,1658.314,0.4832
mixed,16,14,0.875,4.0,128,8192,128,512,464,503.449,512.345,511.352,0.8884
mixed,16,14,0.875,4.0,128,8192,256,1024,928,557.049,564.471,562.616,0.7501
mixed,16,14,0.875,4.0,128,8192,512,2048,1856,632.76,655.415,645.238,0.5508
mixed,16,14,0.875,4.0,128,8192,1024,4096,3712,798.451,830.387,816.308,0.5591
mixed,16,14,0.875,4.0,128,8192,2048,8192,7424,1119.825,1179.922,1143.824,0.3993
mixed,16,14,0.875,4.0,128,8192,4096,16384,14848,1740.584,1877.158,1813.926,0.537
mixed,16,14,0.875,4.0,256,0,128,512,464,219.356,228.122,224.508,0.5877
mixed,16,14,0.875,4.0,256,0,256,1024,928,272.508,283.871,276.219,0.3266
mixed,16,14,0.875,4.0,256,0,512,2048,1856,349.502,372.892,361.66,0.5198
mixed,16,14,0.875,4.0,256,0,1024,4096,3712,522.168,549.368,537.177,0.5518
mixed,16,14,0.875,4.0,256,0,2048,8192,7424,833.685,894.998,876.147,0.6925
mixed,16,14,0.875,4.0,256,0,4096,16384,14848,1459.119,1592.266,1535.56,0.5741
mixed,16,14,0.875,4.0,256,512,128,512,464,285.755,297.308,290.908,0.446
mixed,16,14,0.875,4.0,256,512,256,1024,928,337.051,348.699,341.084,0.3462
mixed,16,14,0.875,4.0,256,512,512,2048,1856,415.641,436.988,427.293,0.5458
mixed,16,14,0.875,4.0,256,512,1024,4096,3712,584.279,619.671,599.608,0.4331
mixed,16,14,0.875,4.0,256,512,2048,8192,7424,902.739,966.483,932.564,0.4679
mixed,16,14,0.875,4.0,256,512,4096,16384,14848,1524.043,1658.122,1584.907,0.4539
mixed,16,14,0.875,4.0,256,1024,128,512,464,342.681,350.618,346.813,0.5206
mixed,16,14,0.875,4.0,256,1024,256,1024,928,392.188,400.987,395.609,0.3888
mixed,16,14,0.875,4.0,256,1024,512,2048,1856,472.153,494.905,484.315,0.5345
mixed,16,14,0.875,4.0,256,1024,1024,4096,3712,633.493,671.32,645.973,0.3299
mixed,16,14,0.875,4.0,256,1024,2048,8192,7424,957.203,1019.347,984.02,0.4315
mixed,16,14,0.875,4.0,256,1024,4096,16384,14848,1574.253,1721.578,1648.585,0.5045
mixed,16,14,0.875,4.0,256,2048,128,512,464,375.74,387.481,382.458,0.5722
mixed,16,14,0.875,4.0,256,2048,256,1024,928,426.905,437.752,433.499,0.6079
mixed,16,14,0.875,4.0,256,2048,512,2048,1856,508.443,526.2,514.362,0.3333
mixed,16,14,0.875,4.0,256,2048,1024,4096,3712,670.549,705.239,700.184,0.8543
mixed,16,14,0.875,4.0,256,2048,2048,8192,7424,988.724,1064.978,1021.299,0.4272
mixed,16,14,0.875,4.0,256,2048,4096,16384,14848,1620.68,1748.455,1687.177,0.5204
mixed,16,14,0.875,4.0,256,4096,128,512,464,521.37,531.704,527.002,0.545
mixed,16,14,0.875,4.0,256,4096,256,1024,928,571.83,583.287,575.164,0.291
mixed,16,14,0.875,4.0,256,4096,512,2048,1856,652.919,671.895,662.229,0.4906
mixed,16,14,0.875,4.0,256,4096,1024,4096,3712,816.082,848.627,828.246,0.3738
mixed,16,14,0.875,4.0,256,4096,2048,8192,7424,1139.505,1197.97,1173.554,0.5824
mixed,16,14,0.875,4.0,256,4096,4096,16384,14848,1760.105,1895.399,1840.199,0.592
mixed,16,14,0.875,4.0,256,8192,128,512,464,768.949,778.675,772.728,0.3885
mixed,16,14,0.875,4.0,256,8192,256,1024,928,818.163,829.526,819.541,0.1213
mixed,16,14,0.875,4.0,256,8192,512,2048,1856,899.284,919.349,906.644,0.3668
mixed,16,14,0.875,4.0,256,8192,1024,4096,3712,1067.119,1096.08,1071.151,0.1392
mixed,16,14,0.875,4.0,256,8192,2048,8192,7424,1383.501,1451.755,1405.933,0.3287
mixed,16,14,0.875,4.0,256,8192,4096,16384,14848,2011.079,2131.364,2069.284,0.4839
mixed,16,14,0.875,4.0,512,0,128,512,464,337.308,345.66,344.216,0.8271
mixed,16,14,0.875,4.0,512,0,256,1024,928,389.18,400.954,391.197,0.1713
mixed,16,14,0.875,4.0,512,0,512,2048,1856,472.635,490.265,482.074,0.5354
mixed,16,14,0.875,4.0,512,0,1024,4096,3712,635.83,667.958,644.854,0.2809
mixed,16,14,0.875,4.0,512,0,2048,8192,7424,951.284,1015.409,976.531,0.3937
mixed,16,14,0.875,4.0,512,0,4096,16384,14848,1578.859,1702.857,1633.416,0.44
mixed,16,14,0.875,4.0,512,512,128,512,464,410.684,419.835,415.836,0.563
mixed,16,14,0.875,4.0,512,512,256,1024,928,459.961,472.313,467.771,0.6323
mixed,16,14,0.875,4.0,512,512,512,2048,1856,539.607,561.045,552.054,0.5806
mixed,16,14,0.875,4.0,512,512,1024,4096,3712,706.294,739.031,714.073,0.2376
mixed,16,14,0.875,4.0,512,512,2048,8192,7424,1022.258,1090.451,1069.329,0.6903
mixed,16,14,0.875,4.0,512,512,4096,16384,14848,1644.685,1775.4,1721.577,0.5882
mixed,16,14,0.875,4.0,512,1024,128,512,464,477.273,487.707,485.177,0.7575
mixed,16,14,0.875,4.0,512,1024,256,1024,928,529.305,539.384,533.208,0.3872
mixed,16,14,0.875,4.0,512,1024,512,2048,1856,606.009,626.617,621.305,0.7422
mixed,16,14,0.875,4.0,512,1024,1024,4096,3712,776.342,806.709,787.255,0.3594
mixed,16,14,0.875,4.0,512,1024,2048,8192,7424,1096.915,1155.313,1116.37,0.3331
mixed,16,14,0.875,4.0,512,1024,4096,16384,14848,1705.769,1840.458,1784.969,0.588
mixed,16,14,0.875,4.0,512,2048,128,512,464,621.593,633.846,627.544,0.4857
mixed,16,14,0.875,4.0,512,2048,256,1024,928,674.008,686.455,677.558,0.2852
mixed,16,14,0.875,4.0,512,2048,512,2048,1856,754.455,776.212,766.679,0.5618
mixed,16,14,0.875,4.0,512,2048,1024,4096,3712,920.914,951.862,935.733,0.4788
mixed,16,14,0.875,4.0,512,2048,2048,8192,7424,1233.359,1309.614,1262.988,0.3886
mixed,16,14,0.875,4.0,512,2048,4096,16384,14848,1857.321,2002.597,1935.524,0.5383
mixed,16,14,0.875,4.0,512,4096,128,512,464,903.957,913.296,905.78,0.1952
mixed,16,14,0.875,4.0,512,4096,256,1024,928,952.563,960.211,953.94,0.18
mixed,16,14,0.875,4.0,512,4096,512,2048,1856,1031.509,1056.209,1046.069,0.5895
mixed,16,14,0.875,4.0,512,4096,1024,4096,3712,1197.939,1234.701,1214.929,0.4622
mixed,16,14,0.875,4.0,512,4096,2048,8192,7424,1510.381,1578.38,1541.676,0.4602
mixed,16,14,0.875,4.0,512,4096,4096,16384,14848,2139.875,2273.378,2211.619,0.5374
mixed,16,14,0.875,4.0,512,8192,128,512,464,1453.259,1463.213,1457.678,0.4439
mixed,16,14,0.875,4.0,512,8192,256,1024,928,1503.819,1514.316,1508.78,0.4726
mixed,16,14,0.875,4.0,512,8192,512,2048,1856,1588.012,1605.228,1594.22,0.3606
mixed,16,14,0.875,4.0,512,8192,1024,4096,3712,1748.295,1785.961,1760.298,0.3187
mixed,16,14,0.875,4.0,512,8192,2048,8192,7424,2070.853,2142.437,2103.558,0.4569
mixed,16,14,0.875,4.0,512,8192,4096,16384,14848,2692.286,2826.651,2771.613,0.5904
mixed,16,14,0.875,4.0,1024,0,128,512,464,591.003,602.328,596.121,0.4519
mixed,16,14,0.875,4.0,1024,0,256,1024,928,641.561,652.087,646.424,0.462
mixed,16,14,0.875,4.0,1024,0,512,2048,1856,718.388,739.317,729.654,0.5383
mixed,16,14,0.875,4.0,1024,0,1024,4096,3712,894.74,917.619,898.069,0.1455
mixed,16,14,0.875,4.0,1024,0,2048,8192,7424,1207.571,1271.921,1238.0,0.4729
mixed,16,14,0.875,4.0,1024,0,4096,16384,14848,1825.864,1960.133,1904.998,0.5894
mixed,16,14,0.875,4.0,1024,512,128,512,464,767.928,780.887,772.794,0.3755
mixed,16,14,0.875,4.0,1024,512,256,1024,928,819.702,828.086,824.566,0.5802
mixed,16,14,0.875,4.0,1024,512,512,2048,1856,896.947,916.056,910.867,0.7285
mixed,16,14,0.875,4.0,1024,512,1024,4096,3712,1062.899,1100.913,1076.305,0.3527
mixed,16,14,0.875,4.0,1024,512,2048,8192,7424,1375.694,1451.724,1406.607,0.4066
mixed,16,14,0.875,4.0,1024,512,4096,16384,14848,1998.629,2144.005,2075.844,0.5311
mixed,16,14,0.875,4.0,1024,1024,128,512,464,925.364,933.717,930.036,0.5593
mixed,16,14,0.875,4.0,1024,1024,256,1024,928,972.851,986.16,981.682,0.6635
mixed,16,14,0.875,4.0,1024,1024,512,2048,1856,1053.233,1080.818,1064.53,0.4095
mixed,16,14,0.875,4.0,1024,1024,1024,4096,3712,1221.297,1252.849,1235.47,0.4492
mixed,16,14,0.875,4.0,1024,1024,2048,8192,7424,1533.71,1604.878,1578.155,0.6245
mixed,16,14,0.875,4.0,1024,1024,4096,16384,14848,2159.686,2294.529,2221.86,0.4611
mixed,16,14,0.875,4.0,1024,2048,128,512,464,1202.541,1211.887,1206.129,0.3839
mixed,16,14,0.875,4.0,1024,2048,256,1024,928,1252.815,1266.894,1256.367,0.2523
mixed,16,14,0.875,4.0,1024,2048,512,2048,1856,1327.31,1351.855,1342.19,0.6062
mixed,16,14,0.875,4.0,1024,2048,1024,4096,3712,1502.795,1527.66,1515.597,0.5149
mixed,16,14,0.875,4.0,1024,2048,2048,8192,7424,1814.473,1882.122,1851.594,0.5487
mixed,16,14,0.875,4.0,1024,2048,4096,16384,14848,2445.891,2579.169,2508.609,0.4706
mixed,16,14,0.875,4.0,1024,4096,128,512,464,1754.441,1766.314,1762.474,0.6766
mixed,16,14,0.875,4.0,1024,4096,256,1024,928,1805.063,1815.335,1802.989,-0.2019
mixed,16,14,0.875,4.0,1024,4096,512,2048,1856,1887.24,1909.289,1897.16,0.4499
mixed,16,14,0.875,4.0,1024,4096,1024,4096,3712,2053.735,2084.489,2062.055,0.2705
mixed,16,14,0.875,4.0,1024,4096,2048,8192,7424,2365.634,2432.069,2398.721,0.498
mixed,16,14,0.875,4.0,1024,4096,4096,16384,14848,2991.228,3123.961,3063.161,0.5419
mixed,16,14,0.875,4.0,1024,8192,128,512,464,2852.284,2859.033,2856.281,0.5922
mixed,16,14,0.875,4.0,1024,8192,256,1024,928,2898.812,2906.973,2899.546,0.0899
mixed,16,14,0.875,4.0,1024,8192,512,2048,1856,2979.903,3002.428,2986.011,0.2712
mixed,16,14,0.875,4.0,1024,8192,1024,4096,3712,3149.05,3175.834,3163.704,0.5471
mixed,16,14,0.875,4.0,1024,8192,2048,8192,7424,3457.62,3519.157,3487.86,0.4914
mixed,16,14,0.875,4.0,1024,8192,4096,16384,14848,4098.541,4229.484,4169.964,0.5455
mixed,16,14,0.875,4.0,2048,0,128,512,464,1048.722,1055.605,1055.701,1.0139
mixed,16,14,0.875,4.0,2048,0,256,1024,928,1102.1,1114.64,1104.692,0.2067
mixed,16,14,0.875,4.0,2048,0,512,2048,1856,1175.442,1199.889,1187.346,0.4869
mixed,16,14,0.875,4.0,2048,0,1024,4096,3712,1348.367,1377.903,1366.959,0.6295
mixed,16,14,0.875,4.0,2048,0,2048,8192,7424,1667.15,1727.529,1704.811,0.6237
mixed,16,14,0.875,4.0,2048,0,4096,16384,14848,2301.67,2421.602,2360.26,0.4885
mixed,16,14,0.875,4.0,2048,512,128,512,464,1382.767,1395.243,1387.377,0.3695
mixed,16,14,0.875,4.0,2048,512,256,1024,928,1435.181,1445.839,1437.582,0.2253
mixed,16,14,0.875,4.0,2048,512,512,2048,1856,1510.604,1541.999,1529.71,0.6086
mixed,16,14,0.875,4.0,2048,512,1024,4096,3712,1678.316,1714.442,1698.155,0.5492
mixed,16,14,0.875,4.0,2048,512,2048,8192,7424,2003.782,2057.51,2031.303,0.5122
mixed,16,14,0.875,4.0,2048,512,4096,16384,14848,2624.383,2750.337,2687.168,0.4985
mixed,16,14,0.875,4.0,2048,1024,128,512,464,1723.529,1733.164,1728.331,0.4984
mixed,16,14,0.875,4.0,2048,1024,256,1024,928,1776.235,1781.512,1776.267,0.0061
mixed,16,14,0.875,4.0,2048,1024,512,2048,1856,1853.384,1872.773,1868.041,0.7559
mixed,16,14,0.875,4.0,2048,1024,1024,4096,3712,2020.68,2053.641,2034.217,0.4107
mixed,16,14,0.875,4.0,2048,1024,2048,8192,7424,2338.595,2404.675,2371.013,0.4906
mixed,16,14,0.875,4.0,2048,1024,4096,16384,14848,2959.358,3091.9,3036.219,0.5799
mixed,16,14,0.875,4.0,2048,2048,128,512,464,2272.231,2281.316,2280.228,0.8802
mixed,16,14,0.875,4.0,2048,2048,256,1024,928,2327.237,2330.629,2327.62,0.1129
mixed,16,14,0.875,4.0,2048,2048,512,2048,1856,2403.043,2425.313,2416.356,0.5978
mixed,16,14,0.875,4.0,2048,2048,1024,4096,3712,2568.289,2600.127,2588.033,0.6201
mixed,16,14,0.875,4.0,2048,2048,2048,8192,7424,2898.974,2947.675,2916.541,0.3607
mixed,16,14,0.875,4.0,2048,2048,4096,16384,14848,3505.56,3638.934,3577.14,0.5367
mixed,16,14,0.875,4.0,2048,4096,128,512,464,3365.335,3373.75,3374.163,1.0491
mixed,16,14,0.875,4.0,2048,4096,256,1024,928,3419.575,3428.311,3420.375,0.0916
mixed,16,14,0.875,4.0,2048,4096,512,2048,1856,3499.384,3516.983,3513.747,0.8161
mixed,16,14,0.875,4.0,2048,4096,1024,4096,3712,3658.709,3698.675,3679.475,0.5196
mixed,16,14,0.875,4.0,2048,4096,2048,8192,7424,3977.711,4040.369,4017.427,0.6339
mixed,16,14,0.875,4.0,2048,4096,4096,16384,14848,4609.255,4750.121,4670.601,0.4355
mixed,16,14,0.875,4.0,2048,8192,128,512,464,5563.872,5573.306,5571.805,0.8409
mixed,16,14,0.875,4.0,2048,8192,256,1024,928,5620.573,5623.933,5619.772,-0.2384
mixed,16,14,0.875,4.0,2048,8192,512,2048,1856,5694.394,5715.294,5703.037,0.4135
mixed,16,14,0.875,4.0,2048,8192,1024,4096,3712,5863.55,5897.692,5859.004,-0.1331
mixed,16,14,0.875,4.0,2048,8192,2048,8192,7424,6180.505,6241.08,6212.565,0.5293
mixed,16,14,0.875,4.0,2048,8192,4096,16384,14848,6802.416,6924.783,6881.043,0.6426
pure,32,1,0.0312,4.0,0,0,128,512,140,86.177,150.973,81.31,-0.0751
pure,32,1,0.0312,4.0,0,0,256,1024,280,106.59,241.019,107.167,0.0043
pure,32,1,0.0312,4.0,0,0,512,2048,560,156.702,414.781,156.863,0.0006
pure,32,1,0.0312,4.0,0,0,1024,4096,1120,254.589,759.638,251.166,-0.0068
pure,32,1,0.0312,4.0,0,0,2048,8192,2240,446.301,1450.605,439.802,-0.0065
pure,32,1,0.0312,4.0,0,0,4096,16384,4480,834.39,2837.056,808.471,-0.0129
mixed,32,1,0.0312,4.0,16,0,128,512,140,107.167,175.006,102.814,-0.0642
mixed,32,1,0.0312,4.0,16,0,256,1024,280,130.495,264.957,131.743,0.0093
mixed,32,1,0.0312,4.0,16,0,512,2048,560,179.23,439.9,181.919,0.0103
mixed,32,1,0.0312,4.0,16,0,1024,4096,1120,279.294,791.544,278.205,-0.0021
mixed,32,1,0.0312,4.0,16,0,2048,8192,2240,470.362,1479.022,461.724,-0.0086
mixed,32,1,0.0312,4.0,16,0,4096,16384,4480,867.575,2840.898,841.558,-0.0132
mixed,32,1,0.0312,4.0,16,512,128,512,140,140.35,208.414,135.296,-0.0743
mixed,32,1,0.0312,4.0,16,512,256,1024,280,163.966,299.836,165.021,0.0078
mixed,32,1,0.0312,4.0,16,512,512,2048,560,212.38,471.643,213.981,0.0062
mixed,32,1,0.0312,4.0,16,512,1024,4096,1120,313.693,811.927,308.188,-0.011
mixed,32,1,0.0312,4.0,16,512,2048,8192,2240,506.268,1508.529,500.218,-0.006
mixed,32,1,0.0312,4.0,16,512,4096,16384,4480,887.863,2881.856,873.461,-0.0072
mixed,32,1,0.0312,4.0,16,1024,128,512,140,141.533,211.166,137.95,-0.0515
mixed,32,1,0.0312,4.0,16,1024,256,1024,280,168.892,300.446,167.874,-0.0077
mixed,32,1,0.0312,4.0,16,1024,512,2048,560,215.006,479.771,216.19,0.0045
mixed,32,1,0.0312,4.0,16,1024,1024,4096,1120,314.749,824.052,312.253,-0.0049
mixed,32,1,0.0312,4.0,16,1024,2048,8192,2240,509.115,1509.136,498.456,-0.0107
mixed,32,1,0.0312,4.0,16,1024,4096,16384,4480,889.047,2864.16,876.408,-0.0064
mixed,32,1,0.0312,4.0,16,2048,128,512,140,145.6,214.849,142.751,-0.0411
mixed,32,1,0.0312,4.0,16,2048,256,1024,280,171.263,304.764,174.08,0.0211
mixed,32,1,0.0312,4.0,16,2048,512,2048,560,218.366,486.364,221.886,0.0131
mixed,32,1,0.0312,4.0,16,2048,1024,4096,1120,321.534,824.951,317.405,-0.0082
mixed,32,1,0.0312,4.0,16,2048,2048,8192,2240,517.018,1527.023,502.651,-0.0142
mixed,32,1,0.0312,4.0,16,2048,4096,16384,4480,895.382,2875.328,886.166,-0.0047
mixed,32,1,0.0312,4.0,16,4096,128,512,140,154.656,225.276,151.325,-0.0472
mixed,32,1,0.0312,4.0,16,4096,256,1024,280,179.678,313.055,182.75,0.023
mixed,32,1,0.0312,4.0,16,4096,512,2048,560,228.509,490.076,231.903,0.013
mixed,32,1,0.0312,4.0,16,4096,1024,4096,1120,332.443,841.654,327.453,-0.0098
mixed,32,1,0.0312,4.0,16,4096,2048,8192,2240,518.776,1534.414,512.089,-0.0066
mixed,32,1,0.0312,4.0,16,4096,4096,16384,4480,910.103,2893.922,892.44,-0.0089
mixed,32,1,0.0312,4.0,16,8192,128,512,140,189.601,264.51,185.756,-0.0513
mixed,32,1,0.0312,4.0,16,8192,256,1024,280,216.317,354.302,217.662,0.0097
mixed,32,1,0.0312,4.0,16,8192,512,2048,560,266.016,533.338,271.71,0.0213
mixed,32,1,0.0312,4.0,16,8192,1024,4096,1120,370.651,870.262,364.861,-0.0116
mixed,32,1,0.0312,4.0,16,8192,2048,8192,2240,564.697,1567.376,553.691,-0.011
mixed,32,1,0.0312,4.0,16,8192,4096,16384,4480,941.717,2926.91,922.582,-0.0096
mixed,32,1,0.0312,4.0,32,0,128,512,140,138.014,206.877,134.557,-0.0502
mixed,32,1,0.0312,4.0,32,0,256,1024,280,161.727,293.597,164.797,0.0233
mixed,32,1,0.0312,4.0,32,0,512,2048,560,211.772,475.964,214.142,0.009
mixed,32,1,0.0312,4.0,32,0,1024,4096,1120,311.676,821.975,307.773,-0.0076
mixed,32,1,0.0312,4.0,32,0,2048,8192,2240,505.274,1512.783,498.556,-0.0067
mixed,32,1,0.0312,4.0,32,0,4096,16384,4480,883.735,2890.592,867.511,-0.0081
mixed,32,1,0.0312,4.0,32,512,128,512,140,162.397,236.061,159.903,-0.0339
mixed,32,1,0.0312,4.0,32,512,256,1024,280,189.085,325.278,189.981,0.0066
mixed,32,1,0.0312,4.0,32,512,512,2048,560,240.991,501.5,241.374,0.0015
mixed,32,1,0.0312,4.0,32,512,1024,4096,1120,337.978,849.94,336.862,-0.0022
mixed,32,1,0.0312,4.0,32,512,2048,8192,2240,532.952,1535.947,522.874,-0.01
mixed,32,1,0.0312,4.0,32,512,4096,16384,4480,912.598,2899.586,900.885,-0.0059
mixed,32,1,0.0312,4.0,32,1024,128,512,140,165.404,240.284,161.088,-0.0576
mixed,32,1,0.0312,4.0,32,1024,256,1024,280,191.39,326.301,192.543,0.0085
mixed,32,1,0.0312,4.0,32,1024,512,2048,560,242.172,502.204,245.567,0.0131
mixed,32,1,0.0312,4.0,32,1024,1024,4096,1120,340.058,850.965,338.14,-0.0038
mixed,32,1,0.0312,4.0,32,1024,2048,8192,2240,534.426,1547.917,525.498,-0.0088
mixed,32,1,0.0312,4.0,32,1024,4096,16384,4480,918.103,2925.92,900.024,-0.009
mixed,32,1,0.0312,4.0,32,2048,128,512,140,170.365,244.926,167.486,-0.0386
mixed,32,1,0.0312,4.0,32,2048,256,1024,280,198.591,335.13,199.487,0.0066
mixed,32,1,0.0312,4.0,32,2048,512,2048,560,251.452,508.605,251.9,0.0017
mixed,32,1,0.0312,4.0,32,2048,1024,4096,1120,350.971,859.156,347.677,-0.0065
mixed,32,1,0.0312,4.0,32,2048,2048,8192,2240,546.009,1540.398,535.29,-0.0108
mixed,32,1,0.0312,4.0,32,2048,4096,16384,4480,930.963,2913.377,910.198,-0.0105
mixed,32,1,0.0312,4.0,32,4096,128,512,140,185.087,258.588,181.664,-0.0466
mixed,32,1,0.0312,4.0,32,4096,256,1024,280,213.02,349.339,214.621,0.0117
mixed,32,1,0.0312,4.0,32,4096,512,2048,560,266.684,521.625,268.159,0.0058
mixed,32,1,0.0312,4.0,32,4096,1024,4096,1120,368.507,875.733,360.762,-0.0153
mixed,32,1,0.0312,4.0,32,4096,2048,8192,2240,565.817,1555.468,552.826,-0.0131
mixed,32,1,0.0312,4.0,32,4096,4096,16384,4480,932.79,2936.35,928.342,-0.0022
mixed,32,1,0.0312,4.0,32,8192,128,512,140,279.133,352.67,275.23,-0.0531
mixed,32,1,0.0312,4.0,32,8192,256,1024,280,306.687,441.404,307.773,0.0081
mixed,32,1,0.0312,4.0,32,8192,512,2048,560,358.015,621.658,359.1,0.0041
mixed,32,1,0.0312,4.0,32,8192,1024,4096,1120,459.323,963.416,454.651,-0.0093
mixed,32,1,0.0312,4.0,32,8192,2048,8192,2240,654.043,1652.686,645.464,-0.0086
mixed,32,1,0.0312,4.0,32,8192,4096,16384,4480,1028.758,3024.386,1025.013,-0.0019
mixed,32,1,0.0312,4.0,64,0,128,512,140,138.847,212.542,135.869,-0.0404
mixed,32,1,0.0312,4.0,64,0,256,1024,280,165.534,298.974,166.975,0.0108
mixed,32,1,0.0312,4.0,64,0,512,2048,560,218.879,485.721,219.549,0.0025
mixed,32,1,0.0312,4.0,64,0,1024,4096,1120,317.626,822.426,315.326,-0.0046
mixed,32,1,0.0312,4.0,64,0,2048,8192,2240,514.779,1509.808,503.643,-0.0112
mixed,32,1,0.0312,4.0,64,0,4096,16384,4480,899.767,2889.761,881.655,-0.0091
mixed,32,1,0.0312,4.0,64,512,128,512,140,171.327,246.782,168.125,-0.0424
mixed,32,1,0.0312,4.0,64,512,256,1024,280,198.75,334.589,199.26,0.0038
mixed,32,1,0.0312,4.0,64,512,512,2048,560,253.119,520.568,254.238,0.0042
mixed,32,1,0.0312,4.0,64,512,1024,4096,1120,351.296,862.23,346.715,-0.009
mixed,32,1,0.0312,4.0,64,512,2048,8192,2240,550.746,1566.641,533.34,-0.0171
mixed,32,1,0.0312,4.0,64,512,4096,16384,4480,925.046,2930.401,915.542,-0.0047
mixed,32,1,0.0312,4.0,64,1024,128,512,140,176.255,251.04,174.333,-0.0257
mixed,32,1,0.0312,4.0,64,1024,256,1024,280,204.414,340.957,206.907,0.0183
mixed,32,1,0.0312,4.0,64,1024,512,2048,560,260.124,514.716,258.685,-0.0057
mixed,32,1,0.0312,4.0,64,1024,1024,4096,1120,354.589,873.752,353.467,-0.0022
mixed,32,1,0.0312,4.0,64,1024,2048,8192,2240,553.02,1553.777,542.521,-0.0105
mixed,32,1,0.0312,4.0,64,1024,4096,16384,4480,925.493,2937.796,915.768,-0.0048
mixed,32,1,0.0312,4.0,64,2048,128,512,140,187.36,263.677,181.439,-0.0776
mixed,32,1,0.0312,4.0,64,2048,256,1024,280,213.151,350.268,215.006,0.0135
mixed,32,1,0.0312,4.0,64,2048,512,2048,560,269.342,530.647,271.549,0.0084
mixed,32,1,0.0312,4.0,64,2048,1024,4096,1120,365.435,877.653,365.757,0.0006
mixed,32,1,0.0312,4.0,64,2048,2048,8192,2240,559.321,1565.389,552.282,-0.007
mixed,32,1,0.0312,4.0,64,2048,4096,16384,4480,948.534,2940.451,931.671,-0.0085
mixed,32,1,0.0312,4.0,64,4096,128,512,140,265.085,338.172,260.508,-0.0626
mixed,32,1,0.0312,4.0,64,4096,256,1024,280,293.725,430.205,292.155,-0.0115
mixed,32,1,0.0312,4.0,64,4096,512,2048,560,342.973,601.979,345.786,0.0109
mixed,32,1,0.0312,4.0,64,4096,1024,4096,1120,444.028,958.261,442.812,-0.0024
mixed,32,1,0.0312,4.0,64,4096,2048,8192,2240,634.714,1653.263,631.962,-0.0027
mixed,32,1,0.0312,4.0,64,4096,4096,16384,4480,1017.558,3010.752,1004.022,-0.0068
mixed,32,1,0.0312,4.0,64,8192,128,512,140,343.836,419.197,340.763,-0.0408
mixed,32,1,0.0312,4.0,64,8192,256,1024,280,372.251,506.552,372.668,0.0031
mixed,32,1,0.0312,4.0,64,8192,512,2048,560,425.978,681.785,424.444,-0.006
mixed,32,1,0.0312,4.0,64,8192,1024,4096,1120,525.594,1029.687,520.569,-0.01
mixed,32,1,0.0312,4.0,64,8192,2048,8192,2240,716.665,1731.15,709.369,-0.0072
mixed,32,1,0.0312,4.0,64,8192,4096,16384,4480,1098.901,3104.61,1089.749,-0.0046
mixed,32,1,0.0312,4.0,128,0,128,512,140,147.518,216.508,143.805,-0.0538
mixed,32,1,0.0312,4.0,128,0,256,1024,280,171.806,303.997,172.896,0.0082
mixed,32,1,0.0312,4.0,128,0,512,2048,560,222.015,484.731,222.59,0.0022
mixed,32,1,0.0312,4.0,128,0,1024,4096,1120,320.859,832.665,318.908,-0.0038
mixed,32,1,0.0312,4.0,128,0,2048,8192,2240,523.643,1526.898,505.084,-0.0185
mixed,32,1,0.0312,4.0,128,0,4096,16384,4480,897.079,2890.693,876.471,-0.0103
mixed,32,1,0.0312,4.0,128,512,128,512,140,186.141,261.597,184.029,-0.028
mixed,32,1,0.0312,4.0,128,512,256,1024,280,212.446,348.636,215.36,0.0214
mixed,32,1,0.0312,4.0,128,512,512,2048,560,265.95,526.108,268.158,0.0085
mixed,32,1,0.0312,4.0,128,512,1024,4096,1120,364.415,878.488,363.067,-0.0026
mixed,32,1,0.0312,4.0,128,512,2048,8192,2240,567.227,1576.178,551.388,-0.0157
mixed,32,1,0.0312,4.0,128,512,4096,16384,4480,934.103,2958.691,928.407,-0.0028
mixed,32,1,0.0312,4.0,128,1024,128,512,140,195.071,269.47,189.088,-0.0804
mixed,32,1,0.0312,4.0,128,1024,256,1024,280,221.886,360.576,222.655,0.0055
mixed,32,1,0.0312,4.0,128,1024,512,2048,560,274.813,538.645,276.19,0.0052
mixed,32,1,0.0312,4.0,128,1024,1024,4096,1120,374.941,895.383,372.797,-0.0041
mixed,32,1,0.0312,4.0,128,1024,2048,8192,2240,561.531,1571.536,561.723,0.0002
mixed,32,1,0.0312,4.0,128,1024,4096,16384,4480,958.679,2951.14,943.989,-0.0074
mixed,32,1,0.0312,4.0,128,2048,128,512,140,268.542,341.82,264.958,-0.0489
mixed,32,1,0.0312,4.0,128,2048,256,1024,280,297.561,431.003,298.526,0.0072
mixed,32,1,0.0312,4.0,128,2048,512,2048,560,345.723,605.308,348.798,0.0118
mixed,32,1,0.0312,4.0,128,2048,1024,4096,1120,444.38,957.975,442.781,-0.0031
mixed,32,1,0.0312,4.0,128,2048,2048,8192,2240,646.458,1653.07,632.827,-0.0135
mixed,32,1,0.0312,4.0,128,2048,4096,16384,4480,1019.416,3033.953,1009.367,-0.005
mixed,32,1,0.0312,4.0,128,4096,128,512,140,347.131,424.637,343.836,-0.0425
mixed,32,1,0.0312,4.0,128,4096,256,1024,280,374.17,510.299,377.018,0.0209
mixed,32,1,0.0312,4.0,128,4096,512,2048,560,428.668,689.368,433.851,0.0199
mixed,32,1,0.0312,4.0,128,4096,1024,4096,1120,528.377,1032.916,523.963,-0.0087
mixed,32,1,0.0312,4.0,128,4096,2048,8192,2240,721.339,1725.615,716.316,-0.005
mixed,32,1,0.0312,4.0,128,4096,4096,16384,4480,1105.077,3099.713,1083.222,-0.011
mixed,32,1,0.0312,4.0,128,8192,128,512,140,495.902,566.97,488.313,-0.1068
mixed,32,1,0.0312,4.0,128,8192,256,1024,280,521.786,656.827,525.982,0.0311
mixed,32,1,0.0312,4.0,128,8192,512,2048,560,575.194,834.714,575.673,0.0018
mixed,32,1,0.0312,4.0,128,8192,1024,4096,1120,674.137,1176.181,669.273,-0.0097
mixed,32,1,0.0312,4.0,128,8192,2048,8192,2240,866.776,1873.454,862.773,-0.004
mixed,32,1,0.0312,4.0,128,8192,4096,16384,4480,1250.709,3240.095,1232.724,-0.009
mixed,32,1,0.0312,4.0,256,0,128,512,140,207.834,285.118,205.215,-0.0339
mixed,32,1,0.0312,4.0,256,0,256,1024,280,235.774,373.502,236.381,0.0044
mixed,32,1,0.0312,4.0,256,0,512,2048,560,291.676,549.785,291.74,0.0002
mixed,32,1,0.0312,4.0,256,0,1024,4096,1120,390.139,903.478,384.731,-0.0105
mixed,32,1,0.0312,4.0,256,0,2048,8192,2240,580.889,1601.872,570.202,-0.0105
mixed,32,1,0.0312,4.0,256,0,4096,16384,4480,966.552,2958.562,956.565,-0.005
mixed,32,1,0.0312,4.0,256,512,128,512,140,277.341,350.874,273.629,-0.0505
mixed,32,1,0.0312,4.0,256,512,256,1024,280,303.583,440.731,305.307,0.0126
mixed,32,1,0.0312,4.0,256,512,512,2048,560,357.115,616.57,358.811,0.0065
mixed,32,1,0.0312,4.0,256,512,1024,4096,1120,456.22,970.357,453.052,-0.0062
mixed,32,1,0.0312,4.0,256,512,2048,8192,2240,647.675,1649.743,644.603,-0.0031
mixed,32,1,0.0312,4.0,256,512,4096,16384,4480,1026.806,3034.434,1011.318,-0.0077
mixed,32,1,0.0312,4.0,256,1024,128,512,140,331.422,405.821,327.804,-0.0486
mixed,32,1,0.0312,4.0,256,1024,256,1024,280,358.398,497.816,360.603,0.0158
mixed,32,1,0.0312,4.0,256,1024,512,2048,560,411.709,671.643,410.427,-0.0049
mixed,32,1,0.0312,4.0,256,1024,1024,4096,1120,512.956,1013.878,511.675,-0.0026
mixed,32,1,0.0312,4.0,256,1024,2048,8192,2240,705.943,1714.736,693.788,-0.012
mixed,32,1,0.0312,4.0,256,1024,4096,16384,4480,1086.518,3079.49,1072.664,-0.007
mixed,32,1,0.0312,4.0,256,2048,128,512,140,367.802,440.349,365.661,-0.0295
mixed,32,1,0.0312,4.0,256,2048,256,1024,280,397.404,533.69,398.489,0.008
mixed,32,1,0.0312,4.0,256,2048,512,2048,560,444.223,708.343,448.508,0.0162
mixed,32,1,0.0312,4.0,256,2048,1024,4096,1120,548.187,1060.436,542.522,-0.0111
mixed,32,1,0.0312,4.0,256,2048,2048,8192,2240,740.6,1744.879,733.499,-0.0071
mixed,32,1,0.0312,4.0,256,2048,4096,16384,4480,1113.942,3120.451,1115.063,0.0006
mixed,32,1,0.0312,4.0,256,4096,128,512,140,510.876,583.962,507.965,-0.0398
mixed,32,1,0.0312,4.0,256,4096,256,1024,280,540.764,678.266,539.801,-0.007
mixed,32,1,0.0312,4.0,256,4096,512,2048,560,590.299,853.366,592.412,0.008
mixed,32,1,0.0312,4.0,256,4096,1024,4096,1120,689.079,1201.077,689.687,0.0012
mixed,32,1,0.0312,4.0,256,4096,2048,8192,2240,887.32,1905.901,878.104,-0.009
mixed,32,1,0.0312,4.0,256,4096,4096,16384,4480,1269.812,3244.866,1249.077,-0.0105
mixed,32,1,0.0312,4.0,256,8192,128,512,140,759.769,832.696,753.594,-0.0847
mixed,32,1,0.0312,4.0,256,8192,256,1024,280,785.495,921.111,784.762,-0.0054
mixed,32,1,0.0312,4.0,256,8192,512,2048,560,840.825,1107.507,838.169,-0.01
mixed,32,1,0.0312,4.0,256,8192,1024,4096,1120,932.084,1448.114,930.745,-0.0026
mixed,32,1,0.0312,4.0,256,8192,2048,8192,2240,1128.694,2135.535,1120.627,-0.008
mixed,32,1,0.0312,4.0,256,8192,4096,16384,4480,1509.906,3525.024,1508.304,-0.0008
mixed,32,1,0.0312,4.0,512,0,128,512,140,328.476,400.412,321.948,-0.0907
mixed,32,1,0.0312,4.0,512,0,256,1024,280,353.339,487.291,355.547,0.0165
mixed,32,1,0.0312,4.0,512,0,512,2048,560,408.316,663.995,405.885,-0.0095
mixed,32,1,0.0312,4.0,512,0,1024,4096,1120,507.292,1015.64,503.099,-0.0082
mixed,32,1,0.0312,4.0,512,0,2048,8192,2240,701.561,1700.046,688.249,-0.0133
mixed,32,1,0.0312,4.0,512,0,4096,16384,4480,1086.07,3073.795,1069.077,-0.0085
mixed,32,1,0.0312,4.0,512,512,128,512,140,401.66,473.818,395.866,-0.0803
mixed,32,1,0.0312,4.0,512,512,256,1024,280,428.412,560.893,428.126,-0.0022
mixed,32,1,0.0312,4.0,512,512,512,2048,560,478.138,745.754,480.701,0.0096
mixed,32,1,0.0312,4.0,512,512,1024,4096,1120,575.898,1080.023,578.075,0.0043
mixed,32,1,0.0312,4.0,512,512,2048,8192,2240,774.584,1786.096,762.009,-0.0124
mixed,32,1,0.0312,4.0,512,512,4096,16384,4480,1159.832,3145.889,1141.523,-0.0092
mixed,32,1,0.0312,4.0,512,1024,128,512,140,468.603,544.188,463.709,-0.0647
mixed,32,1,0.0312,4.0,512,1024,256,1024,280,496.634,633.593,497.179,0.004
mixed,32,1,0.0312,4.0,512,1024,512,2048,560,547.739,811.737,548.189,0.0017
mixed,32,1,0.0312,4.0,512,1024,1024,4096,1120,651.225,1154.453,645.242,-0.0119
mixed,32,1,0.0312,4.0,512,1024,2048,8192,2240,841.656,1856.174,833.72,-0.0078
mixed,32,1,0.0312,4.0,512,1024,4096,16384,4480,1222.387,3235.779,1202.069,-0.0101
mixed,32,1,0.0312,4.0,512,2048,128,512,140,612.763,686.201,609.339,-0.0466
mixed,32,1,0.0312,4.0,512,2048,256,1024,280,639.64,772.186,642.808,0.0239
mixed,32,1,0.0312,4.0,512,2048,512,2048,560,694.138,949.878,694.456,0.0012
mixed,32,1,0.0312,4.0,512,2048,1024,4096,1120,788.856,1296.276,789.401,0.0011
mixed,32,1,0.0312,4.0,512,2048,2048,8192,2240,986.775,2001.358,973.72,-0.0129
mixed,32,1,0.0312,4.0,512,2048,4096,16384,4480,1370.674,3373.662,1347.188,-0.0117
mixed,32,1,0.0312,4.0,512,4096,128,512,140,892.249,965.624,886.455,-0.079
mixed,32,1,0.0312,4.0,512,4096,256,1024,280,918.774,1051.16,920.343,0.0119
mixed,32,1,0.0312,4.0,512,4096,512,2048,560,971.895,1227.06,970.423,-0.0058
mixed,32,1,0.0312,4.0,512,4096,1024,4096,1120,1071.576,1581.105,1066.134,-0.0107
mixed,32,1,0.0312,4.0,512,4096,2048,8192,2240,1262.357,2270.89,1254.933,-0.0074
mixed,32,1,0.0312,4.0,512,4096,4096,16384,4480,1644.338,3655.099,1633.392,-0.0054
mixed,32,1,0.0312,4.0,512,8192,128,512,140,1442.963,1517.393,1439.092,-0.052
mixed,32,1,0.0312,4.0,512,8192,256,1024,280,1471.25,1604.24,1471.892,0.0048
mixed,32,1,0.0312,4.0,512,8192,512,2048,560,1522.672,1782.605,1524.626,0.0075
mixed,32,1,0.0312,4.0,512,8192,1024,4096,1120,1618.191,2128.332,1621.393,0.0063
mixed,32,1,0.0312,4.0,512,8192,2048,8192,2240,1817.553,2819.144,1805.615,-0.0119
mixed,32,1,0.0312,4.0,512,8192,4096,16384,4480,2203.882,4205.689,2182.029,-0.0109
mixed,32,1,0.0312,4.0,1024,0,128,512,140,583.803,655.577,580.028,-0.0526
mixed,32,1,0.0312,4.0,1024,0,256,1024,280,611.447,750.203,608.506,-0.0212
mixed,32,1,0.0312,4.0,1024,0,512,2048,560,662.584,919.579,660.184,-0.0093
mixed,32,1,0.0312,4.0,1024,0,1024,4096,1120,763.354,1268.372,756.699,-0.0132
mixed,32,1,0.0312,4.0,1024,0,2048,8192,2240,953.015,1966.125,943.162,-0.0097
mixed,32,1,0.0312,4.0,1024,0,4096,16384,4480,1328.534,3332.322,1317.524,-0.0055
mixed,32,1,0.0312,4.0,1024,512,128,512,140,757.915,830.65,751.867,-0.0832
mixed,32,1,0.0312,4.0,1024,512,256,1024,280,785.941,922.167,785.913,-0.0002
mixed,32,1,0.0312,4.0,1024,512,512,2048,560,837.238,1099.477,838.777,0.0059
mixed,32,1,0.0312,4.0,1024,512,1024,4096,1120,932.693,1447.826,936.472,0.0073
mixed,32,1,0.0312,4.0,1024,512,2048,8192,2240,1127.928,2142.095,1121.721,-0.0061
mixed,32,1,0.0312,4.0,1024,512,4096,16384,4480,1511.027,3503.267,1495.798,-0.0076
mixed,32,1,0.0312,4.0,1024,1024,128,512,140,915.479,988.565,912.697,-0.0381
mixed,32,1,0.0312,4.0,1024,1024,256,1024,280,939.865,1076.822,946.81,0.0507
mixed,32,1,0.0312,4.0,1024,1024,512,2048,560,995.159,1253.716,994.87,-0.0011
mixed,32,1,0.0312,4.0,1024,1024,1024,4096,1120,1091.095,1607.153,1090.357,-0.0014
mixed,32,1,0.0312,4.0,1024,1024,2048,8192,2240,1288.338,2307.336,1283.665,-0.0046
mixed,32,1,0.0312,4.0,1024,1024,4096,16384,4480,1668.178,3661.694,1653.393,-0.0074
mixed,32,1,0.0312,4.0,1024,2048,128,512,140,1193.811,1263.095,1191.413,-0.0346
mixed,32,1,0.0312,4.0,1024,2048,256,1024,280,1220.821,1356.531,1219.058,-0.013
mixed,32,1,0.0312,4.0,1024,2048,512,2048,560,1271.09,1526.675,1272.5,0.0055
mixed,32,1,0.0312,4.0,1024,2048,1024,4096,1120,1371.507,1872.047,1368.469,-0.0061
mixed,32,1,0.0312,4.0,1024,2048,2048,8192,2240,1566.45,2586.57,1553.297,-0.0129
mixed,32,1,0.0312,4.0,1024,2048,4096,16384,4480,1947.054,3940.126,1938.96,-0.0041
mixed,32,1,0.0312,4.0,1024,4096,128,512,140,1741.775,1818.193,1740.078,-0.0222
mixed,32,1,0.0312,4.0,1024,4096,256,1024,280,1769.778,1906.737,1772.208,0.0177
mixed,32,1,0.0312,4.0,1024,4096,512,2048,560,1820.88,2082.253,1821.679,0.0031
mixed,32,1,0.0312,4.0,1024,4096,1024,4096,1120,1922.128,2432.553,1918.127,-0.0078
mixed,32,1,0.0312,4.0,1024,4096,2048,8192,2240,2118.347,3118.626,2107.563,-0.0108
mixed,32,1,0.0312,4.0,1024,4096,4096,16384,4480,2499.242,4489.111,2480.65,-0.0093
mixed,32,1,0.0312,4.0,1024,8192,128,512,140,2835.941,2909.608,2831.588,-0.0591
mixed,32,1,0.0312,4.0,1024,8192,256,1024,280,2864.104,3000.327,2869.223,0.0376
mixed,32,1,0.0312,4.0,1024,8192,512,2048,560,2917.286,3174.145,2919.431,0.0084
mixed,32,1,0.0312,4.0,1024,8192,1024,4096,1120,3014.244,3520.35,3015.718,0.0029
mixed,32,1,0.0312,4.0,1024,8192,2048,8192,2240,3210.305,4221.404,3197.861,-0.0123
mixed,32,1,0.0312,4.0,1024,8192,4096,16384,4480,3594.943,5595.342,3584.225,-0.0054
mixed,32,1,0.0312,4.0,2048,0,128,512,140,1038.261,1110.357,1035.735,-0.035
mixed,32,1,0.0312,4.0,2048,0,256,1024,280,1067.544,1201.013,1066.742,-0.006
mixed,32,1,0.0312,4.0,2048,0,512,2048,560,1118.07,1378.547,1120.503,0.0093
mixed,32,1,0.0312,4.0,2048,0,1024,4096,1120,1215.925,1728.591,1214.133,-0.0035
mixed,32,1,0.0312,4.0,2048,0,2048,8192,2240,1413.749,2419.463,1403.475,-0.0102
mixed,32,1,0.0312,4.0,2048,0,4096,16384,4480,1789.712,3793.567,1781.521,-0.0041
mixed,32,1,0.0312,4.0,2048,512,128,512,140,1373.652,1447.603,1365.651,-0.1082
mixed,32,1,0.0312,4.0,2048,512,256,1024,280,1402.291,1535.986,1399.444,-0.0213
mixed,32,1,0.0312,4.0,2048,512,512,2048,560,1453.427,1713.905,1451.283,-0.0082
mixed,32,1,0.0312,4.0,2048,512,1024,4096,1120,1548.051,2068.781,1549.618,0.003
mixed,32,1,0.0312,4.0,2048,512,2048,8192,2240,1745.043,2740.934,1733.362,-0.0117
mixed,32,1,0.0312,4.0,2048,512,4096,16384,4480,2121.325,4128.381,2109.296,-0.006
mixed,32,1,0.0312,4.0,2048,1024,128,512,140,1707.026,1784.977,1707.664,0.0082
mixed,32,1,0.0312,4.0,2048,1024,256,1024,280,1739.728,1873.457,1736.722,-0.0225
mixed,32,1,0.0312,4.0,2048,1024,512,2048,560,1791.28,2045.454,1791.505,0.0009
mixed,32,1,0.0312,4.0,2048,1024,1024,4096,1120,1887.953,2402.347,1883.535,-0.0086
mixed,32,1,0.0312,4.0,2048,1024,2048,8192,2240,2085.776,3091.431,2071.342,-0.0144
mixed,32,1,0.0312,4.0,2048,1024,4096,16384,4480,2454.027,4475.222,2448.681,-0.0026
mixed,32,1,0.0312,4.0,2048,2048,128,512,140,2258.894,2334.41,2255.948,-0.039
mixed,32,1,0.0312,4.0,2048,2048,256,1024,280,2289.036,2421.291,2291.02,0.015
mixed,32,1,0.0312,4.0,2048,2048,512,2048,560,2338.479,2598.634,2341.87,0.013
mixed,32,1,0.0312,4.0,2048,2048,1024,4096,1120,2437.129,2949.704,2432.492,-0.009
mixed,32,1,0.0312,4.0,2048,2048,2048,8192,2240,2632.746,3643.167,2623.592,-0.0091
mixed,32,1,0.0312,4.0,2048,2048,4096,16384,4480,3013.157,5021.526,3002.727,-0.0052
mixed,32,1,0.0312,4.0,2048,4096,128,512,140,3355.329,3432.321,3351.361,-0.0515
mixed,32,1,0.0312,4.0,2048,4096,256,1024,280,3382.849,3519.071,3384.928,0.0153
mixed,32,1,0.0312,4.0,2048,4096,512,2048,560,3432.577,3685.474,3436.198,0.0143
mixed,32,1,0.0312,4.0,2048,4096,1024,4096,1120,3532.194,4037.597,3533.439,0.0025
mixed,32,1,0.0312,4.0,2048,4096,2048,8192,2240,3725.533,4743.255,3719.519,-0.0059
mixed,32,1,0.0312,4.0,2048,4096,4096,16384,4480,4121.245,6100.812,4089.596,-0.016
mixed,32,1,0.0312,4.0,2048,8192,128,512,140,5551.7,5623.438,5542.446,-0.129
mixed,32,1,0.0312,4.0,2048,8192,256,1024,280,5588.848,5715.793,5580.588,-0.0651
mixed,32,1,0.0312,4.0,2048,8192,512,2048,560,5632.62,5893.706,5630.413,-0.0085
mixed,32,1,0.0312,4.0,2048,8192,1024,4096,1120,5726.193,6234.986,5730.862,0.0092
mixed,32,1,0.0312,4.0,2048,8192,2048,8192,2240,5925.804,6946.278,5917.354,-0.0083
mixed,32,1,0.0312,4.0,2048,8192,4096,16384,4480,6306.697,8309.018,6290.856,-0.0079
pure,32,2,0.0625,4.0,0,0,128,512,152,88.032,150.687,86.048,-0.0317
pure,32,2,0.0625,4.0,0,0,256,1024,304,107.934,240.028,115.775,0.0594
pure,32,2,0.0625,4.0,0,0,512,2048,608,162.752,413.404,176.638,0.0554
pure,32,2,0.0625,4.0,0,0,1024,4096,1216,274.365,763.833,303.997,0.0605
pure,32,2,0.0625,4.0,0,0,2048,8192,2432,485.787,1455.635,537.401,0.0532
pure,32,2,0.0625,4.0,0,0,4096,16384,4864,894.871,2830.886,990.936,0.0496
mixed,32,2,0.0625,4.0,16,0,128,512,152,108.128,175.264,106.141,-0.0296
mixed,32,2,0.0625,4.0,16,0,256,1024,304,132.191,264.541,140.288,0.0612
mixed,32,2,0.0625,4.0,16,0,512,2048,608,188.415,438.716,203.102,0.0587
mixed,32,2,0.0625,4.0,16,0,1024,4096,1216,302.718,786.424,324.829,0.0457
mixed,32,2,0.0625,4.0,16,0,2048,8192,2432,507.963,1478.386,560.795,0.0544
mixed,32,2,0.0625,4.0,16,0,4096,16384,4864,916.406,2847.304,1022.519,0.055
mixed,32,2,0.0625,4.0,16,512,128,512,152,141.856,207.773,139.072,-0.0422
mixed,32,2,0.0625,4.0,16,512,256,1024,304,166.174,298.653,174.592,0.0635
mixed,32,2,0.0625,4.0,16,512,512,2048,608,222.944,482.144,236.19,0.0511
mixed,32,2,0.0625,4.0,16,512,1024,4096,1216,331.454,821.723,358.556,0.0553
mixed,32,2,0.0625,4.0,16,512,2048,8192,2432,540.889,1508.306,580.987,0.0414
mixed,32,2,0.0625,4.0,16,512,4096,16384,4864,959.865,2875.208,1057.174,0.0508
mixed,32,2,0.0625,4.0,16,1024,128,512,152,143.841,211.007,141.088,-0.041
mixed,32,2,0.0625,4.0,16,1024,256,1024,304,169.308,298.364,176.512,0.0558
mixed,32,2,0.0625,4.0,16,1024,512,2048,608,223.58,481.373,234.528,0.0425
mixed,32,2,0.0625,4.0,16,1024,1024,4096,1216,334.269,816.027,364.797,0.0634
mixed,32,2,0.0625,4.0,16,1024,2048,8192,2432,542.967,1510.773,593.245,0.052
mixed,32,2,0.0625,4.0,16,1024,4096,16384,4864,960.792,2882.759,1060.152,0.0517
mixed,32,2,0.0625,4.0,16,2048,128,512,152,146.209,214.399,145.728,-0.0071
mixed,32,2,0.0625,4.0,16,2048,256,1024,304,171.839,302.811,179.871,0.0613
mixed,32,2,0.0625,4.0,16,2048,512,2048,608,228.83,482.905,242.526,0.0539
mixed,32,2,0.0625,4.0,16,2048,1024,4096,1216,339.133,824.538,363.07,0.0493
mixed,32,2,0.0625,4.0,16,2048,2048,8192,2432,550.559,1507.668,600.121,0.0518
mixed,32,2,0.0625,4.0,16,2048,4096,16384,4864,966.614,2885.226,1075.577,0.0568
mixed,32,2,0.0625,4.0,16,4096,128,512,152,157.342,226.394,154.112,-0.0468
mixed,32,2,0.0625,4.0,16,4096,256,1024,304,182.909,311.615,190.141,0.0562
mixed,32,2,0.0625,4.0,16,4096,512,2048,608,238.398,495.101,251.902,0.0526
mixed,32,2,0.0625,4.0,16,4096,1024,4096,1216,351.487,844.889,375.836,0.0493
mixed,32,2,0.0625,4.0,16,4096,2048,8192,2432,559.133,1536.98,608.443,0.0504
mixed,32,2,0.0625,4.0,16,4096,4096,16384,4864,963.479,2897.8,1080.056,0.0603
mixed,32,2,0.0625,4.0,16,8192,128,512,152,191.104,262.305,188.67,-0.0342
mixed,32,2,0.0625,4.0,16,8192,256,1024,304,219.067,353.502,224.608,0.0412
mixed,32,2,0.0625,4.0,16,8192,512,2048,608,277.402,529.02,290.398,0.0516
mixed,32,2,0.0625,4.0,16,8192,1024,4096,1216,386.3,877.591,416.314,0.0611
mixed,32,2,0.0625,4.0,16,8192,2048,8192,2432,597.34,1562.771,647.992,0.0525
mixed,32,2,0.0625,4.0,16,8192,4096,16384,4864,1001.91,2935.272,1110.197,0.056
mixed,32,2,0.0625,4.0,32,0,128,512,152,140.448,207.004,137.279,-0.0476
mixed,32,2,0.0625,4.0,32,0,256,1024,304,165.599,297.663,170.366,0.0361
mixed,32,2,0.0625,4.0,32,0,512,2048,608,221.982,479.068,233.631,0.0453
mixed,32,2,0.0625,4.0,32,0,1024,4096,1216,329.503,823.77,364.672,0.0712
mixed,32,2,0.0625,4.0,32,0,2048,8192,2432,541.788,1507.7,590.716,0.0507
mixed,32,2,0.0625,4.0,32,0,4096,16384,4864,953.656,2880.52,1059.931,0.0552
mixed,32,2,0.0625,4.0,32,512,128,512,152,165.152,236.189,162.271,-0.0406
mixed,32,2,0.0625,4.0,32,512,256,1024,304,192.031,324.126,199.069,0.0533
mixed,32,2,0.0625,4.0,32,512,512,2048,608,248.542,499.707,261.822,0.0529
mixed,32,2,0.0625,4.0,32,512,1024,4096,1216,359.294,848.44,385.564,0.0537
mixed,32,2,0.0625,4.0,32,512,2048,8192,2432,568.89,1538.771,618.684,0.0513
mixed,32,2,0.0625,4.0,32,512,4096,16384,4864,972.57,2908.233,1083.193,0.0571
mixed,32,2,0.0625,4.0,32,1024,128,512,152,168.125,238.816,164.255,-0.0547
mixed,32,2,0.0625,4.0,32,1024,256,1024,304,192.126,325.374,201.755,0.0723
mixed,32,2,0.0625,4.0,32,1024,512,2048,608,251.647,501.946,265.757,0.0564
mixed,32,2,0.0625,4.0,32,1024,1024,4096,1216,361.63,841.402,386.14,0.0511
mixed,32,2,0.0625,4.0,32,1024,2048,8192,2432,569.819,1541.524,621.916,0.0536
mixed,32,2,0.0625,4.0,32,1024,4096,16384,4864,985.178,2905.48,1082.553,0.0507
mixed,32,2,0.0625,4.0,32,2048,128,512,152,174.301,246.975,171.261,-0.0418
mixed,32,2,0.0625,4.0,32,2048,256,1024,304,200.573,334.811,208.734,0.0608
mixed,32,2,0.0625,4.0,32,2048,512,2048,608,257.663,507.868,272.125,0.0578
mixed,32,2,0.0625,4.0,32,2048,1024,4096,1216,368.764,868.666,395.392,0.0533
mixed,32,2,0.0625,4.0,32,2048,2048,8192,2432,572.762,1552.946,619.196,0.0474
mixed,32,2,0.0625,4.0,32,2048,4096,16384,4864,995.735,2915.623,1093.975,0.0512
mixed,32,2,0.0625,4.0,32,4096,128,512,152,187.775,261.47,184.992,-0.0378
mixed,32,2,0.0625,4.0,32,4096,256,1024,304,214.719,349.758,220.445,0.0424
mixed,32,2,0.0625,4.0,32,4096,512,2048,608,276.286,526.429,288.702,0.0496
mixed,32,2,0.0625,4.0,32,4096,1024,4096,1216,384.925,875.448,408.028,0.0471
mixed,32,2,0.0625,4.0,32,4096,2048,8192,2432,596.509,1561.748,641.051,0.0461
mixed,32,2,0.0625,4.0,32,4096,4096,16384,4864,1007.289,2951.881,1099.029,0.0472
mixed,32,2,0.0625,4.0,32,8192,128,512,152,283.071,351.967,281.727,-0.0195
mixed,32,2,0.0625,4.0,32,8192,256,1024,304,308.828,444.478,314.941,0.0451
mixed,32,2,0.0625,4.0,32,8192,512,2048,608,364.605,619.322,377.597,0.051
mixed,32,2,0.0625,4.0,32,8192,1024,4096,1216,478.973,969.494,501.691,0.0463
mixed,32,2,0.0625,4.0,32,8192,2048,8192,2432,688.444,1653.65,731.771,0.0449
mixed,32,2,0.0625,4.0,32,8192,4096,16384,4864,1101.017,3020.999,1198.582,0.0508
mixed,32,2,0.0625,4.0,64,0,128,512,152,142.334,213.694,140.574,-0.0247
mixed,32,2,0.0625,4.0,64,0,256,1024,304,167.647,307.07,174.655,0.0503
mixed,32,2,0.0625,4.0,64,0,512,2048,608,228.734,477.532,239.934,0.045
mixed,32,2,0.0625,4.0,64,0,1024,4096,1216,342.365,833.946,365.309,0.0467
mixed,32,2,0.0625,4.0,64,0,2048,8192,2432,547.482,1530.1,598.011,0.0514
mixed,32,2,0.0625,4.0,64,0,4096,16384,4864,964.344,2880.201,1068.569,0.0544
mixed,32,2,0.0625,4.0,64,512,128,512,152,173.725,245.341,170.526,-0.0447
mixed,32,2,0.0625,4.0,64,512,256,1024,304,198.88,335.708,207.326,0.0617
mixed,32,2,0.0625,4.0,64,512,512,2048,608,260.189,511.772,274.111,0.0553
mixed,32,2,0.0625,4.0,64,512,1024,4096,1216,370.62,862.071,398.909,0.0576
mixed,32,2,0.0625,4.0,64,512,2048,8192,2432,576.891,1549.971,633.563,0.0582
mixed,32,2,0.0625,4.0,64,512,4096,16384,4864,993.562,2926.758,1102.742,0.0565
mixed,32,2,0.0625,4.0,64,1024,128,512,152,179.55,251.198,175.712,-0.0536
mixed,32,2,0.0625,4.0,64,1024,256,1024,304,203.936,339.612,213.856,0.0731
mixed,32,2,0.0625,4.0,64,1024,512,2048,608,264.255,514.523,277.054,0.0511
mixed,32,2,0.0625,4.0,64,1024,1024,4096,1216,377.374,871.0,405.724,0.0574
mixed,32,2,0.0625,4.0,64,1024,2048,8192,2432,583.387,1560.05,629.019,0.0467
mixed,32,2,0.0625,4.0,64,1024,4096,16384,4864,998.296,2948.777,1106.007,0.0552
mixed,32,2,0.0625,4.0,64,2048,128,512,152,188.797,262.715,186.783,-0.0272
mixed,32,2,0.0625,4.0,64,2048,256,1024,304,215.937,354.586,223.516,0.0547
mixed,32,2,0.0625,4.0,64,2048,512,2048,608,276.19,530.619,290.46,0.0561
mixed,32,2,0.0625,4.0,64,2048,1024,4096,1216,387.519,876.282,414.266,0.0547
mixed,32,2,0.0625,4.0,64,2048,2048,8192,2432,594.715,1566.581,640.122,0.0467
mixed,32,2,0.0625,4.0,64,2048,4096,16384,4864,1014.33,2939.146,1107.54,0.0484
mixed,32,2,0.0625,4.0,64,4096,128,512,152,266.814,339.833,263.967,-0.039
mixed,32,2,0.0625,4.0,64,4096,256,1024,304,295.102,428.734,299.549,0.0333
mixed,32,2,0.0625,4.0,64,4096,512,2048,608,352.891,609.978,366.172,0.0517
mixed,32,2,0.0625,4.0,64,4096,1024,4096,1216,461.051,946.776,489.084,0.0577
mixed,32,2,0.0625,4.0,64,4096,2048,8192,2432,669.436,1636.818,719.451,0.0517
mixed,32,2,0.0625,4.0,64,4096,4096,16384,4864,1082.137,3032.041,1197.459,0.0591
mixed,32,2,0.0625,4.0,64,8192,128,512,152,346.399,417.467,345.468,-0.0131
mixed,32,2,0.0625,4.0,64,8192,256,1024,304,373.886,510.812,379.708,0.0425
mixed,32,2,0.0625,4.0,64,8192,512,2048,608,433.245,688.412,445.407,0.0477
mixed,32,2,0.0625,4.0,64,8192,1024,4096,1216,543.355,1035.67,570.461,0.0551
mixed,32,2,0.0625,4.0,64,8192,2048,8192,2432,757.208,1741.557,798.651,0.0421
mixed,32,2,0.0625,4.0,64,8192,4096,16384,4864,1166.039,3103.78,1271.479,0.0544
mixed,32,2,0.0625,4.0,128,0,128,512,152,148.671,216.798,146.976,-0.0249
mixed,32,2,0.0625,4.0,128,0,256,1024,304,172.51,307.967,179.966,0.055
mixed,32,2,0.0625,4.0,128,0,512,2048,608,230.236,482.973,243.168,0.0512
mixed,32,2,0.0625,4.0,128,0,1024,4096,1216,341.149,834.554,366.619,0.0516
mixed,32,2,0.0625,4.0,128,0,2048,8192,2432,549.241,1520.625,600.666,0.0529
mixed,32,2,0.0625,4.0,128,0,4096,16384,4864,959.094,2905.32,1066.902,0.0554
mixed,32,2,0.0625,4.0,128,512,128,512,152,188.287,261.023,185.503,-0.0383
mixed,32,2,0.0625,4.0,128,512,256,1024,304,215.776,351.324,221.018,0.0387
mixed,32,2,0.0625,4.0,128,512,512,2048,608,276.609,530.844,286.685,0.0396
mixed,32,2,0.0625,4.0,128,512,1024,4096,1216,383.038,875.483,409.757,0.0543
mixed,32,2,0.0625,4.0,128,512,2048,8192,2432,599.835,1567.155,644.126,0.0458
mixed,32,2,0.0625,4.0,128,512,4096,16384,4864,1002.904,2932.969,1106.392,0.0536
mixed,32,2,0.0625,4.0,128,1024,128,512,152,196.829,271.038,193.244,-0.0483
mixed,32,2,0.0625,4.0,128,1024,256,1024,304,222.911,359.71,229.887,0.051
mixed,32,2,0.0625,4.0,128,1024,512,2048,608,284.352,537.307,295.904,0.0457
mixed,32,2,0.0625,4.0,128,1024,1024,4096,1216,395.004,887.159,420.316,0.0514
mixed,32,2,0.0625,4.0,128,1024,2048,8192,2432,600.924,1571.797,651.962,0.0526
mixed,32,2,0.0625,4.0,128,1024,4096,16384,4864,1014.072,2940.938,1110.934,0.0503
mixed,32,2,0.0625,4.0,128,2048,128,512,152,269.566,342.045,267.102,-0.034
mixed,32,2,0.0625,4.0,128,2048,256,1024,304,296.702,436.542,305.181,0.0606
mixed,32,2,0.0625,4.0,128,2048,512,2048,608,355.931,607.581,369.276,0.053
mixed,32,2,0.0625,4.0,128,2048,1024,4096,1216,465.209,958.844,489.983,0.0502
mixed,32,2,0.0625,4.0,128,2048,2048,8192,2432,671.003,1655.477,724.444,0.0543
mixed,32,2,0.0625,4.0,128,2048,4096,16384,4864,1084.474,3002.217,1200.503,0.0605
mixed,32,2,0.0625,4.0,128,4096,128,512,152,352.474,422.395,347.805,-0.0668
mixed,32,2,0.0625,4.0,128,4096,256,1024,304,376.959,514.428,383.516,0.0477
mixed,32,2,0.0625,4.0,128,4096,512,2048,608,438.653,690.747,448.798,0.0402
mixed,32,2,0.0625,4.0,128,4096,1024,4096,1216,547.037,1030.905,566.364,0.0399
mixed,32,2,0.0625,4.0,128,4096,2048,8192,2432,753.785,1744.85,810.97,0.0577
mixed,32,2,0.0625,4.0,128,4096,4096,16384,4864,1166.615,3107.463,1273.395,0.055
mixed,32,2,0.0625,4.0,128,8192,128,512,152,497.628,568.156,496.382,-0.0177
mixed,32,2,0.0625,4.0,128,8192,256,1024,304,524.253,657.851,529.019,0.0357
mixed,32,2,0.0625,4.0,128,8192,512,2048,608,581.661,835.993,595.929,0.0561
mixed,32,2,0.0625,4.0,128,8192,1024,4096,1216,698.426,1187.83,720.73,0.0456
mixed,32,2,0.0625,4.0,128,8192,2048,8192,2432,903.897,1874.035,951.068,0.0486
mixed,32,2,0.0625,4.0,128,8192,4096,16384,4864,1314.516,3248.489,1415.381,0.0522
mixed,32,2,0.0625,4.0,256,0,128,512,152,211.262,284.065,208.321,-0.0404
mixed,32,2,0.0625,4.0,256,0,256,1024,304,238.046,375.326,245.854,0.0569
mixed,32,2,0.0625,4.0,256,0,512,2048,608,298.558,551.897,309.917,0.0448
mixed,32,2,0.0625,4.0,256,0,1024,4096,1216,409.34,899.541,438.556,0.0596
mixed,32,2,0.0625,4.0,256,0,2048,8192,2432,615.069,1600.308,678.811,0.0647
mixed,32,2,0.0625,4.0,256,0,4096,16384,4864,1042.745,2962.985,1135.766,0.0484
mixed,32,2,0.0625,4.0,256,512,128,512,152,278.688,350.879,275.934,-0.0381
mixed,32,2,0.0625,4.0,256,512,256,1024,304,305.468,440.382,312.508,0.0522
mixed,32,2,0.0625,4.0,256,512,512,2048,608,367.228,620.666,377.02,0.0386
mixed,32,2,0.0625,4.0,256,512,1024,4096,1216,471.196,971.256,497.819,0.0532
mixed,32,2,0.0625,4.0,256,512,2048,8192,2432,685.501,1648.884,744.379,0.0611
mixed,32,2,0.0625,4.0,256,512,4096,16384,4864,1086.935,3020.232,1200.887,0.0589
mixed,32,2,0.0625,4.0,256,1024,128,512,152,337.408,406.876,331.134,-0.0903
mixed,32,2,0.0625,4.0,256,1024,256,1024,304,360.987,495.197,368.061,0.0527
mixed,32,2,0.0625,4.0,256,1024,512,2048,608,420.667,673.146,431.676,0.0436
mixed,32,2,0.0625,4.0,256,1024,1024,4096,1216,529.021,1025.747,554.203,0.0507
mixed,32,2,0.0625,4.0,256,1024,2048,8192,2432,739.804,1721.874,787.26,0.0483
mixed,32,2,0.0625,4.0,256,1024,4096,16384,4864,1145.56,3096.585,1264.692,0.0611
mixed,32,2,0.0625,4.0,256,2048,128,512,152,372.318,440.829,367.614,-0.0687
mixed,32,2,0.0625,4.0,256,2048,256,1024,304,396.827,529.499,403.39,0.0495
mixed,32,2,0.0625,4.0,256,2048,512,2048,608,457.629,708.507,466.49,0.0353
mixed,32,2,0.0625,4.0,256,2048,1024,4096,1216,571.259,1053.209,594.396,0.048
mixed,32,2,0.0625,4.0,256,2048,2048,8192,2432,780.697,1747.923,826.999,0.0479
mixed,32,2,0.0625,4.0,256,2048,4096,16384,4864,1186.645,3137.158,1301.814,0.059
mixed,32,2,0.0625,4.0,256,4096,128,512,152,514.652,587.611,512.441,-0.0303
mixed,32,2,0.0625,4.0,256,4096,256,1024,304,541.786,677.659,546.714,0.0363
mixed,32,2,0.0625,4.0,256,4096,512,2048,608,599.965,849.945,612.57,0.0504
mixed,32,2,0.0625,4.0,256,4096,1024,4096,1216,714.813,1205.429,734.682,0.0405
mixed,32,2,0.0625,4.0,256,4096,2048,8192,2432,919.289,1895.955,964.312,0.0461
mixed,32,2,0.0625,4.0,256,4096,4096,16384,4864,1334.551,3262.853,1435.832,0.0525
mixed,32,2,0.0625,4.0,256,8192,128,512,152,762.459,835.194,758.106,-0.0598
mixed,32,2,0.0625,4.0,256,8192,256,1024,304,788.507,924.184,792.858,0.0321
mixed,32,2,0.0625,4.0,256,8192,512,2048,608,842.297,1100.216,856.25,0.0541
mixed,32,2,0.0625,4.0,256,8192,1024,4096,1216,953.689,1441.3,979.161,0.0522
mixed,32,2,0.0625,4.0,256,8192,2048,8192,2432,1163.447,2150.223,1212.085,0.0493
mixed,32,2,0.0625,4.0,256,8192,4096,16384,4864,1585.59,3511.302,1681.845,0.05
mixed,32,2,0.0625,4.0,512,0,128,512,152,329.661,400.862,328.254,-0.0198
mixed,32,2,0.0625,4.0,512,0,256,1024,304,354.333,490.203,362.459,0.0598
mixed,32,2,0.0625,4.0,512,0,512,2048,608,415.005,672.251,426.939,0.0464
mixed,32,2,0.0625,4.0,512,0,1024,4096,1216,523.772,1013.846,547.132,0.0477
mixed,32,2,0.0625,4.0,512,0,2048,8192,2432,730.395,1708.435,782.715,0.0535
mixed,32,2,0.0625,4.0,512,0,4096,16384,4864,1148.506,3089.516,1255.86,0.0553
mixed,32,2,0.0625,4.0,512,512,128,512,152,402.044,475.132,399.071,-0.0407
mixed,32,2,0.0625,4.0,512,512,256,1024,304,427.647,566.205,436.477,0.0637
mixed,32,2,0.0625,4.0,512,512,512,2048,608,486.361,740.764,498.042,0.0459
mixed,32,2,0.0625,4.0,512,512,1024,4096,1216,597.723,1083.062,621.946,0.0499
mixed,32,2,0.0625,4.0,512,512,2048,8192,2432,812.542,1784.402,851.575,0.0402
mixed,32,2,0.0625,4.0,512,512,4096,16384,4864,1213.431,3142.023,1325.878,0.0583
mixed,32,2,0.0625,4.0,512,1024,128,512,152,472.028,541.243,468.315,-0.0536
mixed,32,2,0.0625,4.0,512,1024,256,1024,304,496.541,631.065,502.879,0.0471
mixed,32,2,0.0625,4.0,512,1024,512,2048,608,554.747,806.425,567.804,0.0519
mixed,32,2,0.0625,4.0,512,1024,1024,4096,1216,666.714,1158.614,686.106,0.0394
mixed,32,2,0.0625,4.0,512,1024,2048,8192,2432,876.763,1845.778,920.793,0.0454
mixed,32,2,0.0625,4.0,512,1024,4096,16384,4864,1280.886,3224.139,1399.286,0.0609
mixed,32,2,0.0625,4.0,512,2048,128,512,152,614.78,686.811,610.648,-0.0574
mixed,32,2,0.0625,4.0,512,2048,256,1024,304,641.179,775.003,650.812,0.072
mixed,32,2,0.0625,4.0,512,2048,512,2048,608,702.042,952.666,710.267,0.0328
mixed,32,2,0.0625,4.0,512,2048,1024,4096,1216,809.018,1302.261,835.547,0.0538
mixed,32,2,0.0625,4.0,512,2048,2048,8192,2432,1023.226,1989.781,1075.163,0.0537
mixed,32,2,0.0625,4.0,512,2048,4096,16384,4864,1437.077,3368.936,1538.324,0.0524
mixed,32,2,0.0625,4.0,512,4096,128,512,152,893.401,964.825,891.164,-0.0313
mixed,32,2,0.0625,4.0,512,4096,256,1024,304,919.034,1053.976,928.73,0.0719
mixed,32,2,0.0625,4.0,512,4096,512,2048,608,977.019,1227.127,990.04,0.0521
mixed,32,2,0.0625,4.0,512,4096,1024,4096,1216,1090.584,1580.278,1113.975,0.0478
mixed,32,2,0.0625,4.0,512,4096,2048,8192,2432,1307.064,2271.661,1354.836,0.0495
mixed,32,2,0.0625,4.0,512,4096,4096,16384,4864,1712.212,3625.092,1822.772,0.0578
mixed,32,2,0.0625,4.0,512,8192,128,512,152,1447.413,1515.252,1442.324,-0.075
mixed,32,2,0.0625,4.0,512,8192,256,1024,304,1470.228,1605.427,1480.663,0.0772
mixed,32,2,0.0625,4.0,512,8192,512,2048,608,1530.998,1784.626,1545.459,0.057
mixed,32,2,0.0625,4.0,512,8192,1024,4096,1216,1640.628,2137.328,1666.163,0.0514
mixed,32,2,0.0625,4.0,512,8192,2048,8192,2432,1850.416,2832.523,1892.307,0.0427
mixed,32,2,0.0625,4.0,512,8192,4096,16384,4864,2258.322,4190.081,2375.95,0.0609
mixed,32,2,0.0625,4.0,1024,0,128,512,152,585.564,655.164,581.405,-0.0598
mixed,32,2,0.0625,4.0,1024,0,256,1024,304,613.403,746.587,617.531,0.031
mixed,32,2,0.0625,4.0,1024,0,512,2048,608,668.985,922.135,679.038,0.0397
mixed,32,2,0.0625,4.0,1024,0,1024,4096,1216,776.828,1271.607,799.418,0.0457
mixed,32,2,0.0625,4.0,1024,0,2048,8192,2432,981.4,1961.299,1041.687,0.0615
mixed,32,2,0.0625,4.0,1024,0,4096,16384,4864,1398.647,3322.952,1501.879,0.0536
mixed,32,2,0.0625,4.0,1024,512,128,512,152,762.972,831.676,757.339,-0.082
mixed,32,2,0.0625,4.0,1024,512,256,1024,304,787.45,925.145,795.068,0.0553
mixed,32,2,0.0625,4.0,1024,512,512,2048,608,846.586,1098.012,858.681,0.0481
mixed,32,2,0.0625,4.0,1024,512,1024,4096,1216,954.232,1448.759,979.545,0.0512
mixed,32,2,0.0625,4.0,1024,512,2048,8192,2432,1169.528,2135.344,1210.616,0.0425
mixed,32,2,0.0625,4.0,1024,512,4096,16384,4864,1579.413,3516.485,1683.572,0.0538
mixed,32,2,0.0625,4.0,1024,1024,128,512,152,919.514,988.345,915.962,-0.0516
mixed,32,2,0.0625,4.0,1024,1024,256,1024,304,945.145,1080.248,952.986,0.058
mixed,32,2,0.0625,4.0,1024,1024,512,2048,608,1001.658,1251.926,1012.918,0.045
mixed,32,2,0.0625,4.0,1024,1024,1024,4096,1216,1115.16,1604.436,1138.455,0.0476
mixed,32,2,0.0625,4.0,1024,1024,2048,8192,2432,1322.969,2303.056,1372.631,0.0507
mixed,32,2,0.0625,4.0,1024,1024,4096,16384,4864,1735.122,3676.388,1842.036,0.0551
mixed,32,2,0.0625,4.0,1024,2048,128,512,152,1191.574,1265.461,1191.768,0.0026
mixed,32,2,0.0625,4.0,1024,2048,256,1024,304,1217.688,1355.737,1230.486,0.0927
mixed,32,2,0.0625,4.0,1024,2048,512,2048,608,1278.453,1532.341,1289.943,0.0453
mixed,32,2,0.0625,4.0,1024,2048,1024,4096,1216,1387.063,1887.733,1412.437,0.0507
mixed,32,2,0.0625,4.0,1024,2048,2048,8192,2432,1598.034,2582.67,1651.094,0.0539
mixed,32,2,0.0625,4.0,1024,2048,4096,16384,4864,2009.777,3946.658,2119.665,0.0567
mixed,32,2,0.0625,4.0,1024,4096,128,512,152,1746.1,1822.162,1744.948,-0.0151
mixed,32,2,0.0625,4.0,1024,4096,256,1024,304,1772.339,1907.67,1778.901,0.0485
mixed,32,2,0.0625,4.0,1024,4096,512,2048,608,1833.557,2082.29,1844.884,0.0455
mixed,32,2,0.0625,4.0,1024,4096,1024,4096,1216,1944.913,2424.433,1967.315,0.0467
mixed,32,2,0.0625,4.0,1024,4096,2048,8192,2432,2153.041,3127.402,2198.0,0.0461
mixed,32,2,0.0625,4.0,1024,4096,4096,16384,4864,2564.145,4481.663,2668.909,0.0546
mixed,32,2,0.0625,4.0,1024,8192,128,512,152,2844.14,2920.266,2837.997,-0.0807
mixed,32,2,0.0625,4.0,1024,8192,256,1024,304,2868.556,3001.739,2872.843,0.0322
mixed,32,2,0.0625,4.0,1024,8192,512,2048,608,2925.068,3177.93,2931.847,0.0268
mixed,32,2,0.0625,4.0,1024,8192,1024,4096,1216,3031.944,3525.222,3060.364,0.0576
mixed,32,2,0.0625,4.0,1024,8192,2048,8192,2432,3239.177,4221.443,3296.328,0.0582
mixed,32,2,0.0625,4.0,1024,8192,4096,16384,4864,3648.936,5579.961,3766.151,0.0607
mixed,32,2,0.0625,4.0,2048,0,128,512,152,1041.431,1111.575,1039.447,-0.0283
mixed,32,2,0.0625,4.0,2048,0,256,1024,304,1066.522,1201.559,1072.602,0.045
mixed,32,2,0.0625,4.0,2048,0,512,2048,608,1125.787,1377.398,1137.718,0.0474
mixed,32,2,0.0625,4.0,2048,0,1024,4096,1216,1237.367,1724.213,1261.623,0.0498
mixed,32,2,0.0625,4.0,2048,0,2048,8192,2432,1442.806,2424.528,1489.59,0.0477
mixed,32,2,0.0625,4.0,2048,0,4096,16384,4864,1854.773,3787.718,1967.412,0.0583
mixed,32,2,0.0625,4.0,2048,512,128,512,152,1376.151,1448.179,1370.455,-0.0791
mixed,32,2,0.0625,4.0,2048,512,256,1024,304,1401.748,1533.173,1405.972,0.0321
mixed,32,2,0.0625,4.0,2048,512,512,2048,608,1458.839,1713.236,1472.629,0.0542
mixed,32,2,0.0625,4.0,2048,512,1024,4096,1216,1569.972,2064.72,1590.771,0.042
mixed,32,2,0.0625,4.0,2048,512,2048,8192,2432,1780.851,2759.373,1831.827,0.0521
mixed,32,2,0.0625,4.0,2048,512,4096,16384,4864,2185.745,4133.666,2297.04,0.0571
mixed,32,2,0.0625,4.0,2048,1024,128,512,152,1712.628,1781.813,1708.533,-0.0592
mixed,32,2,0.0625,4.0,2048,1024,256,1024,304,1740.149,1874.291,1744.144,0.0298
mixed,32,2,0.0625,4.0,2048,1024,512,2048,608,1797.043,2047.25,1810.9,0.0554
mixed,32,2,0.0625,4.0,2048,1024,1024,4096,1216,1903.797,2395.567,1928.916,0.0511
mixed,32,2,0.0625,4.0,2048,1024,2048,8192,2432,2109.744,3095.818,2166.61,0.0577
mixed,32,2,0.0625,4.0,2048,1024,4096,16384,4864,2531.727,4460.289,2636.91,0.0545
mixed,32,2,0.0625,4.0,2048,2048,128,512,152,2262.127,2333.679,2261.33,-0.0111
mixed,32,2,0.0625,4.0,2048,2048,256,1024,304,2289.616,2421.296,2296.752,0.0542
mixed,32,2,0.0625,4.0,2048,2048,512,2048,608,2345.967,2599.886,2361.201,0.06
mixed,32,2,0.0625,4.0,2048,2048,1024,4096,1216,2459.601,2948.107,2481.646,0.0451
mixed,32,2,0.0625,4.0,2048,2048,2048,8192,2432,2665.87,3651.11,2722.895,0.0579
mixed,32,2,0.0625,4.0,2048,2048,4096,16384,4864,3081.994,5003.741,3185.706,0.054
mixed,32,2,0.0625,4.0,2048,4096,128,512,152,3359.079,3427.718,3354.503,-0.0667
mixed,32,2,0.0625,4.0,2048,4096,256,1024,304,3388.362,3521.223,3394.344,0.045
mixed,32,2,0.0625,4.0,2048,4096,512,2048,608,3443.369,3691.783,3451.398,0.0323
mixed,32,2,0.0625,4.0,2048,4096,1024,4096,1216,3548.743,4050.374,3583.848,0.07
mixed,32,2,0.0625,4.0,2048,4096,2048,8192,2432,3757.477,4737.566,3807.879,0.0514
mixed,32,2,0.0625,4.0,2048,4096,4096,16384,4864,4169.189,6106.201,4273.698,0.054
mixed,32,2,0.0625,4.0,2048,8192,128,512,152,5556.378,5625.113,5556.124,-0.0037
mixed,32,2,0.0625,4.0,2048,8192,256,1024,304,5578.681,5710.937,5592.309,0.103
mixed,32,2,0.0625,4.0,2048,8192,512,2048,608,5636.729,5890.23,5648.473,0.0463
mixed,32,2,0.0625,4.0,2048,8192,1024,4096,1216,5739.609,6247.129,5764.919,0.0499
mixed,32,2,0.0625,4.0,2048,8192,2048,8192,2432,5950.836,6925.776,6010.068,0.0608
mixed,32,2,0.0625,4.0,2048,8192,4096,16384,4864,6378.165,8296.264,6465.844,0.0457
pure,32,3,0.0938,4.0,0,0,128,512,164,90.142,151.68,91.552,0.0229
pure,32,3,0.0938,4.0,0,0,256,1024,328,117.374,237.503,133.343,0.1329
pure,32,3,0.0938,4.0,0,0,512,2048,656,175.071,412.955,212.156,0.1559
pure,32,3,0.0938,4.0,0,0,1024,4096,1312,290.72,754.618,367.133,0.1647
pure,32,3,0.0938,4.0,0,0,2048,8192,2624,513.598,1449.111,663.194,0.1599
pure,32,3,0.0938,4.0,0,0,4096,16384,5248,957.974,2813.483,1275.097,0.1709
mixed,32,3,0.0938,4.0,16,0,128,512,164,110.365,174.113,111.744,0.0216
mixed,32,3,0.0938,4.0,16,0,256,1024,328,142.015,263.105,154.752,0.1052
mixed,32,3,0.0938,4.0,16,0,512,2048,656,199.711,443.357,233.374,0.1382
mixed,32,3,0.0938,4.0,16,0,1024,4096,1312,313.535,793.275,386.879,0.1529
mixed,32,3,0.0938,4.0,16,0,2048,8192,2624,537.532,1477.843,687.163,0.1591
mixed,32,3,0.0938,4.0,16,0,4096,16384,5248,974.169,2842.54,1287.61,0.1678
mixed,32,3,0.0938,4.0,16,512,128,512,164,142.4,208.605,146.141,0.0565
mixed,32,3,0.0938,4.0,16,512,256,1024,328,174.431,296.796,187.87,0.1098
mixed,32,3,0.0938,4.0,16,512,512,2048,656,232.256,472.415,270.685,0.16
mixed,32,3,0.0938,4.0,16,512,1024,4096,1312,350.846,825.37,419.803,0.1453
mixed,32,3,0.0938,4.0,16,512,2048,8192,2624,572.286,1517.494,707.836,0.1434
mixed,32,3,0.0938,4.0,16,512,4096,16384,5248,1010.777,2861.292,1300.597,0.1566
mixed,32,3,0.0938,4.0,16,1024,128,512,164,146.944,212.991,148.925,0.03
mixed,32,3,0.0938,4.0,16,1024,256,1024,328,177.856,300.191,189.852,0.0981
mixed,32,3,0.0938,4.0,16,1024,512,2048,656,237.211,477.725,271.297,0.1417
mixed,32,3,0.0938,4.0,16,1024,1024,4096,1312,348.316,820.728,420.797,0.1534
mixed,32,3,0.0938,4.0,16,1024,2048,8192,2624,576.539,1507.477,720.733,0.1549
mixed,32,3,0.0938,4.0,16,1024,4096,16384,5248,1020.634,2875.115,1313.85,0.1581
mixed,32,3,0.0938,4.0,16,2048,128,512,164,150.047,215.132,151.136,0.0167
mixed,32,3,0.0938,4.0,16,2048,256,1024,328,182.497,303.389,191.776,0.0768
mixed,32,3,0.0938,4.0,16,2048,512,2048,656,240.221,478.331,273.755,0.1408
mixed,32,3,0.0938,4.0,16,2048,1024,4096,1312,356.412,835.515,419.966,0.1327
mixed,32,3,0.0938,4.0,16,2048,2048,8192,2624,581.176,1525.686,720.6,0.1476
mixed,32,3,0.0938,4.0,16,2048,4096,16384,5248,1019.834,2892.748,1306.518,0.1531
mixed,32,3,0.0938,4.0,16,4096,128,512,164,157.759,225.919,161.406,0.0535
mixed,32,3,0.0938,4.0,16,4096,256,1024,328,192.893,314.366,206.046,0.1083
mixed,32,3,0.0938,4.0,16,4096,512,2048,656,249.661,488.799,285.31,0.1491
mixed,32,3,0.0938,4.0,16,4096,1024,4096,1312,365.438,842.171,437.821,0.1518
mixed,32,3,0.0938,4.0,16,4096,2048,8192,2624,593.338,1537.908,734.62,0.1496
mixed,32,3,0.0938,4.0,16,4096,4096,16384,5248,1033.658,2896.938,1313.397,0.1501
mixed,32,3,0.0938,4.0,16,8192,128,512,164,194.526,262.014,194.365,-0.0024
mixed,32,3,0.0938,4.0,16,8192,256,1024,328,227.806,352.703,239.774,0.0958
mixed,32,3,0.0938,4.0,16,8192,512,2048,656,287.036,530.94,319.741,0.1341
mixed,32,3,0.0938,4.0,16,8192,1024,4096,1312,402.113,877.112,470.655,0.1443
mixed,32,3,0.0938,4.0,16,8192,2048,8192,2624,634.205,1570.485,764.089,0.1387
mixed,32,3,0.0938,4.0,16,8192,4096,16384,5248,1074.425,2933.965,1341.655,0.1437
mixed,32,3,0.0938,4.0,32,0,128,512,164,140.512,209.662,143.069,0.037
mixed,32,3,0.0938,4.0,32,0,256,1024,328,174.078,295.389,184.672,0.0873
mixed,32,3,0.0938,4.0,32,0,512,2048,656,230.238,474.812,272.061,0.171
mixed,32,3,0.0938,4.0,32,0,1024,4096,1312,347.038,824.57,427.419,0.1683
mixed,32,3,0.0938,4.0,32,0,2048,8192,2624,569.981,1516.214,725.274,0.1641
mixed,32,3,0.0938,4.0,32,0,4096,16384,5248,1022.138,2881.804,1311.607,0.1557
mixed,32,3,0.0938,4.0,32,512,128,512,164,166.88,236.287,168.32,0.0207
mixed,32,3,0.0938,4.0,32,512,256,1024,328,199.328,326.747,212.352,0.1022
mixed,32,3,0.0938,4.0,32,512,512,2048,656,260.062,503.741,297.055,0.1518
mixed,32,3,0.0938,4.0,32,512,1024,4096,1312,370.015,852.06,444.318,0.1541
mixed,32,3,0.0938,4.0,32,512,2048,8192,2624,606.714,1538.229,740.537,0.1437
mixed,32,3,0.0938,4.0,32,512,4096,16384,5248,1040.634,2910.54,1325.012,0.1521
mixed,32,3,0.0938,4.0,32,1024,128,512,164,167.999,239.388,169.917,0.0269
mixed,32,3,0.0938,4.0,32,1024,256,1024,328,204.255,326.206,214.815,0.0866
mixed,32,3,0.0938,4.0,32,1024,512,2048,656,261.371,505.981,292.159,0.1259
mixed,32,3,0.0938,4.0,32,1024,1024,4096,1312,375.135,861.052,442.11,0.1378
mixed,32,3,0.0938,4.0,32,1024,2048,8192,2624,603.259,1541.269,744.154,0.1502
mixed,32,3,0.0938,4.0,32,1024,4096,16384,5248,1045.018,2900.301,1325.718,0.1513
mixed,32,3,0.0938,4.0,32,2048,128,512,164,177.086,246.11,176.188,-0.013
mixed,32,3,0.0938,4.0,32,2048,256,1024,328,210.558,336.509,220.991,0.0828
mixed,32,3,0.0938,4.0,32,2048,512,2048,656,269.885,510.717,302.016,0.1334
mixed,32,3,0.0938,4.0,32,2048,1024,4096,1312,384.96,858.652,448.255,0.1336
mixed,32,3,0.0938,4.0,32,2048,2048,8192,2624,609.084,1553.014,747.294,0.1464
mixed,32,3,0.0938,4.0,32,2048,4096,16384,5248,1059.0,2925.834,1353.3,0.1576
mixed,32,3,0.0938,4.0,32,4096,128,512,164,188.99,263.231,189.405,0.0056
mixed,32,3,0.0938,4.0,32,4096,256,1024,328,223.708,348.862,234.368,0.0852
mixed,32,3,0.0938,4.0,32,4096,512,2048,656,287.611,534.748,315.196,0.1116
mixed,32,3,0.0938,4.0,32,4096,1024,4096,1312,400.763,871.676,462.46,0.131
mixed,32,3,0.0938,4.0,32,4096,2048,8192,2624,632.701,1566.738,762.138,0.1386
mixed,32,3,0.0938,4.0,32,4096,4096,16384,5248,1063.802,2933.901,1344.853,0.1503
mixed,32,3,0.0938,4.0,32,8192,128,512,164,285.086,353.214,282.493,-0.0381
mixed,32,3,0.0938,4.0,32,8192,256,1024,328,318.303,440.893,325.852,0.0616
mixed,32,3,0.0938,4.0,32,8192,512,2048,656,378.528,626.811,412.767,0.1379
mixed,32,3,0.0938,4.0,32,8192,1024,4096,1312,492.538,960.6,559.71,0.1435
mixed,32,3,0.0938,4.0,32,8192,2048,8192,2624,723.262,1669.651,856.026,0.1403
mixed,32,3,0.0938,4.0,32,8192,4096,16384,5248,1166.2,3006.699,1458.741,0.1589
mixed,32,3,0.0938,4.0,64,0,128,512,164,143.74,211.486,145.823,0.0307
mixed,32,3,0.0938,4.0,64,0,256,1024,328,179.489,302.335,189.664,0.0828
mixed,32,3,0.0938,4.0,64,0,512,2048,656,239.838,480.187,269.343,0.1228
mixed,32,3,0.0938,4.0,64,0,1024,4096,1312,351.68,824.729,422.813,0.1504
mixed,32,3,0.0938,4.0,64,0,2048,8192,2624,578.94,1516.117,726.842,0.1578
mixed,32,3,0.0938,4.0,64,0,4096,16384,5248,1029.689,2891.501,1325.687,0.159
mixed,32,3,0.0938,4.0,64,512,128,512,164,175.616,244.639,177.953,0.0339
mixed,32,3,0.0938,4.0,64,512,256,1024,328,211.421,334.972,220.541,0.0738
mixed,32,3,0.0938,4.0,64,512,512,2048,656,271.584,516.156,298.141,0.1086
mixed,32,3,0.0938,4.0,64,512,1024,4096,1312,384.38,866.074,453.724,0.144
mixed,32,3,0.0938,4.0,64,512,2048,8192,2624,611.39,1551.094,748.603,0.146
mixed,32,3,0.0938,4.0,64,512,4096,16384,5248,1060.922,2916.94,1350.998,0.1563
mixed,32,3,0.0938,4.0,64,1024,128,512,164,181.408,251.841,181.696,0.0041
mixed,32,3,0.0938,4.0,64,1024,256,1024,328,215.967,340.19,225.471,0.0765
mixed,32,3,0.0938,4.0,64,1024,512,2048,656,276.7,519.516,305.439,0.1184
mixed,32,3,0.0938,4.0,64,1024,1024,4096,1312,391.551,868.668,454.3,0.1315
mixed,32,3,0.0938,4.0,64,1024,2048,8192,2624,622.492,1560.214,759.26,0.1459
mixed,32,3,0.0938,4.0,64,1024,4096,16384,5248,1073.498,2942.957,1354.2,0.1502
mixed,32,3,0.0938,4.0,64,2048,128,512,164,191.616,263.841,191.358,-0.0036
mixed,32,3,0.0938,4.0,64,2048,256,1024,328,227.325,352.125,235.872,0.0685
mixed,32,3,0.0938,4.0,64,2048,512,2048,656,288.028,531.359,314.59,0.1092
mixed,32,3,0.0938,4.0,64,2048,1024,4096,1312,405.275,880.346,476.638,0.1502
mixed,32,3,0.0938,4.0,64,2048,2048,8192,2624,628.854,1573.336,771.483,0.151
mixed,32,3,0.0938,4.0,64,2048,4096,16384,5248,1071.385,2934.317,1379.991,0.1657
mixed,32,3,0.0938,4.0,64,4096,128,512,164,269.792,338.749,269.724,-0.001
mixed,32,3,0.0938,4.0,64,4096,256,1024,328,304.257,427.486,314.047,0.0794
mixed,32,3,0.0938,4.0,64,4096,512,2048,656,362.75,605.149,391.293,0.1178
mixed,32,3,0.0938,4.0,64,4096,1024,4096,1312,479.419,966.105,549.182,0.1433
mixed,32,3,0.0938,4.0,64,4096,2048,8192,2624,706.714,1644.403,845.657,0.1482
mixed,32,3,0.0938,4.0,64,4096,4096,16384,5248,1146.01,3017.072,1454.741,0.165
mixed,32,3,0.0938,4.0,64,8192,128,512,164,349.534,421.15,348.605,-0.013
mixed,32,3,0.0938,4.0,64,8192,256,1024,328,383.677,509.184,392.606,0.0711
mixed,32,3,0.0938,4.0,64,8192,512,2048,656,441.341,682.522,472.188,0.1279
mixed,32,3,0.0938,4.0,64,8192,1024,4096,1312,557.531,1031.769,628.412,0.1495
mixed,32,3,0.0938,4.0,64,8192,2048,8192,2624,776.955,1727.794,927.674,0.1585
mixed,32,3,0.0938,4.0,64,8192,4096,16384,5248,1219.959,3093.167,1526.355,0.1636
mixed,32,3,0.0938,4.0,128,0,128,512,164,150.911,216.958,151.361,0.0068
mixed,32,3,0.0938,4.0,128,0,256,1024,328,182.879,303.614,197.438,0.1206
mixed,32,3,0.0938,4.0,128,0,512,2048,656,241.343,480.541,275.581,0.1431
mixed,32,3,0.0938,4.0,128,0,1024,4096,1312,355.422,830.394,425.534,0.1476
mixed,32,3,0.0938,4.0,128,0,2048,8192,2624,580.349,1531.252,723.162,0.1502
mixed,32,3,0.0938,4.0,128,0,4096,16384,5248,1025.56,2898.606,1321.459,0.158
mixed,32,3,0.0938,4.0,128,512,128,512,164,191.198,261.886,192.638,0.0204
mixed,32,3,0.0938,4.0,128,512,256,1024,328,227.071,354.045,235.582,0.067
mixed,32,3,0.0938,4.0,128,512,512,2048,656,285.823,527.549,318.685,0.1359
mixed,32,3,0.0938,4.0,128,512,1024,4096,1312,401.084,876.825,468.83,0.1424
mixed,32,3,0.0938,4.0,128,512,2048,8192,2624,626.074,1568.823,767.612,0.1501
mixed,32,3,0.0938,4.0,128,512,4096,16384,5248,1072.025,2951.788,1364.855,0.1558
mixed,32,3,0.0938,4.0,128,1024,128,512,164,198.784,269.085,201.087,0.0328
mixed,32,3,0.0938,4.0,128,1024,256,1024,328,233.148,359.262,244.7,0.0916
mixed,32,3,0.0938,4.0,128,1024,512,2048,656,293.727,535.42,324.064,0.1255
mixed,32,3,0.0938,4.0,128,1024,1024,4096,1312,407.293,882.681,473.82,0.1399
mixed,32,3,0.0938,4.0,128,1024,2048,8192,2624,630.843,1574.903,782.522,0.1607
mixed,32,3,0.0938,4.0,128,1024,4096,16384,5248,1075.64,2947.662,1366.296,0.1553
mixed,32,3,0.0938,4.0,128,2048,128,512,164,272.512,341.951,271.42,-0.0157
mixed,32,3,0.0938,4.0,128,2048,256,1024,328,305.565,431.933,316.607,0.0874
mixed,32,3,0.0938,4.0,128,2048,512,2048,656,367.581,612.892,393.437,0.1054
mixed,32,3,0.0938,4.0,128,2048,1024,4096,1312,482.844,956.345,549.18,0.1401
mixed,32,3,0.0938,4.0,128,2048,2048,8192,2624,710.232,1660.468,846.62,0.1435
mixed,32,3,0.0938,4.0,128,2048,4096,16384,5248,1156.213,3024.717,1444.724,0.1544
mixed,32,3,0.0938,4.0,128,4096,128,512,164,352.318,423.133,352.414,0.0014
mixed,32,3,0.0938,4.0,128,4096,256,1024,328,385.888,507.964,393.949,0.066
mixed,32,3,0.0938,4.0,128,4096,512,2048,656,446.555,688.698,474.686,0.1162
mixed,32,3,0.0938,4.0,128,4096,1024,4096,1312,561.148,1035.992,628.733,0.1423
mixed,32,3,0.0938,4.0,128,4096,2048,8192,2624,790.91,1734.963,939.612,0.1575
mixed,32,3,0.0938,4.0,128,4096,4096,16384,5248,1229.398,3097.357,1534.611,0.1634
mixed,32,3,0.0938,4.0,128,8192,128,512,164,498.494,569.566,501.884,0.0477
mixed,32,3,0.0938,4.0,128,8192,256,1024,328,533.532,657.851,542.715,0.0739
mixed,32,3,0.0938,4.0,128,8192,512,2048,656,593.181,834.013,621.692,0.1184
mixed,32,3,0.0938,4.0,128,8192,1024,4096,1312,704.794,1184.375,775.163,0.1467
mixed,32,3,0.0938,4.0,128,8192,2048,8192,2624,936.28,1884.053,1072.12,0.1433
mixed,32,3,0.0938,4.0,128,8192,4096,16384,5248,1377.591,3232.363,1667.156,0.1561
mixed,32,3,0.0938,4.0,256,0,128,512,164,213.951,286.657,214.268,0.0044
mixed,32,3,0.0938,4.0,256,0,256,1024,328,246.72,374.43,256.446,0.0762
mixed,32,3,0.0938,4.0,256,0,512,2048,656,309.535,547.196,339.902,0.1278
mixed,32,3,0.0938,4.0,256,0,1024,4096,1312,427.742,896.667,489.662,0.132
mixed,32,3,0.0938,4.0,256,0,2048,8192,2624,647.805,1588.085,800.665,0.1626
mixed,32,3,0.0938,4.0,256,0,4096,16384,5248,1088.922,2965.165,1389.496,0.1602
mixed,32,3,0.0938,4.0,256,512,128,512,164,278.176,349.024,281.568,0.0479
mixed,32,3,0.0938,4.0,256,512,256,1024,328,317.628,439.579,325.885,0.0677
mixed,32,3,0.0938,4.0,256,512,512,2048,656,378.171,614.909,403.804,0.1083
mixed,32,3,0.0938,4.0,256,512,1024,4096,1312,490.011,962.234,557.566,0.1431
mixed,32,3,0.0938,4.0,256,512,2048,8192,2624,719.578,1663.508,860.856,0.1497
mixed,32,3,0.0938,4.0,256,512,4096,16384,5248,1161.271,3045.544,1456.054,0.1564
mixed,32,3,0.0938,4.0,256,1024,128,512,164,336.511,406.3,337.083,0.0082
mixed,32,3,0.0938,4.0,256,1024,256,1024,328,370.303,493.915,381.279,0.0888
mixed,32,3,0.0938,4.0,256,1024,512,2048,656,431.101,673.339,461.372,0.125
mixed,32,3,0.0938,4.0,256,1024,1024,4096,1312,543.804,1027.545,612.7,0.1424
mixed,32,3,0.0938,4.0,256,1024,2048,8192,2624,770.747,1708.438,923.196,0.1626
mixed,32,3,0.0938,4.0,256,1024,4096,16384,5248,1210.936,3080.94,1500.821,0.155
mixed,32,3,0.0938,4.0,256,2048,128,512,164,375.326,440.285,372.606,-0.0419
mixed,32,3,0.0938,4.0,256,2048,256,1024,328,407.77,530.784,414.364,0.0536
mixed,32,3,0.0938,4.0,256,2048,512,2048,656,469.279,712.028,496.538,0.1123
mixed,32,3,0.0938,4.0,256,2048,1024,4096,1312,581.211,1055.704,647.871,0.1405
mixed,32,3,0.0938,4.0,256,2048,2048,8192,2624,807.096,1753.779,943.417,0.144
mixed,32,3,0.0938,4.0,256,2048,4096,16384,5248,1250.295,3136.267,1547.22,0.1574
mixed,32,3,0.0938,4.0,256,4096,128,512,164,518.012,587.135,521.692,0.0532
mixed,32,3,0.0938,4.0,256,4096,256,1024,328,549.756,677.052,561.787,0.0945
mixed,32,3,0.0938,4.0,256,4096,512,2048,656,610.972,850.84,637.307,0.1098
mixed,32,3,0.0938,4.0,256,4096,1024,4096,1312,723.518,1193.752,794.33,0.1506
mixed,32,3,0.0938,4.0,256,4096,2048,8192,2624,956.345,1897.016,1086.678,0.1386
mixed,32,3,0.0938,4.0,256,4096,4096,16384,5248,1388.471,3259.463,1682.392,0.1571
mixed,32,3,0.0938,4.0,256,8192,128,512,164,764.218,831.771,762.329,-0.028
mixed,32,3,0.0938,4.0,256,8192,256,1024,328,795.033,920.44,806.363,0.0903
mixed,32,3,0.0938,4.0,256,8192,512,2048,656,854.97,1102.745,884.73,0.1201
mixed,32,3,0.0938,4.0,256,8192,1024,4096,1312,971.256,1442.612,1028.473,0.1214
mixed,32,3,0.0938,4.0,256,8192,2048,8192,2624,1203.319,2139.762,1332.117,0.1375
mixed,32,3,0.0938,4.0,256,8192,4096,16384,5248,1636.374,3528.487,1938.801,0.1598
mixed,32,3,0.0938,4.0,512,0,128,512,164,331.326,400.347,332.732,0.0204
mixed,32,3,0.0938,4.0,512,0,256,1024,328,368.031,491.387,377.087,0.0734
mixed,32,3,0.0938,4.0,512,0,512,2048,656,426.238,665.212,457.082,0.1291
mixed,32,3,0.0938,4.0,512,0,1024,4096,1312,537.565,1018.137,605.692,0.1418
mixed,32,3,0.0938,4.0,512,0,2048,8192,2624,763.994,1703.728,907.226,0.1524
mixed,32,3,0.0938,4.0,512,0,4096,16384,5248,1218.26,3091.819,1499.638,0.1502
mixed,32,3,0.0938,4.0,512,512,128,512,164,407.07,473.533,405.918,-0.0173
mixed,32,3,0.0938,4.0,512,512,256,1024,328,438.428,562.783,446.716,0.0666
mixed,32,3,0.0938,4.0,512,512,512,2048,656,498.175,739.131,528.188,0.1246
mixed,32,3,0.0938,4.0,512,512,1024,4096,1312,610.011,1091.034,683.033,0.1518
mixed,32,3,0.0938,4.0,512,512,2048,8192,2624,840.858,1778.484,981.207,0.1497
mixed,32,3,0.0938,4.0,512,512,4096,16384,5248,1282.842,3143.531,1569.624,0.1541
mixed,32,3,0.0938,4.0,512,1024,128,512,164,474.526,540.349,474.428,-0.0015
mixed,32,3,0.0938,4.0,512,1024,256,1024,328,506.236,630.395,515.455,0.0743
mixed,32,3,0.0938,4.0,512,1024,512,2048,656,568.124,810.14,597.789,0.1226
mixed,32,3,0.0938,4.0,512,1024,1024,4096,1312,680.186,1154.392,745.849,0.1385
mixed,32,3,0.0938,4.0,512,1024,2048,8192,2624,909.88,1848.402,1047.418,0.1465
mixed,32,3,0.0938,4.0,512,1024,4096,16384,5248,1345.977,3231.849,1650.039,0.1612
mixed,32,3,0.0938,4.0,512,2048,128,512,164,617.627,686.234,618.077,0.0066
mixed,32,3,0.0938,4.0,512,2048,256,1024,328,653.659,777.017,662.33,0.0703
mixed,32,3,0.0938,4.0,512,2048,512,2048,656,711.482,953.914,739.706,0.1164
mixed,32,3,0.0938,4.0,512,2048,1024,4096,1312,825.689,1296.983,890.903,0.1384
mixed,32,3,0.0938,4.0,512,2048,2048,8192,2624,1055.414,2001.168,1196.855,0.1496
mixed,32,3,0.0938,4.0,512,2048,4096,16384,5248,1500.374,3363.658,1789.81,0.1553
mixed,32,3,0.0938,4.0,512,4096,128,512,164,895.512,966.202,894.488,-0.0145
mixed,32,3,0.0938,4.0,512,4096,256,1024,328,931.578,1053.944,940.377,0.0719
mixed,32,3,0.0938,4.0,512,4096,512,2048,656,989.305,1232.695,1016.281,0.1108
mixed,32,3,0.0938,4.0,512,4096,1024,4096,1312,1107.096,1580.471,1167.575,0.1278
mixed,32,3,0.0938,4.0,512,4096,2048,8192,2624,1332.281,2281.073,1473.273,0.1486
mixed,32,3,0.0938,4.0,512,4096,4096,16384,5248,1777.524,3644.263,2065.683,0.1544
mixed,32,3,0.0938,4.0,512,8192,128,512,164,1446.903,1516.371,1447.541,0.0092
mixed,32,3,0.0938,4.0,512,8192,256,1024,328,1483.093,1603.828,1489.717,0.0549
mixed,32,3,0.0938,4.0,512,8192,512,2048,656,1542.231,1782.735,1573.17,0.1286
mixed,32,3,0.0938,4.0,512,8192,1024,4096,1312,1660.083,2130.896,1726.87,0.1419
mixed,32,3,0.0938,4.0,512,8192,2048,8192,2624,1878.162,2821.93,2022.898,0.1534
mixed,32,3,0.0938,4.0,512,8192,4096,16384,5248,2330.352,4202.407,2628.495,0.1593
mixed,32,3,0.0938,4.0,1024,0,128,512,164,587.196,654.269,586.269,-0.0138
mixed,32,3,0.0938,4.0,1024,0,256,1024,328,619.066,743.676,631.835,0.1025
mixed,32,3,0.0938,4.0,1024,0,512,2048,656,679.835,920.188,713.53,0.1402
mixed,32,3,0.0938,4.0,1024,0,1024,4096,1312,795.644,1271.893,857.53,0.1299
mixed,32,3,0.0938,4.0,1024,0,2048,8192,2624,1024.73,1958.449,1154.456,0.1389
mixed,32,3,0.0938,4.0,1024,0,4096,16384,5248,1464.853,3338.057,1758.417,0.1567
mixed,32,3,0.0938,4.0,1024,512,128,512,164,763.481,828.634,765.662,0.0335
mixed,32,3,0.0938,4.0,1024,512,256,1024,328,796.507,920.026,808.571,0.0977
mixed,32,3,0.0938,4.0,1024,512,512,2048,656,858.97,1095.865,889.434,0.1286
mixed,32,3,0.0938,4.0,1024,512,1024,4096,1312,975.576,1447.415,1042.744,0.1424
mixed,32,3,0.0938,4.0,1024,512,2048,8192,2624,1201.882,2145.106,1340.504,0.147
mixed,32,3,0.0938,4.0,1024,512,4096,16384,5248,1642.359,3513.96,1945.776,0.1621
mixed,32,3,0.0938,4.0,1024,1024,128,512,164,917.912,988.379,921.369,0.0491
mixed,32,3,0.0938,4.0,1024,1024,256,1024,328,954.487,1076.31,964.122,0.0791
mixed,32,3,0.0938,4.0,1024,1024,512,2048,656,1013.849,1256.343,1045.175,0.1292
mixed,32,3,0.0938,4.0,1024,1024,1024,4096,1312,1126.716,1604.5,1196.278,0.1456
mixed,32,3,0.0938,4.0,1024,1024,2048,8192,2624,1356.825,2303.825,1491.669,0.1424
mixed,32,3,0.0938,4.0,1024,1024,4096,16384,5248,1800.532,3660.68,2089.073,0.1551
mixed,32,3,0.0938,4.0,1024,2048,128,512,164,1196.153,1263.001,1198.457,0.0345
mixed,32,3,0.0938,4.0,1024,2048,256,1024,328,1230.262,1352.886,1242.104,0.0966
mixed,32,3,0.0938,4.0,1024,2048,512,2048,656,1288.182,1530.42,1319.445,0.1291
mixed,32,3,0.0938,4.0,1024,2048,1024,4096,1312,1406.006,1895.09,1476.082,0.1433
mixed,32,3,0.0938,4.0,1024,2048,2048,8192,2624,1627.381,2565.361,1768.756,0.1507
mixed,32,3,0.0938,4.0,1024,2048,4096,16384,5248,2072.212,3938.278,2367.183,0.1581
mixed,32,3,0.0938,4.0,1024,4096,128,512,164,1749.266,1816.787,1747.602,-0.0246
mixed,32,3,0.0938,4.0,1024,4096,256,1024,328,1785.651,1904.051,1789.044,0.0287
mixed,32,3,0.0938,4.0,1024,4096,512,2048,656,1845.043,2082.897,1871.474,0.1111
mixed,32,3,0.0938,4.0,1024,4096,1024,4096,1312,1954.739,2432.812,2024.978,0.1469
mixed,32,3,0.0938,4.0,1024,4096,2048,8192,2624,2187.601,3120.045,2317.81,0.1396
mixed,32,3,0.0938,4.0,1024,4096,4096,16384,5248,2627.118,4498.658,2921.774,0.1574
mixed,32,3,0.0938,4.0,1024,8192,128,512,164,2843.725,2910.22,2844.077,0.0053
mixed,32,3,0.0938,4.0,1024,8192,256,1024,328,2874.571,2996.682,2886.093,0.0944
mixed,32,3,0.0938,4.0,1024,8192,512,2048,656,2931.822,3179.149,2968.236,0.1472
mixed,32,3,0.0938,4.0,1024,8192,1024,4096,1312,3047.436,3522.729,3119.147,0.1509
mixed,32,3,0.0938,4.0,1024,8192,2048,8192,2624,3277.228,4219.171,3411.689,0.1427
mixed,32,3,0.0938,4.0,1024,8192,4096,16384,5248,3723.912,5592.282,4010.437,0.1534
mixed,32,3,0.0938,4.0,2048,0,128,512,164,1042.168,1116.568,1042.649,0.0065
mixed,32,3,0.0938,4.0,2048,0,256,1024,328,1074.423,1202.424,1085.85,0.0893
mixed,32,3,0.0938,4.0,2048,0,512,2048,656,1136.567,1381.623,1166.712,0.123
mixed,32,3,0.0938,4.0,2048,0,1024,4096,1312,1252.379,1726.163,1319.992,0.1427
mixed,32,3,0.0938,4.0,2048,0,2048,8192,2624,1472.886,2426.767,1614.262,0.1482
mixed,32,3,0.0938,4.0,2048,0,4096,16384,5248,1914.644,3807.111,2220.593,0.1617
mixed,32,3,0.0938,4.0,2048,512,128,512,164,1376.183,1449.526,1377.977,0.0245
mixed,32,3,0.0938,4.0,2048,512,256,1024,328,1412.089,1537.626,1421.879,0.078
mixed,32,3,0.0938,4.0,2048,512,512,2048,656,1473.079,1715.766,1499.734,0.1098
mixed,32,3,0.0938,4.0,2048,512,1024,4096,1312,1586.229,2070.034,1652.181,0.1363
mixed,32,3,0.0938,4.0,2048,512,2048,8192,2624,1815.573,2756.656,1947.347,0.14
mixed,32,3,0.0938,4.0,2048,512,4096,16384,5248,2255.762,4126.63,2546.96,0.1556
mixed,32,3,0.0938,4.0,2048,1024,128,512,164,1719.637,1786.389,1712.212,-0.1112
mixed,32,3,0.0938,4.0,2048,1024,256,1024,328,1749.686,1872.371,1758.997,0.0759
mixed,32,3,0.0938,4.0,2048,1024,512,2048,656,1807.252,2052.05,1840.536,0.136
mixed,32,3,0.0938,4.0,2048,1024,1024,4096,1312,1929.462,2398.545,1993.715,0.137
mixed,32,3,0.0938,4.0,2048,1024,2048,8192,2624,2151.027,3084.141,2290.065,0.149
mixed,32,3,0.0938,4.0,2048,1024,4096,16384,5248,2601.361,4456.421,2884.558,0.1527
mixed,32,3,0.0938,4.0,2048,2048,128,512,164,2268.212,2338.928,2267.762,-0.0064
mixed,32,3,0.0938,4.0,2048,2048,256,1024,328,2301.429,2423.121,2311.281,0.081
mixed,32,3,0.0938,4.0,2048,2048,512,2048,656,2362.993,2601.487,2390.96,0.1173
mixed,32,3,0.0938,4.0,2048,2048,1024,4096,1312,2479.952,2952.685,2541.935,0.1311
mixed,32,3,0.0938,4.0,2048,2048,2048,8192,2624,2703.246,3653.796,2847.181,0.1514
mixed,32,3,0.0938,4.0,2048,2048,4096,16384,5248,3143.47,5014.973,3437.867,0.1573
mixed,32,3,0.0938,4.0,2048,4096,128,512,164,3361.257,3430.644,3364.046,0.0402
mixed,32,3,0.0938,4.0,2048,4096,256,1024,328,3399.948,3521.418,3404.011,0.0334
mixed,32,3,0.0938,4.0,2048,4096,512,2048,656,3457.802,3696.266,3488.555,0.129
mixed,32,3,0.0938,4.0,2048,4096,1024,4096,1312,3567.018,4043.237,3642.63,0.1588
mixed,32,3,0.0938,4.0,2048,4096,2048,8192,2624,3797.897,4739.204,3944.583,0.1558
mixed,32,3,0.0938,4.0,2048,4096,4096,16384,5248,4241.99,6116.599,4539.524,0.1587
mixed,32,3,0.0938,4.0,2048,8192,128,512,164,5561.245,5634.463,5556.798,-0.0607
mixed,32,3,0.0938,4.0,2048,8192,256,1024,328,5588.99,5714.557,5600.542,0.092
mixed,32,3,0.0938,4.0,2048,8192,512,2048,656,5652.091,5891.42,5679.452,0.1143
mixed,32,3,0.0938,4.0,2048,8192,1024,4096,1312,5770.14,6238.425,5839.386,0.1479
mixed,32,3,0.0938,4.0,2048,8192,2048,8192,2624,5999.643,6938.87,6124.023,0.1324
mixed,32,3,0.0938,4.0,2048,8192,4096,16384,5248,6443.798,8323.464,6722.644,0.1483
pure,32,4,0.125,4.0,0,0,128,512,176,91.039,149.596,91.552,0.0088
pure,32,4,0.125,4.0,0,0,256,1024,352,118.336,241.215,136.703,0.1495
pure,32,4,0.125,4.0,0,0,512,2048,704,184.415,424.477,218.877,0.1436
pure,32,4,0.125,4.0,0,0,1024,4096,1408,305.95,765.179,365.854,0.1304
pure,32,4,0.125,4.0,0,0,2048,8192,2816,543.965,1457.398,668.092,0.1359
pure,32,4,0.125,4.0,0,0,4096,16384,5632,1025.019,2819.501,1274.392,0.139
mixed,32,4,0.125,4.0,16,0,128,512,176,111.294,176.0,112.64,0.0208
mixed,32,4,0.125,4.0,16,0,256,1024,352,143.36,264.481,157.055,0.1131
mixed,32,4,0.125,4.0,16,0,512,2048,704,209.502,442.302,239.421,0.1285
mixed,32,4,0.125,4.0,16,0,1024,4096,1408,332.798,782.585,396.412,0.1414
mixed,32,4,0.125,4.0,16,0,2048,8192,2816,577.758,1483.478,695.132,0.1296
mixed,32,4,0.125,4.0,16,0,4096,16384,5632,1043.096,2850.767,1289.654,0.1364
mixed,32,4,0.125,4.0,16,512,128,512,176,144.989,206.527,147.041,0.0333
mixed,32,4,0.125,4.0,16,512,256,1024,352,176.225,296.415,191.584,0.1278
mixed,32,4,0.125,4.0,16,512,512,2048,704,244.415,473.757,271.84,0.1196
mixed,32,4,0.125,4.0,16,512,1024,4096,1408,367.391,820.154,425.41,0.1281
mixed,32,4,0.125,4.0,16,512,2048,8192,2816,601.983,1508.021,727.645,0.1387
mixed,32,4,0.125,4.0,16,512,4096,16384,5632,1078.329,2880.207,1324.376,0.1366
mixed,32,4,0.125,4.0,16,1024,128,512,176,148.416,211.809,147.679,-0.0116
mixed,32,4,0.125,4.0,16,1024,256,1024,352,179.771,299.742,193.725,0.1163
mixed,32,4,0.125,4.0,16,1024,512,2048,704,245.983,473.405,273.053,0.119
mixed,32,4,0.125,4.0,16,1024,1024,4096,1408,367.102,819.482,426.141,0.1305
mixed,32,4,0.125,4.0,16,1024,2048,8192,2816,608.252,1518.707,735.74,0.14
mixed,32,4,0.125,4.0,16,1024,4096,16384,5632,1085.079,2898.349,1316.696,0.1277
mixed,32,4,0.125,4.0,16,2048,128,512,176,151.326,215.102,152.256,0.0146
mixed,32,4,0.125,4.0,16,2048,256,1024,352,183.423,304.705,197.28,0.1143
mixed,32,4,0.125,4.0,16,2048,512,2048,704,252.093,478.876,277.119,0.1104
mixed,32,4,0.125,4.0,16,2048,1024,4096,1408,373.374,835.127,430.429,0.1236
mixed,32,4,0.125,4.0,16,2048,2048,8192,2816,612.411,1523.415,721.112,0.1193
mixed,32,4,0.125,4.0,16,2048,4096,16384,5632,1086.007,2882.413,1331.033,0.1364
mixed,32,4,0.125,4.0,16,4096,128,512,176,159.455,225.278,164.445,0.0758
mixed,32,4,0.125,4.0,16,4096,256,1024,352,192.862,317.918,206.046,0.1054
mixed,32,4,0.125,4.0,16,4096,512,2048,704,259.394,492.155,286.27,0.1155
mixed,32,4,0.125,4.0,16,4096,1024,4096,1408,384.285,835.643,440.124,0.1237
mixed,32,4,0.125,4.0,16,4096,2048,8192,2816,619.261,1534.39,743.961,0.1363
mixed,32,4,0.125,4.0,16,4096,4096,16384,5632,1102.841,2897.419,1343.066,0.1339
mixed,32,4,0.125,4.0,16,8192,128,512,176,194.656,265.022,197.439,0.0396
mixed,32,4,0.125,4.0,16,8192,256,1024,352,233.055,350.811,242.943,0.084
mixed,32,4,0.125,4.0,16,8192,512,2048,704,298.364,523.26,322.3,0.1064
mixed,32,4,0.125,4.0,16,8192,1024,4096,1408,420.093,877.275,477.502,0.1256
mixed,32,4,0.125,4.0,16,8192,2048,8192,2816,665.181,1579.542,774.586,0.1197
mixed,32,4,0.125,4.0,16,8192,4096,16384,5632,1135.288,2953.679,1360.088,0.1236
mixed,32,4,0.125,4.0,32,0,128,512,176,144.894,207.807,144.447,-0.0071
mixed,32,4,0.125,4.0,32,0,256,1024,352,175.872,295.135,190.433,0.1221
mixed,32,4,0.125,4.0,32,0,512,2048,704,243.584,471.389,274.72,0.1367
mixed,32,4,0.125,4.0,32,0,1024,4096,1408,365.213,818.716,425.725,0.1334
mixed,32,4,0.125,4.0,32,0,2048,8192,2816,601.595,1519.126,733.117,0.1433
mixed,32,4,0.125,4.0,32,0,4096,16384,5632,1080.666,2871.053,1339.608,0.1446
mixed,32,4,0.125,4.0,32,512,128,512,176,168.607,239.425,170.75,0.0303
mixed,32,4,0.125,4.0,32,512,256,1024,352,202.273,323.101,215.616,0.1104
mixed,32,4,0.125,4.0,32,512,512,2048,704,270.016,501.725,295.745,0.111
mixed,32,4,0.125,4.0,32,512,1024,4096,1408,393.308,854.682,455.647,0.1351
mixed,32,4,0.125,4.0,32,512,2048,8192,2816,627.386,1529.783,745.275,0.1306
mixed,32,4,0.125,4.0,32,512,4096,16384,5632,1109.369,2913.871,1340.059,0.1278
mixed,32,4,0.125,4.0,32,1024,128,512,176,172.124,235.39,171.679,-0.007
mixed,32,4,0.125,4.0,32,1024,256,1024,352,204.928,326.141,218.079,0.1085
mixed,32,4,0.125,4.0,32,1024,512,2048,704,272.223,498.529,294.558,0.0987
mixed,32,4,0.125,4.0,32,1024,1024,4096,1408,392.64,849.914,452.924,0.1318
mixed,32,4,0.125,4.0,32,1024,2048,8192,2816,633.533,1534.452,749.755,0.129
mixed,32,4,0.125,4.0,32,1024,4096,16384,5632,1108.44,2907.276,1340.345,0.1289
mixed,32,4,0.125,4.0,32,2048,128,512,176,179.229,245.535,178.656,-0.0086
mixed,32,4,0.125,4.0,32,2048,256,1024,352,214.653,333.759,223.776,0.0766
mixed,32,4,0.125,4.0,32,2048,512,2048,704,282.205,510.558,305.759,0.1031
mixed,32,4,0.125,4.0,32,2048,1024,4096,1408,403.584,856.252,458.14,0.1205
mixed,32,4,0.125,4.0,32,2048,2048,8192,2816,641.852,1545.876,758.844,0.1294
mixed,32,4,0.125,4.0,32,2048,4096,16384,5632,1111.768,2910.89,1345.142,0.1297
mixed,32,4,0.125,4.0,32,4096,128,512,176,191.967,260.322,191.646,-0.0047
mixed,32,4,0.125,4.0,32,4096,256,1024,352,227.166,351.677,239.454,0.0987
mixed,32,4,0.125,4.0,32,4096,512,2048,704,295.71,527.675,320.607,0.1073
mixed,32,4,0.125,4.0,32,4096,1024,4096,1408,416.764,875.449,471.9,0.1202
mixed,32,4,0.125,4.0,32,4096,2048,8192,2816,654.142,1562.2,773.788,0.1318
mixed,32,4,0.125,4.0,32,4096,4096,16384,5632,1135.797,2922.286,1379.285,0.1363
mixed,32,4,0.125,4.0,32,8192,128,512,176,287.454,353.152,289.057,0.0244
mixed,32,4,0.125,4.0,32,8192,256,1024,352,322.814,444.957,334.014,0.0917
mixed,32,4,0.125,4.0,32,8192,512,2048,704,389.085,627.068,412.607,0.0988
mixed,32,4,0.125,4.0,32,8192,1024,4096,1408,514.333,961.015,569.883,0.1244
mixed,32,4,0.125,4.0,32,8192,2048,8192,2816,748.155,1663.026,864.411,0.1271
mixed,32,4,0.125,4.0,32,8192,4096,16384,5632,1223.191,3017.774,1455.479,0.1294
mixed,32,4,0.125,4.0,64,0,128,512,176,146.879,213.787,146.592,-0.0043
mixed,32,4,0.125,4.0,64,0,256,1024,352,179.806,303.166,191.007,0.0908
mixed,32,4,0.125,4.0,64,0,512,2048,704,250.816,483.677,273.15,0.0959
mixed,32,4,0.125,4.0,64,0,1024,4096,1408,371.007,827.259,429.598,0.1284
mixed,32,4,0.125,4.0,64,0,2048,8192,2816,608.956,1516.341,727.483,0.1306
mixed,32,4,0.125,4.0,64,0,4096,16384,5632,1086.395,2896.971,1342.996,0.1417
mixed,32,4,0.125,4.0,64,512,128,512,176,178.398,245.855,179.264,0.0128
mixed,32,4,0.125,4.0,64,512,256,1024,352,213.438,332.475,223.519,0.0847
mixed,32,4,0.125,4.0,64,512,512,2048,704,282.91,512.029,304.828,0.0957
mixed,32,4,0.125,4.0,64,512,1024,4096,1408,404.284,857.916,453.211,0.1079
mixed,32,4,0.125,4.0,64,512,2048,8192,2816,645.821,1552.376,763.932,0.1303
mixed,32,4,0.125,4.0,64,512,4096,16384,5632,1113.242,2916.397,1358.9,0.1362
mixed,32,4,0.125,4.0,64,1024,128,512,176,184.351,252.253,184.448,0.0014
mixed,32,4,0.125,4.0,64,1024,256,1024,352,218.848,342.716,229.697,0.0876
mixed,32,4,0.125,4.0,64,1024,512,2048,704,288.384,522.493,312.764,0.1041
mixed,32,4,0.125,4.0,64,1024,1024,4096,1408,405.981,872.955,462.202,0.1204
mixed,32,4,0.125,4.0,64,1024,2048,8192,2816,653.786,1560.887,767.226,0.1251
mixed,32,4,0.125,4.0,64,1024,4096,16384,5632,1136.567,2926.287,1365.977,0.1282
mixed,32,4,0.125,4.0,64,2048,128,512,176,194.656,266.592,193.918,-0.0103
mixed,32,4,0.125,4.0,64,2048,256,1024,352,228.189,354.205,241.021,0.1018
mixed,32,4,0.125,4.0,64,2048,512,2048,704,297.34,537.181,322.43,0.1046
mixed,32,4,0.125,4.0,64,2048,1024,4096,1408,419.387,883.387,476.477,0.123
mixed,32,4,0.125,4.0,64,2048,2048,8192,2816,662.043,1569.591,778.012,0.1278
mixed,32,4,0.125,4.0,64,2048,4096,16384,5632,1137.656,2935.854,1363.606,0.1257
mixed,32,4,0.125,4.0,64,4096,128,512,176,273.438,340.381,271.998,-0.0215
mixed,32,4,0.125,4.0,64,4096,256,1024,352,306.748,428.414,316.603,0.081
mixed,32,4,0.125,4.0,64,4096,512,2048,704,374.877,602.265,397.209,0.0982
mixed,32,4,0.125,4.0,64,4096,1024,4096,1408,496.636,954.747,548.092,0.1123
mixed,32,4,0.125,4.0,64,4096,2048,8192,2816,738.648,1653.975,854.843,0.1269
mixed,32,4,0.125,4.0,64,4096,4096,16384,5632,1214.745,3034.256,1458.615,0.134
mixed,32,4,0.125,4.0,64,8192,128,512,176,352.605,420.478,353.691,0.016
mixed,32,4,0.125,4.0,64,8192,256,1024,352,385.533,504.636,395.87,0.0868
mixed,32,4,0.125,4.0,64,8192,512,2048,704,453.275,682.716,480.796,0.1199
mixed,32,4,0.125,4.0,64,8192,1024,4096,1408,579.93,1036.503,624.7,0.0981
mixed,32,4,0.125,4.0,64,8192,2048,8192,2816,817.724,1735.512,932.953,0.1256
mixed,32,4,0.125,4.0,64,8192,4096,16384,5632,1292.246,3111.532,1529.622,0.1305
mixed,32,4,0.125,4.0,128,0,128,512,176,152.0,218.526,154.525,0.038
mixed,32,4,0.125,4.0,128,0,256,1024,352,184.095,304.832,198.944,0.123
mixed,32,4,0.125,4.0,128,0,512,2048,704,251.996,485.692,278.432,0.1131
mixed,32,4,0.125,4.0,128,0,1024,4096,1408,375.325,832.667,433.756,0.1278
mixed,32,4,0.125,4.0,128,0,2048,8192,2816,609.052,1519.608,730.042,0.1329
mixed,32,4,0.125,4.0,128,0,4096,16384,5632,1084.215,2886.412,1337.527,0.1406
mixed,32,4,0.125,4.0,128,512,128,512,176,195.101,260.156,194.976,-0.0019
mixed,32,4,0.125,4.0,128,512,256,1024,352,227.454,351.899,240.99,0.1088
mixed,32,4,0.125,4.0,128,512,512,2048,704,298.527,529.503,318.558,0.0867
mixed,32,4,0.125,4.0,128,512,1024,4096,1408,421.34,878.073,471.933,0.1108
mixed,32,4,0.125,4.0,128,512,2048,8192,2816,661.689,1568.341,782.329,0.1331
mixed,32,4,0.125,4.0,128,512,4096,16384,5632,1135.098,2934.285,1387.289,0.1402
mixed,32,4,0.125,4.0,128,1024,128,512,176,202.334,269.947,200.445,-0.0279
mixed,32,4,0.125,4.0,128,1024,256,1024,352,237.312,361.502,244.765,0.06
mixed,32,4,0.125,4.0,128,1024,512,2048,704,307.007,531.582,329.376,0.0996
mixed,32,4,0.125,4.0,128,1024,1024,4096,1408,429.568,887.256,481.023,0.1124
mixed,32,4,0.125,4.0,128,1024,2048,8192,2816,670.269,1583.859,782.875,0.1233
mixed,32,4,0.125,4.0,128,1024,4096,16384,5632,1140.472,2953.166,1388.249,0.1367
mixed,32,4,0.125,4.0,128,2048,128,512,176,273.854,343.069,274.145,0.0042
mixed,32,4,0.125,4.0,128,2048,256,1024,352,310.653,433.18,320.126,0.0773
mixed,32,4,0.125,4.0,128,2048,512,2048,704,376.829,606.173,399.227,0.0977
mixed,32,4,0.125,4.0,128,2048,1024,4096,1408,500.381,956.634,556.091,0.1221
mixed,32,4,0.125,4.0,128,2048,2048,8192,2816,747.676,1655.412,863.803,0.1279
mixed,32,4,0.125,4.0,128,2048,4096,16384,5632,1222.136,3014.249,1467.222,0.1368
mixed,32,4,0.125,4.0,128,4096,128,512,176,355.902,423.296,355.742,-0.0024
mixed,32,4,0.125,4.0,128,4096,256,1024,352,389.696,514.302,399.931,0.0821
mixed,32,4,0.125,4.0,128,4096,512,2048,704,455.326,690.203,477.022,0.0924
mixed,32,4,0.125,4.0,128,4096,1024,4096,1408,574.078,1038.396,635.931,0.1332
mixed,32,4,0.125,4.0,128,4096,2048,8192,2816,815.611,1730.929,930.683,0.1257
mixed,32,4,0.125,4.0,128,4096,4096,16384,5632,1296.027,3096.879,1531.636,0.1308
mixed,32,4,0.125,4.0,128,8192,128,512,176,503.357,567.997,502.109,-0.0193
mixed,32,4,0.125,4.0,128,8192,256,1024,352,534.362,658.108,548.799,0.1167
mixed,32,4,0.125,4.0,128,8192,512,2048,704,603.262,832.313,624.827,0.0941
mixed,32,4,0.125,4.0,128,8192,1024,4096,1408,728.858,1181.624,777.052,0.1064
mixed,32,4,0.125,4.0,128,8192,2048,8192,2816,967.356,1880.918,1086.265,0.1302
mixed,32,4,0.125,4.0,128,8192,4096,16384,5632,1435.35,3248.14,1682.453,0.1363
mixed,32,4,0.125,4.0,256,0,128,512,176,216.38,283.582,216.702,0.0048
mixed,32,4,0.125,4.0,256,0,256,1024,352,250.911,376.158,262.144,0.0897
mixed,32,4,0.125,4.0,256,0,512,2048,704,325.278,552.122,346.812,0.0949
mixed,32,4,0.125,4.0,256,0,1024,4096,1408,444.317,892.635,499.679,0.1235
mixed,32,4,0.125,4.0,256,0,2048,8192,2816,679.645,1588.788,797.563,0.1297
mixed,32,4,0.125,4.0,256,0,4096,16384,5632,1161.656,2963.406,1405.91,0.1356
mixed,32,4,0.125,4.0,256,512,128,512,176,286.142,351.581,286.462,0.0049
mixed,32,4,0.125,4.0,256,512,256,1024,352,319.52,438.59,329.34,0.0825
mixed,32,4,0.125,4.0,256,512,512,2048,704,385.947,619.292,408.571,0.097
mixed,32,4,0.125,4.0,256,512,1024,4096,1408,510.621,967.448,559.934,0.1079
mixed,32,4,0.125,4.0,256,512,2048,8192,2816,745.403,1658.933,870.17,0.1366
mixed,32,4,0.125,4.0,256,512,4096,16384,5632,1216.92,3015.405,1469.591,0.1405
mixed,32,4,0.125,4.0,256,1024,128,512,176,338.142,406.556,340.572,0.0355
mixed,32,4,0.125,4.0,256,1024,256,1024,352,373.085,497.402,380.827,0.0623
mixed,32,4,0.125,4.0,256,1024,512,2048,704,439.292,669.944,462.269,0.0996
mixed,32,4,0.125,4.0,256,1024,1024,4096,1408,566.558,1020.825,617.914,0.1131
mixed,32,4,0.125,4.0,256,1024,2048,8192,2816,798.201,1709.366,917.371,0.1308
mixed,32,4,0.125,4.0,256,1024,4096,16384,5632,1281.591,3085.421,1521.14,0.1328
mixed,32,4,0.125,4.0,256,2048,128,512,176,376.831,442.141,373.663,-0.0485
mixed,32,4,0.125,4.0,256,2048,256,1024,352,411.838,532.383,422.073,0.0849
mixed,32,4,0.125,4.0,256,2048,512,2048,704,477.406,706.717,500.736,0.1017
mixed,32,4,0.125,4.0,256,2048,1024,4096,1408,598.042,1051.674,657.531,0.1311
mixed,32,4,0.125,4.0,256,2048,2048,8192,2816,842.522,1749.333,953.272,0.1221
mixed,32,4,0.125,4.0,256,2048,4096,16384,5632,1316.598,3134.795,1564.244,0.1362
mixed,32,4,0.125,4.0,256,4096,128,512,176,521.885,586.589,521.15,-0.0114
mixed,32,4,0.125,4.0,256,4096,256,1024,352,553.851,676.284,564.731,0.0889
mixed,32,4,0.125,4.0,256,4096,512,2048,704,622.107,851.674,643.165,0.0917
mixed,32,4,0.125,4.0,256,4096,1024,4096,1408,743.87,1197.686,798.038,0.1194
mixed,32,4,0.125,4.0,256,4096,2048,8192,2816,988.89,1893.459,1106.584,0.1301
mixed,32,4,0.125,4.0,256,4096,4096,16384,5632,1463.0,3259.658,1708.949,0.1369
mixed,32,4,0.125,4.0,256,8192,128,512,176,766.589,831.802,764.345,-0.0344
mixed,32,4,0.125,4.0,256,8192,256,1024,352,800.252,922.716,809.945,0.0791
mixed,32,4,0.125,4.0,256,8192,512,2048,704,865.818,1100.442,890.429,0.1049
mixed,32,4,0.125,4.0,256,8192,1024,4096,1408,988.249,1443.671,1040.474,0.1147
mixed,32,4,0.125,4.0,256,8192,2048,8192,2816,1224.441,2138.352,1341.848,0.1285
mixed,32,4,0.125,4.0,256,8192,4096,16384,5632,1704.983,3516.585,1949.812,0.1351
mixed,32,4,0.125,4.0,512,0,128,512,176,335.487,399.839,333.439,-0.0318
mixed,32,4,0.125,4.0,512,0,256,1024,352,366.591,488.99,378.176,0.0946
mixed,32,4,0.125,4.0,512,0,512,2048,704,432.634,664.859,458.397,0.1109
mixed,32,4,0.125,4.0,512,0,1024,4096,1408,564.124,1019.768,614.045,0.1096
mixed,32,4,0.125,4.0,512,0,2048,8192,2816,794.586,1716.822,917.624,0.1334
mixed,32,4,0.125,4.0,512,0,4096,16384,5632,1275.32,3077.003,1501.651,0.1256
mixed,32,4,0.125,4.0,512,512,128,512,176,407.773,473.63,406.621,-0.0175
mixed,32,4,0.125,4.0,512,512,256,1024,352,443.066,563.005,450.941,0.0657
mixed,32,4,0.125,4.0,512,512,512,2048,704,508.413,741.787,530.846,0.0961
mixed,32,4,0.125,4.0,512,512,1024,4096,1408,632.412,1092.792,684.186,0.1125
mixed,32,4,0.125,4.0,512,512,2048,8192,2816,873.431,1772.98,992.603,0.1325
mixed,32,4,0.125,4.0,512,512,4096,16384,5632,1342.584,3158.829,1576.31,0.1287
mixed,32,4,0.125,4.0,512,1024,128,512,176,477.212,545.405,476.827,-0.0056
mixed,32,4,0.125,4.0,512,1024,256,1024,352,509.147,631.611,519.679,0.086
mixed,32,4,0.125,4.0,512,1024,512,2048,704,578.395,817.498,600.925,0.0942
mixed,32,4,0.125,4.0,512,1024,1024,4096,1408,706.813,1157.594,751.61,0.0994
mixed,32,4,0.125,4.0,512,1024,2048,8192,2816,944.217,1854.705,1060.889,0.1281
mixed,32,4,0.125,4.0,512,1024,4096,16384,5632,1424.15,3224.365,1655.829,0.1287
mixed,32,4,0.125,4.0,512,2048,128,512,176,618.235,684.477,617.464,-0.0116
mixed,32,4,0.125,4.0,512,2048,256,1024,352,655.774,772.732,662.684,0.0591
mixed,32,4,0.125,4.0,512,2048,512,2048,704,722.267,951.929,746.395,0.1051
mixed,32,4,0.125,4.0,512,2048,1024,4096,1408,841.915,1291.355,895.771,0.1198
mixed,32,4,0.125,4.0,512,2048,2048,8192,2816,1086.138,1991.219,1201.082,0.127
mixed,32,4,0.125,4.0,512,2048,4096,16384,5632,1556.599,3369.353,1796.243,0.1322
mixed,32,4,0.125,4.0,512,4096,128,512,176,898.49,964.508,898.941,0.0068
mixed,32,4,0.125,4.0,512,4096,256,1024,352,932.246,1053.529,942.263,0.0826
mixed,32,4,0.125,4.0,512,4096,512,2048,704,999.191,1233.531,1022.522,0.0996
mixed,32,4,0.125,4.0,512,4096,1024,4096,1408,1122.108,1582.819,1183.067,0.1323
mixed,32,4,0.125,4.0,512,4096,2048,8192,2816,1361.182,2282.035,1479.845,0.1289
mixed,32,4,0.125,4.0,512,4096,4096,16384,5632,1840.2,3651.605,2080.43,0.1326
mixed,32,4,0.125,4.0,512,8192,128,512,176,1448.448,1515.749,1452.388,0.0585
mixed,32,4,0.125,4.0,512,8192,256,1024,352,1482.69,1600.388,1496.899,0.1207
mixed,32,4,0.125,4.0,512,8192,512,2048,704,1551.138,1788.233,1575.108,0.1011
mixed,32,4,0.125,4.0,512,8192,1024,4096,1408,1671.494,2136.945,1730.854,0.1275
mixed,32,4,0.125,4.0,512,8192,2048,8192,2816,1907.501,2818.498,2027.823,0.1321
mixed,32,4,0.125,4.0,512,8192,4096,16384,5632,2387.32,4190.848,2630.238,0.1347
mixed,32,4,0.125,4.0,1024,0,128,512,176,589.774,654.511,588.749,-0.0158
mixed,32,4,0.125,4.0,1024,0,256,1024,352,623.822,742.674,633.65,0.0827
mixed,32,4,0.125,4.0,1024,0,512,2048,704,689.388,922.709,713.871,0.1049
mixed,32,4,0.125,4.0,1024,0,1024,4096,1408,809.393,1269.085,867.124,0.1256
mixed,32,4,0.125,4.0,1024,0,2048,8192,2816,1046.999,1963.15,1163.451,0.1271
mixed,32,4,0.125,4.0,1024,0,4096,16384,5632,1529.475,3335.85,1770.633,0.1335
mixed,32,4,0.125,4.0,1024,512,128,512,176,766.449,832.468,764.846,-0.0243
mixed,32,4,0.125,4.0,1024,512,256,1024,352,800.594,919.155,812.659,0.1018
mixed,32,4,0.125,4.0,1024,512,512,2048,704,863.796,1094.298,888.182,0.1058
mixed,32,4,0.125,4.0,1024,512,1024,4096,1408,992.979,1447.997,1045.942,0.1164
mixed,32,4,0.125,4.0,1024,512,2048,8192,2816,1230.106,2134.606,1349.435,0.1319
mixed,32,4,0.125,4.0,1024,512,4096,16384,5632,1712.806,3522.639,1954.411,0.1335
mixed,32,4,0.125,4.0,1024,1024,128,512,176,927.254,989.875,924.434,-0.045
mixed,32,4,0.125,4.0,1024,1024,256,1024,352,957.173,1077.909,964.982,0.0647
mixed,32,4,0.125,4.0,1024,1024,512,2048,704,1023.993,1252.572,1046.966,0.1005
mixed,32,4,0.125,4.0,1024,1024,1024,4096,1408,1148.09,1600.583,1198.52,0.1114
mixed,32,4,0.125,4.0,1024,1024,2048,8192,2816,1388.703,2299.249,1501.408,0.1238
mixed,32,4,0.125,4.0,1024,1024,4096,16384,5632,1859.433,3649.871,2107.882,0.1388
mixed,32,4,0.125,4.0,1024,2048,128,512,176,1200.125,1264.793,1196.246,-0.06
mixed,32,4,0.125,4.0,1024,2048,256,1024,352,1233.56,1356.223,1243.997,0.0851
mixed,32,4,0.125,4.0,1024,2048,512,2048,704,1297.596,1527.49,1328.062,0.1325
mixed,32,4,0.125,4.0,1024,2048,1024,4096,1408,1424.444,1883.623,1483.36,0.1283
mixed,32,4,0.125,4.0,1024,2048,2048,8192,2816,1658.434,2577.461,1786.853,0.1397
mixed,32,4,0.125,4.0,1024,2048,4096,16384,5632,2144.555,3959.123,2390.005,0.1353
mixed,32,4,0.125,4.0,1024,4096,128,512,176,1752.998,1815.911,1754.406,0.0224
mixed,32,4,0.125,4.0,1024,4096,256,1024,352,1785.891,1904.235,1792.324,0.0544
mixed,32,4,0.125,4.0,1024,4096,512,2048,704,1853.928,2084.334,1878.916,0.1085
mixed,32,4,0.125,4.0,1024,4096,1024,4096,1408,1973.127,2431.922,2030.093,0.1242
mixed,32,4,0.125,4.0,1024,4096,2048,8192,2816,2212.557,3128.546,2335.73,0.1345
mixed,32,4,0.125,4.0,1024,4096,4096,16384,5632,2700.216,4506.142,2940.443,0.133
mixed,32,4,0.125,4.0,1024,8192,128,512,176,2842.651,2908.891,2842.522,-0.0019
mixed,32,4,0.125,4.0,1024,8192,256,1024,352,2877.274,3004.385,2891.387,0.111
mixed,32,4,0.125,4.0,1024,8192,512,2048,704,2945.69,3173.855,2970.174,0.1073
mixed,32,4,0.125,4.0,1024,8192,1024,4096,1408,3071.006,3524.201,3128.8,0.1275
mixed,32,4,0.125,4.0,1024,8192,2048,8192,2816,3306.883,4228.436,3424.612,0.1278
mixed,32,4,0.125,4.0,1024,8192,4096,16384,5632,3783.632,5583.692,4033.328,0.1387
mixed,32,4,0.125,4.0,2048,0,128,512,176,1044.533,1114.456,1043.475,-0.0151
mixed,32,4,0.125,4.0,2048,0,256,1024,352,1081.013,1201.59,1088.371,0.061
mixed,32,4,0.125,4.0,2048,0,512,2048,704,1147.638,1381.691,1172.986,0.1083
mixed,32,4,0.125,4.0,2048,0,1024,4096,1408,1272.891,1725.668,1324.409,0.1138
mixed,32,4,0.125,4.0,2048,0,2048,8192,2816,1506.43,2428.083,1625.312,0.129
mixed,32,4,0.125,4.0,2048,0,4096,16384,5632,1981.607,3795.113,2223.79,0.1335
mixed,32,4,0.125,4.0,2048,512,128,512,176,1378.33,1445.18,1380.731,0.0359
mixed,32,4,0.125,4.0,2048,512,256,1024,352,1414.206,1540.35,1423.453,0.0733
mixed,32,4,0.125,4.0,2048,512,512,2048,704,1483.968,1722.563,1504.123,0.0845
mixed,32,4,0.125,4.0,2048,512,1024,4096,1408,1607.199,2061.033,1658.496,0.113
mixed,32,4,0.125,4.0,2048,512,2048,8192,2816,1845.924,2753.622,1963.4,0.1294
mixed,32,4,0.125,4.0,2048,512,4096,16384,5632,2323.435,4122.13,2562.677,0.133
mixed,32,4,0.125,4.0,2048,1024,128,512,176,1719.297,1787.522,1718.722,-0.0084
mixed,32,4,0.125,4.0,2048,1024,256,1024,352,1755.617,1871.302,1761.664,0.0523
mixed,32,4,0.125,4.0,2048,1024,512,2048,704,1819.074,2055.908,1840.996,0.0926
mixed,32,4,0.125,4.0,2048,1024,1024,4096,1408,1947.332,2398.381,1995.683,0.1072
mixed,32,4,0.125,4.0,2048,1024,2048,8192,2816,2191.785,3091.677,2289.322,0.1084
mixed,32,4,0.125,4.0,2048,1024,4096,16384,5632,2660.051,4457.333,2898.871,0.1329
mixed,32,4,0.125,4.0,2048,2048,128,512,176,2273.643,2334.316,2267.659,-0.0986
mixed,32,4,0.125,4.0,2048,2048,256,1024,352,2304.652,2424.91,2316.012,0.0945
mixed,32,4,0.125,4.0,2048,2048,512,2048,704,2373.099,2602.384,2391.983,0.0824
mixed,32,4,0.125,4.0,2048,2048,1024,4096,1408,2495.343,2949.398,2540.526,0.0995
mixed,32,4,0.125,4.0,2048,2048,2048,8192,2816,2735.186,3651.685,2843.702,0.1184
mixed,32,4,0.125,4.0,2048,2048,4096,16384,5632,3213.277,5010.015,3449.505,0.1315
mixed,32,4,0.125,4.0,2048,4096,128,512,176,3366.592,3428.546,3367.742,0.0186
mixed,32,4,0.125,4.0,2048,4096,256,1024,352,3398.719,3529.123,3410.721,0.092
mixed,32,4,0.125,4.0,2048,4096,512,2048,704,3464.067,3697.028,3493.986,0.1284
mixed,32,4,0.125,4.0,2048,4096,1024,4096,1408,3590.307,4046.54,3644.322,0.1184
mixed,32,4,0.125,4.0,2048,4096,2048,8192,2816,3837.571,4736.216,3946.217,0.1209
mixed,32,4,0.125,4.0,2048,4096,4096,16384,5632,4298.352,6110.254,4544.689,0.136
mixed,32,4,0.125,4.0,2048,8192,128,512,176,5563.877,5623.363,5556.325,-0.127
mixed,32,4,0.125,4.0,2048,8192,256,1024,352,5594.596,5714.31,5600.546,0.0497
mixed,32,4,0.125,4.0,2048,8192,512,2048,704,5656.742,5889.8,5683.427,0.1145
mixed,32,4,0.125,4.0,2048,8192,1024,4096,1408,5782.948,6233.613,5837.255,0.1205
mixed,32,4,0.125,4.0,2048,8192,2048,8192,2816,6027.337,6922.716,6145.487,0.132
mixed,32,4,0.125,4.0,2048,8192,4096,16384,5632,6489.332,8321.528,6732.569,0.1328
pure,32,8,0.25,4.0,0,0,128,512,224,94.273,152.481,97.376,0.0533
pure,32,8,0.25,4.0,0,0,256,1024,448,140.035,241.861,143.778,0.0368
pure,32,8,0.25,4.0,0,0,512,2048,896,221.796,418.343,230.054,0.042
pure,32,8,0.25,4.0,0,0,1024,4096,1792,371.846,761.229,395.046,0.0596
pure,32,8,0.25,4.0,0,0,2048,8192,3584,679.339,1462.33,721.421,0.0537
pure,32,8,0.25,4.0,0,0,4096,16384,7168,1277.397,2810.0,1373.816,0.0629
mixed,32,8,0.25,4.0,16,0,128,512,224,118.211,173.955,119.298,0.0195
mixed,32,8,0.25,4.0,16,0,256,1024,448,162.658,265.35,165.766,0.0303
mixed,32,8,0.25,4.0,16,0,512,2048,896,244.932,443.944,251.909,0.0351
mixed,32,8,0.25,4.0,16,0,1024,4096,1792,396.806,789.933,420.967,0.0615
mixed,32,8,0.25,4.0,16,0,2048,8192,3584,704.14,1481.947,759.884,0.0717
mixed,32,8,0.25,4.0,16,0,4096,16384,7168,1308.918,2853.007,1394.839,0.0556
mixed,32,8,0.25,4.0,16,512,128,512,224,150.401,208.739,152.677,0.039
mixed,32,8,0.25,4.0,16,512,256,1024,448,196.291,296.902,200.001,0.0369
mixed,32,8,0.25,4.0,16,512,512,2048,896,277.891,471.878,283.621,0.0295
mixed,32,8,0.25,4.0,16,512,1024,4096,1792,428.071,826.191,450.663,0.0567
mixed,32,8,0.25,4.0,16,512,2048,8192,3584,740.044,1521.31,776.526,0.0467
mixed,32,8,0.25,4.0,16,512,4096,16384,7168,1327.572,2869.806,1421.945,0.0612
mixed,32,8,0.25,4.0,16,1024,128,512,224,152.709,211.268,155.363,0.0453
mixed,32,8,0.25,4.0,16,1024,256,1024,448,200.546,299.268,201.541,0.0101
mixed,32,8,0.25,4.0,16,1024,512,2048,896,279.331,480.55,283.107,0.0188
mixed,32,8,0.25,4.0,16,1024,1024,4096,1792,433.703,822.895,450.246,0.0425
mixed,32,8,0.25,4.0,16,1024,2048,8192,3584,741.164,1509.594,787.347,0.0601
mixed,32,8,0.25,4.0,16,1024,4096,16384,7168,1346.423,2881.265,1422.005,0.0492
mixed,32,8,0.25,4.0,16,2048,128,512,224,158.594,214.562,159.329,0.0131
mixed,32,8,0.25,4.0,16,2048,256,1024,448,203.076,305.572,206.274,0.0312
mixed,32,8,0.25,4.0,16,2048,512,2048,896,284.294,479.079,290.18,0.0302
mixed,32,8,0.25,4.0,16,2048,1024,4096,1792,434.855,833.26,458.504,0.0594
mixed,32,8,0.25,4.0,16,2048,2048,8192,3584,746.059,1511.672,788.908,0.056
mixed,32,8,0.25,4.0,16,2048,4096,16384,7168,1351.925,2884.944,1418.357,0.0433
mixed,32,8,0.25,4.0,16,4096,128,512,224,167.426,226.31,170.976,0.0603
mixed,32,8,0.25,4.0,16,4096,256,1024,448,213.54,313.735,215.653,0.0211
mixed,32,8,0.25,4.0,16,4096,512,2048,896,296.452,490.982,300.419,0.0204
mixed,32,8,0.25,4.0,16,4096,1024,4096,1792,447.365,846.029,468.52,0.0531
mixed,32,8,0.25,4.0,16,4096,2048,8192,3584,751.915,1528.598,790.731,0.05
mixed,32,8,0.25,4.0,16,4096,4096,16384,7168,1359.99,2899.437,1427.927,0.0441
mixed,32,8,0.25,4.0,16,8192,128,512,224,202.754,264.452,203.075,0.0052
mixed,32,8,0.25,4.0,16,8192,256,1024,448,252.805,358.023,252.228,-0.0055
mixed,32,8,0.25,4.0,16,8192,512,2048,896,333.316,526.409,340.133,0.0353
mixed,32,8,0.25,4.0,16,8192,1024,4096,1792,485.123,881.423,500.039,0.0376
mixed,32,8,0.25,4.0,16,8192,2048,8192,3584,785.642,1571.93,822.411,0.0468
mixed,32,8,0.25,4.0,16,8192,4096,16384,7168,1397.781,2941.102,1479.16,0.0527
mixed,32,8,0.25,4.0,32,0,128,512,224,149.122,210.21,152.099,0.0487
mixed,32,8,0.25,4.0,32,0,256,1024,448,195.972,298.917,198.02,0.0199
mixed,32,8,0.25,4.0,32,0,512,2048,896,276.678,473.673,280.867,0.0213
mixed,32,8,0.25,4.0,32,0,1024,4096,1792,429.607,821.231,453.319,0.0605
mixed,32,8,0.25,4.0,32,0,2048,8192,3584,737.162,1525.429,779.214,0.0533
mixed,32,8,0.25,4.0,32,0,4096,16384,7168,1347.607,2886.314,1429.523,0.0532
mixed,32,8,0.25,4.0,32,512,128,512,224,174.691,237.38,177.445,0.0439
mixed,32,8,0.25,4.0,32,512,256,1024,448,224.198,322.916,224.387,0.0019
mixed,32,8,0.25,4.0,32,512,512,2048,896,306.564,502.249,311.14,0.0234
mixed,32,8,0.25,4.0,32,512,1024,4096,1792,457.189,846.572,474.119,0.0435
mixed,32,8,0.25,4.0,32,512,2048,8192,3584,762.569,1545.717,801.423,0.0496
mixed,32,8,0.25,4.0,32,512,4096,16384,7168,1371.381,2919.402,1442.678,0.0461
mixed,32,8,0.25,4.0,32,1024,128,512,224,178.052,237.029,180.003,0.0331
mixed,32,8,0.25,4.0,32,1024,256,1024,448,227.685,327.91,228.004,0.0032
mixed,32,8,0.25,4.0,32,1024,512,2048,896,307.332,502.02,311.204,0.0199
mixed,32,8,0.25,4.0,32,1024,1024,4096,1792,457.128,847.851,475.336,0.0466
mixed,32,8,0.25,4.0,32,1024,2048,8192,3584,762.921,1538.166,808.943,0.0594
mixed,32,8,0.25,4.0,32,1024,4096,16384,7168,1364.051,2903.274,1439.029,0.0487
mixed,32,8,0.25,4.0,32,2048,128,512,224,183.967,245.604,186.178,0.0359
mixed,32,8,0.25,4.0,32,2048,256,1024,448,234.914,333.317,235.074,0.0016
mixed,32,8,0.25,4.0,32,2048,512,2048,896,315.493,505.894,319.588,0.0215
mixed,32,8,0.25,4.0,32,2048,1024,4096,1792,469.223,863.88,486.983,0.045
mixed,32,8,0.25,4.0,32,2048,2048,8192,3584,770.764,1548.215,808.588,0.0487
mixed,32,8,0.25,4.0,32,2048,4096,16384,7168,1381.236,2932.333,1440.692,0.0383
mixed,32,8,0.25,4.0,32,4096,128,512,224,198.274,261.988,199.842,0.0246
mixed,32,8,0.25,4.0,32,4096,256,1024,448,250.275,351.875,250.049,-0.0022
mixed,32,8,0.25,4.0,32,4096,512,2048,896,330.404,524.295,333.955,0.0183
mixed,32,8,0.25,4.0,32,4096,1024,4096,1792,484.265,871.788,500.583,0.0421
mixed,32,8,0.25,4.0,32,4096,2048,8192,3584,787.434,1567.799,830.763,0.0555
mixed,32,8,0.25,4.0,32,4096,4096,16384,7168,1402.547,2952.137,1457.876,0.0357
mixed,32,8,0.25,4.0,32,8192,128,512,224,292.611,358.148,295.72,0.0474
mixed,32,8,0.25,4.0,32,8192,256,1024,448,338.787,446.887,344.103,0.0492
mixed,32,8,0.25,4.0,32,8192,512,2048,896,419.013,620.266,426.981,0.0396
mixed,32,8,0.25,4.0,32,8192,1024,4096,1792,577.224,973.452,598.73,0.0543
mixed,32,8,0.25,4.0,32,8192,2048,8192,3584,875.243,1651.321,918.092,0.0552
mixed,32,8,0.25,4.0,32,8192,4096,16384,7168,1483.124,3050.824,1558.358,0.048
mixed,32,8,0.25,4.0,64,0,128,512,224,152.289,213.539,153.253,0.0157
mixed,32,8,0.25,4.0,64,0,256,1024,448,201.795,300.997,202.914,0.0113
mixed,32,8,0.25,4.0,64,0,512,2048,896,285.348,485.639,288.322,0.0148
mixed,32,8,0.25,4.0,64,0,1024,4096,1792,438.442,829.26,460.262,0.0558
mixed,32,8,0.25,4.0,64,0,2048,8192,3584,739.337,1508.02,781.547,0.0549
mixed,32,8,0.25,4.0,64,0,4096,16384,7168,1340.274,2899.465,1436.05,0.0614
mixed,32,8,0.25,4.0,64,512,128,512,224,184.259,247.714,185.604,0.0212
mixed,32,8,0.25,4.0,64,512,256,1024,448,235.268,337.126,235.076,-0.0019
mixed,32,8,0.25,4.0,64,512,512,2048,896,316.836,514.151,321.38,0.023
mixed,32,8,0.25,4.0,64,512,1024,4096,1792,467.209,862.57,490.148,0.058
mixed,32,8,0.25,4.0,64,512,2048,8192,3584,780.491,1551.826,810.924,0.0395
mixed,32,8,0.25,4.0,64,512,4096,16384,7168,1366.351,2922.98,1447.378,0.0521
mixed,32,8,0.25,4.0,64,1024,128,512,224,190.595,252.323,191.777,0.0191
mixed,32,8,0.25,4.0,64,1024,256,1024,448,240.582,340.932,240.45,-0.0013
mixed,32,8,0.25,4.0,64,1024,512,2048,896,323.843,521.095,327.108,0.0166
mixed,32,8,0.25,4.0,64,1024,1024,4096,1792,472.967,870.283,487.688,0.0371
mixed,32,8,0.25,4.0,64,1024,2048,8192,3584,787.561,1558.068,839.018,0.0668
mixed,32,8,0.25,4.0,64,1024,4096,16384,7168,1388.592,2912.999,1471.697,0.0545
mixed,32,8,0.25,4.0,64,2048,128,512,224,198.628,262.822,202.463,0.0597
mixed,32,8,0.25,4.0,64,2048,256,1024,448,253.7,350.884,253.089,-0.0063
mixed,32,8,0.25,4.0,64,2048,512,2048,896,333.027,531.943,337.539,0.0227
mixed,32,8,0.25,4.0,64,2048,1024,4096,1792,486.278,878.571,508.519,0.0567
mixed,32,8,0.25,4.0,64,2048,2048,8192,3584,799.627,1579.54,822.986,0.03
mixed,32,8,0.25,4.0,64,2048,4096,16384,7168,1392.561,2942.82,1494.674,0.0659
mixed,32,8,0.25,4.0,64,4096,128,512,224,277.573,338.821,281.636,0.0663
mixed,32,8,0.25,4.0,64,4096,256,1024,448,327.784,427.619,330.724,0.0294
mixed,32,8,0.25,4.0,64,4096,512,2048,896,411.94,599.784,416.294,0.0232
mixed,32,8,0.25,4.0,64,4096,1024,4096,1792,564.039,957.613,577.64,0.0346
mixed,32,8,0.25,4.0,64,4096,2048,8192,3584,874.698,1643.059,909.258,0.045
mixed,32,8,0.25,4.0,64,4096,4096,16384,7168,1477.072,3016.551,1557.17,0.052
mixed,32,8,0.25,4.0,64,8192,128,512,224,357.797,417.474,360.578,0.0466
mixed,32,8,0.25,4.0,64,8192,256,1024,448,407.586,508.294,408.804,0.0121
mixed,32,8,0.25,4.0,64,8192,512,2048,896,488.198,681.387,493.669,0.0283
mixed,32,8,0.25,4.0,64,8192,1024,4096,1792,644.71,1039.95,658.73,0.0355
mixed,32,8,0.25,4.0,64,8192,2048,8192,3584,940.458,1731.668,981.55,0.0519
mixed,32,8,0.25,4.0,64,8192,4096,16384,7168,1552.245,3094.632,1640.055,0.0569
mixed,32,8,0.25,4.0,128,0,128,512,224,158.176,217.123,159.842,0.0283
mixed,32,8,0.25,4.0,128,0,256,1024,448,205.794,303.555,207.458,0.017
mixed,32,8,0.25,4.0,128,0,512,2048,896,284.451,483.524,292.771,0.0418
mixed,32,8,0.25,4.0,128,0,1024,4096,1792,437.029,830.92,455.237,0.0462
mixed,32,8,0.25,4.0,128,0,2048,8192,3584,754.026,1525.745,793.449,0.0511
mixed,32,8,0.25,4.0,128,0,4096,16384,7168,1341.199,2881.379,1442.384,0.0657
mixed,32,8,0.25,4.0,128,512,128,512,224,200.642,260.93,200.963,0.0053
mixed,32,8,0.25,4.0,128,512,256,1024,448,248.996,354.37,251.169,0.0206
mixed,32,8,0.25,4.0,128,512,512,2048,896,332.1,529.191,336.9,0.0244
mixed,32,8,0.25,4.0,128,512,1024,4096,1792,484.037,874.186,501.158,0.0439
mixed,32,8,0.25,4.0,128,512,2048,8192,3584,792.618,1565.17,831.241,0.05
mixed,32,8,0.25,4.0,128,512,4096,16384,7168,1395.407,2936.707,1492.016,0.0627
mixed,32,8,0.25,4.0,128,1024,128,512,224,207.204,270.017,208.036,0.0132
mixed,32,8,0.25,4.0,128,1024,256,1024,448,258.435,359.268,259.331,0.0089
mixed,32,8,0.25,4.0,128,1024,512,2048,896,342.054,533.03,348.036,0.0313
mixed,32,8,0.25,4.0,128,1024,1024,4096,1792,494.63,890.473,510.661,0.0405
mixed,32,8,0.25,4.0,128,1024,2048,8192,3584,794.761,1587.059,838.537,0.0553
mixed,32,8,0.25,4.0,128,1024,4096,16384,7168,1393.875,2947.553,1493.457,0.0641
mixed,32,8,0.25,4.0,128,2048,128,512,224,280.482,342.53,283.908,0.0552
mixed,32,8,0.25,4.0,128,2048,256,1024,448,329.572,431.524,332.228,0.0261
mixed,32,8,0.25,4.0,128,2048,512,2048,896,415.108,611.366,417.731,0.0134
mixed,32,8,0.25,4.0,128,2048,1024,4096,1792,565.895,964.363,579.621,0.0344
mixed,32,8,0.25,4.0,128,2048,2048,8192,3584,876.519,1643.604,906.41,0.039
mixed,32,8,0.25,4.0,128,2048,4096,16384,7168,1488.656,3014.914,1556.625,0.0445
mixed,32,8,0.25,4.0,128,4096,128,512,224,359.554,422.051,364.037,0.0717
mixed,32,8,0.25,4.0,128,4096,256,1024,448,411.748,513.385,410.21,-0.0151
mixed,32,8,0.25,4.0,128,4096,512,2048,896,492.841,688.809,495.909,0.0157
mixed,32,8,0.25,4.0,128,4096,1024,4096,1792,641.543,1042.765,664.136,0.0563
mixed,32,8,0.25,4.0,128,4096,2048,8192,3584,948.843,1723.825,991.787,0.0554
mixed,32,8,0.25,4.0,128,4096,4096,16384,7168,1551.76,3095.808,1630.608,0.0511
mixed,32,8,0.25,4.0,128,8192,128,512,224,510.47,567.974,508.997,-0.0256
mixed,32,8,0.25,4.0,128,8192,256,1024,448,556.231,655.976,558.63,0.0241
mixed,32,8,0.25,4.0,128,8192,512,2048,896,638.087,837.032,643.079,0.0251
mixed,32,8,0.25,4.0,128,8192,1024,4096,1792,791.018,1187.66,812.198,0.0534
mixed,32,8,0.25,4.0,128,8192,2048,8192,3584,1096.267,1883.155,1136.17,0.0507
mixed,32,8,0.25,4.0,128,8192,4096,16384,7168,1690.097,3247.556,1774.419,0.0541
mixed,32,8,0.25,4.0,256,0,128,512,224,221.955,284.356,222.469,0.0082
mixed,32,8,0.25,4.0,256,0,256,1024,448,273.89,373.891,273.088,-0.008
mixed,32,8,0.25,4.0,256,0,512,2048,896,353.155,552.295,359.203,0.0304
mixed,32,8,0.25,4.0,256,0,1024,4096,1792,504.1,910.055,525.99,0.0539
mixed,32,8,0.25,4.0,256,0,2048,8192,3584,819.466,1591.764,848.49,0.0376
mixed,32,8,0.25,4.0,256,0,4096,16384,7168,1425.904,2963.583,1488.209,0.0405
mixed,32,8,0.25,4.0,256,512,128,512,224,291.014,351.811,292.385,0.0226
mixed,32,8,0.25,4.0,256,512,256,1024,448,339.557,437.348,341.247,0.0173
mixed,32,8,0.25,4.0,256,512,512,2048,896,423.108,612.965,425.893,0.0147
mixed,32,8,0.25,4.0,256,512,1024,4096,1792,583.046,970.954,594.374,0.0292
mixed,32,8,0.25,4.0,256,512,2048,8192,3584,881.959,1666.417,926.25,0.0565
mixed,32,8,0.25,4.0,256,512,4096,16384,7168,1483.856,3021.471,1589.839,0.0689
mixed,32,8,0.25,4.0,256,1024,128,512,224,345.988,407.011,349.474,0.0571
mixed,32,8,0.25,4.0,256,1024,256,1024,448,394.115,494.631,393.123,-0.0099
mixed,32,8,0.25,4.0,256,1024,512,2048,896,478.146,669.895,480.195,0.0107
mixed,32,8,0.25,4.0,256,1024,1024,4096,1792,626.12,1019.179,646.852,0.0527
mixed,32,8,0.25,4.0,256,1024,2048,8192,3584,933.707,1702.096,967.787,0.0444
mixed,32,8,0.25,4.0,256,1024,4096,16384,7168,1536.208,3103.741,1631.7,0.0609
mixed,32,8,0.25,4.0,256,2048,128,512,224,381.957,440.707,383.427,0.025
mixed,32,8,0.25,4.0,256,2048,256,1024,448,430.339,532.325,432.26,0.0188
mixed,32,8,0.25,4.0,256,2048,512,2048,896,513.382,710.727,516.421,0.0154
mixed,32,8,0.25,4.0,256,2048,1024,4096,1792,666.214,1054.987,681.352,0.0389
mixed,32,8,0.25,4.0,256,2048,2048,8192,3584,965.321,1752.912,1011.721,0.0589
mixed,32,8,0.25,4.0,256,2048,4096,16384,7168,1571.12,3120.671,1643.823,0.0469
mixed,32,8,0.25,4.0,256,4096,128,512,224,525.509,588.1,527.362,0.0296
mixed,32,8,0.25,4.0,256,4096,256,1024,448,573.253,677.733,576.423,0.0303
mixed,32,8,0.25,4.0,256,4096,512,2048,896,657.064,848.873,658.117,0.0055
mixed,32,8,0.25,4.0,256,4096,1024,4096,1792,804.904,1195.883,823.977,0.0488
mixed,32,8,0.25,4.0,256,4096,2048,8192,3584,1126.158,1897.456,1159.562,0.0433
mixed,32,8,0.25,4.0,256,4096,4096,16384,7168,1712.047,3257.79,1786.163,0.0479
mixed,32,8,0.25,4.0,256,8192,128,512,224,772.071,830.886,774.441,0.0403
mixed,32,8,0.25,4.0,256,8192,256,1024,448,821.96,919.719,823.048,0.0111
mixed,32,8,0.25,4.0,256,8192,512,2048,896,902.536,1106.06,911.433,0.0437
mixed,32,8,0.25,4.0,256,8192,1024,4096,1792,1057.226,1452.426,1075.082,0.0452
mixed,32,8,0.25,4.0,256,8192,2048,8192,3584,1356.876,2144.402,1397.995,0.0522
mixed,32,8,0.25,4.0,256,8192,4096,16384,7168,1964.144,3504.897,2061.717,0.0633
mixed,32,8,0.25,4.0,512,0,128,512,224,340.226,401.218,344.515,0.0703
mixed,32,8,0.25,4.0,512,0,256,1024,448,389.506,490.052,389.445,-0.0006
mixed,32,8,0.25,4.0,512,0,512,2048,896,471.587,672.968,478.405,0.0339
mixed,32,8,0.25,4.0,512,0,1024,4096,1792,622.916,1018.089,643.495,0.0521
mixed,32,8,0.25,4.0,512,0,2048,8192,3584,939.593,1713.457,966.412,0.0347
mixed,32,8,0.25,4.0,512,0,4096,16384,7168,1526.541,3085.468,1622.384,0.0615
mixed,32,8,0.25,4.0,512,512,128,512,224,413.86,474.789,414.248,0.0064
mixed,32,8,0.25,4.0,512,512,256,1024,448,463.941,563.014,464.324,0.0039
mixed,32,8,0.25,4.0,512,512,512,2048,896,545.187,739.558,547.366,0.0112
mixed,32,8,0.25,4.0,512,512,1024,4096,1792,698.886,1084.905,719.59,0.0536
mixed,32,8,0.25,4.0,512,512,2048,8192,3584,1007.883,1774.447,1033.832,0.0339
mixed,32,8,0.25,4.0,512,512,4096,16384,7168,1611.088,3147.802,1704.206,0.0606
mixed,32,8,0.25,4.0,512,1024,128,512,224,480.515,544.101,483.618,0.0488
mixed,32,8,0.25,4.0,512,1024,256,1024,448,530.692,630.214,530.693,0.0
mixed,32,8,0.25,4.0,512,1024,512,2048,896,613.51,810.152,615.367,0.0094
mixed,32,8,0.25,4.0,512,1024,1024,4096,1792,767.909,1162.125,788.774,0.0529
mixed,32,8,0.25,4.0,512,1024,2048,8192,3584,1065.29,1841.298,1124.939,0.0769
mixed,32,8,0.25,4.0,512,1024,4096,16384,7168,1666.029,3217.915,1761.198,0.0613
mixed,32,8,0.25,4.0,512,2048,128,512,224,627.781,686.598,627.748,-0.0006
mixed,32,8,0.25,4.0,512,2048,256,1024,448,674.406,778.055,676.967,0.0247
mixed,32,8,0.25,4.0,512,2048,512,2048,896,756.038,956.902,762.725,0.0333
mixed,32,8,0.25,4.0,512,2048,1024,4096,1792,906.887,1300.266,924.489,0.0447
mixed,32,8,0.25,4.0,512,2048,2048,8192,3584,1209.032,1993.266,1249.067,0.051
mixed,32,8,0.25,4.0,512,2048,4096,16384,7168,1822.063,3365.244,1896.465,0.0482
mixed,32,8,0.25,4.0,512,4096,128,512,224,907.143,965.161,906.378,-0.0132
mixed,32,8,0.25,4.0,512,4096,256,1024,448,954.533,1051.177,954.023,-0.0053
mixed,32,8,0.25,4.0,512,4096,512,2048,896,1033.992,1229.769,1038.6,0.0235
mixed,32,8,0.25,4.0,512,4096,1024,4096,1792,1187.945,1582.477,1208.299,0.0516
mixed,32,8,0.25,4.0,512,4096,2048,8192,3584,1486.668,2265.876,1543.756,0.0733
mixed,32,8,0.25,4.0,512,4096,4096,16384,7168,2099.668,3660.639,2164.881,0.0418
mixed,32,8,0.25,4.0,512,8192,128,512,224,1458.254,1513.708,1458.409,0.0028
mixed,32,8,0.25,4.0,512,8192,256,1024,448,1505.738,1610.348,1509.676,0.0376
mixed,32,8,0.25,4.0,512,8192,512,2048,896,1586.378,1782.382,1591.565,0.0265
mixed,32,8,0.25,4.0,512,8192,1024,4096,1792,1742.893,2130.544,1758.318,0.0398
mixed,32,8,0.25,4.0,512,8192,2048,8192,3584,2042.258,2807.83,2087.765,0.0594
mixed,32,8,0.25,4.0,512,8192,4096,16384,7168,2648.182,4191.744,2750.776,0.0665
mixed,32,8,0.25,4.0,1024,0,128,512,224,596.391,655.718,598.792,0.0405
mixed,32,8,0.25,4.0,1024,0,256,1024,448,644.387,743.846,647.175,0.028
mixed,32,8,0.25,4.0,1024,0,512,2048,896,726.244,927.848,728.677,0.0121
mixed,32,8,0.25,4.0,1024,0,1024,4096,1792,876.774,1264.266,895.913,0.0494
mixed,32,8,0.25,4.0,1024,0,2048,8192,3584,1185.416,1971.919,1214.056,0.0364
mixed,32,8,0.25,4.0,1024,0,4096,16384,7168,1791.404,3335.61,1859.663,0.0442
mixed,32,8,0.25,4.0,1024,512,128,512,224,772.294,835.367,773.541,0.0198
mixed,32,8,0.25,4.0,1024,512,256,1024,448,819.369,920.103,821.35,0.0197
mixed,32,8,0.25,4.0,1024,512,512,2048,896,901.063,1092.266,907.142,0.0318
mixed,32,8,0.25,4.0,1024,512,1024,4096,1792,1049.289,1446.315,1072.616,0.0588
mixed,32,8,0.25,4.0,1024,512,2048,8192,3584,1363.403,2127.696,1398.408,0.0458
mixed,32,8,0.25,4.0,1024,512,4096,16384,7168,1968.526,3508.057,2053.711,0.0553
mixed,32,8,0.25,4.0,1024,1024,128,512,224,927.561,993.127,928.936,0.021
mixed,32,8,0.25,4.0,1024,1024,256,1024,448,977.192,1079.56,977.798,0.0059
mixed,32,8,0.25,4.0,1024,1024,512,2048,896,1057.575,1254.121,1063.594,0.0306
mixed,32,8,0.25,4.0,1024,1024,1024,4096,1792,1214.024,1615.498,1223.338,0.0232
mixed,32,8,0.25,4.0,1024,1024,2048,8192,3584,1522.637,2304.209,1559.276,0.0469
mixed,32,8,0.25,4.0,1024,1024,4096,16384,7168,2120.528,3695.516,2206.542,0.0546
mixed,32,8,0.25,4.0,1024,2048,128,512,224,1204.81,1264.744,1205.417,0.0101
mixed,32,8,0.25,4.0,1024,2048,256,1024,448,1257.203,1358.476,1256.842,-0.0036
mixed,32,8,0.25,4.0,1024,2048,512,2048,896,1335.817,1534.985,1341.866,0.0304
mixed,32,8,0.25,4.0,1024,2048,1024,4096,1792,1489.899,1874.991,1505.611,0.0408
mixed,32,8,0.25,4.0,1024,2048,2048,8192,3584,1794.541,2578.098,1833.164,0.0493
mixed,32,8,0.25,4.0,1024,2048,4096,16384,7168,2395.314,3946.847,2489.461,0.0607
mixed,32,8,0.25,4.0,1024,4096,128,512,224,1760.233,1818.924,1760.621,0.0066
mixed,32,8,0.25,4.0,1024,4096,256,1024,448,1802.923,1910.798,1804.812,0.0175
mixed,32,8,0.25,4.0,1024,4096,512,2048,896,1888.973,2080.748,1891.34,0.0123
mixed,32,8,0.25,4.0,1024,4096,1024,4096,1792,2040.909,2431.985,2053.519,0.0322
mixed,32,8,0.25,4.0,1024,4096,2048,8192,3584,2353.362,3122.681,2392.305,0.0506
mixed,32,8,0.25,4.0,1024,4096,4096,16384,7168,2947.861,4488.768,3029.974,0.0533
mixed,32,8,0.25,4.0,1024,8192,128,512,224,2853.844,2911.954,2852.148,-0.0292
mixed,32,8,0.25,4.0,1024,8192,256,1024,448,2901.43,3001.492,2900.916,-0.0051
mixed,32,8,0.25,4.0,1024,8192,512,2048,896,2984.596,3182.87,2986.004,0.0071
mixed,32,8,0.25,4.0,1024,8192,1024,4096,1792,3143.351,3527.895,3154.647,0.0294
mixed,32,8,0.25,4.0,1024,8192,2048,8192,3584,3442.809,4216.669,3474.742,0.0413
mixed,32,8,0.25,4.0,1024,8192,4096,16384,7168,4053.725,5604.326,4132.637,0.0509
mixed,32,8,0.25,4.0,2048,0,128,512,224,1051.941,1110.565,1052.742,0.0137
mixed,32,8,0.25,4.0,2048,0,256,1024,448,1099.624,1200.681,1099.88,0.0025
mixed,32,8,0.25,4.0,2048,0,512,2048,896,1182.599,1377.611,1186.887,0.022
mixed,32,8,0.25,4.0,2048,0,1024,4096,1792,1330.508,1718.126,1361.481,0.0799
mixed,32,8,0.25,4.0,2048,0,2048,8192,3584,1642.954,2421.903,1671.979,0.0373
mixed,32,8,0.25,4.0,2048,0,4096,16384,7168,2245.998,3781.561,2324.975,0.0514
mixed,32,8,0.25,4.0,2048,512,128,512,224,1385.065,1445.1,1385.225,0.0027
mixed,32,8,0.25,4.0,2048,512,256,1024,448,1435.081,1536.073,1434.698,-0.0038
mixed,32,8,0.25,4.0,2048,512,512,2048,896,1517.225,1707.369,1522.507,0.0278
mixed,32,8,0.25,4.0,2048,512,1024,4096,1792,1669.517,2061.997,1687.242,0.0452
mixed,32,8,0.25,4.0,2048,512,2048,8192,3584,1974.828,2754.035,2021.038,0.0593
mixed,32,8,0.25,4.0,2048,512,4096,16384,7168,2567.793,4124.985,2667.73,0.0642
mixed,32,8,0.25,4.0,2048,1024,128,512,224,1722.284,1785.673,1719.851,-0.0384
mixed,32,8,0.25,4.0,2048,1024,256,1024,448,1773.741,1868.779,1772.365,-0.0145
mixed,32,8,0.25,4.0,2048,1024,512,2048,896,1854.061,2049.613,1862.508,0.0432
mixed,32,8,0.25,4.0,2048,1024,1024,4096,1792,2008.333,2404.239,2030.188,0.0552
mixed,32,8,0.25,4.0,2048,1024,2048,8192,3584,2314.893,3088.66,2349.23,0.0444
mixed,32,8,0.25,4.0,2048,1024,4096,16384,7168,2918.291,4464.669,3016.406,0.0634
mixed,32,8,0.25,4.0,2048,2048,128,512,224,2276.779,2335.629,2276.206,-0.0097
mixed,32,8,0.25,4.0,2048,2048,256,1024,448,2323.119,2422.929,2322.734,-0.0039
mixed,32,8,0.25,4.0,2048,2048,512,2048,896,2402.671,2598.289,2407.406,0.0242
mixed,32,8,0.25,4.0,2048,2048,1024,4096,1792,2558.931,2954.163,2577.103,0.046
mixed,32,8,0.25,4.0,2048,2048,2048,8192,3584,2860.147,3641.912,2898.768,0.0494
mixed,32,8,0.25,4.0,2048,2048,4096,16384,7168,3474.553,5004.161,3545.046,0.0461
mixed,32,8,0.25,4.0,2048,4096,128,512,224,3366.389,3429.043,3364.241,-0.0343
mixed,32,8,0.25,4.0,2048,4096,256,1024,448,3413.747,3517.525,3418.259,0.0435
mixed,32,8,0.25,4.0,2048,4096,512,2048,896,3496.597,3693.912,3502.579,0.0303
mixed,32,8,0.25,4.0,2048,4096,1024,4096,1792,3647.699,4050.103,3660.855,0.0327
mixed,32,8,0.25,4.0,2048,4096,2048,8192,3584,3964.281,4732.703,4008.952,0.0581
mixed,32,8,0.25,4.0,2048,4096,4096,16384,7168,4555.131,6114.023,4640.445,0.0547
mixed,32,8,0.25,4.0,2048,8192,128,512,224,5561.25,5620.451,5569.155,0.1335
mixed,32,8,0.25,4.0,2048,8192,256,1024,448,5609.384,5713.952,5618.947,0.0915
mixed,32,8,0.25,4.0,2048,8192,512,2048,896,5690.846,5890.565,5702.305,0.0574
mixed,32,8,0.25,4.0,2048,8192,1024,4096,1792,5848.676,6238.406,5868.965,0.0521
mixed,32,8,0.25,4.0,2048,8192,2048,8192,3584,6155.97,6930.472,6194.469,0.0497
mixed,32,8,0.25,4.0,2048,8192,4096,16384,7168,6758.153,8320.721,6835.657,0.0496
pure,32,16,0.5,4.0,0,0,128,512,320,116.929,150.335,114.401,-0.0757
pure,32,16,0.5,4.0,0,0,256,1024,640,173.889,241.793,171.299,-0.0381
pure,32,16,0.5,4.0,0,0,512,2048,1280,285.251,420.163,288.609,0.0249
pure,32,16,0.5,4.0,0,0,1024,4096,2560,503.107,760.898,516.516,0.052
pure,32,16,0.5,4.0,0,0,2048,8192,5120,929.031,1452.872,963.366,0.0655
pure,32,16,0.5,4.0,0,0,4096,16384,10240,1801.195,2825.488,1859.721,0.0571
mixed,32,16,0.5,4.0,16,0,128,512,320,140.162,174.914,138.593,-0.0451
mixed,32,16,0.5,4.0,16,0,256,1024,640,199.17,263.936,194.37,-0.0741
mixed,32,16,0.5,4.0,16,0,512,2048,1280,309.378,443.489,315.043,0.0422
mixed,32,16,0.5,4.0,16,0,1024,4096,2560,531.843,787.268,541.859,0.0392
mixed,32,16,0.5,4.0,16,0,2048,8192,5120,960.295,1486.503,1004.709,0.0844
mixed,32,16,0.5,4.0,16,0,4096,16384,10240,1816.809,2858.991,1885.899,0.0663
mixed,32,16,0.5,4.0,16,512,128,512,320,174.624,209.09,171.586,-0.0881
mixed,32,16,0.5,4.0,16,512,256,1024,640,234.212,296.29,228.612,-0.0902
mixed,32,16,0.5,4.0,16,512,512,2048,1280,340.384,474.336,348.547,0.0609
mixed,32,16,0.5,4.0,16,512,1024,4096,2560,560.32,824.388,577.185,0.0639
mixed,32,16,0.5,4.0,16,512,2048,8192,5120,997.189,1510.119,1026.63,0.0574
mixed,32,16,0.5,4.0,16,512,4096,16384,10240,1860.745,2867.44,1908.652,0.0476
mixed,32,16,0.5,4.0,16,1024,128,512,320,176.736,209.985,173.601,-0.0943
mixed,32,16,0.5,4.0,16,1024,256,1024,640,231.488,301.056,231.297,-0.0027
mixed,32,16,0.5,4.0,16,1024,512,2048,1280,348.129,471.714,350.145,0.0163
mixed,32,16,0.5,4.0,16,1024,1024,4096,2560,564.068,824.326,576.353,0.0472
mixed,32,16,0.5,4.0,16,1024,2048,8192,5120,1004.102,1506.312,1023.333,0.0383
mixed,32,16,0.5,4.0,16,1024,4096,16384,10240,1858.666,2880.561,1924.588,0.0645
mixed,32,16,0.5,4.0,16,2048,128,512,320,182.593,213.668,178.016,-0.1473
mixed,32,16,0.5,4.0,16,2048,256,1024,640,238.626,304.831,235.938,-0.0406
mixed,32,16,0.5,4.0,16,2048,512,2048,1280,349.859,479.746,356.803,0.0535
mixed,32,16,0.5,4.0,16,2048,1024,4096,2560,568.164,825.764,578.083,0.0385
mixed,32,16,0.5,4.0,16,2048,2048,8192,5120,994.79,1517.963,1024.832,0.0574
mixed,32,16,0.5,4.0,16,2048,4096,16384,10240,1853.77,2888.242,1918.633,0.0627
mixed,32,16,0.5,4.0,16,4096,128,512,320,190.017,227.201,188.576,-0.0388
mixed,32,16,0.5,4.0,16,4096,256,1024,640,248.193,314.371,245.056,-0.0474
mixed,32,16,0.5,4.0,16,4096,512,2048,1280,358.593,495.105,362.592,0.0293
mixed,32,16,0.5,4.0,16,4096,1024,4096,2560,575.332,844.676,587.01,0.0434
mixed,32,16,0.5,4.0,16,4096,2048,8192,5120,1014.374,1526.086,1037.704,0.0456
mixed,32,16,0.5,4.0,16,4096,4096,16384,10240,1880.17,2887.531,1943.657,0.063
mixed,32,16,0.5,4.0,16,8192,128,512,320,227.36,262.149,223.392,-0.1141
mixed,32,16,0.5,4.0,16,8192,256,1024,640,287.972,353.634,283.234,-0.0722
mixed,32,16,0.5,4.0,16,8192,512,2048,1280,396.611,528.673,401.188,0.0347
mixed,32,16,0.5,4.0,16,8192,1024,4096,2560,614.501,873.414,635.235,0.0801
mixed,32,16,0.5,4.0,16,8192,2048,8192,5120,1043.559,1571.241,1076.966,0.0633
mixed,32,16,0.5,4.0,16,8192,4096,16384,10240,1916.555,2921.902,1969.42,0.0526
mixed,32,16,0.5,4.0,32,0,128,512,320,172.259,209.024,171.072,-0.0323
mixed,32,16,0.5,4.0,32,0,256,1024,640,232.192,298.881,228.386,-0.0571
mixed,32,16,0.5,4.0,32,0,512,2048,1280,343.264,473.123,350.402,0.055
mixed,32,16,0.5,4.0,32,0,1024,4096,2560,564.129,820.644,574.115,0.0389
mixed,32,16,0.5,4.0,32,0,2048,8192,5120,990.531,1511.11,1030.596,0.077
mixed,32,16,0.5,4.0,32,0,4096,16384,10240,1845.512,2869.901,1938.282,0.0906
mixed,32,16,0.5,4.0,32,512,128,512,320,198.529,237.537,198.177,-0.009
mixed,32,16,0.5,4.0,32,512,256,1024,640,261.474,323.076,255.745,-0.093
mixed,32,16,0.5,4.0,32,512,512,2048,1280,367.553,504.067,375.424,0.0577
mixed,32,16,0.5,4.0,32,512,1024,4096,2560,586.468,851.521,599.01,0.0473
mixed,32,16,0.5,4.0,32,512,2048,8192,5120,1018.853,1530.312,1045.187,0.0515
mixed,32,16,0.5,4.0,32,512,4096,16384,10240,1882.472,2922.381,1959.881,0.0744
mixed,32,16,0.5,4.0,32,1024,128,512,320,204.13,237.153,200.033,-0.1241
mixed,32,16,0.5,4.0,32,1024,256,1024,640,260.485,328.13,259.3,-0.0175
mixed,32,16,0.5,4.0,32,1024,512,2048,1280,372.545,499.558,373.218,0.0053
mixed,32,16,0.5,4.0,32,1024,1024,4096,2560,590.145,850.817,608.228,0.0694
mixed,32,16,0.5,4.0,32,1024,2048,8192,5120,1022.823,1545.989,1056.901,0.0651
mixed,32,16,0.5,4.0,32,1024,4096,16384,10240,1882.279,2907.247,1948.457,0.0646
mixed,32,16,0.5,4.0,32,2048,128,512,320,209.378,246.467,207.486,-0.051
mixed,32,16,0.5,4.0,32,2048,256,1024,640,268.032,335.552,262.978,-0.0749
mixed,32,16,0.5,4.0,32,2048,512,2048,1280,380.674,517.473,384.835,0.0304
mixed,32,16,0.5,4.0,32,2048,1024,4096,2560,605.637,853.701,612.836,0.029
mixed,32,16,0.5,4.0,32,2048,2048,8192,5120,1037.637,1544.582,1054.663,0.0336
mixed,32,16,0.5,4.0,32,2048,4096,16384,10240,1892.585,2927.469,1974.313,0.079
mixed,32,16,0.5,4.0,32,4096,128,512,320,222.914,261.216,221.216,-0.0443
mixed,32,16,0.5,4.0,32,4096,256,1024,640,283.554,352.833,281.987,-0.0226
mixed,32,16,0.5,4.0,32,4096,512,2048,1280,395.904,523.552,398.017,0.0166
mixed,32,16,0.5,4.0,32,4096,1024,4096,2560,616.256,874.179,623.874,0.0295
mixed,32,16,0.5,4.0,32,4096,2048,8192,5120,1047.047,1567.303,1078.564,0.0606
mixed,32,16,0.5,4.0,32,4096,4096,16384,10240,1909.895,2930.7,1976.809,0.0656
mixed,32,16,0.5,4.0,32,8192,128,512,320,319.296,355.362,316.928,-0.0657
mixed,32,16,0.5,4.0,32,8192,256,1024,640,379.776,445.122,376.993,-0.0426
mixed,32,16,0.5,4.0,32,8192,512,2048,1280,491.872,614.786,493.729,0.0151
mixed,32,16,0.5,4.0,32,8192,1024,4096,2560,704.131,962.627,718.113,0.0541
mixed,32,16,0.5,4.0,32,8192,2048,8192,5120,1140.898,1661.254,1171.813,0.0594
mixed,32,16,0.5,4.0,32,8192,4096,16384,10240,1988.712,3040.46,2074.377,0.0815
mixed,32,16,0.5,4.0,64,0,128,512,320,177.506,214.531,176.159,-0.0364
mixed,32,16,0.5,4.0,64,0,256,1024,640,237.634,300.991,235.395,-0.0353
mixed,32,16,0.5,4.0,64,0,512,2048,1280,347.04,480.834,351.904,0.0364
mixed,32,16,0.5,4.0,64,0,1024,4096,2560,570.692,829.346,577.86,0.0277
mixed,32,16,0.5,4.0,64,0,2048,8192,5120,1000.578,1510.119,1028.293,0.0544
mixed,32,16,0.5,4.0,64,0,4096,16384,10240,1877.351,2886.86,1942.183,0.0642
mixed,32,16,0.5,4.0,64,512,128,512,320,210.561,245.282,207.711,-0.0821
mixed,32,16,0.5,4.0,64,512,256,1024,640,269.761,333.057,266.594,-0.05
mixed,32,16,0.5,4.0,64,512,512,2048,1280,379.362,513.858,388.995,0.0716
mixed,32,16,0.5,4.0,64,512,1024,4096,2560,597.986,857.221,608.035,0.0388
mixed,32,16,0.5,4.0,64,512,2048,8192,5120,1025.477,1557.8,1069.22,0.0822
mixed,32,16,0.5,4.0,64,512,4096,16384,10240,1884.71,2921.708,1968.714,0.081
mixed,32,16,0.5,4.0,64,1024,128,512,320,215.487,252.896,213.89,-0.0427
mixed,32,16,0.5,4.0,64,1024,256,1024,640,278.688,339.809,273.12,-0.0911
mixed,32,16,0.5,4.0,64,1024,512,2048,1280,389.282,517.729,389.825,0.0042
mixed,32,16,0.5,4.0,64,1024,1024,4096,2560,610.082,868.483,614.464,0.017
mixed,32,16,0.5,4.0,64,1024,2048,8192,5120,1042.787,1565.764,1067.686,0.0476
mixed,32,16,0.5,4.0,64,1024,4096,16384,10240,1887.877,2931.915,1964.325,0.0732
mixed,32,16,0.5,4.0,64,2048,128,512,320,224.963,262.914,222.847,-0.0558
mixed,32,16,0.5,4.0,64,2048,256,1024,640,287.679,355.455,282.625,-0.0746
mixed,32,16,0.5,4.0,64,2048,512,2048,1280,399.55,535.203,402.241,0.0198
mixed,32,16,0.5,4.0,64,2048,1024,4096,2560,620.098,883.46,637.347,0.0655
mixed,32,16,0.5,4.0,64,2048,2048,8192,5120,1048.26,1573.573,1085.219,0.0704
mixed,32,16,0.5,4.0,64,2048,4096,16384,10240,1914.92,2946.121,1984.198,0.0672
mixed,32,16,0.5,4.0,64,4096,128,512,320,304.703,341.023,300.482,-0.1162
mixed,32,16,0.5,4.0,64,4096,256,1024,640,363.522,426.948,357.665,-0.0923
mixed,32,16,0.5,4.0,64,4096,512,2048,1280,475.585,609.571,480.257,0.0349
mixed,32,16,0.5,4.0,64,4096,1024,4096,2560,697.571,950.468,706.055,0.0335
mixed,32,16,0.5,4.0,64,4096,2048,8192,5120,1121.605,1653.607,1152.162,0.0574
mixed,32,16,0.5,4.0,64,4096,4096,16384,10240,1998.504,3011.051,2064.774,0.0654
mixed,32,16,0.5,4.0,64,8192,128,512,320,381.824,418.688,380.386,-0.039
mixed,32,16,0.5,4.0,64,8192,256,1024,640,441.665,509.061,441.539,-0.0019
mixed,32,16,0.5,4.0,64,8192,512,2048,1280,554.722,680.609,556.002,0.0102
mixed,32,16,0.5,4.0,64,8192,1024,4096,2560,781.187,1031.172,782.018,0.0033
mixed,32,16,0.5,4.0,64,8192,2048,8192,5120,1199.972,1721.381,1235.174,0.0675
mixed,32,16,0.5,4.0,64,8192,4096,16384,10240,2062.569,3101.899,2150.694,0.0848
mixed,32,16,0.5,4.0,128,0,128,512,320,182.113,216.127,178.113,-0.1176
mixed,32,16,0.5,4.0,128,0,256,1024,640,239.49,305.57,238.434,-0.016
mixed,32,16,0.5,4.0,128,0,512,2048,1280,350.626,483.938,356.834,0.0466
mixed,32,16,0.5,4.0,128,0,1024,4096,2560,563.843,836.259,585.25,0.0786
mixed,32,16,0.5,4.0,128,0,2048,8192,5120,1007.268,1522.278,1038.146,0.06
mixed,32,16,0.5,4.0,128,0,4096,16384,10240,1875.687,2886.183,1950.951,0.0745
mixed,32,16,0.5,4.0,128,512,128,512,320,225.956,260.802,220.832,-0.147
mixed,32,16,0.5,4.0,128,512,256,1024,640,285.504,350.34,280.926,-0.0706
mixed,32,16,0.5,4.0,128,512,512,2048,1280,394.914,531.745,402.338,0.0543
mixed,32,16,0.5,4.0,128,512,1024,4096,2560,617.539,880.195,632.325,0.0563
mixed,32,16,0.5,4.0,128,512,2048,8192,5120,1048.289,1573.668,1073.093,0.0472
mixed,32,16,0.5,4.0,128,512,4096,16384,10240,1902.985,2938.09,1969.124,0.0639
mixed,32,16,0.5,4.0,128,1024,128,512,320,231.459,272.001,229.056,-0.0593
mixed,32,16,0.5,4.0,128,1024,256,1024,640,292.129,361.283,288.387,-0.0541
mixed,32,16,0.5,4.0,128,1024,512,2048,1280,405.283,530.05,407.393,0.0169
mixed,32,16,0.5,4.0,128,1024,1024,4096,2560,623.169,888.258,646.466,0.0879
mixed,32,16,0.5,4.0,128,1024,2048,8192,5120,1055.107,1578.66,1098.148,0.0822
mixed,32,16,0.5,4.0,128,1024,4096,16384,10240,1918.502,2948.04,2003.079,0.0822
mixed,32,16,0.5,4.0,128,2048,128,512,320,308.546,341.762,302.687,-0.1764
mixed,32,16,0.5,4.0,128,2048,256,1024,640,366.177,430.849,361.537,-0.0717
mixed,32,16,0.5,4.0,128,2048,512,2048,1280,479.359,608.351,479.81,0.0035
mixed,32,16,0.5,4.0,128,2048,1024,4096,2560,697.986,960.516,714.049,0.0612
mixed,32,16,0.5,4.0,128,2048,2048,8192,5120,1128.837,1641.733,1162.882,0.0664
mixed,32,16,0.5,4.0,128,2048,4096,16384,10240,1980.613,3020.97,2069.894,0.0858
mixed,32,16,0.5,4.0,128,4096,128,512,320,387.329,421.153,383.202,-0.122
mixed,32,16,0.5,4.0,128,4096,256,1024,640,447.202,516.256,443.521,-0.0533
mixed,32,16,0.5,4.0,128,4096,512,2048,1280,555.299,685.378,560.192,0.0376
mixed,32,16,0.5,4.0,128,4096,1024,4096,2560,777.089,1043.459,783.714,0.0249
mixed,32,16,0.5,4.0,128,4096,2048,8192,5120,1217.828,1733.446,1242.209,0.0473
mixed,32,16,0.5,4.0,128,4096,4096,16384,10240,2060.327,3105.419,2144.037,0.0801
mixed,32,16,0.5,4.0,128,8192,128,512,320,535.076,568.739,530.881,-0.1246
mixed,32,16,0.5,4.0,128,8192,256,1024,640,592.256,656.545,585.377,-0.107
mixed,32,16,0.5,4.0,128,8192,512,2048,1280,704.098,837.057,707.683,0.027
mixed,32,16,0.5,4.0,128,8192,1024,4096,2560,919.459,1179.715,933.411,0.0536
mixed,32,16,0.5,4.0,128,8192,2048,8192,5120,1356.484,1875.014,1386.563,0.058
mixed,32,16,0.5,4.0,128,8192,4096,16384,10240,2215.27,3242.439,2286.885,0.0697
mixed,32,16,0.5,4.0,256,0,128,512,320,247.298,283.842,245.313,-0.0543
mixed,32,16,0.5,4.0,256,0,256,1024,640,308.193,372.192,305.377,-0.044
mixed,32,16,0.5,4.0,256,0,512,2048,1280,421.282,549.347,423.137,0.0145
mixed,32,16,0.5,4.0,256,0,1024,4096,2560,641.89,900.415,651.107,0.0357
mixed,32,16,0.5,4.0,256,0,2048,8192,5120,1069.825,1600.261,1095.044,0.0475
mixed,32,16,0.5,4.0,256,0,4096,16384,10240,1928.005,2962.983,2011.461,0.0806
mixed,32,16,0.5,4.0,256,512,128,512,320,317.504,348.452,311.873,-0.182
mixed,32,16,0.5,4.0,256,512,256,1024,640,376.0,444.321,369.89,-0.0894
mixed,32,16,0.5,4.0,256,512,512,2048,1280,490.496,615.363,485.344,-0.0413
mixed,32,16,0.5,4.0,256,512,1024,4096,2560,705.697,974.147,715.845,0.0378
mixed,32,16,0.5,4.0,256,512,2048,8192,5120,1137.026,1651.331,1173.507,0.0709
mixed,32,16,0.5,4.0,256,512,4096,16384,10240,2013.445,3022.567,2077.958,0.0639
mixed,32,16,0.5,4.0,256,1024,128,512,320,368.802,405.474,369.025,0.0061
mixed,32,16,0.5,4.0,256,1024,256,1024,640,428.929,493.92,427.65,-0.0197
mixed,32,16,0.5,4.0,256,1024,512,2048,1280,547.266,672.387,548.066,0.0064
mixed,32,16,0.5,4.0,256,1024,1024,4096,2560,762.079,1018.627,780.099,0.0702
mixed,32,16,0.5,4.0,256,1024,2048,8192,5120,1189.186,1707.459,1226.917,0.0728
mixed,32,16,0.5,4.0,256,1024,4096,16384,10240,2051.589,3085.448,2138.853,0.0844
mixed,32,16,0.5,4.0,256,2048,128,512,320,405.698,444.927,406.21,0.0131
mixed,32,16,0.5,4.0,256,2048,256,1024,640,468.511,532.804,461.407,-0.1105
mixed,32,16,0.5,4.0,256,2048,512,2048,1280,581.057,705.764,578.369,-0.0216
mixed,32,16,0.5,4.0,256,2048,1024,4096,2560,793.09,1062.851,816.835,0.088
mixed,32,16,0.5,4.0,256,2048,2048,8192,5120,1227.459,1744.164,1260.227,0.0634
mixed,32,16,0.5,4.0,256,2048,4096,16384,10240,2084.644,3113.481,2159.971,0.0732
mixed,32,16,0.5,4.0,256,4096,128,512,320,548.672,586.981,547.426,-0.0325
mixed,32,16,0.5,4.0,256,4096,256,1024,640,609.253,674.627,605.921,-0.051
mixed,32,16,0.5,4.0,256,4096,512,2048,1280,721.57,850.177,725.668,0.0319
mixed,32,16,0.5,4.0,256,4096,1024,4096,2560,940.642,1205.38,948.386,0.0293
mixed,32,16,0.5,4.0,256,4096,2048,8192,5120,1378.018,1897.797,1405.283,0.0525
mixed,32,16,0.5,4.0,256,4096,4096,16384,10240,2238.117,3287.751,2301.926,0.0608
mixed,32,16,0.5,4.0,256,8192,128,512,320,795.459,830.656,793.889,-0.0446
mixed,32,16,0.5,4.0,256,8192,256,1024,640,856.225,918.977,850.723,-0.0877
mixed,32,16,0.5,4.0,256,8192,512,2048,1280,962.337,1098.244,968.675,0.0466
mixed,32,16,0.5,4.0,256,8192,1024,4096,2560,1191.746,1451.46,1199.233,0.0288
mixed,32,16,0.5,4.0,256,8192,2048,8192,5120,1614.53,2137.542,1655.908,0.0791
mixed,32,16,0.5,4.0,256,8192,4096,16384,10240,2494.022,3500.392,2562.885,0.0684
mixed,32,16,0.5,4.0,512,0,128,512,320,362.755,401.152,361.729,-0.0267
mixed,32,16,0.5,4.0,512,0,256,1024,640,425.694,494.464,419.523,-0.0897
mixed,32,16,0.5,4.0,512,0,512,2048,1280,536.384,665.984,539.328,0.0227
mixed,32,16,0.5,4.0,512,0,1024,4096,2560,757.216,1011.427,767.361,0.0399
mixed,32,16,0.5,4.0,512,0,2048,8192,5120,1180.577,1712.898,1224.866,0.0832
mixed,32,16,0.5,4.0,512,0,4096,16384,10240,2050.212,3090.888,2118.756,0.0659
mixed,32,16,0.5,4.0,512,512,128,512,320,436.768,472.801,437.792,0.0284
mixed,32,16,0.5,4.0,512,512,256,1024,640,498.468,563.04,492.48,-0.0927
mixed,32,16,0.5,4.0,512,512,512,2048,1280,607.489,739.49,614.401,0.0524
mixed,32,16,0.5,4.0,512,512,1024,4096,2560,824.193,1088.516,844.48,0.0768
mixed,32,16,0.5,4.0,512,512,2048,8192,5120,1260.901,1781.603,1281.635,0.0398
mixed,32,16,0.5,4.0,512,512,4096,16384,10240,2115.141,3149.32,2208.292,0.0901
mixed,32,16,0.5,4.0,512,1024,128,512,320,505.699,541.472,504.609,-0.0305
mixed,32,16,0.5,4.0,512,1024,256,1024,640,565.186,631.775,562.112,-0.0462
mixed,32,16,0.5,4.0,512,1024,512,2048,1280,680.097,803.168,682.496,0.0195
mixed,32,16,0.5,4.0,512,1024,1024,4096,2560,892.929,1161.314,912.323,0.0723
mixed,32,16,0.5,4.0,512,1024,2048,8192,5120,1325.763,1847.653,1365.892,0.0769
mixed,32,16,0.5,4.0,512,1024,4096,16384,10240,2181.86,3234.307,2266.981,0.0809
mixed,32,16,0.5,4.0,512,2048,128,512,320,652.417,685.856,647.137,-0.1579
mixed,32,16,0.5,4.0,512,2048,256,1024,640,708.865,776.931,706.306,-0.0376
mixed,32,16,0.5,4.0,512,2048,512,2048,1280,824.386,949.059,823.489,-0.0072
mixed,32,16,0.5,4.0,512,2048,1024,4096,2560,1036.068,1305.056,1059.459,0.087
mixed,32,16,0.5,4.0,512,2048,2048,8192,5120,1486.435,2004.227,1509.508,0.0446
mixed,32,16,0.5,4.0,512,2048,4096,16384,10240,2332.002,3360.997,2422.021,0.0875
mixed,32,16,0.5,4.0,512,4096,128,512,320,929.091,965.6,924.193,-0.1342
mixed,32,16,0.5,4.0,512,4096,256,1024,640,989.312,1051.523,982.082,-0.1162
mixed,32,16,0.5,4.0,512,4096,512,2048,1280,1100.322,1229.665,1102.532,0.0171
mixed,32,16,0.5,4.0,512,4096,1024,4096,2560,1317.794,1574.657,1333.026,0.0593
mixed,32,16,0.5,4.0,512,4096,2048,8192,5120,1752.642,2276.391,1779.297,0.0509
mixed,32,16,0.5,4.0,512,4096,4096,16384,10240,2619.941,3653.866,2678.406,0.0565
mixed,32,16,0.5,4.0,512,8192,128,512,320,1482.112,1517.923,1478.818,-0.092
mixed,32,16,0.5,4.0,512,8192,256,1024,640,1541.825,1609.155,1539.425,-0.0356
mixed,32,16,0.5,4.0,512,8192,512,2048,1280,1653.953,1781.507,1660.256,0.0494
mixed,32,16,0.5,4.0,512,8192,1024,4096,2560,1870.369,2126.019,1883.202,0.0502
mixed,32,16,0.5,4.0,512,8192,2048,8192,5120,2295.972,2832.037,2341.061,0.0841
mixed,32,16,0.5,4.0,512,8192,4096,16384,10240,3177.414,4199.812,3262.535,0.0833
mixed,32,16,0.5,4.0,1024,0,128,512,320,618.624,654.531,619.489,0.0241
mixed,32,16,0.5,4.0,1024,0,256,1024,640,678.625,746.591,674.688,-0.0579
mixed,32,16,0.5,4.0,1024,0,512,2048,1280,791.332,921.599,790.914,-0.0032
mixed,32,16,0.5,4.0,1024,0,1024,4096,2560,1007.267,1267.394,1027.842,0.0791
mixed,32,16,0.5,4.0,1024,0,2048,8192,5120,1436.962,1968.962,1476.384,0.0741
mixed,32,16,0.5,4.0,1024,0,4096,16384,10240,2311.714,3342.889,2382.211,0.0684
mixed,32,16,0.5,4.0,1024,512,128,512,320,797.345,831.009,795.327,-0.0599
mixed,32,16,0.5,4.0,1024,512,256,1024,640,854.399,921.759,855.459,0.0157
mixed,32,16,0.5,4.0,1024,512,512,2048,1280,965.538,1098.529,970.914,0.0404
mixed,32,16,0.5,4.0,1024,512,1024,4096,2560,1189.091,1445.793,1193.153,0.0158
mixed,32,16,0.5,4.0,1024,512,2048,8192,5120,1623.302,2154.125,1645.092,0.041
mixed,32,16,0.5,4.0,1024,512,4096,16384,10240,2475.876,3513.031,2551.521,0.0729
mixed,32,16,0.5,4.0,1024,1024,128,512,320,955.777,987.425,952.481,-0.1041
mixed,32,16,0.5,4.0,1024,1024,256,1024,640,1009.921,1078.5,1008.001,-0.028
mixed,32,16,0.5,4.0,1024,1024,512,2048,1280,1125.311,1256.544,1129.859,0.0347
mixed,32,16,0.5,4.0,1024,1024,1024,4096,2560,1342.724,1614.051,1353.988,0.0415
mixed,32,16,0.5,4.0,1024,1024,2048,8192,5120,1771.873,2294.34,1796.544,0.0472
mixed,32,16,0.5,4.0,1024,1024,4096,16384,10240,2628.1,3664.451,2721.604,0.0902
mixed,32,16,0.5,4.0,1024,2048,128,512,320,1231.424,1266.433,1224.802,-0.1892
mixed,32,16,0.5,4.0,1024,2048,256,1024,640,1288.962,1356.834,1286.08,-0.0425
mixed,32,16,0.5,4.0,1024,2048,512,2048,1280,1403.041,1531.172,1402.594,-0.0035
mixed,32,16,0.5,4.0,1024,2048,1024,4096,2560,1626.401,1876.065,1635.296,0.0356
mixed,32,16,0.5,4.0,1024,2048,2048,8192,5120,2050.883,2572.451,2078.02,0.052
mixed,32,16,0.5,4.0,1024,2048,4096,16384,10240,2927.236,3952.262,3003.043,0.074
mixed,32,16,0.5,4.0,1024,4096,128,512,320,1783.713,1817.986,1778.369,-0.1559
mixed,32,16,0.5,4.0,1024,4096,256,1024,640,1838.339,1905.826,1837.987,-0.0052
mixed,32,16,0.5,4.0,1024,4096,512,2048,1280,1954.69,2083.619,1955.423,0.0057
mixed,32,16,0.5,4.0,1024,4096,1024,4096,2560,2174.402,2426.692,2194.53,0.0798
mixed,32,16,0.5,4.0,1024,4096,2048,8192,5120,2608.547,3126.147,2638.919,0.0587
mixed,32,16,0.5,4.0,1024,4096,4096,16384,10240,3466.118,4495.045,3545.957,0.0776
mixed,32,16,0.5,4.0,1024,8192,128,512,320,2876.034,2916.162,2871.137,-0.122
mixed,32,16,0.5,4.0,1024,8192,256,1024,640,2932.417,3002.466,2932.804,0.0055
mixed,32,16,0.5,4.0,1024,8192,512,2048,1280,3043.687,3183.394,3045.991,0.0165
mixed,32,16,0.5,4.0,1024,8192,1024,4096,2560,3271.587,3534.727,3277.189,0.0213
mixed,32,16,0.5,4.0,1024,8192,2048,8192,5120,3687.524,4222.852,3728.901,0.0773
mixed,32,16,0.5,4.0,1024,8192,4096,16384,10240,4565.286,5596.267,4631.524,0.0642
mixed,32,16,0.5,4.0,2048,0,128,512,320,1073.955,1110.431,1074.114,0.0044
mixed,32,16,0.5,4.0,2048,0,256,1024,640,1132.547,1201.154,1131.17,-0.0201
mixed,32,16,0.5,4.0,2048,0,512,2048,1280,1245.441,1380.803,1250.306,0.0359
mixed,32,16,0.5,4.0,2048,0,1024,4096,2560,1465.571,1721.794,1484.866,0.0753
mixed,32,16,0.5,4.0,2048,0,2048,8192,5120,1892.899,2418.914,1932.097,0.0745
mixed,32,16,0.5,4.0,2048,0,4096,16384,10240,2763.075,3779.079,2847.106,0.0827
mixed,32,16,0.5,4.0,2048,512,128,512,320,1410.207,1443.967,1409.315,-0.0264
mixed,32,16,0.5,4.0,2048,512,256,1024,640,1470.144,1537.731,1464.163,-0.0885
mixed,32,16,0.5,4.0,2048,512,512,2048,1280,1585.571,1710.655,1583.844,-0.0138
mixed,32,16,0.5,4.0,2048,512,1024,4096,2560,1807.301,2063.33,1814.564,0.0284
mixed,32,16,0.5,4.0,2048,512,2048,8192,5120,2248.261,2761.795,2268.26,0.0389
mixed,32,16,0.5,4.0,2048,512,4096,16384,10240,3079.333,4121.476,3177.508,0.0942
mixed,32,16,0.5,4.0,2048,1024,128,512,320,1744.641,1786.049,1746.403,0.0426
mixed,32,16,0.5,4.0,2048,1024,256,1024,640,1802.274,1877.731,1801.571,-0.0093
mixed,32,16,0.5,4.0,2048,1024,512,2048,1280,1918.114,2044.608,1926.658,0.0675
mixed,32,16,0.5,4.0,2048,1024,1024,4096,2560,2134.658,2401.541,2152.512,0.0669
mixed,32,16,0.5,4.0,2048,1024,2048,8192,5120,2574.18,3081.763,2611.907,0.0743
mixed,32,16,0.5,4.0,2048,1024,4096,16384,10240,3430.628,4461.126,3521.219,0.0879
mixed,32,16,0.5,4.0,2048,2048,128,512,320,2301.824,2336.607,2299.458,-0.068
mixed,32,16,0.5,4.0,2048,2048,256,1024,640,2358.885,2427.075,2354.338,-0.0667
mixed,32,16,0.5,4.0,2048,2048,512,2048,1280,2468.77,2600.646,2472.068,0.025
mixed,32,16,0.5,4.0,2048,2048,1024,4096,2560,2692.96,2951.841,2699.619,0.0257
mixed,32,16,0.5,4.0,2048,2048,2048,8192,5120,3123.65,3633.542,3159.623,0.0706
mixed,32,16,0.5,4.0,2048,2048,4096,16384,10240,3981.253,5005.958,4061.06,0.0779
mixed,32,16,0.5,4.0,2048,4096,128,512,320,3396.419,3424.644,3391.943,-0.1586
mixed,32,16,0.5,4.0,2048,4096,256,1024,640,3447.043,3516.319,3451.078,0.0582
mixed,32,16,0.5,4.0,2048,4096,512,2048,1280,3559.973,3700.417,3569.121,0.0651
mixed,32,16,0.5,4.0,2048,4096,1024,4096,2560,3785.572,4042.82,3800.578,0.0583
mixed,32,16,0.5,4.0,2048,4096,2048,8192,5120,4212.48,4728.837,4251.043,0.0747
mixed,32,16,0.5,4.0,2048,4096,4096,16384,10240,5075.113,6110.822,5159.173,0.0812
mixed,32,16,0.5,4.0,2048,8192,128,512,320,5591.527,5625.122,5589.283,-0.0668
mixed,32,16,0.5,4.0,2048,8192,256,1024,640,5649.54,5710.66,5642.697,-0.112
mixed,32,16,0.5,4.0,2048,8192,512,2048,1280,5755.589,5889.446,5756.002,0.0031
mixed,32,16,0.5,4.0,2048,8192,1024,4096,2560,5980.326,6246.051,5985.602,0.0199
mixed,32,16,0.5,4.0,2048,8192,2048,8192,5120,6412.457,6938.982,6446.691,0.065
mixed,32,16,0.5,4.0,2048,8192,4096,16384,10240,7278.757,8314.054,7358.308,0.0768
pure,32,24,0.75,4.0,0,0,128,512,416,131.362,151.329,140.221,0.4437
pure,32,24,0.75,4.0,0,0,256,1024,832,207.999,238.979,224.703,0.5392
pure,32,24,0.75,4.0,0,0,512,2048,1664,352.608,419.521,385.472,0.4911
pure,32,24,0.75,4.0,0,0,1024,4096,3328,638.017,768.19,698.209,0.4624
pure,32,24,0.75,4.0,0,0,2048,8192,6656,1192.093,1456.065,1321.505,0.4902
pure,32,24,0.75,4.0,0,0,4096,16384,13312,2319.203,2819.331,2550.691,0.4629
mixed,32,24,0.75,4.0,16,0,128,512,416,158.049,174.496,164.992,0.4221
mixed,32,24,0.75,4.0,16,0,256,1024,832,229.759,267.839,249.728,0.5244
mixed,32,24,0.75,4.0,16,0,512,2048,1664,379.682,448.099,408.29,0.4181
mixed,32,24,0.75,4.0,16,0,1024,4096,3328,658.529,794.88,722.785,0.4713
mixed,32,24,0.75,4.0,16,0,2048,8192,6656,1229.247,1487.649,1334.274,0.4064
mixed,32,24,0.75,4.0,16,0,4096,16384,13312,2352.192,2857.507,2575.331,0.4416
mixed,32,24,0.75,4.0,16,512,128,512,416,188.288,208.448,196.927,0.4285
mixed,32,24,0.75,4.0,16,512,256,1024,832,264.993,299.393,280.992,0.4651
mixed,32,24,0.75,4.0,16,512,512,2048,1664,409.023,476.928,435.519,0.3902
mixed,32,24,0.75,4.0,16,512,1024,4096,3328,692.576,820.032,747.65,0.4321
mixed,32,24,0.75,4.0,16,512,2048,8192,6656,1248.897,1510.974,1369.154,0.4589
mixed,32,24,0.75,4.0,16,512,4096,16384,13312,2367.074,2868.29,2591.843,0.4484
mixed,32,24,0.75,4.0,16,1024,128,512,416,190.816,211.425,202.305,0.5575
mixed,32,24,0.75,4.0,16,1024,256,1024,832,267.361,300.161,285.568,0.5551
mixed,32,24,0.75,4.0,16,1024,512,2048,1664,410.144,478.72,440.479,0.4424
mixed,32,24,0.75,4.0,16,1024,1024,4096,3328,693.856,821.986,747.489,0.4186
mixed,32,24,0.75,4.0,16,1024,2048,8192,6656,1264.223,1516.288,1380.899,0.4629
mixed,32,24,0.75,4.0,16,1024,4096,16384,13312,2374.211,2884.256,2587.873,0.4189
mixed,32,24,0.75,4.0,16,2048,128,512,416,195.742,214.527,203.263,0.4004
mixed,32,24,0.75,4.0,16,2048,256,1024,832,269.154,301.153,285.276,0.5038
mixed,32,24,0.75,4.0,16,2048,512,2048,1664,416.192,483.839,444.064,0.412
mixed,32,24,0.75,4.0,16,2048,1024,4096,3328,703.072,828.128,768.512,0.5233
mixed,32,24,0.75,4.0,16,2048,2048,8192,6656,1251.81,1521.537,1359.775,0.4003
mixed,32,24,0.75,4.0,16,2048,4096,16384,13312,2371.393,2876.739,2578.625,0.4101
mixed,32,24,0.75,4.0,16,4096,128,512,416,205.665,225.728,214.976,0.4641
mixed,32,24,0.75,4.0,16,4096,256,1024,832,282.175,317.473,296.995,0.4199
mixed,32,24,0.75,4.0,16,4096,512,2048,1664,430.272,489.983,454.273,0.402
mixed,32,24,0.75,4.0,16,4096,1024,4096,3328,711.553,835.043,759.682,0.3897
mixed,32,24,0.75,4.0,16,4096,2048,8192,6656,1266.145,1528.897,1374.592,0.4127
mixed,32,24,0.75,4.0,16,4096,4096,16384,13312,2388.8,2907.072,2614.272,0.435
mixed,32,24,0.75,4.0,16,8192,128,512,416,244.737,263.491,250.337,0.2986
mixed,32,24,0.75,4.0,16,8192,256,1024,832,320.351,352.352,334.495,0.442
mixed,32,24,0.75,4.0,16,8192,512,2048,1664,467.012,526.176,491.042,0.4062
mixed,32,24,0.75,4.0,16,8192,1024,4096,3328,747.616,883.198,813.28,0.4843
mixed,32,24,0.75,4.0,16,8192,2048,8192,6656,1306.529,1564.322,1426.112,0.4639
mixed,32,24,0.75,4.0,16,8192,4096,16384,13312,2416.899,2936.385,2632.766,0.4155
mixed,32,24,0.75,4.0,32,0,128,512,416,188.289,207.264,196.544,0.435
mixed,32,24,0.75,4.0,32,0,256,1024,832,263.652,298.624,280.766,0.4894
mixed,32,24,0.75,4.0,32,0,512,2048,1664,409.184,474.88,439.201,0.4569
mixed,32,24,0.75,4.0,32,0,1024,4096,3328,691.582,819.265,750.593,0.4622
mixed,32,24,0.75,4.0,32,0,2048,8192,6656,1251.969,1508.129,1361.122,0.4261
mixed,32,24,0.75,4.0,32,0,4096,16384,13312,2367.201,2878.753,2623.104,0.5002
mixed,32,24,0.75,4.0,32,512,128,512,416,215.873,234.912,221.184,0.279
mixed,32,24,0.75,4.0,32,512,256,1024,832,290.016,323.168,310.912,0.6303
mixed,32,24,0.75,4.0,32,512,512,2048,1664,432.704,502.815,466.112,0.4765
mixed,32,24,0.75,4.0,32,512,1024,4096,3328,716.896,857.153,768.673,0.3692
mixed,32,24,0.75,4.0,32,512,2048,8192,6656,1291.777,1541.438,1394.56,0.4117
mixed,32,24,0.75,4.0,32,512,4096,16384,13312,2383.168,2911.712,2629.025,0.4652
mixed,32,24,0.75,4.0,32,1024,128,512,416,217.534,237.345,223.456,0.2989
mixed,32,24,0.75,4.0,32,1024,256,1024,832,294.561,323.776,306.69,0.4152
mixed,32,24,0.75,4.0,32,1024,512,2048,1664,440.515,507.52,464.383,0.3562
mixed,32,24,0.75,4.0,32,1024,1024,4096,3328,721.184,849.568,788.029,0.5207
mixed,32,24,0.75,4.0,32,1024,2048,8192,6656,1287.328,1537.791,1397.92,0.4416
mixed,32,24,0.75,4.0,32,1024,4096,16384,13312,2399.491,2923.488,2592.992,0.3693
mixed,32,24,0.75,4.0,32,2048,128,512,416,225.279,245.088,231.232,0.3005
mixed,32,24,0.75,4.0,32,2048,256,1024,832,300.067,336.638,314.912,0.4059
mixed,32,24,0.75,4.0,32,2048,512,2048,1664,446.241,509.697,468.416,0.3495
mixed,32,24,0.75,4.0,32,2048,1024,4096,3328,728.768,853.024,783.424,0.4399
mixed,32,24,0.75,4.0,32,2048,2048,8192,6656,1283.839,1555.967,1405.76,0.448
mixed,32,24,0.75,4.0,32,2048,4096,16384,13312,2406.015,2918.337,2632.546,0.4422
mixed,32,24,0.75,4.0,32,4096,128,512,416,240.061,260.64,245.117,0.2457
mixed,32,24,0.75,4.0,32,4096,256,1024,832,316.862,350.784,335.33,0.5444
mixed,32,24,0.75,4.0,32,4096,512,2048,1664,465.216,528.703,498.24,0.5202
mixed,32,24,0.75,4.0,32,4096,1024,4096,3328,750.177,875.423,802.272,0.4159
mixed,32,24,0.75,4.0,32,4096,2048,8192,6656,1306.176,1560.479,1429.76,0.486
mixed,32,24,0.75,4.0,32,4096,4096,16384,13312,2414.304,2939.199,2652.288,0.4534
mixed,32,24,0.75,4.0,32,8192,128,512,416,333.6,354.529,342.4,0.4205
mixed,32,24,0.75,4.0,32,8192,256,1024,832,410.816,444.671,426.467,0.4623
mixed,32,24,0.75,4.0,32,8192,512,2048,1664,551.808,624.703,581.44,0.4065
mixed,32,24,0.75,4.0,32,8192,1024,4096,3328,834.336,970.176,893.856,0.4382
mixed,32,24,0.75,4.0,32,8192,2048,8192,6656,1403.806,1665.954,1507.969,0.3973
mixed,32,24,0.75,4.0,32,8192,4096,16384,13312,2528.832,3018.944,2745.121,0.4413
mixed,32,24,0.75,4.0,64,0,128,512,416,192.962,213.376,199.298,0.3104
mixed,32,24,0.75,4.0,64,0,256,1024,832,266.336,303.327,284.096,0.4801
mixed,32,24,0.75,4.0,64,0,512,2048,1664,413.792,474.494,438.176,0.4017
mixed,32,24,0.75,4.0,64,0,1024,4096,3328,695.485,831.584,759.968,0.4738
mixed,32,24,0.75,4.0,64,0,2048,8192,6656,1257.312,1523.2,1374.526,0.4408
mixed,32,24,0.75,4.0,64,0,4096,16384,13312,2372.96,2887.07,2629.248,0.4985
mixed,32,24,0.75,4.0,64,512,128,512,416,226.272,246.4,232.064,0.2878
mixed,32,24,0.75,4.0,64,512,256,1024,832,303.521,334.528,317.95,0.4653
mixed,32,24,0.75,4.0,64,512,512,2048,1664,445.183,515.325,477.664,0.4631
mixed,32,24,0.75,4.0,64,512,1024,4096,3328,737.028,860.928,785.922,0.3946
mixed,32,24,0.75,4.0,64,512,2048,8192,6656,1279.424,1545.474,1411.422,0.4961
mixed,32,24,0.75,4.0,64,512,4096,16384,13312,2413.631,2925.088,2649.378,0.4609
mixed,32,24,0.75,4.0,64,1024,128,512,416,231.838,252.543,238.817,0.3371
mixed,32,24,0.75,4.0,64,1024,256,1024,832,308.512,342.814,321.601,0.3816
mixed,32,24,0.75,4.0,64,1024,512,2048,1664,452.257,515.008,487.328,0.5589
mixed,32,24,0.75,4.0,64,1024,1024,4096,3328,731.2,863.039,792.48,0.4648
mixed,32,24,0.75,4.0,64,1024,2048,8192,6656,1293.279,1558.08,1414.399,0.4574
mixed,32,24,0.75,4.0,64,1024,4096,16384,13312,2409.601,2929.406,2645.342,0.4535
mixed,32,24,0.75,4.0,64,2048,128,512,416,241.728,264.448,248.897,0.3155
mixed,32,24,0.75,4.0,64,2048,256,1024,832,320.065,350.975,333.312,0.4286
mixed,32,24,0.75,4.0,64,2048,512,2048,1664,463.362,531.967,493.153,0.4342
mixed,32,24,0.75,4.0,64,2048,1024,4096,3328,746.109,883.392,801.728,0.4051
mixed,32,24,0.75,4.0,64,2048,2048,8192,6656,1308.99,1566.749,1434.082,0.4853
mixed,32,24,0.75,4.0,64,2048,4096,16384,13312,2434.337,2945.76,2653.952,0.4294
mixed,32,24,0.75,4.0,64,4096,128,512,416,321.727,339.588,327.873,0.3441
mixed,32,24,0.75,4.0,64,4096,256,1024,832,394.783,430.209,408.256,0.3803
mixed,32,24,0.75,4.0,64,4096,512,2048,1664,543.103,603.52,571.36,0.4677
mixed,32,24,0.75,4.0,64,4096,1024,4096,3328,825.152,955.934,886.911,0.4722
mixed,32,24,0.75,4.0,64,4096,2048,8192,6656,1396.64,1641.375,1507.649,0.4536
mixed,32,24,0.75,4.0,64,4096,4096,16384,13312,2492.095,3039.23,2740.253,0.4536
mixed,32,24,0.75,4.0,64,8192,128,512,416,397.311,420.031,403.359,0.2662
mixed,32,24,0.75,4.0,64,8192,256,1024,832,473.792,510.72,484.769,0.2973
mixed,32,24,0.75,4.0,64,8192,512,2048,1664,620.958,685.985,645.696,0.3804
mixed,32,24,0.75,4.0,64,8192,1024,4096,3328,903.199,1036.991,961.535,0.436
mixed,32,24,0.75,4.0,64,8192,2048,8192,6656,1473.503,1733.408,1578.72,0.4048
mixed,32,24,0.75,4.0,64,8192,4096,16384,13312,2592.99,3082.336,2803.486,0.4302
mixed,32,24,0.75,4.0,128,0,128,512,416,196.544,215.84,204.672,0.4212
mixed,32,24,0.75,4.0,128,0,256,1024,832,272.799,303.488,289.919,0.5579
mixed,32,24,0.75,4.0,128,0,512,2048,1664,417.185,485.022,448.001,0.4543
mixed,32,24,0.75,4.0,128,0,1024,4096,3328,708.221,832.253,763.364,0.4446
mixed,32,24,0.75,4.0,128,0,2048,8192,6656,1260.513,1518.431,1378.494,0.4574
mixed,32,24,0.75,4.0,128,0,4096,16384,13312,2387.52,2922.08,2615.326,0.4262
mixed,32,24,0.75,4.0,128,512,128,512,416,242.656,261.471,248.349,0.3026
mixed,32,24,0.75,4.0,128,512,256,1024,832,319.488,350.462,331.104,0.375
mixed,32,24,0.75,4.0,128,512,512,2048,1664,461.759,523.138,489.343,0.4494
mixed,32,24,0.75,4.0,128,512,1024,4096,3328,741.632,871.934,803.232,0.4727
mixed,32,24,0.75,4.0,128,512,2048,8192,6656,1300.83,1565.791,1419.266,0.447
mixed,32,24,0.75,4.0,128,512,4096,16384,13312,2434.046,2939.296,2654.495,0.4363
mixed,32,24,0.75,4.0,128,1024,128,512,416,248.928,269.376,256.895,0.3896
mixed,32,24,0.75,4.0,128,1024,256,1024,832,328.03,361.184,343.2,0.4576
mixed,32,24,0.75,4.0,128,1024,512,2048,1664,470.88,537.409,501.95,0.467
mixed,32,24,0.75,4.0,128,1024,1024,4096,3328,754.658,883.807,811.968,0.4438
mixed,32,24,0.75,4.0,128,1024,2048,8192,6656,1312.385,1576.736,1439.646,0.4814
mixed,32,24,0.75,4.0,128,1024,4096,16384,13312,2441.151,2944.031,2679.488,0.4739
mixed,32,24,0.75,4.0,128,2048,128,512,416,323.394,342.464,328.194,0.2517
mixed,32,24,0.75,4.0,128,2048,256,1024,832,397.567,432.417,412.126,0.4178
mixed,32,24,0.75,4.0,128,2048,512,2048,1664,546.111,605.567,575.391,0.4925
mixed,32,24,0.75,4.0,128,2048,1024,4096,3328,827.616,962.976,886.078,0.4319
mixed,32,24,0.75,4.0,128,2048,2048,8192,6656,1392.384,1654.978,1507.488,0.4383
mixed,32,24,0.75,4.0,128,2048,4096,16384,13312,2507.712,3022.655,2755.199,0.4806
mixed,32,24,0.75,4.0,128,4096,128,512,416,401.824,423.232,409.504,0.3587
mixed,32,24,0.75,4.0,128,4096,256,1024,832,476.446,509.246,490.592,0.4313
mixed,32,24,0.75,4.0,128,4096,512,2048,1664,619.327,689.409,649.121,0.4251
mixed,32,24,0.75,4.0,128,4096,1024,4096,3328,905.475,1044.255,975.04,0.5013
mixed,32,24,0.75,4.0,128,4096,2048,8192,6656,1465.857,1722.556,1591.615,0.4899
mixed,32,24,0.75,4.0,128,4096,4096,16384,13312,2571.62,3105.119,2809.567,0.446
mixed,32,24,0.75,4.0,128,8192,128,512,416,547.103,568.448,553.696,0.3089
mixed,32,24,0.75,4.0,128,8192,256,1024,832,624.443,659.069,638.206,0.3975
mixed,32,24,0.75,4.0,128,8192,512,2048,1664,767.485,833.664,799.2,0.4792
mixed,32,24,0.75,4.0,128,8192,1024,4096,3328,1055.966,1185.472,1108.062,0.4023
mixed,32,24,0.75,4.0,128,8192,2048,8192,6656,1622.015,1874.464,1739.453,0.4652
mixed,32,24,0.75,4.0,128,8192,4096,16384,13312,2722.815,3250.367,2970.974,0.4704
mixed,32,24,0.75,4.0,256,0,128,512,416,263.488,283.81,269.664,0.3039
mixed,32,24,0.75,4.0,256,0,256,1024,832,342.72,374.689,353.666,0.3424
mixed,32,24,0.75,4.0,256,0,512,2048,1664,484.768,550.24,514.016,0.4467
mixed,32,24,0.75,4.0,256,0,1024,4096,3328,771.328,898.973,827.65,0.4412
mixed,32,24,0.75,4.0,256,0,2048,8192,6656,1331.937,1596.705,1444.639,0.4257
mixed,32,24,0.75,4.0,256,0,4096,16384,13312,2458.4,2964.352,2671.585,0.4214
mixed,32,24,0.75,4.0,256,512,128,512,416,329.344,349.663,337.218,0.3875
mixed,32,24,0.75,4.0,256,512,256,1024,832,409.151,438.976,421.696,0.4206
mixed,32,24,0.75,4.0,256,512,512,2048,1664,554.529,623.328,581.856,0.3972
mixed,32,24,0.75,4.0,256,512,1024,4096,3328,843.165,968.703,890.239,0.375
mixed,32,24,0.75,4.0,256,512,2048,8192,6656,1393.119,1652.255,1507.488,0.4413
mixed,32,24,0.75,4.0,256,512,4096,16384,13312,2516.639,3028.511,2772.671,0.5002
mixed,32,24,0.75,4.0,256,1024,128,512,416,386.879,406.434,396.063,0.4696
mixed,32,24,0.75,4.0,256,1024,256,1024,832,463.168,495.84,477.215,0.4299
mixed,32,24,0.75,4.0,256,1024,512,2048,1664,602.368,670.72,633.76,0.4593
mixed,32,24,0.75,4.0,256,1024,1024,4096,3328,888.223,1026.72,952.929,0.4672
mixed,32,24,0.75,4.0,256,1024,2048,8192,6656,1447.393,1709.693,1575.136,0.487
mixed,32,24,0.75,4.0,256,1024,4096,16384,13312,2585.759,3074.078,2823.931,0.4877
mixed,32,24,0.75,4.0,256,2048,128,512,416,419.135,440.193,428.447,0.4422
mixed,32,24,0.75,4.0,256,2048,256,1024,832,498.271,529.535,510.783,0.4002
mixed,32,24,0.75,4.0,256,2048,512,2048,1664,645.151,709.086,667.198,0.3448
mixed,32,24,0.75,4.0,256,2048,1024,4096,3328,927.839,1049.983,989.184,0.5022
mixed,32,24,0.75,4.0,256,2048,2048,8192,6656,1484.351,1748.064,1605.664,0.46
mixed,32,24,0.75,4.0,256,2048,4096,16384,13312,2599.39,3110.464,2850.045,0.4904
mixed,32,24,0.75,4.0,256,4096,128,512,416,563.679,584.383,573.28,0.4637
mixed,32,24,0.75,4.0,256,4096,256,1024,832,641.921,677.824,656.862,0.4161
mixed,32,24,0.75,4.0,256,4096,512,2048,1664,787.328,855.293,822.784,0.5217
mixed,32,24,0.75,4.0,256,4096,1024,4096,3328,1067.166,1202.335,1131.264,0.4742
mixed,32,24,0.75,4.0,256,4096,2048,8192,6656,1635.649,1903.038,1746.718,0.4154
mixed,32,24,0.75,4.0,256,4096,4096,16384,13312,2743.228,3252.348,2979.293,0.4637
mixed,32,24,0.75,4.0,256,8192,128,512,416,811.456,831.904,818.688,0.3537
mixed,32,24,0.75,4.0,256,8192,256,1024,832,886.142,923.582,902.464,0.436
mixed,32,24,0.75,4.0,256,8192,512,2048,1664,1034.558,1097.79,1061.438,0.4251
mixed,32,24,0.75,4.0,256,8192,1024,4096,3328,1313.182,1444.96,1371.904,0.4456
mixed,32,24,0.75,4.0,256,8192,2048,8192,6656,1879.263,2136.158,1996.447,0.4562
mixed,32,24,0.75,4.0,256,8192,4096,16384,13312,2989.342,3512.03,3214.877,0.4315
mixed,32,24,0.75,4.0,512,0,128,512,416,379.489,401.92,386.015,0.2909
mixed,32,24,0.75,4.0,512,0,256,1024,832,457.345,492.191,471.327,0.4013
mixed,32,24,0.75,4.0,512,0,512,2048,1664,600.799,664.191,635.935,0.5543
mixed,32,24,0.75,4.0,512,0,1024,4096,3328,883.04,1022.461,945.248,0.4462
mixed,32,24,0.75,4.0,512,0,2048,8192,6656,1444.285,1702.397,1577.791,0.5172
mixed,32,24,0.75,4.0,512,0,4096,16384,13312,2556.412,3080.318,2813.153,0.4901
mixed,32,24,0.75,4.0,512,512,128,512,416,452.35,472.639,460.415,0.3975
mixed,32,24,0.75,4.0,512,512,256,1024,832,529.312,563.775,545.791,0.4782
mixed,32,24,0.75,4.0,512,512,512,2048,1664,676.062,739.967,702.751,0.4176
mixed,32,24,0.75,4.0,512,512,1024,4096,3328,952.895,1100.383,1022.91,0.4747
mixed,32,24,0.75,4.0,512,512,2048,8192,6656,1524.991,1785.756,1637.372,0.431
mixed,32,24,0.75,4.0,512,512,4096,16384,13312,2640.925,3140.159,2876.635,0.4721
mixed,32,24,0.75,4.0,512,1024,128,512,416,521.374,540.192,528.287,0.3674
mixed,32,24,0.75,4.0,512,1024,256,1024,832,595.744,629.278,611.648,0.4743
mixed,32,24,0.75,4.0,512,1024,512,2048,1664,744.192,811.136,772.224,0.4187
mixed,32,24,0.75,4.0,512,1024,1024,4096,3328,1029.856,1149.436,1082.91,0.4437
mixed,32,24,0.75,4.0,512,1024,2048,8192,6656,1575.836,1850.527,1707.583,0.4796
mixed,32,24,0.75,4.0,512,1024,4096,16384,13312,2709.407,3230.464,2946.206,0.4545
mixed,32,24,0.75,4.0,512,2048,128,512,416,666.109,683.708,672.002,0.3348
mixed,32,24,0.75,4.0,512,2048,256,1024,832,740.417,776.579,753.216,0.3539
mixed,32,24,0.75,4.0,512,2048,512,2048,1664,886.589,951.131,917.12,0.473
mixed,32,24,0.75,4.0,512,2048,1024,4096,3328,1173.63,1293.343,1230.142,0.4721
mixed,32,24,0.75,4.0,512,2048,2048,8192,6656,1726.045,1996.093,1849.118,0.4557
mixed,32,24,0.75,4.0,512,2048,4096,16384,13312,2844.923,3364.282,3104.444,0.4997
mixed,32,24,0.75,4.0,512,4096,128,512,416,945.791,966.143,950.971,0.2545
mixed,32,24,0.75,4.0,512,4096,256,1024,832,1021.886,1054.495,1034.59,0.3896
mixed,32,24,0.75,4.0,512,4096,512,2048,1664,1167.199,1239.041,1194.561,0.3809
mixed,32,24,0.75,4.0,512,4096,1024,4096,3328,1448.573,1578.176,1499.613,0.3938
mixed,32,24,0.75,4.0,512,4096,2048,8192,6656,2018.814,2279.709,2127.9,0.4181
mixed,32,24,0.75,4.0,512,4096,4096,16384,13312,3130.141,3649.245,3388.445,0.4976
mixed,32,24,0.75,4.0,512,8192,128,512,416,1494.141,1515.391,1504.604,0.4924
mixed,32,24,0.75,4.0,512,8192,256,1024,832,1570.112,1607.486,1587.232,0.4581
mixed,32,24,0.75,4.0,512,8192,512,2048,1664,1725.342,1786.561,1752.606,0.4454
mixed,32,24,0.75,4.0,512,8192,1024,4096,3328,2000.384,2133.63,2056.478,0.421
mixed,32,24,0.75,4.0,512,8192,2048,8192,6656,2562.045,2843.677,2702.941,0.5003
mixed,32,24,0.75,4.0,512,8192,4096,16384,13312,3671.773,4196.696,3926.619,0.4855
mixed,32,24,0.75,4.0,1024,0,128,512,416,633.376,655.681,638.015,0.208
mixed,32,24,0.75,4.0,1024,0,256,1024,832,710.655,743.071,725.055,0.4442
mixed,32,24,0.75,4.0,1024,0,512,2048,1664,854.302,923.617,880.255,0.3744
mixed,32,24,0.75,4.0,1024,0,1024,4096,3328,1135.678,1263.004,1191.358,0.4373
mixed,32,24,0.75,4.0,1024,0,2048,8192,6656,1707.263,1954.558,1823.422,0.4697
mixed,32,24,0.75,4.0,1024,0,4096,16384,13312,2815.838,3332.445,3065.245,0.4828
mixed,32,24,0.75,4.0,1024,512,128,512,416,811.391,833.918,819.425,0.3566
mixed,32,24,0.75,4.0,1024,512,256,1024,832,888.639,919.33,901.853,0.4305
mixed,32,24,0.75,4.0,1024,512,512,2048,1664,1035.743,1098.559,1063.389,0.4401
mixed,32,24,0.75,4.0,1024,512,1024,4096,3328,1314.624,1436.832,1376.319,0.5048
mixed,32,24,0.75,4.0,1024,512,2048,8192,6656,1882.238,2144.895,2009.629,0.485
mixed,32,24,0.75,4.0,1024,512,4096,16384,13312,2990.813,3508.444,3232.348,0.4666
mixed,32,24,0.75,4.0,1024,1024,128,512,416,966.753,992.001,971.744,0.1977
mixed,32,24,0.75,4.0,1024,1024,256,1024,832,1043.263,1076.193,1058.303,0.4567
mixed,32,24,0.75,4.0,1024,1024,512,2048,1664,1191.741,1256.83,1215.004,0.3574
mixed,32,24,0.75,4.0,1024,1024,1024,4096,3328,1475.774,1603.068,1525.664,0.3919
mixed,32,24,0.75,4.0,1024,1024,2048,8192,6656,2035.036,2291.806,2155.55,0.4693
mixed,32,24,0.75,4.0,1024,1024,4096,16384,13312,3147.869,3667.869,3379.197,0.4449
mixed,32,24,0.75,4.0,1024,2048,128,512,416,1246.493,1264.063,1250.333,0.2186
mixed,32,24,0.75,4.0,1024,2048,256,1024,832,1323.038,1352.83,1329.822,0.2277
mixed,32,24,0.75,4.0,1024,2048,512,2048,1664,1462.205,1532.159,1495.644,0.478
mixed,32,24,0.75,4.0,1024,2048,1024,4096,3328,1754.719,1874.813,1806.27,0.4293
mixed,32,24,0.75,4.0,1024,2048,2048,8192,6656,2311.487,2567.743,2421.723,0.4302
mixed,32,24,0.75,4.0,1024,2048,4096,16384,13312,3438.715,3940.955,3660.122,0.4408
mixed,32,24,0.75,4.0,1024,4096,128,512,416,1799.9,1821.374,1800.254,0.0165
mixed,32,24,0.75,4.0,1024,4096,256,1024,832,1877.694,1908.702,1886.206,0.2745
mixed,32,24,0.75,4.0,1024,4096,512,2048,1664,2027.132,2083.837,2050.59,0.4137
mixed,32,24,0.75,4.0,1024,4096,1024,4096,3328,2303.007,2437.085,2356.093,0.3959
mixed,32,24,0.75,4.0,1024,4096,2048,8192,6656,2869.628,3126.49,2973.756,0.4054
mixed,32,24,0.75,4.0,1024,4096,4096,16384,13312,3973.017,4503.802,4222.493,0.47
mixed,32,24,0.75,4.0,1024,8192,128,512,416,2889.757,2910.941,2900.605,0.5121
mixed,32,24,0.75,4.0,1024,8192,256,1024,832,2970.46,2997.342,2981.117,0.3964
mixed,32,24,0.75,4.0,1024,8192,512,2048,1664,3112.858,3185.947,3135.288,0.3069
mixed,32,24,0.75,4.0,1024,8192,1024,4096,3328,3396.123,3533.149,3452.221,0.4094
mixed,32,24,0.75,4.0,1024,8192,2048,8192,6656,3956.569,4215.164,4069.402,0.4363
mixed,32,24,0.75,4.0,1024,8192,4096,16384,13312,5083.8,5587.96,5304.826,0.4384
mixed,32,24,0.75,4.0,2048,0,128,512,416,1092.732,1111.359,1099.163,0.3453
mixed,32,24,0.75,4.0,2048,0,256,1024,832,1167.486,1201.79,1180.768,0.3872
mixed,32,24,0.75,4.0,2048,0,512,2048,1664,1305.629,1376.096,1346.943,0.5863
mixed,32,24,0.75,4.0,2048,0,1024,4096,3328,1592.318,1731.072,1647.71,0.3992
mixed,32,24,0.75,4.0,2048,0,2048,8192,6656,2156.189,2413.533,2283.455,0.4945
mixed,32,24,0.75,4.0,2048,0,4096,16384,13312,3272.988,3788.475,3503.389,0.447
mixed,32,24,0.75,4.0,2048,512,128,512,416,1423.488,1451.454,1434.145,0.3811
mixed,32,24,0.75,4.0,2048,512,256,1024,832,1501.439,1535.422,1515.934,0.4265
mixed,32,24,0.75,4.0,2048,512,512,2048,1664,1648.285,1713.822,1674.142,0.3945
mixed,32,24,0.75,4.0,2048,512,1024,4096,3328,1929.791,2072.543,1991.775,0.4342
mixed,32,24,0.75,4.0,2048,512,2048,8192,6656,2491.101,2751.389,2604.125,0.4342
mixed,32,24,0.75,4.0,2048,512,4096,16384,13312,3601.306,4128.348,3852.028,0.4757
mixed,32,24,0.75,4.0,2048,1024,128,512,416,1768.19,1782.814,1769.247,0.0723
mixed,32,24,0.75,4.0,2048,1024,256,1024,832,1841.632,1868.285,1857.725,0.6038
mixed,32,24,0.75,4.0,2048,1024,512,2048,1664,1985.276,2048.668,2011.55,0.4145
mixed,32,24,0.75,4.0,2048,1024,1024,4096,3328,2272.378,2396.477,2335.483,0.5085
mixed,32,24,0.75,4.0,2048,1024,2048,8192,6656,2816.093,3089.341,2956.796,0.5149
mixed,32,24,0.75,4.0,2048,1024,4096,16384,13312,3960.602,4462.233,4186.427,0.4502
mixed,32,24,0.75,4.0,2048,2048,128,512,416,2313.6,2335.901,2319.005,0.2424
mixed,32,24,0.75,4.0,2048,2048,256,1024,832,2388.22,2426.975,2405.211,0.4384
mixed,32,24,0.75,4.0,2048,2048,512,2048,1664,2538.237,2606.108,2562.461,0.3569
mixed,32,24,0.75,4.0,2048,2048,1024,4096,3328,2822.396,2952.444,2876.318,0.4146
mixed,32,24,0.75,4.0,2048,2048,2048,8192,6656,3375.513,3636.573,3506.461,0.5016
mixed,32,24,0.75,4.0,2048,2048,4096,16384,13312,4489.594,5022.202,4734.557,0.4599
mixed,32,24,0.75,4.0,2048,4096,128,512,416,3411.005,3428.025,3415.034,0.2367
mixed,32,24,0.75,4.0,2048,4096,256,1024,832,3482.687,3516.091,3505.531,0.6839
mixed,32,24,0.75,4.0,2048,4096,512,2048,1664,3627.133,3689.276,3663.354,0.5829
mixed,32,24,0.75,4.0,2048,4096,1024,4096,3328,3911.356,4044.313,3979.834,0.515
mixed,32,24,0.75,4.0,2048,4096,2048,8192,6656,4474.778,4747.993,4607.834,0.487
mixed,32,24,0.75,4.0,2048,4096,4096,16384,13312,5615.991,6103.769,5858.682,0.4975
mixed,32,24,0.75,4.0,2048,8192,128,512,416,5604.789,5629.622,5618.487,0.5516
mixed,32,24,0.75,4.0,2048,8192,256,1024,832,5681.59,5719.609,5699.256,0.4647
mixed,32,24,0.75,4.0,2048,8192,512,2048,1664,5826.805,5887.8,5855.286,0.4669
mixed,32,24,0.75,4.0,2048,8192,1024,4096,3328,6101.942,6239.607,6172.312,0.5112
mixed,32,24,0.75,4.0,2048,8192,2048,8192,6656,6672.439,6938.997,6768.948,0.3621
mixed,32,24,0.75,4.0,2048,8192,4096,16384,13312,7790.231,8289.17,8019.861,0.4602
pure,32,29,0.9062,4.0,0,0,128,512,476,140.543,151.201,146.24,0.5345
pure,32,29,0.9062,4.0,0,0,256,1024,952,223.232,237.921,234.144,0.7429
pure,32,29,0.9062,4.0,0,0,512,2048,1904,405.313,415.968,404.126,-0.1114
pure,32,29,0.9062,4.0,0,0,1024,4096,3808,711.933,760.959,737.759,0.5268
pure,32,29,0.9062,4.0,0,0,2048,8192,7616,1355.775,1454.753,1412.411,0.5722
pure,32,29,0.9062,4.0,0,0,4096,16384,15232,2631.739,2814.043,2735.677,0.5701
mixed,32,29,0.9062,4.0,16,0,128,512,476,165.822,176.927,167.714,0.1704
mixed,32,29,0.9062,4.0,16,0,256,1024,952,246.719,263.488,256.063,0.5572
mixed,32,29,0.9062,4.0,16,0,512,2048,1904,422.751,443.647,429.023,0.3002
mixed,32,29,0.9062,4.0,16,0,1024,4096,3808,746.558,790.719,769.44,0.5181
mixed,32,29,0.9062,4.0,16,0,2048,8192,7616,1386.495,1477.725,1438.973,0.5752
mixed,32,29,0.9062,4.0,16,0,4096,16384,15232,2659.964,2860.124,2754.269,0.4711
mixed,32,29,0.9062,4.0,16,512,128,512,476,198.367,208.161,199.649,0.1309
mixed,32,29,0.9062,4.0,16,512,256,1024,952,281.98,296.064,288.702,0.4773
mixed,32,29,0.9062,4.0,16,512,512,2048,1904,459.009,474.59,458.24,-0.0494
mixed,32,29,0.9062,4.0,16,512,1024,4096,3808,766.945,821.055,800.895,0.6274
mixed,32,29,0.9062,4.0,16,512,2048,8192,7616,1406.333,1513.917,1457.631,0.4768
mixed,32,29,0.9062,4.0,16,512,4096,16384,15232,2669.661,2888.221,2780.409,0.5067
mixed,32,29,0.9062,4.0,16,1024,128,512,476,202.176,211.935,203.966,0.1834
mixed,32,29,0.9062,4.0,16,1024,256,1024,952,283.103,297.89,294.111,0.7444
mixed,32,29,0.9062,4.0,16,1024,512,2048,1904,462.814,476.926,463.869,0.0748
mixed,32,29,0.9062,4.0,16,1024,1024,4096,3808,772.992,831.198,800.446,0.4717
mixed,32,29,0.9062,4.0,16,1024,2048,8192,7616,1409.472,1512.989,1450.016,0.3917
mixed,32,29,0.9062,4.0,16,1024,4096,16384,15232,2683.259,2918.233,2771.867,0.3771
mixed,32,29,0.9062,4.0,16,2048,128,512,476,206.463,216.704,208.063,0.1562
mixed,32,29,0.9062,4.0,16,2048,256,1024,952,288.221,302.271,300.157,0.8495
mixed,32,29,0.9062,4.0,16,2048,512,2048,1904,464.8,480.191,469.151,0.2827
mixed,32,29,0.9062,4.0,16,2048,1024,4096,3808,775.069,825.312,796.543,0.4274
mixed,32,29,0.9062,4.0,16,2048,2048,8192,7616,1411.552,1517.691,1472.126,0.5707
mixed,32,29,0.9062,4.0,16,2048,4096,16384,15232,2693.246,2881.533,2795.003,0.5404
mixed,32,29,0.9062,4.0,16,4096,128,512,476,216.128,227.106,219.393,0.2974
mixed,32,29,0.9062,4.0,16,4096,256,1024,952,297.854,315.871,305.375,0.4174
mixed,32,29,0.9062,4.0,16,4096,512,2048,1904,475.999,494.879,476.896,0.0475
mixed,32,29,0.9062,4.0,16,4096,1024,4096,3808,784.703,838.11,821.022,0.68
mixed,32,29,0.9062,4.0,16,4096,2048,8192,7616,1438.622,1534.143,1462.878,0.2539
mixed,32,29,0.9062,4.0,16,4096,4096,16384,15232,2698.428,2892.83,2780.444,0.4219
mixed,32,29,0.9062,4.0,16,8192,128,512,476,255.745,263.969,256.927,0.1437
mixed,32,29,0.9062,4.0,16,8192,256,1024,952,333.184,352.255,344.608,0.599
mixed,32,29,0.9062,4.0,16,8192,512,2048,1904,515.774,531.104,515.072,-0.0458
mixed,32,29,0.9062,4.0,16,8192,1024,4096,3808,826.012,882.751,853.31,0.4811
mixed,32,29,0.9062,4.0,16,8192,2048,8192,7616,1476.06,1563.36,1519.9,0.5022
mixed,32,29,0.9062,4.0,16,8192,4096,16384,15232,2727.1,2930.14,2830.622,0.5099
mixed,32,29,0.9062,4.0,32,0,128,512,476,199.744,208.256,201.503,0.2066
mixed,32,29,0.9062,4.0,32,0,256,1024,952,282.752,292.415,291.361,0.8909
mixed,32,29,0.9062,4.0,32,0,512,2048,1904,464.479,469.505,458.88,-1.114
mixed,32,29,0.9062,4.0,32,0,1024,4096,3808,766.494,818.909,799.231,0.6246
mixed,32,29,0.9062,4.0,32,0,2048,8192,7616,1414.975,1509.662,1471.709,0.5992
mixed,32,29,0.9062,4.0,32,0,4096,16384,15232,2682.973,2874.908,2796.795,0.593
mixed,32,29,0.9062,4.0,32,512,128,512,476,226.273,235.742,228.514,0.2367
mixed,32,29,0.9062,4.0,32,512,256,1024,952,307.678,322.816,315.969,0.5477
mixed,32,29,0.9062,4.0,32,512,512,2048,1904,486.814,503.037,482.397,-0.2723
mixed,32,29,0.9062,4.0,32,512,1024,4096,3808,798.88,860.417,833.054,0.5553
mixed,32,29,0.9062,4.0,32,512,2048,8192,7616,1437.054,1538.175,1498.94,0.612
mixed,32,29,0.9062,4.0,32,512,4096,16384,15232,2699.386,2908.284,2813.915,0.5483
mixed,32,29,0.9062,4.0,32,1024,128,512,476,229.218,237.79,230.114,0.1045
mixed,32,29,0.9062,4.0,32,1024,256,1024,952,310.306,325.469,316.0,0.3755
mixed,32,29,0.9062,4.0,32,1024,512,2048,1904,494.718,500.479,484.766,-1.7275
mixed,32,29,0.9062,4.0,32,1024,1024,4096,3808,811.071,849.44,827.838,0.437
mixed,32,29,0.9062,4.0,32,1024,2048,8192,7616,1448.956,1544.479,1490.974,0.4399
mixed,32,29,0.9062,4.0,32,1024,4096,16384,15232,2699.77,2925.979,2810.746,0.4906
mixed,32,29,0.9062,4.0,32,2048,128,512,476,235.329,248.319,237.824,0.1921
mixed,32,29,0.9062,4.0,32,2048,256,1024,952,318.334,333.567,327.328,0.5904
mixed,32,29,0.9062,4.0,32,2048,512,2048,1904,500.127,509.727,495.68,-0.4632
mixed,32,29,0.9062,4.0,32,2048,1024,4096,3808,810.334,862.304,830.016,0.3787
mixed,32,29,0.9062,4.0,32,2048,2048,8192,7616,1443.742,1550.11,1497.375,0.5042
mixed,32,29,0.9062,4.0,32,2048,4096,16384,15232,2732.157,2912.667,2814.683,0.4572
mixed,32,29,0.9062,4.0,32,4096,128,512,476,252.351,262.271,253.31,0.0967
mixed,32,29,0.9062,4.0,32,4096,256,1024,952,337.889,349.056,341.568,0.3295
mixed,32,29,0.9062,4.0,32,4096,512,2048,1904,513.408,529.343,516.511,0.1947
mixed,32,29,0.9062,4.0,32,4096,1024,4096,3808,827.233,874.524,849.341,0.4675
mixed,32,29,0.9062,4.0,32,4096,2048,8192,7616,1468.638,1561.725,1510.013,0.4445
mixed,32,29,0.9062,4.0,32,4096,4096,16384,15232,2744.921,2931.003,2821.756,0.4129
mixed,32,29,0.9062,4.0,32,8192,128,512,476,345.086,355.584,347.551,0.2348
mixed,32,29,0.9062,4.0,32,8192,256,1024,952,423.391,443.552,435.838,0.6174
mixed,32,29,0.9062,4.0,32,8192,512,2048,1904,609.024,623.616,606.654,-0.1624
mixed,32,29,0.9062,4.0,32,8192,1024,4096,3808,916.256,963.806,938.142,0.4603
mixed,32,29,0.9062,4.0,32,8192,2048,8192,7616,1561.533,1661.469,1622.718,0.6122
mixed,32,29,0.9062,4.0,32,8192,4096,16384,15232,2823.161,3035.195,2945.147,0.5753
mixed,32,29,0.9062,4.0,64,0,128,512,476,203.424,212.928,205.025,0.1685
mixed,32,29,0.9062,4.0,64,0,256,1024,952,287.519,302.783,292.255,0.3103
mixed,32,29,0.9062,4.0,64,0,512,2048,1904,469.76,482.368,471.071,0.104
mixed,32,29,0.9062,4.0,64,0,1024,4096,3808,777.632,827.486,793.695,0.3222
mixed,32,29,0.9062,4.0,64,0,2048,8192,7616,1415.837,1514.558,1470.301,0.5517
mixed,32,29,0.9062,4.0,64,0,4096,16384,15232,2705.818,2893.244,2802.747,0.5172
mixed,32,29,0.9062,4.0,64,512,128,512,476,235.582,245.665,238.304,0.27
mixed,32,29,0.9062,4.0,64,512,256,1024,952,322.719,337.342,324.509,0.1224
mixed,32,29,0.9062,4.0,64,512,512,2048,1904,504.575,508.797,499.806,-1.1296
mixed,32,29,0.9062,4.0,64,512,1024,4096,3808,815.262,866.14,839.646,0.4793
mixed,32,29,0.9062,4.0,64,512,2048,8192,7616,1456.416,1556.448,1505.756,0.4932
mixed,32,29,0.9062,4.0,64,512,4096,16384,15232,2737.659,2930.974,2837.915,0.5186
mixed,32,29,0.9062,4.0,64,1024,128,512,476,242.624,250.623,244.417,0.2242
mixed,32,29,0.9062,4.0,64,1024,256,1024,952,324.51,338.273,331.36,0.4977
mixed,32,29,0.9062,4.0,64,1024,512,2048,1904,511.809,521.405,504.257,-0.787
mixed,32,29,0.9062,4.0,64,1024,1024,4096,3808,824.444,870.59,844.0,0.4238
mixed,32,29,0.9062,4.0,64,1024,2048,8192,7616,1448.316,1558.974,1522.523,0.6706
mixed,32,29,0.9062,4.0,64,1024,4096,16384,15232,2734.681,2921.082,2840.508,0.5677
mixed,32,29,0.9062,4.0,64,2048,128,512,476,252.833,263.295,257.473,0.4435
mixed,32,29,0.9062,4.0,64,2048,256,1024,952,335.936,353.855,343.744,0.4357
mixed,32,29,0.9062,4.0,64,2048,512,2048,1904,520.159,529.631,517.946,-0.2336
mixed,32,29,0.9062,4.0,64,2048,1024,4096,3808,835.006,874.656,853.886,0.4762
mixed,32,29,0.9062,4.0,64,2048,2048,8192,7616,1480.414,1565.565,1517.664,0.4375
mixed,32,29,0.9062,4.0,64,2048,4096,16384,15232,2732.538,2956.699,2845.114,0.5022
mixed,32,29,0.9062,4.0,64,4096,128,512,476,328.351,339.487,330.847,0.2241
mixed,32,29,0.9062,4.0,64,4096,256,1024,952,415.745,430.145,422.335,0.4576
mixed,32,29,0.9062,4.0,64,4096,512,2048,1904,595.743,606.494,596.735,0.0923
mixed,32,29,0.9062,4.0,64,4096,1024,4096,3808,909.184,964.191,929.951,0.3775
mixed,32,29,0.9062,4.0,64,4096,2048,8192,7616,1546.012,1646.492,1603.165,0.5688
mixed,32,29,0.9062,4.0,64,4096,4096,16384,15232,2834.748,3039.772,2943.579,0.5308
mixed,32,29,0.9062,4.0,64,8192,128,512,476,409.409,420.224,409.632,0.0206
mixed,32,29,0.9062,4.0,64,8192,256,1024,952,493.628,508.992,497.82,0.2728
mixed,32,29,0.9062,4.0,64,8192,512,2048,1904,677.632,683.965,671.614,-0.9503
mixed,32,29,0.9062,4.0,64,8192,1024,4096,3808,983.294,1032.158,1005.568,0.4558
mixed,32,29,0.9062,4.0,64,8192,2048,8192,7616,1641.31,1721.503,1678.973,0.4697
mixed,32,29,0.9062,4.0,64,8192,4096,16384,15232,2909.373,3092.762,3002.234,0.5064
mixed,32,29,0.9062,4.0,128,0,128,512,476,207.87,215.743,210.461,0.3291
mixed,32,29,0.9062,4.0,128,0,256,1024,952,290.945,308.193,300.19,0.536
mixed,32,29,0.9062,4.0,128,0,512,2048,1904,475.422,485.408,470.527,-0.4902
mixed,32,29,0.9062,4.0,128,0,1024,4096,3808,781.983,831.584,799.806,0.3593
mixed,32,29,0.9062,4.0,128,0,2048,8192,7616,1426.428,1512.959,1478.334,0.5999
mixed,32,29,0.9062,4.0,128,0,4096,16384,15232,2710.873,2898.043,2787.673,0.4103
mixed,32,29,0.9062,4.0,128,512,128,512,476,252.32,260.64,253.92,0.1923
mixed,32,29,0.9062,4.0,128,512,256,1024,952,334.463,351.552,343.649,0.5375
mixed,32,29,0.9062,4.0,128,512,512,2048,1904,522.142,527.072,509.375,-2.5897
mixed,32,29,0.9062,4.0,128,512,1024,4096,3808,827.585,880.702,852.286,0.465
mixed,32,29,0.9062,4.0,128,512,2048,8192,7616,1466.912,1568.604,1528.378,0.6044
mixed,32,29,0.9062,4.0,128,512,4096,16384,15232,2729.084,2935.58,2857.18,0.6203
mixed,32,29,0.9062,4.0,128,1024,128,512,476,261.344,269.248,261.63,0.0362
mixed,32,29,0.9062,4.0,128,1024,256,1024,952,343.488,361.085,349.758,0.3563
mixed,32,29,0.9062,4.0,128,1024,512,2048,1904,525.984,537.311,523.932,-0.1812
mixed,32,29,0.9062,4.0,128,1024,1024,4096,3808,835.836,891.167,860.956,0.454
mixed,32,29,0.9062,4.0,128,1024,2048,8192,7616,1478.718,1581.277,1525.055,0.4518
mixed,32,29,0.9062,4.0,128,1024,4096,16384,15232,2762.651,2932.922,2857.049,0.5544
mixed,32,29,0.9062,4.0,128,2048,128,512,476,332.348,343.616,334.272,0.1707
mixed,32,29,0.9062,4.0,128,2048,256,1024,952,419.358,431.807,424.96,0.45
mixed,32,29,0.9062,4.0,128,2048,512,2048,1904,596.702,607.775,594.014,-0.2428
mixed,32,29,0.9062,4.0,128,2048,1024,4096,3808,905.501,966.912,932.99,0.4476
mixed,32,29,0.9062,4.0,128,2048,2048,8192,7616,1533.605,1663.357,1602.237,0.5289
mixed,32,29,0.9062,4.0,128,2048,4096,16384,15232,2814.619,3022.361,2921.495,0.5145
mixed,32,29,0.9062,4.0,128,4096,128,512,476,413.022,424.414,415.835,0.2469
mixed,32,29,0.9062,4.0,128,4096,256,1024,952,493.852,511.904,499.008,0.2856
mixed,32,29,0.9062,4.0,128,4096,512,2048,1904,680.993,685.917,675.774,-1.0599
mixed,32,29,0.9062,4.0,128,4096,1024,4096,3808,989.151,1032.703,1013.277,0.554
mixed,32,29,0.9062,4.0,128,4096,2048,8192,7616,1636.38,1722.618,1679.484,0.4998
mixed,32,29,0.9062,4.0,128,4096,4096,16384,15232,2898.617,3091.163,3014.809,0.6035
mixed,32,29,0.9062,4.0,128,8192,128,512,476,558.495,567.902,561.376,0.3063
mixed,32,29,0.9062,4.0,128,8192,256,1024,952,641.086,657.982,651.361,0.6081
mixed,32,29,0.9062,4.0,128,8192,512,2048,1904,823.998,834.943,818.975,-0.4589
mixed,32,29,0.9062,4.0,128,8192,1024,4096,3808,1132.701,1181.917,1166.076,0.6781
mixed,32,29,0.9062,4.0,128,8192,2048,8192,7616,1783.004,1878.525,1825.663,0.4466
mixed,32,29,0.9062,4.0,128,8192,4096,16384,15232,3044.25,3255.321,3149.498,0.4986
mixed,32,29,0.9062,4.0,256,0,128,512,476,275.712,286.017,276.352,0.0621
mixed,32,29,0.9062,4.0,256,0,256,1024,952,359.137,375.777,364.864,0.3442
mixed,32,29,0.9062,4.0,256,0,512,2048,1904,536.035,548.638,543.102,0.5607
mixed,32,29,0.9062,4.0,256,0,1024,4096,3808,845.598,900.606,874.048,0.5172
mixed,32,29,0.9062,4.0,256,0,2048,8192,7616,1490.557,1589.596,1538.107,0.4801
mixed,32,29,0.9062,4.0,256,0,4096,16384,15232,2765.692,2960.986,2867.291,0.5202
mixed,32,29,0.9062,4.0,256,512,128,512,476,339.648,351.516,344.385,0.3991
mixed,32,29,0.9062,4.0,256,512,256,1024,952,426.175,437.822,431.262,0.4368
mixed,32,29,0.9062,4.0,256,512,512,2048,1904,603.84,614.334,601.151,-0.2562
mixed,32,29,0.9062,4.0,256,512,1024,4096,3808,916.67,971.808,940.637,0.4347
mixed,32,29,0.9062,4.0,256,512,2048,8192,7616,1555.998,1661.981,1613.822,0.5456
mixed,32,29,0.9062,4.0,256,512,4096,16384,15232,2839.579,3036.442,2929.851,0.4586
mixed,32,29,0.9062,4.0,256,1024,128,512,476,396.094,406.273,401.472,0.5283
mixed,32,29,0.9062,4.0,256,1024,256,1024,952,479.394,496.896,484.287,0.2796
mixed,32,29,0.9062,4.0,256,1024,512,2048,1904,661.311,667.775,652.672,-1.3365
mixed,32,29,0.9062,4.0,256,1024,1024,4096,3808,972.252,1022.366,998.333,0.5204
mixed,32,29,0.9062,4.0,256,1024,2048,8192,7616,1610.844,1710.619,1666.877,0.5616
mixed,32,29,0.9062,4.0,256,1024,4096,16384,15232,2886.556,3090.49,3000.122,0.5569
mixed,32,29,0.9062,4.0,256,2048,128,512,476,432.319,439.359,434.778,0.3493
mixed,32,29,0.9062,4.0,256,2048,256,1024,952,514.016,533.086,523.583,0.5017
mixed,32,29,0.9062,4.0,256,2048,512,2048,1904,701.663,707.135,687.199,-2.6433
mixed,32,29,0.9062,4.0,256,2048,1024,4096,3808,1010.524,1058.077,1029.152,0.3917
mixed,32,29,0.9062,4.0,256,2048,2048,8192,7616,1649.052,1753.213,1698.108,0.471
mixed,32,29,0.9062,4.0,256,2048,4096,16384,15232,2941.498,3126.424,3028.471,0.4703
mixed,32,29,0.9062,4.0,256,4096,128,512,476,574.848,586.782,578.301,0.2893
mixed,32,29,0.9062,4.0,256,4096,256,1024,952,657.596,676.734,663.967,0.3329
mixed,32,29,0.9062,4.0,256,4096,512,2048,1904,838.204,855.328,839.39,0.0693
mixed,32,29,0.9062,4.0,256,4096,1024,4096,3808,1146.716,1202.653,1182.205,0.6344
mixed,32,29,0.9062,4.0,256,4096,2048,8192,7616,1799.357,1892.476,1863.196,0.6856
mixed,32,29,0.9062,4.0,256,4096,4096,16384,15232,3083.898,3254.58,3168.761,0.4972
mixed,32,29,0.9062,4.0,256,8192,128,512,476,822.494,831.391,824.637,0.2409
mixed,32,29,0.9062,4.0,256,8192,256,1024,952,900.509,920.986,909.824,0.4549
mixed,32,29,0.9062,4.0,256,8192,512,2048,1904,1090.334,1096.541,1079.167,-1.7991
mixed,32,29,0.9062,4.0,256,8192,1024,4096,3808,1395.198,1449.821,1411.709,0.3023
mixed,32,29,0.9062,4.0,256,8192,2048,8192,7616,2047.483,2136.702,2085.756,0.429
mixed,32,29,0.9062,4.0,256,8192,4096,16384,15232,3316.539,3524.09,3429.85,0.5459
mixed,32,29,0.9062,4.0,512,0,128,512,476,391.329,402.239,396.672,0.4897
mixed,32,29,0.9062,4.0,512,0,256,1024,952,473.472,492.896,482.366,0.4579
mixed,32,29,0.9062,4.0,512,0,512,2048,1904,659.966,668.254,658.207,-0.2122
mixed,32,29,0.9062,4.0,512,0,1024,4096,3808,961.855,1020.733,990.879,0.493
mixed,32,29,0.9062,4.0,512,0,2048,8192,7616,1612.444,1701.277,1656.092,0.4913
mixed,32,29,0.9062,4.0,512,0,4096,16384,15232,2898.523,3081.336,2985.017,0.4731
mixed,32,29,0.9062,4.0,512,512,128,512,476,463.071,472.863,467.68,0.4707
mixed,32,29,0.9062,4.0,512,512,256,1024,952,545.25,565.563,555.102,0.485
mixed,32,29,0.9062,4.0,512,512,512,2048,1904,727.104,738.142,720.768,-0.574
mixed,32,29,0.9062,4.0,512,512,1024,4096,3808,1036.189,1088.892,1061.186,0.4743
mixed,32,29,0.9062,4.0,512,512,2048,8192,7616,1682.172,1788.699,1722.141,0.3752
mixed,32,29,0.9062,4.0,512,512,4096,16384,15232,2948.634,3159.898,3057.401,0.5148
mixed,32,29,0.9062,4.0,512,1024,128,512,476,532.479,542.527,532.928,0.0447
mixed,32,29,0.9062,4.0,512,1024,256,1024,952,615.329,632.639,621.596,0.362
mixed,32,29,0.9062,4.0,512,1024,512,2048,1904,798.049,807.487,791.141,-0.7319
mixed,32,29,0.9062,4.0,512,1024,1024,4096,3808,1116.862,1153.756,1131.551,0.3981
mixed,32,29,0.9062,4.0,512,1024,2048,8192,7616,1746.972,1855.421,1797.244,0.4636
mixed,32,29,0.9062,4.0,512,1024,4096,16384,15232,3018.364,3244.696,3125.401,0.4729
mixed,32,29,0.9062,4.0,512,2048,128,512,476,675.168,688.126,681.183,0.4642
mixed,32,29,0.9062,4.0,512,2048,256,1024,952,756.927,776.865,769.051,0.6081
mixed,32,29,0.9062,4.0,512,2048,512,2048,1904,946.718,951.967,935.263,-2.1823
mixed,32,29,0.9062,4.0,512,2048,1024,4096,3808,1247.517,1301.437,1278.749,0.5792
mixed,32,29,0.9062,4.0,512,2048,2048,8192,7616,1894.172,2005.56,1947.259,0.4766
mixed,32,29,0.9062,4.0,512,2048,4096,16384,15232,3178.458,3368.024,3281.817,0.5452
mixed,32,29,0.9062,4.0,512,4096,128,512,476,955.196,965.789,956.863,0.1574
mixed,32,29,0.9062,4.0,512,4096,256,1024,952,1037.406,1054.365,1042.11,0.2774
mixed,32,29,0.9062,4.0,512,4096,512,2048,1904,1220.798,1229.436,1218.591,-0.2555
mixed,32,29,0.9062,4.0,512,4096,1024,4096,3808,1529.212,1575.581,1546.651,0.3761
mixed,32,29,0.9062,4.0,512,4096,2048,8192,7616,2180.634,2268.25,2222.173,0.4741
mixed,32,29,0.9062,4.0,512,4096,4096,16384,15232,3471.001,3634.36,3548.536,0.4746
mixed,32,29,0.9062,4.0,512,8192,128,512,476,1507.774,1517.565,1510.106,0.2382
mixed,32,29,0.9062,4.0,512,8192,256,1024,952,1588.476,1604.891,1595.643,0.4366
mixed,32,29,0.9062,4.0,512,8192,512,2048,1904,1774.203,1780.635,1769.629,-0.7111
mixed,32,29,0.9062,4.0,512,8192,1024,4096,3808,2083.484,2128.986,2106.586,0.5077
mixed,32,29,0.9062,4.0,512,8192,2048,8192,7616,2723.417,2824.218,2769.466,0.4568
mixed,32,29,0.9062,4.0,512,8192,4096,16384,15232,4002.039,4203.481,4079.768,0.3859
mixed,32,29,0.9062,4.0,1024,0,128,512,476,645.278,654.082,650.463,0.5889
mixed,32,29,0.9062,4.0,1024,0,256,1024,952,727.327,745.054,734.782,0.4205
mixed,32,29,0.9062,4.0,1024,0,512,2048,1904,912.958,925.085,911.357,-0.132
mixed,32,29,0.9062,4.0,1024,0,1024,4096,3808,1218.27,1270.524,1238.334,0.384
mixed,32,29,0.9062,4.0,1024,0,2048,8192,7616,1855.774,1963.805,1924.19,0.6333
mixed,32,29,0.9062,4.0,1024,0,4096,16384,15232,3138.012,3330.359,3245.018,0.5563
mixed,32,29,0.9062,4.0,1024,512,128,512,476,822.271,832.349,827.198,0.4889
mixed,32,29,0.9062,4.0,1024,512,256,1024,952,907.903,917.982,907.582,-0.0318
mixed,32,29,0.9062,4.0,1024,512,512,2048,1904,1089.566,1096.543,1085.247,-0.619
mixed,32,29,0.9062,4.0,1024,512,1024,4096,3808,1398.718,1450.906,1418.302,0.3753
mixed,32,29,0.9062,4.0,1024,512,2048,8192,7616,2038.268,2146.747,2089.53,0.4726
mixed,32,29,0.9062,4.0,1024,512,4096,16384,15232,3293.943,3515.481,3414.585,0.5446
mixed,32,29,0.9062,4.0,1024,1024,128,512,476,979.324,990.525,982.428,0.2771
mixed,32,29,0.9062,4.0,1024,1024,256,1024,952,1060.958,1080.157,1069.407,0.4401
mixed,32,29,0.9062,4.0,1024,1024,512,2048,1904,1245.468,1259.198,1243.356,-0.1538
mixed,32,29,0.9062,4.0,1024,1024,1024,4096,3808,1558.206,1609.307,1584.41,0.5128
mixed,32,29,0.9062,4.0,1024,1024,2048,8192,7616,2193.691,2309.659,2242.682,0.4225
mixed,32,29,0.9062,4.0,1024,1024,4096,16384,15232,3475.128,3674.428,3593.08,0.5918
mixed,32,29,0.9062,4.0,1024,2048,128,512,476,1255.87,1266.781,1258.847,0.2728
mixed,32,29,0.9062,4.0,1024,2048,256,1024,952,1340.127,1351.772,1346.585,0.5546
mixed,32,29,0.9062,4.0,1024,2048,512,2048,1904,1520.604,1533.148,1514.845,-0.4591
mixed,32,29,0.9062,4.0,1024,2048,1024,4096,3808,1832.573,1890.555,1858.619,0.4492
mixed,32,29,0.9062,4.0,1024,2048,2048,8192,7616,2467.067,2571.514,2522.109,0.527
mixed,32,29,0.9062,4.0,1024,2048,4096,16384,15232,3739.834,3942.581,3856.982,0.5778
mixed,32,29,0.9062,4.0,1024,4096,128,512,476,1807.677,1819.356,1811.098,0.2929
mixed,32,29,0.9062,4.0,1024,4096,256,1024,952,1895.9,1911.867,1895.545,-0.0222
mixed,32,29,0.9062,4.0,1024,4096,512,2048,1904,2074.236,2086.809,2066.043,-0.6516
mixed,32,29,0.9062,4.0,1024,4096,1024,4096,3808,2385.02,2423.581,2413.786,0.746
mixed,32,29,0.9062,4.0,1024,4096,2048,8192,7616,3020.119,3127.417,3079.673,0.555
mixed,32,29,0.9062,4.0,1024,4096,4096,16384,15232,4306.902,4492.856,4401.108,0.5066
mixed,32,29,0.9062,4.0,1024,8192,128,512,476,2902.107,2912.41,2904.442,0.2266
mixed,32,29,0.9062,4.0,1024,8192,256,1024,952,2985.915,3000.472,2995.802,0.6792
mixed,32,29,0.9062,4.0,1024,8192,512,2048,1904,3165.949,3175.864,3166.104,0.0156
mixed,32,29,0.9062,4.0,1024,8192,1024,4096,3808,3481.431,3525.881,3505.176,0.5342
mixed,32,29,0.9062,4.0,1024,8192,2048,8192,7616,4122.84,4211.609,4182.746,0.6749
mixed,32,29,0.9062,4.0,1024,8192,4096,16384,15232,5397.72,5580.404,5488.21,0.4953
mixed,32,29,0.9062,4.0,2048,0,128,512,476,1101.533,1110.432,1106.844,0.5968
mixed,32,29,0.9062,4.0,2048,0,256,1024,952,1183.549,1204.092,1190.045,0.3162
mixed,32,29,0.9062,4.0,2048,0,512,2048,1904,1371.579,1377.915,1362.236,-1.4746
mixed,32,29,0.9062,4.0,2048,0,1024,4096,3808,1680.446,1727.838,1714.144,0.711
mixed,32,29,0.9062,4.0,2048,0,2048,8192,7616,2311.545,2417.722,2387.738,0.7176
mixed,32,29,0.9062,4.0,2048,0,4096,16384,15232,3606.296,3800.663,3700.76,0.486
mixed,32,29,0.9062,4.0,2048,512,128,512,476,1438.781,1445.213,1440.797,0.3134
mixed,32,29,0.9062,4.0,2048,512,256,1024,952,1521.119,1533.544,1527.389,0.5046
mixed,32,29,0.9062,4.0,2048,512,512,2048,1904,1711.325,1718.332,1707.612,-0.5299
mixed,32,29,0.9062,4.0,2048,512,1024,4096,3808,2016.571,2059.353,2038.94,0.5229
mixed,32,29,0.9062,4.0,2048,512,2048,8192,7616,2652.058,2759.128,2711.674,0.5568
mixed,32,29,0.9062,4.0,2048,512,4096,16384,15232,3928.694,4134.263,4038.231,0.5328
mixed,32,29,0.9062,4.0,2048,1024,128,512,476,1776.029,1786.076,1777.725,0.1688
mixed,32,29,0.9062,4.0,2048,1024,256,1024,952,1860.059,1873.884,1864.507,0.3217
mixed,32,29,0.9062,4.0,2048,1024,512,2048,1904,2040.347,2043.932,2031.003,-2.6064
mixed,32,29,0.9062,4.0,2048,1024,1024,4096,3808,2343.704,2397.596,2364.187,0.3801
mixed,32,29,0.9062,4.0,2048,1024,2048,8192,7616,2988.376,3079.356,3038.556,0.5515
mixed,32,29,0.9062,4.0,2048,1024,4096,16384,15232,4270.069,4459.0,4365.302,0.5041
mixed,32,29,0.9062,4.0,2048,2048,128,512,476,2328.218,2335.418,2326.967,-0.1737
mixed,32,29,0.9062,4.0,2048,2048,256,1024,952,2407.289,2425.626,2415.93,0.4712
mixed,32,29,0.9062,4.0,2048,2048,512,2048,1904,2585.56,2601.658,2585.786,0.014
mixed,32,29,0.9062,4.0,2048,2048,1024,4096,3808,2894.169,2955.962,2921.497,0.4423
mixed,32,29,0.9062,4.0,2048,2048,2048,8192,7616,3548.025,3644.664,3590.165,0.4361
mixed,32,29,0.9062,4.0,2048,2048,4096,16384,15232,4816.278,5016.693,4944.119,0.6379
mixed,32,29,0.9062,4.0,2048,4096,128,512,476,3417.047,3433.398,3423.449,0.3915
mixed,32,29,0.9062,4.0,2048,4096,256,1024,952,3499.544,3521.112,3508.983,0.4376
mixed,32,29,0.9062,4.0,2048,4096,512,2048,1904,3685.624,3694.807,3685.239,-0.0419
mixed,32,29,0.9062,4.0,2048,4096,1024,4096,3808,3996.95,4047.575,4019.188,0.4393
mixed,32,29,0.9062,4.0,2048,4096,2048,8192,7616,4638.195,4741.942,4691.447,0.5133
mixed,32,29,0.9062,4.0,2048,4096,4096,16384,15232,5926.322,6110.292,6015.378,0.4841
mixed,32,29,0.9062,4.0,2048,8192,128,512,476,5618.318,5625.365,5614.703,-0.513
mixed,32,29,0.9062,4.0,2048,8192,256,1024,952,5693.425,5713.969,5708.183,0.7184
mixed,32,29,0.9062,4.0,2048,8192,512,2048,1904,5887.76,5893.717,5872.273,-2.5998
mixed,32,29,0.9062,4.0,2048,8192,1024,4096,3808,6191.955,6230.992,6217.01,0.6418
mixed,32,29,0.9062,4.0,2048,8192,2048,8192,7616,6835.728,6931.664,6881.038,0.4723
mixed,32,29,0.9062,4.0,2048,8192,4096,16384,15232,8102.347,8312.654,8208.398,0.5043
pure,64,1,0.0156,4.0,0,0,128,512,134,95.807,232.288,111.362,0.114
pure,64,1,0.0156,4.0,0,0,256,1024,268,143.52,412.577,161.952,0.0685
pure,64,1,0.0156,4.0,0,0,512,2048,536,236.415,758.75,254.016,0.0337
pure,64,1,0.0156,4.0,0,0,1024,4096,1072,434.753,1466.077,435.327,0.0006
pure,64,1,0.0156,4.0,0,0,2048,8192,2144,792.059,2819.578,796.415,0.0021
pure,64,1,0.0156,4.0,0,0,4096,16384,4288,1512.604,5552.244,1514.397,0.0004
mixed,64,1,0.0156,4.0,16,0,128,512,134,119.52,258.079,133.6,0.1016
mixed,64,1,0.0156,4.0,16,0,256,1024,268,167.873,437.313,182.689,0.055
mixed,64,1,0.0156,4.0,16,0,512,2048,536,262.495,777.536,274.143,0.0226
mixed,64,1,0.0156,4.0,16,0,1024,4096,1072,448.285,1474.779,457.152,0.0086
mixed,64,1,0.0156,4.0,16,0,2048,8192,2144,816.926,2837.658,816.831,-0.0
mixed,64,1,0.0156,4.0,16,0,4096,16384,4288,1530.588,5562.1,1538.909,0.0021
mixed,64,1,0.0156,4.0,16,512,128,512,134,151.935,289.728,167.264,0.1112
mixed,64,1,0.0156,4.0,16,512,256,1024,268,202.719,472.479,215.393,0.047
mixed,64,1,0.0156,4.0,16,512,512,2048,536,293.184,821.184,307.582,0.0273
mixed,64,1,0.0156,4.0,16,512,1024,4096,1072,490.206,1505.983,492.252,0.002
mixed,64,1,0.0156,4.0,16,512,2048,8192,2144,849.405,2871.577,854.111,0.0023
mixed,64,1,0.0156,4.0,16,512,4096,16384,4288,1571.164,5602.388,1564.317,-0.0017
mixed,64,1,0.0156,4.0,16,1024,128,512,134,154.815,292.832,169.248,0.1046
mixed,64,1,0.0156,4.0,16,1024,256,1024,268,204.289,468.575,217.345,0.0494
mixed,64,1,0.0156,4.0,16,1024,512,2048,536,293.472,816.539,312.929,0.0372
mixed,64,1,0.0156,4.0,16,1024,1024,4096,1072,484.162,1514.173,492.735,0.0083
mixed,64,1,0.0156,4.0,16,1024,2048,8192,2144,858.749,2870.81,847.966,-0.0054
mixed,64,1,0.0156,4.0,16,1024,4096,16384,4288,1567.997,5598.229,1563.994,-0.001
mixed,64,1,0.0156,4.0,16,2048,128,512,134,159.264,295.072,173.919,0.1079
mixed,64,1,0.0156,4.0,16,2048,256,1024,268,207.744,475.264,222.334,0.0545
mixed,64,1,0.0156,4.0,16,2048,512,2048,536,299.741,827.968,316.991,0.0327
mixed,64,1,0.0156,4.0,16,2048,1024,4096,1072,486.464,1508.924,498.272,0.0115
mixed,64,1,0.0156,4.0,16,2048,2048,8192,2144,853.535,2868.728,861.661,0.004
mixed,64,1,0.0156,4.0,16,2048,4096,16384,4288,1579.709,5594.582,1563.517,-0.004
mixed,64,1,0.0156,4.0,16,4096,128,512,134,167.391,303.55,180.479,0.0961
mixed,64,1,0.0156,4.0,16,4096,256,1024,268,213.95,488.255,231.68,0.0646
mixed,64,1,0.0156,4.0,16,4096,512,2048,536,307.197,824.925,322.496,0.0296
mixed,64,1,0.0156,4.0,16,4096,1024,4096,1072,496.03,1516.54,505.056,0.0088
mixed,64,1,0.0156,4.0,16,4096,2048,8192,2144,862.172,2908.185,872.542,0.0051
mixed,64,1,0.0156,4.0,16,4096,4096,16384,4288,1585.537,5607.86,1581.116,-0.0011
mixed,64,1,0.0156,4.0,16,8192,128,512,134,202.782,339.296,216.897,0.1034
mixed,64,1,0.0156,4.0,16,8192,256,1024,268,254.943,519.808,269.79,0.0561
mixed,64,1,0.0156,4.0,16,8192,512,2048,536,346.303,865.949,361.823,0.0299
mixed,64,1,0.0156,4.0,16,8192,1024,4096,1072,536.544,1554.331,545.505,0.0088
mixed,64,1,0.0156,4.0,16,8192,2048,8192,2144,903.36,2916.153,901.406,-0.001
mixed,64,1,0.0156,4.0,16,8192,4096,16384,4288,1631.325,5633.556,1612.03,-0.0048
mixed,64,1,0.0156,4.0,32,0,128,512,134,150.176,288.864,165.12,0.1078
mixed,64,1,0.0156,4.0,32,0,256,1024,268,198.368,464.032,215.296,0.0637
mixed,64,1,0.0156,4.0,32,0,512,2048,536,297.344,819.071,306.752,0.018
mixed,64,1,0.0156,4.0,32,0,1024,4096,1072,490.494,1506.557,495.102,0.0045
mixed,64,1,0.0156,4.0,32,0,2048,8192,2144,847.871,2877.725,852.67,0.0024
mixed,64,1,0.0156,4.0,32,0,4096,16384,4288,1564.574,5622.771,1566.909,0.0006
mixed,64,1,0.0156,4.0,32,512,128,512,134,177.121,316.928,189.855,0.0911
mixed,64,1,0.0156,4.0,32,512,256,1024,268,225.759,490.623,241.215,0.0584
mixed,64,1,0.0156,4.0,32,512,512,2048,536,317.6,840.254,337.311,0.0377
mixed,64,1,0.0156,4.0,32,512,1024,4096,1072,517.246,1534.077,512.768,-0.0044
mixed,64,1,0.0156,4.0,32,512,2048,8192,2144,874.429,2908.347,878.59,0.002
mixed,64,1,0.0156,4.0,32,512,4096,16384,4288,1588.093,5612.18,1595.229,0.0018
mixed,64,1,0.0156,4.0,32,1024,128,512,134,180.832,316.511,192.54,0.0863
mixed,64,1,0.0156,4.0,32,1024,256,1024,268,226.88,497.824,243.648,0.0619
mixed,64,1,0.0156,4.0,32,1024,512,2048,536,321.183,847.165,335.903,0.028
mixed,64,1,0.0156,4.0,32,1024,1024,4096,1072,517.407,1531.389,515.295,-0.0021
mixed,64,1,0.0156,4.0,32,1024,2048,8192,2144,875.708,2895.963,880.894,0.0026
mixed,64,1,0.0156,4.0,32,1024,4096,16384,4288,1596.828,5621.747,1600.188,0.0008
mixed,64,1,0.0156,4.0,32,2048,128,512,134,184.321,322.174,197.726,0.0972
mixed,64,1,0.0156,4.0,32,2048,256,1024,268,233.472,499.902,248.576,0.0567
mixed,64,1,0.0156,4.0,32,2048,512,2048,536,328.0,852.737,343.104,0.0288
mixed,64,1,0.0156,4.0,32,2048,1024,4096,1072,518.144,1538.523,526.208,0.0079
mixed,64,1,0.0156,4.0,32,2048,2048,8192,2144,887.39,2895.674,886.207,-0.0006
mixed,64,1,0.0156,4.0,32,2048,4096,16384,4288,1606.525,5640.276,1600.188,-0.0016
mixed,64,1,0.0156,4.0,32,4096,128,512,134,197.536,336.702,211.808,0.1026
mixed,64,1,0.0156,4.0,32,4096,256,1024,268,248.543,515.807,265.11,0.062
mixed,64,1,0.0156,4.0,32,4096,512,2048,536,345.521,858.65,357.646,0.0236
mixed,64,1,0.0156,4.0,32,4096,1024,4096,1072,536.903,1561.593,534.44,-0.0024
mixed,64,1,0.0156,4.0,32,4096,2048,8192,2144,898.936,2936.253,907.766,0.0043
mixed,64,1,0.0156,4.0,32,4096,4096,16384,4288,1618.391,5668.42,1629.719,0.0028
mixed,64,1,0.0156,4.0,32,8192,128,512,134,296.784,437.518,314.005,0.1224
mixed,64,1,0.0156,4.0,32,8192,256,1024,268,345.327,612.325,359.31,0.0524
mixed,64,1,0.0156,4.0,32,8192,512,2048,536,436.428,957.237,452.109,0.0301
mixed,64,1,0.0156,4.0,32,8192,1024,4096,1072,635.042,1651.897,636.708,0.0016
mixed,64,1,0.0156,4.0,32,8192,2048,8192,2144,990.357,3021.596,997.813,0.0037
mixed,64,1,0.0156,4.0,32,8192,4096,16384,4288,1724.916,5767.365,1726.646,0.0004
mixed,64,1,0.0156,4.0,64,0,128,512,134,152.566,291.764,166.905,0.103
mixed,64,1,0.0156,4.0,64,0,256,1024,268,202.038,471.18,218.679,0.0618
mixed,64,1,0.0156,4.0,64,0,512,2048,536,296.66,818.3,313.428,0.0321
mixed,64,1,0.0156,4.0,64,0,1024,4096,1072,487.819,1508.066,493.802,0.0059
mixed,64,1,0.0156,4.0,64,0,2048,8192,2144,852.731,2904.322,853.02,0.0001
mixed,64,1,0.0156,4.0,64,0,4096,16384,4288,1570.59,5626.926,1582.176,0.0029
mixed,64,1,0.0156,4.0,64,512,128,512,134,184.183,321.555,196.631,0.0906
mixed,64,1,0.0156,4.0,64,512,256,1024,268,232.949,498.379,249.524,0.0624
mixed,64,1,0.0156,4.0,64,512,512,2048,536,328.595,849.532,343.279,0.0282
mixed,64,1,0.0156,4.0,64,512,1024,4096,1072,528.457,1544.286,528.651,0.0002
mixed,64,1,0.0156,4.0,64,512,2048,8192,2144,883.45,2912.902,883.353,-0.0
mixed,64,1,0.0156,4.0,64,512,4096,16384,4288,1607.325,5668.852,1605.726,-0.0004
mixed,64,1,0.0156,4.0,64,1024,128,512,134,189.239,326.579,202.744,0.0983
mixed,64,1,0.0156,4.0,64,1024,256,1024,268,239.733,511.82,256.693,0.0623
mixed,64,1,0.0156,4.0,64,1024,512,2048,536,334.194,853.179,346.642,0.024
mixed,64,1,0.0156,4.0,64,1024,1024,4096,1072,533.065,1544.096,528.616,-0.0044
mixed,64,1,0.0156,4.0,64,1024,2048,8192,2144,888.186,2923.014,885.82,-0.0012
mixed,64,1,0.0156,4.0,64,1024,4096,16384,4288,1609.533,5664.79,1617.789,0.002
mixed,64,1,0.0156,4.0,64,2048,128,512,134,198.872,339.568,213.332,0.1028
mixed,64,1,0.0156,4.0,64,2048,256,1024,268,249.589,519.309,266.645,0.0632
mixed,64,1,0.0156,4.0,64,2048,512,2048,536,342.802,873.085,355.892,0.0247
mixed,64,1,0.0156,4.0,64,2048,1024,4096,1072,546.954,1555.49,542.891,-0.004
mixed,64,1,0.0156,4.0,64,2048,2048,8192,2144,901.564,2929.864,905.53,0.002
mixed,64,1,0.0156,4.0,64,2048,4096,16384,4288,1616.127,5698.938,1628.958,0.0031
mixed,64,1,0.0156,4.0,64,4096,128,512,134,277.525,418.289,290.837,0.0946
mixed,64,1,0.0156,4.0,64,4096,256,1024,268,328.372,601.417,344.211,0.058
mixed,64,1,0.0156,4.0,64,4096,512,2048,536,419.665,941.915,435.086,0.0295
mixed,64,1,0.0156,4.0,64,4096,1024,4096,1072,618.503,1631.837,617.892,-0.0006
mixed,64,1,0.0156,4.0,64,4096,2048,8192,2144,979.644,3005.64,980.954,0.0006
mixed,64,1,0.0156,4.0,64,4096,4096,16384,4288,1709.212,5733.981,1708.987,-0.0001
mixed,64,1,0.0156,4.0,64,8192,128,512,134,357.488,495.693,371.892,0.1042
mixed,64,1,0.0156,4.0,64,8192,256,1024,268,405.778,676.934,424.208,0.068
mixed,64,1,0.0156,4.0,64,8192,512,2048,536,502.538,1030.36,516.875,0.0272
mixed,64,1,0.0156,4.0,64,8192,1024,4096,1072,695.397,1721.309,696.162,0.0007
mixed,64,1,0.0156,4.0,64,8192,2048,8192,2144,1057.719,3076.554,1058.389,0.0003
mixed,64,1,0.0156,4.0,64,8192,4096,16384,4288,1774.17,5804.349,1779.674,0.0014
mixed,64,1,0.0156,4.0,128,0,128,512,134,157.436,295.669,170.875,0.0972
mixed,64,1,0.0156,4.0,128,0,256,1024,268,204.729,470.351,218.232,0.0508
mixed,64,1,0.0156,4.0,128,0,512,2048,536,294.869,816.832,311.156,0.0312
mixed,64,1,0.0156,4.0,128,0,1024,4096,1072,488.461,1512.068,494.348,0.0058
mixed,64,1,0.0156,4.0,128,0,2048,8192,2144,854.878,2895.569,856.319,0.0007
mixed,64,1,0.0156,4.0,128,0,4096,16384,4288,1578.629,5629.835,1574.244,-0.0011
mixed,64,1,0.0156,4.0,128,512,128,512,134,198.584,337.778,212.405,0.0993
mixed,64,1,0.0156,4.0,128,512,256,1024,268,249.01,513.612,264.375,0.0581
mixed,64,1,0.0156,4.0,128,512,512,2048,536,343.123,859.68,355.284,0.0235
mixed,64,1,0.0156,4.0,128,512,1024,4096,1072,532.747,1558.18,546.06,0.013
mixed,64,1,0.0156,4.0,128,512,2048,8192,2144,892.575,2926.384,905.436,0.0063
mixed,64,1,0.0156,4.0,128,512,4096,16384,4288,1627.075,5671.756,1618.596,-0.0021
mixed,64,1,0.0156,4.0,128,1024,128,512,134,205.975,348.948,219.161,0.0922
mixed,64,1,0.0156,4.0,128,1024,256,1024,268,257.302,519.788,271.576,0.0544
mixed,64,1,0.0156,4.0,128,1024,512,2048,536,353.171,876.894,365.396,0.0233
mixed,64,1,0.0156,4.0,128,1024,1024,4096,1072,541.099,1572.199,549.709,0.0084
mixed,64,1,0.0156,4.0,128,1024,2048,8192,2144,908.254,2930.037,905.182,-0.0015
mixed,64,1,0.0156,4.0,128,1024,4096,16384,4288,1637.954,5649.714,1618.275,-0.0049
mixed,64,1,0.0156,4.0,128,2048,128,512,134,280.951,418.801,297.879,0.1228
mixed,64,1,0.0156,4.0,128,2048,256,1024,268,330.802,599.817,348.051,0.0641
mixed,64,1,0.0156,4.0,128,2048,512,2048,536,425.81,950.397,439.377,0.0259
mixed,64,1,0.0156,4.0,128,2048,1024,4096,1072,621.068,1637.701,618.282,-0.0027
mixed,64,1,0.0156,4.0,128,2048,2048,8192,2144,982.3,3019.315,982.041,-0.0001
mixed,64,1,0.0156,4.0,128,2048,4096,16384,4288,1699.875,5766.865,1703.908,0.001
mixed,64,1,0.0156,4.0,128,4096,128,512,134,361.683,497.55,377.334,0.1152
mixed,64,1,0.0156,4.0,128,4096,256,1024,268,409.393,674.666,428.656,0.0726
mixed,64,1,0.0156,4.0,128,4096,512,2048,536,503.568,1021.756,521.26,0.0341
mixed,64,1,0.0156,4.0,128,4096,1024,4096,1072,700.035,1708.928,701.191,0.0011
mixed,64,1,0.0156,4.0,128,4096,2048,8192,2144,1059.483,3099.315,1062.359,0.0014
mixed,64,1,0.0156,4.0,128,4096,4096,16384,4288,1780.031,5812.817,1787.84,0.0019
mixed,64,1,0.0156,4.0,128,8192,128,512,134,509.997,647.434,524.3,0.1041
mixed,64,1,0.0156,4.0,128,8192,256,1024,268,557.579,827.364,575.853,0.0677
mixed,64,1,0.0156,4.0,128,8192,512,2048,536,649.991,1187.127,664.073,0.0262
mixed,64,1,0.0156,4.0,128,8192,1024,4096,1072,843.908,1873.277,857.312,0.013
mixed,64,1,0.0156,4.0,128,8192,2048,8192,2144,1209.271,3231.566,1210.135,0.0004
mixed,64,1,0.0156,4.0,128,8192,4096,16384,4288,1929.244,5985.969,1944.863,0.0039
mixed,64,1,0.0156,4.0,256,0,128,512,134,220.92,360.246,235.191,0.1024
mixed,64,1,0.0156,4.0,256,0,256,1024,268,271.898,538.576,286.168,0.0535
mixed,64,1,0.0156,4.0,256,0,512,2048,536,366.45,889.152,381.584,0.029
mixed,64,1,0.0156,4.0,256,0,1024,4096,1072,573.806,1585.96,563.241,-0.0104
mixed,64,1,0.0156,4.0,256,0,2048,8192,2144,924.767,2950.265,929.408,0.0023
mixed,64,1,0.0156,4.0,256,0,4096,16384,4288,1630.186,5694.109,1646.373,0.004
mixed,64,1,0.0156,4.0,256,512,128,512,134,287.446,427.985,303.031,0.1109
mixed,64,1,0.0156,4.0,256,512,256,1024,268,338.806,607.242,354.035,0.0567
mixed,64,1,0.0156,4.0,256,512,512,2048,536,429.843,955.903,447.921,0.0344
mixed,64,1,0.0156,4.0,256,512,1024,4096,1072,628.108,1646.921,631.627,0.0035
mixed,64,1,0.0156,4.0,256,512,2048,8192,2144,996.223,3023.063,991.999,-0.0021
mixed,64,1,0.0156,4.0,256,512,4096,16384,4288,1710.76,5773.279,1713.35,0.0006
mixed,64,1,0.0156,4.0,256,1024,128,512,134,344.632,482.418,358.933,0.1038
mixed,64,1,0.0156,4.0,256,1024,256,1024,268,390.9,659.917,410.033,0.0711
mixed,64,1,0.0156,4.0,256,1024,512,2048,536,484.942,1015.964,501.458,0.0311
mixed,64,1,0.0156,4.0,256,1024,1024,4096,1072,684.392,1699.718,683.977,-0.0004
mixed,64,1,0.0156,4.0,256,1024,2048,8192,2144,1048.861,3078.714,1051.291,0.0012
mixed,64,1,0.0156,4.0,256,1024,4096,16384,4288,1771.459,5836.831,1763.975,-0.0018
mixed,64,1,0.0156,4.0,256,2048,128,512,134,378.674,518.253,394.452,0.113
mixed,64,1,0.0156,4.0,256,2048,256,1024,268,427.25,695.531,446.033,0.07
mixed,64,1,0.0156,4.0,256,2048,512,2048,536,525.455,1045.79,537.103,0.0224
mixed,64,1,0.0156,4.0,256,2048,1024,4096,1072,718.473,1754.44,720.168,0.0016
mixed,64,1,0.0156,4.0,256,2048,2048,8192,2144,1081.183,3100.859,1085.984,0.0024
mixed,64,1,0.0156,4.0,256,2048,4096,16384,4288,1808.325,5840.514,1796.931,-0.0028
mixed,64,1,0.0156,4.0,256,4096,128,512,134,522.701,662.315,539.438,0.1199
mixed,64,1,0.0156,4.0,256,4096,256,1024,268,571.469,842.018,589.513,0.0667
mixed,64,1,0.0156,4.0,256,4096,512,2048,536,662.059,1196.889,683.019,0.0392
mixed,64,1,0.0156,4.0,256,4096,1024,4096,1072,868.58,1876.611,862.721,-0.0058
mixed,64,1,0.0156,4.0,256,4096,2048,8192,2144,1230.552,3256.12,1234.747,0.0021
mixed,64,1,0.0156,4.0,256,4096,4096,16384,4288,1937.474,5974.371,1940.611,0.0008
mixed,64,1,0.0156,4.0,256,8192,128,512,134,770.024,908.073,786.759,0.1212
mixed,64,1,0.0156,4.0,256,8192,256,1024,268,818.248,1086.875,837.093,0.0702
mixed,64,1,0.0156,4.0,256,8192,512,2048,536,910.756,1431.7,928.674,0.0344
mixed,64,1,0.0156,4.0,256,8192,1024,4096,1072,1106.876,2123.836,1110.077,0.0031
mixed,64,1,0.0156,4.0,256,8192,2048,8192,2144,1467.635,3502.162,1472.531,0.0024
mixed,64,1,0.0156,4.0,256,8192,4096,16384,4288,2187.578,6239.422,2192.507,0.0012
mixed,64,1,0.0156,4.0,512,0,128,512,134,341.62,476.305,352.885,0.0836
mixed,64,1,0.0156,4.0,512,0,256,1024,268,390.165,662.895,404.912,0.0541
mixed,64,1,0.0156,4.0,512,0,512,2048,536,484.813,1018.591,499.761,0.028
mixed,64,1,0.0156,4.0,512,0,1024,4096,1072,682.156,1692.493,684.555,0.0024
mixed,64,1,0.0156,4.0,512,0,2048,8192,2144,1041.63,3071.359,1045.568,0.0019
mixed,64,1,0.0156,4.0,512,0,4096,16384,4288,1758.185,5792.846,1758.315,0.0
mixed,64,1,0.0156,4.0,512,512,128,512,134,411.829,551.277,426.292,0.1037
mixed,64,1,0.0156,4.0,512,512,256,1024,268,461.682,731.339,478.929,0.064
mixed,64,1,0.0156,4.0,512,512,512,2048,536,554.607,1087.135,570.671,0.0302
mixed,64,1,0.0156,4.0,512,512,1024,4096,1072,752.072,1769.258,749.163,-0.0029
mixed,64,1,0.0156,4.0,512,512,2048,8192,2144,1103.611,3133.984,1118.943,0.0076
mixed,64,1,0.0156,4.0,512,512,4096,16384,4288,1832.84,5869.327,1826.089,-0.0017
mixed,64,1,0.0156,4.0,512,1024,128,512,134,479.955,618.381,495.572,0.1128
mixed,64,1,0.0156,4.0,512,1024,256,1024,268,528.241,791.624,546.001,0.0674
mixed,64,1,0.0156,4.0,512,1024,512,2048,536,627.5,1145.916,639.979,0.0241
mixed,64,1,0.0156,4.0,512,1024,1024,4096,1072,818.024,1845.321,820.711,0.0026
mixed,64,1,0.0156,4.0,512,1024,2048,8192,2144,1185.343,3195.489,1188.891,0.0018
mixed,64,1,0.0156,4.0,512,1024,4096,16384,4288,1914.535,5932.048,1906.024,-0.0021
mixed,64,1,0.0156,4.0,512,2048,128,512,134,624.941,761.675,640.141,0.1112
mixed,64,1,0.0156,4.0,512,2048,256,1024,268,673.164,942.597,693.805,0.0766
mixed,64,1,0.0156,4.0,512,2048,512,2048,536,769.42,1291.291,783.528,0.027
mixed,64,1,0.0156,4.0,512,2048,1024,4096,1072,957.06,1984.389,965.153,0.0079
mixed,64,1,0.0156,4.0,512,2048,2048,8192,2144,1325.307,3342.781,1326.17,0.0004
mixed,64,1,0.0156,4.0,512,2048,4096,16384,4288,2048.966,6098.06,2045.796,-0.0008
mixed,64,1,0.0156,4.0,512,4096,128,512,134,904.612,1042.913,917.476,0.093
mixed,64,1,0.0156,4.0,512,4096,256,1024,268,953.285,1220.956,969.091,0.0591
mixed,64,1,0.0156,4.0,512,4096,512,2048,536,1046.146,1575.186,1064.354,0.0344
mixed,64,1,0.0156,4.0,512,4096,1024,4096,1072,1243.133,2265.056,1244.187,0.001
mixed,64,1,0.0156,4.0,512,4096,2048,8192,2144,1600.372,3638.136,1604.5,0.002
mixed,64,1,0.0156,4.0,512,4096,4096,16384,4288,2328.316,6382.825,2326.937,-0.0003
mixed,64,1,0.0156,4.0,512,8192,128,512,134,1458.075,1591.827,1467.766,0.0725
mixed,64,1,0.0156,4.0,512,8192,256,1024,268,1505.236,1770.412,1520.085,0.056
mixed,64,1,0.0156,4.0,512,8192,512,2048,536,1602.194,2117.057,1614.708,0.0243
mixed,64,1,0.0156,4.0,512,8192,1024,4096,1072,1792.108,2803.505,1798.923,0.0067
mixed,64,1,0.0156,4.0,512,8192,2048,8192,2144,2159.329,4190.727,2161.953,0.0013
mixed,64,1,0.0156,4.0,512,8192,4096,16384,4288,2865.104,6948.505,2878.796,0.0034
mixed,64,1,0.0156,4.0,1024,0,128,512,134,597.871,737.518,607.663,0.0701
mixed,64,1,0.0156,4.0,1024,0,256,1024,268,644.366,912.901,660.717,0.0609
mixed,64,1,0.0156,4.0,1024,0,512,2048,536,739.18,1268.285,751.465,0.0232
mixed,64,1,0.0156,4.0,1024,0,1024,4096,1072,931.652,1956.042,933.128,0.0014
mixed,64,1,0.0156,4.0,1024,0,2048,8192,2144,1297.498,3335.365,1308.058,0.0052
mixed,64,1,0.0156,4.0,1024,0,4096,16384,4288,2014.029,6076.726,2011.914,-0.0005
mixed,64,1,0.0156,4.0,1024,512,128,512,134,775.689,914.758,790.027,0.1031
mixed,64,1,0.0156,4.0,1024,512,256,1024,268,820.457,1099.044,839.529,0.0685
mixed,64,1,0.0156,4.0,1024,512,512,2048,536,917.061,1430.842,936.835,0.0385
mixed,64,1,0.0156,4.0,1024,512,1024,4096,1072,1111.169,2136.452,1116.161,0.0049
mixed,64,1,0.0156,4.0,1024,512,2048,8192,2144,1487.479,3495.072,1477.877,-0.0048
mixed,64,1,0.0156,4.0,1024,512,4096,16384,4288,2189.732,6247.191,2198.817,0.0022
mixed,64,1,0.0156,4.0,1024,1024,128,512,134,931.75,1069.441,944.004,0.089
mixed,64,1,0.0156,4.0,1024,1024,256,1024,268,980.614,1245.051,995.527,0.0564
mixed,64,1,0.0156,4.0,1024,1024,512,2048,536,1070.115,1603.412,1084.354,0.0267
mixed,64,1,0.0156,4.0,1024,1024,1024,4096,1072,1267.743,2277.635,1272.539,0.0047
mixed,64,1,0.0156,4.0,1024,1024,2048,8192,2144,1629.716,3652.22,1635.507,0.0029
mixed,64,1,0.0156,4.0,1024,1024,4096,16384,4288,2353.024,6395.891,2349.92,-0.0008
mixed,64,1,0.0156,4.0,1024,2048,128,512,134,1206.623,1347.643,1225.63,0.1348
mixed,64,1,0.0156,4.0,1024,2048,256,1024,268,1255.23,1517.016,1273.691,0.0705
mixed,64,1,0.0156,4.0,1024,2048,512,2048,536,1347.261,1880.877,1368.058,0.039
mixed,64,1,0.0156,4.0,1024,2048,1024,4096,1072,1538.167,2562.746,1538.969,0.0008
mixed,64,1,0.0156,4.0,1024,2048,2048,8192,2144,1919.659,3921.689,1914.22,-0.0027
mixed,64,1,0.0156,4.0,1024,2048,4096,16384,4288,2634.843,6697.007,2627.036,-0.0019
mixed,64,1,0.0156,4.0,1024,4096,128,512,134,1757.842,1895.309,1772.657,0.1078
mixed,64,1,0.0156,4.0,1024,4096,256,1024,268,1810.096,2073.798,1826.479,0.0621
mixed,64,1,0.0156,4.0,1024,4096,512,2048,536,1901.198,2429.154,1917.646,0.0312
mixed,64,1,0.0156,4.0,1024,4096,1024,4096,1072,2094.216,3113.293,2096.809,0.0025
mixed,64,1,0.0156,4.0,1024,4096,2048,8192,2144,2448.193,4485.324,2467.105,0.0093
mixed,64,1,0.0156,4.0,1024,4096,4096,16384,4288,3175.566,7235.14,3183.887,0.002
mixed,64,1,0.0156,4.0,1024,8192,128,512,134,2855.638,2991.187,2869.715,0.1039
mixed,64,1,0.0156,4.0,1024,8192,256,1024,268,2902.581,3172.206,2918.003,0.0572
mixed,64,1,0.0156,4.0,1024,8192,512,2048,536,2999.891,3527.938,3014.034,0.0268
mixed,64,1,0.0156,4.0,1024,8192,1024,4096,1072,3192.272,4214.099,3194.927,0.0026
mixed,64,1,0.0156,4.0,1024,8192,2048,8192,2144,3556.132,5600.529,3550.471,-0.0028
mixed,64,1,0.0156,4.0,1024,8192,4096,16384,4288,4266.227,8317.987,4271.57,0.0013
mixed,64,1,0.0156,4.0,2048,0,128,512,134,1050.916,1187.779,1064.612,0.1001
mixed,64,1,0.0156,4.0,2048,0,256,1024,268,1099.778,1371.645,1116.069,0.0599
mixed,64,1,0.0156,4.0,2048,0,512,2048,536,1195.776,1711.094,1207.65,0.023
mixed,64,1,0.0156,4.0,2048,0,1024,4096,1072,1389.309,2413.026,1389.884,0.0006
mixed,64,1,0.0156,4.0,2048,0,2048,8192,2144,1753.812,3774.688,1750.774,-0.0015
mixed,64,1,0.0156,4.0,2048,0,4096,16384,4288,2466.914,6521.276,2464.738,-0.0005
mixed,64,1,0.0156,4.0,2048,512,128,512,134,1384.154,1523.32,1398.651,0.1042
mixed,64,1,0.0156,4.0,2048,512,256,1024,268,1434.363,1701.812,1447.387,0.0487
mixed,64,1,0.0156,4.0,2048,512,512,2048,536,1525.113,2046.508,1544.729,0.0376
mixed,64,1,0.0156,4.0,2048,512,1024,4096,1072,1724.084,2739.964,1724.435,0.0003
mixed,64,1,0.0156,4.0,2048,512,2048,8192,2144,2085.389,4113.722,2087.788,0.0012
mixed,64,1,0.0156,4.0,2048,512,4096,16384,4288,2807.833,6867.701,2812.251,0.0011
mixed,64,1,0.0156,4.0,2048,1024,128,512,134,1720.95,1859.281,1735.255,0.1034
mixed,64,1,0.0156,4.0,2048,1024,256,1024,268,1772.309,2043.31,1788.212,0.0587
mixed,64,1,0.0156,4.0,2048,1024,512,2048,536,1865.138,2390.982,1883.7,0.0353
mixed,64,1,0.0156,4.0,2048,1024,1024,4096,1072,2059.339,3087.506,2069.132,0.0095
mixed,64,1,0.0156,4.0,2048,1024,2048,8192,2144,2429.604,4454.324,2425.509,-0.002
mixed,64,1,0.0156,4.0,2048,1024,4096,16384,4288,3146.579,7192.591,3137.078,-0.0023
mixed,64,1,0.0156,4.0,2048,2048,128,512,134,2272.678,2412.805,2289.321,0.1188
mixed,64,1,0.0156,4.0,2048,2048,256,1024,268,2321.512,2588.288,2338.92,0.0653
mixed,64,1,0.0156,4.0,2048,2048,512,2048,536,2418.148,2942.487,2434.341,0.0309
mixed,64,1,0.0156,4.0,2048,2048,1024,4096,1072,2609.568,3629.382,2614.08,0.0044
mixed,64,1,0.0156,4.0,2048,2048,2048,8192,2144,2971.001,5005.252,2975.545,0.0022
mixed,64,1,0.0156,4.0,2048,2048,4096,16384,4288,3699.333,7762.341,3702.919,0.0009
mixed,64,1,0.0156,4.0,2048,4096,128,512,134,3370.161,3508.491,3382.062,0.086
mixed,64,1,0.0156,4.0,2048,4096,256,1024,268,3412.558,3688.711,3431.215,0.0676
mixed,64,1,0.0156,4.0,2048,4096,512,2048,536,3514.318,4030.685,3522.796,0.0164
mixed,64,1,0.0156,4.0,2048,4096,1024,4096,1072,3707.112,4726.512,3707.914,0.0008
mixed,64,1,0.0156,4.0,2048,4096,2048,8192,2144,4066.655,6100.816,4073.951,0.0036
mixed,64,1,0.0156,4.0,2048,4096,4096,16384,4288,4789.967,8842.318,4786.54,-0.0008
mixed,64,1,0.0156,4.0,2048,8192,128,512,134,5563.129,5701.179,5579.005,0.115
mixed,64,1,0.0156,4.0,2048,8192,256,1024,268,5614.33,5888.338,5624.444,0.0369
mixed,64,1,0.0156,4.0,2048,8192,512,2048,536,5707.674,6235.15,5727.063,0.0368
mixed,64,1,0.0156,4.0,2048,8192,1024,4096,1072,5902.74,6922.175,5906.805,0.004
mixed,64,1,0.0156,4.0,2048,8192,2048,8192,2144,6264.333,8299.869,6266.863,0.0012
mixed,64,1,0.0156,4.0,2048,8192,4096,16384,4288,6978.687,11017.251,6985.502,0.0017
pure,64,2,0.0312,4.0,0,0,128,512,140,95.995,233.881,112.927,0.1228
pure,64,2,0.0312,4.0,0,0,256,1024,280,146.748,410.263,161.82,0.0572
pure,64,2,0.0312,4.0,0,0,512,2048,560,260.218,763.405,260.378,0.0003
pure,64,2,0.0312,4.0,0,0,1024,4096,1120,444.662,1451.551,446.228,0.0016
pure,64,2,0.0312,4.0,0,0,2048,8192,2240,824.622,2813.216,823.66,-0.0005
pure,64,2,0.0312,4.0,0,0,4096,16384,4480,1590.62,5571.904,1561.755,-0.0073
mixed,64,2,0.0312,4.0,16,0,128,512,140,119.903,254.205,135.198,0.1139
mixed,64,2,0.0312,4.0,16,0,256,1024,280,167.325,436.468,186.618,0.0717
mixed,64,2,0.0312,4.0,16,0,512,2048,560,282.489,784.973,283.898,0.0028
mixed,64,2,0.0312,4.0,16,0,1024,4096,1120,463.574,1477.981,470.709,0.007
mixed,64,2,0.0312,4.0,16,0,2048,8192,2240,853.58,2839.264,849.355,-0.0021
mixed,64,2,0.0312,4.0,16,0,4096,16384,4480,1608.443,5595.234,1583.965,-0.0061
mixed,64,2,0.0312,4.0,16,512,128,512,140,152.989,292.635,171.136,0.13
mixed,64,2,0.0312,4.0,16,512,256,1024,280,204.314,468.056,219.741,0.0585
mixed,64,2,0.0312,4.0,16,512,512,2048,560,313.304,811.757,316.215,0.0058
mixed,64,2,0.0312,4.0,16,512,1024,4096,1120,503.54,1499.485,504.376,0.0008
mixed,64,2,0.0312,4.0,16,512,2048,8192,2240,885.356,2856.192,879.531,-0.003
mixed,64,2,0.0312,4.0,16,512,4096,16384,4480,1624.827,5577.31,1617.881,-0.0018
mixed,64,2,0.0312,4.0,16,1024,128,512,140,156.54,292.986,171.481,0.1095
mixed,64,2,0.0312,4.0,16,1024,256,1024,280,202.936,470.037,221.373,0.069
mixed,64,2,0.0312,4.0,16,1024,512,2048,560,313.274,819.759,316.793,0.0069
mixed,64,2,0.0312,4.0,16,1024,1024,4096,1120,500.18,1504.063,504.31,0.0041
mixed,64,2,0.0312,4.0,16,1024,2048,8192,2240,884.427,2877.12,882.381,-0.001
mixed,64,2,0.0312,4.0,16,1024,4096,16384,4480,1634.14,5593.092,1612.058,-0.0056
mixed,64,2,0.0312,4.0,16,2048,128,512,140,159.742,295.512,175.869,0.1188
mixed,64,2,0.0312,4.0,16,2048,256,1024,280,208.7,475.127,225.338,0.0624
mixed,64,2,0.0312,4.0,16,2048,512,2048,560,318.328,819.761,323.673,0.0107
mixed,64,2,0.0312,4.0,16,2048,1024,4096,1120,508.276,1517.084,510.614,0.0023
mixed,64,2,0.0312,4.0,16,2048,2048,8192,2240,889.294,2870.336,884.715,-0.0023
mixed,64,2,0.0312,4.0,16,2048,4096,16384,4480,1636.415,5591.175,1621.309,-0.0038
mixed,64,2,0.0312,4.0,16,4096,128,512,140,168.639,304.472,183.359,0.1084
mixed,64,2,0.0312,4.0,16,4096,256,1024,280,218.078,486.645,234.235,0.0602
mixed,64,2,0.0312,4.0,16,4096,512,2048,560,330.167,829.551,329.369,-0.0016
mixed,64,2,0.0312,4.0,16,4096,1024,4096,1120,515.796,1525.154,521.688,0.0058
mixed,64,2,0.0312,4.0,16,4096,2048,8192,2240,894.923,2879.587,890.125,-0.0024
mixed,64,2,0.0312,4.0,16,4096,4096,16384,4480,1661.852,5611.721,1630.399,-0.008
mixed,64,2,0.0312,4.0,16,8192,128,512,140,205.5,339.738,219.324,0.103
mixed,64,2,0.0312,4.0,16,8192,256,1024,280,253.914,523.381,272.346,0.0684
mixed,64,2,0.0312,4.0,16,8192,512,2048,560,368.12,866.862,369.592,0.003
mixed,64,2,0.0312,4.0,16,8192,1024,4096,1120,553.683,1563.9,557.588,0.0039
mixed,64,2,0.0312,4.0,16,8192,2048,8192,2240,932.972,2926.784,928.012,-0.0025
mixed,64,2,0.0312,4.0,16,8192,4096,16384,4480,1676.345,5637.897,1663.196,-0.0033
mixed,64,2,0.0312,4.0,32,0,128,512,140,151.453,287.578,166.364,0.1095
mixed,64,2,0.0312,4.0,32,0,256,1024,280,204.091,470.388,217.277,0.0495
mixed,64,2,0.0312,4.0,32,0,512,2048,560,317.369,815.214,315.354,-0.004
mixed,64,2,0.0312,4.0,32,0,1024,4096,1120,501.078,1521.666,504.276,0.0031
mixed,64,2,0.0312,4.0,32,0,2048,8192,2240,880.011,2877.347,872.237,-0.0039
mixed,64,2,0.0312,4.0,32,0,4096,16384,4480,1643.39,5623.338,1613.533,-0.0075
mixed,64,2,0.0312,4.0,32,512,128,512,140,177.566,315.483,193.884,0.1183
mixed,64,2,0.0312,4.0,32,512,256,1024,280,228.122,491.667,244.795,0.0633
mixed,64,2,0.0312,4.0,32,512,512,2048,560,340.953,840.813,338.488,-0.0049
mixed,64,2,0.0312,4.0,32,512,1024,4096,1120,525.431,1534.432,530.995,0.0055
mixed,64,2,0.0312,4.0,32,512,2048,8192,2240,907.374,2911.071,895.47,-0.0059
mixed,64,2,0.0312,4.0,32,512,4096,16384,4480,1655.902,5618.476,1640.734,-0.0038
mixed,64,2,0.0312,4.0,32,1024,128,512,140,179.835,317.435,194.876,0.1093
mixed,64,2,0.0312,4.0,32,1024,256,1024,280,231.801,493.524,246.459,0.056
mixed,64,2,0.0312,4.0,32,1024,512,2048,560,343.993,844.302,343.8,-0.0004
mixed,64,2,0.0312,4.0,32,1024,1024,4096,1120,529.812,1532.064,532.087,0.0023
mixed,64,2,0.0312,4.0,32,1024,2048,8192,2240,908.272,2904.292,904.877,-0.0017
mixed,64,2,0.0312,4.0,32,1024,4096,16384,4480,1655.615,5643.018,1646.463,-0.0023
mixed,64,2,0.0312,4.0,32,2048,128,512,140,185.052,322.711,200.571,0.1127
mixed,64,2,0.0312,4.0,32,2048,256,1024,280,237.18,497.496,252.376,0.0584
mixed,64,2,0.0312,4.0,32,2048,512,2048,560,348.056,844.205,349.434,0.0028
mixed,64,2,0.0312,4.0,32,2048,1024,4096,1120,538.327,1549.633,535.798,-0.0025
mixed,64,2,0.0312,4.0,32,2048,2048,8192,2240,914.991,2904.808,910.637,-0.0022
mixed,64,2,0.0312,4.0,32,2048,4096,16384,4480,1652.446,5666.38,1659.679,0.0018
mixed,64,2,0.0312,4.0,32,4096,128,512,140,199.163,335.672,216.218,0.1249
mixed,64,2,0.0312,4.0,32,4096,256,1024,280,252.572,514.038,267.775,0.0581
mixed,64,2,0.0312,4.0,32,4096,512,2048,560,366.777,868.173,366.041,-0.0015
mixed,64,2,0.0312,4.0,32,4096,1024,4096,1120,554.259,1556.963,553.046,-0.0012
mixed,64,2,0.0312,4.0,32,4096,2048,8192,2240,931.439,2937.734,931.245,-0.0001
mixed,64,2,0.0312,4.0,32,4096,4096,16384,4480,1680.735,5650.672,1666.494,-0.0036
mixed,64,2,0.0312,4.0,32,8192,128,512,140,299.196,434.874,315.162,0.1177
mixed,64,2,0.0312,4.0,32,8192,256,1024,280,346.551,613.012,364.119,0.0659
mixed,64,2,0.0312,4.0,32,8192,512,2048,560,463.001,969.549,456.568,-0.0127
mixed,64,2,0.0312,4.0,32,8192,1024,4096,1120,647.444,1651.423,648.083,0.0006
mixed,64,2,0.0312,4.0,32,8192,2048,8192,2240,1021.997,3035.202,1025.996,0.002
mixed,64,2,0.0312,4.0,32,8192,4096,16384,4480,1781.822,5758.221,1762.462,-0.0049
mixed,64,2,0.0312,4.0,64,0,128,512,140,153.63,292.73,169.53,0.1143
mixed,64,2,0.0312,4.0,64,0,256,1024,280,207.293,476.662,222.107,0.055
mixed,64,2,0.0312,4.0,64,0,512,2048,560,318.873,817.52,318.329,-0.0011
mixed,64,2,0.0312,4.0,64,0,1024,4096,1120,499.927,1513.313,505.49,0.0055
mixed,64,2,0.0312,4.0,64,0,2048,8192,2240,881.903,2885.192,878.604,-0.0016
mixed,64,2,0.0312,4.0,64,0,4096,16384,4480,1640.577,5632.53,1620.513,-0.005
mixed,64,2,0.0312,4.0,64,512,128,512,140,184.603,320.952,199.611,0.1101
mixed,64,2,0.0312,4.0,64,512,256,1024,280,238.748,508.308,253.721,0.0555
mixed,64,2,0.0312,4.0,64,512,512,2048,560,347.898,855.151,348.407,0.001
mixed,64,2,0.0312,4.0,64,512,1024,4096,1120,538.1,1567.682,537.174,-0.0009
mixed,64,2,0.0312,4.0,64,512,2048,8192,2240,920.013,2903.495,920.654,0.0003
mixed,64,2,0.0312,4.0,64,512,4096,16384,4480,1665.217,5656.083,1650.751,-0.0036
mixed,64,2,0.0312,4.0,64,1024,128,512,140,191.07,329.179,206.172,0.1093
mixed,64,2,0.0312,4.0,64,1024,256,1024,280,244.058,503.896,257.754,0.0527
mixed,64,2,0.0312,4.0,64,1024,512,2048,560,355.13,859.055,357.017,0.0037
mixed,64,2,0.0312,4.0,64,1024,1024,4096,1120,542.902,1550.723,543.927,0.001
mixed,64,2,0.0312,4.0,64,1024,2048,8192,2240,918.704,2927.24,915.63,-0.0015
mixed,64,2,0.0312,4.0,64,1024,4096,16384,4480,1688.895,5659.029,1663.234,-0.0065
mixed,64,2,0.0312,4.0,64,2048,128,512,140,200.092,341.049,216.731,0.118
mixed,64,2,0.0312,4.0,64,2048,256,1024,280,255.289,520.18,269.276,0.0528
mixed,64,2,0.0312,4.0,64,2048,512,2048,560,366.843,868.241,366.584,-0.0005
mixed,64,2,0.0312,4.0,64,2048,1024,4096,1120,551.315,1561.953,555.957,0.0046
mixed,64,2,0.0312,4.0,64,2048,2048,8192,2240,935.053,2938.506,923.568,-0.0057
mixed,64,2,0.0312,4.0,64,2048,4096,16384,4480,1689.119,5676.663,1675.393,-0.0034
mixed,64,2,0.0312,4.0,64,4096,128,512,140,278.972,413.53,296.28,0.1286
mixed,64,2,0.0312,4.0,64,4096,256,1024,280,333.335,602.486,346.871,0.0503
mixed,64,2,0.0312,4.0,64,4096,512,2048,560,445.274,947.633,446.071,0.0016
mixed,64,2,0.0312,4.0,64,4096,1024,4096,1120,627.38,1634.496,630.067,0.0027
mixed,64,2,0.0312,4.0,64,4096,2048,8192,2240,1008.876,3008.969,1004.013,-0.0024
mixed,64,2,0.0312,4.0,64,4096,4096,16384,4480,1775.454,5744.598,1749.408,-0.0066
mixed,64,2,0.0312,4.0,64,8192,128,512,140,359.8,493.654,374.01,0.1062
mixed,64,2,0.0312,4.0,64,8192,256,1024,280,408.249,677.074,428.407,0.075
mixed,64,2,0.0312,4.0,64,8192,512,2048,560,521.432,1029.04,520.089,-0.0026
mixed,64,2,0.0312,4.0,64,8192,1024,4096,1120,706.77,1722.815,710.708,0.0039
mixed,64,2,0.0312,4.0,64,8192,2048,8192,2240,1089.292,3083.304,1083.598,-0.0029
mixed,64,2,0.0312,4.0,64,8192,4096,16384,4480,1847.23,5820.886,1823.393,-0.006
mixed,64,2,0.0312,4.0,128,0,128,512,140,156.671,293.051,172.637,0.1171
mixed,64,2,0.0312,4.0,128,0,256,1024,280,208.605,468.695,221.818,0.0508
mixed,64,2,0.0312,4.0,128,0,512,2048,560,321.88,821.488,319.032,-0.0057
mixed,64,2,0.0312,4.0,128,0,1024,4096,1120,506.838,1514.788,509.912,0.003
mixed,64,2,0.0312,4.0,128,0,2048,8192,2240,885.361,2874.637,879.088,-0.0032
mixed,64,2,0.0312,4.0,128,0,4096,16384,4480,1637.666,5623.643,1613.441,-0.0061
mixed,64,2,0.0312,4.0,128,512,128,512,140,199.579,338.839,215.708,0.1158
mixed,64,2,0.0312,4.0,128,512,256,1024,280,251.899,521.336,268.923,0.0632
mixed,64,2,0.0312,4.0,128,512,512,2048,560,366.683,867.344,362.682,-0.008
mixed,64,2,0.0312,4.0,128,512,1024,4096,1120,551.991,1555.332,556.375,0.0044
mixed,64,2,0.0312,4.0,128,512,2048,8192,2240,934.412,2929.356,928.175,-0.0031
mixed,64,2,0.0312,4.0,128,512,4096,16384,4480,1686.403,5651.386,1680.132,-0.0016
mixed,64,2,0.0312,4.0,128,1024,128,512,140,206.717,351.129,221.948,0.1055
mixed,64,2,0.0312,4.0,128,1024,256,1024,280,260.346,527.573,275.676,0.0574
mixed,64,2,0.0312,4.0,128,1024,512,2048,560,373.433,879.6,372.155,-0.0025
mixed,64,2,0.0312,4.0,128,1024,1024,4096,1120,564.758,1570.247,559.992,-0.0047
mixed,64,2,0.0312,4.0,128,1024,2048,8192,2240,934.864,2924.493,937.745,0.0014
mixed,64,2,0.0312,4.0,128,1024,4096,16384,4480,1683.362,5682.142,1678.051,-0.0013
mixed,64,2,0.0312,4.0,128,2048,128,512,140,282.779,420.759,299.228,0.1192
mixed,64,2,0.0312,4.0,128,2048,256,1024,280,335.002,594.39,350.33,0.0591
mixed,64,2,0.0312,4.0,128,2048,512,2048,560,445.814,947.857,448.665,0.0057
mixed,64,2,0.0312,4.0,128,2048,1024,4096,1120,637.526,1633.155,634.326,-0.0032
mixed,64,2,0.0312,4.0,128,2048,2048,8192,2240,1011.504,3003.947,1011.183,-0.0002
mixed,64,2,0.0312,4.0,128,2048,4096,16384,4480,1771.041,5770.524,1755.364,-0.0039
mixed,64,2,0.0312,4.0,128,4096,128,512,140,365.181,499.673,379.512,0.1066
mixed,64,2,0.0312,4.0,128,4096,256,1024,280,412.598,676.02,431.864,0.0731
mixed,64,2,0.0312,4.0,128,4096,512,2048,560,527.48,1025.615,524.661,-0.0057
mixed,64,2,0.0312,4.0,128,4096,1024,4096,1120,709.94,1721.346,719.509,0.0095
mixed,64,2,0.0312,4.0,128,4096,2048,8192,2240,1091.377,3094.537,1088.843,-0.0013
mixed,64,2,0.0312,4.0,128,4096,4096,16384,4480,1853.665,5850.233,1823.166,-0.0076
mixed,64,2,0.0312,4.0,128,8192,128,512,140,510.071,647.156,528.854,0.137
mixed,64,2,0.0312,4.0,128,8192,256,1024,280,562.104,827.984,579.927,0.067
mixed,64,2,0.0312,4.0,128,8192,512,2048,560,673.202,1172.842,673.107,-0.0002
mixed,64,2,0.0312,4.0,128,8192,1024,4096,1120,861.745,1864.61,868.242,0.0065
mixed,64,2,0.0312,4.0,128,8192,2048,8192,2240,1239.914,3221.992,1239.083,-0.0004
mixed,64,2,0.0312,4.0,128,8192,4096,16384,4480,1998.239,5991.099,1973.471,-0.0062
mixed,64,2,0.0312,4.0,256,0,128,512,140,221.244,360.988,237.787,0.1184
mixed,64,2,0.0312,4.0,256,0,256,1024,280,275.066,541.53,290.812,0.0591
mixed,64,2,0.0312,4.0,256,0,512,2048,560,383.065,891.505,387.641,0.009
mixed,64,2,0.0312,4.0,256,0,1024,4096,1120,570.551,1581.476,574.004,0.0034
mixed,64,2,0.0312,4.0,256,0,2048,8192,2240,957.073,2954.606,953.678,-0.0017
mixed,64,2,0.0312,4.0,256,0,4096,16384,4480,1701.06,5697.538,1701.06,0.0
mixed,64,2,0.0312,4.0,256,512,128,512,140,288.859,429.21,307.835,0.1352
mixed,64,2,0.0312,4.0,256,512,256,1024,280,341.497,605.016,355.032,0.0514
mixed,64,2,0.0312,4.0,256,512,512,2048,560,454.743,954.993,457.018,0.0045
mixed,64,2,0.0312,4.0,256,512,1024,4096,1120,640.566,1642.562,639.734,-0.0008
mixed,64,2,0.0312,4.0,256,512,2048,8192,2240,1019.823,3004.336,1007.247,-0.0063
mixed,64,2,0.0312,4.0,256,512,4096,16384,4480,1774.372,5785.216,1757.921,-0.0041
mixed,64,2,0.0312,4.0,256,1024,128,512,140,344.666,482.2,358.586,0.1012
mixed,64,2,0.0312,4.0,256,1024,256,1024,280,397.177,662.422,411.224,0.053
mixed,64,2,0.0312,4.0,256,1024,512,2048,560,508.119,1006.447,510.487,0.0048
mixed,64,2,0.0312,4.0,256,1024,1024,4096,1120,692.022,1705.286,704.467,0.0123
mixed,64,2,0.0312,4.0,256,1024,2048,8192,2240,1068.621,3087.15,1065.995,-0.0013
mixed,64,2,0.0312,4.0,256,1024,4096,16384,4480,1814.082,5820.546,1824.035,0.0025
mixed,64,2,0.0312,4.0,256,2048,128,512,140,381.688,518.36,399.895,0.1332
mixed,64,2,0.0312,4.0,256,2048,256,1024,280,430.459,698.166,448.505,0.0674
mixed,64,2,0.0312,4.0,256,2048,512,2048,560,539.958,1048.527,546.585,0.013
mixed,64,2,0.0312,4.0,256,2048,1024,4096,1120,730.42,1729.924,734.544,0.0041
mixed,64,2,0.0312,4.0,256,2048,2048,8192,2240,1117.131,3092.271,1111.34,-0.0029
mixed,64,2,0.0312,4.0,256,2048,4096,16384,4480,1872.609,5858.017,1841.381,-0.0078
mixed,64,2,0.0312,4.0,256,4096,128,512,140,525.272,660.151,540.373,0.112
mixed,64,2,0.0312,4.0,256,4096,256,1024,280,576.022,844.209,592.855,0.0628
mixed,64,2,0.0312,4.0,256,4096,512,2048,560,685.943,1186.123,688.503,0.0051
mixed,64,2,0.0312,4.0,256,4096,1024,4096,1120,876.594,1886.722,877.233,0.0006
mixed,64,2,0.0312,4.0,256,4096,2048,8192,2240,1249.898,3253.194,1253.003,0.0015
mixed,64,2,0.0312,4.0,256,4096,4096,16384,4480,2011.488,5981.056,1985.216,-0.0066
mixed,64,2,0.0312,4.0,256,8192,128,512,140,771.125,909.266,788.787,0.1279
mixed,64,2,0.0312,4.0,256,8192,256,1024,280,821.907,1092.141,838.704,0.0622
mixed,64,2,0.0312,4.0,256,8192,512,2048,560,936.305,1443.688,932.817,-0.0069
mixed,64,2,0.0312,4.0,256,8192,1024,4096,1120,1122.093,2120.447,1125.262,0.0032
mixed,64,2,0.0312,4.0,256,8192,2048,8192,2240,1498.825,3488.84,1491.816,-0.0035
mixed,64,2,0.0312,4.0,256,8192,4096,16384,4480,2259.483,6231.612,2234.653,-0.0063
mixed,64,2,0.0312,4.0,512,0,128,512,140,340.828,477.336,356.411,0.1142
mixed,64,2,0.0312,4.0,512,0,256,1024,280,393.21,655.383,406.716,0.0515
mixed,64,2,0.0312,4.0,512,0,512,2048,560,504.759,1009.777,508.505,0.0074
mixed,64,2,0.0312,4.0,512,0,1024,4096,1120,693.267,1701.86,693.113,-0.0002
mixed,64,2,0.0312,4.0,512,0,2048,8192,2240,1066.896,3065.359,1061.359,-0.0028
mixed,64,2,0.0312,4.0,512,0,4096,16384,4480,1833.794,5820.835,1805.22,-0.0072
mixed,64,2,0.0312,4.0,512,512,128,512,140,413.978,550.678,429.943,0.1168
mixed,64,2,0.0312,4.0,512,512,256,1024,280,465.404,730.037,481.046,0.0591
mixed,64,2,0.0312,4.0,512,512,512,2048,560,580.824,1079.087,575.897,-0.0099
mixed,64,2,0.0312,4.0,512,512,1024,4096,1120,763.732,1773.959,763.859,0.0001
mixed,64,2,0.0312,4.0,512,512,2048,8192,2240,1147.024,3136.304,1136.592,-0.0052
mixed,64,2,0.0312,4.0,512,512,4096,16384,4480,1892.124,5865.829,1891.586,-0.0001
mixed,64,2,0.0312,4.0,512,1024,128,512,140,480.09,618.227,499.032,0.1371
mixed,64,2,0.0312,4.0,512,1024,256,1024,280,535.095,795.22,550.773,0.0603
mixed,64,2,0.0312,4.0,512,1024,512,2048,560,644.726,1151.438,641.651,-0.0061
mixed,64,2,0.0312,4.0,512,1024,1024,4096,1120,830.996,1829.508,837.267,0.0063
mixed,64,2,0.0312,4.0,512,1024,2048,8192,2240,1219.724,3228.335,1202.093,-0.0088
mixed,64,2,0.0312,4.0,512,1024,4096,16384,4480,1965.186,5938.594,1959.202,-0.0015
mixed,64,2,0.0312,4.0,512,2048,128,512,140,626.551,762.548,641.719,0.1115
mixed,64,2,0.0312,4.0,512,2048,256,1024,280,679.829,943.025,694.965,0.0575
mixed,64,2,0.0312,4.0,512,2048,512,2048,560,788.085,1288.714,789.874,0.0036
mixed,64,2,0.0312,4.0,512,2048,1024,4096,1120,975.154,1981.28,978.033,0.0029
mixed,64,2,0.0312,4.0,512,2048,2048,8192,2240,1358.06,3344.779,1354.503,-0.0018
mixed,64,2,0.0312,4.0,512,2048,4096,16384,4480,2101.985,6104.388,2103.328,0.0003
mixed,64,2,0.0312,4.0,512,4096,128,512,140,905.458,1044.43,921.456,0.1151
mixed,64,2,0.0312,4.0,512,4096,256,1024,280,954.226,1219.596,970.929,0.0629
mixed,64,2,0.0312,4.0,512,4096,512,2048,560,1069.456,1571.401,1067.696,-0.0035
mixed,64,2,0.0312,4.0,512,4096,1024,4096,1120,1251.18,2264.702,1257.357,0.0061
mixed,64,2,0.0312,4.0,512,4096,2048,8192,2240,1634.185,3631.305,1625.285,-0.0045
mixed,64,2,0.0312,4.0,512,4096,4096,16384,4480,2394.681,6371.391,2368.763,-0.0065
mixed,64,2,0.0312,4.0,512,8192,128,512,140,1458.092,1591.016,1470.539,0.0936
mixed,64,2,0.0312,4.0,512,8192,256,1024,280,1508.106,1771.525,1528.008,0.0756
mixed,64,2,0.0312,4.0,512,8192,512,2048,560,1620.455,2132.255,1619.624,-0.0016
mixed,64,2,0.0312,4.0,512,8192,1024,4096,1120,1803.109,2807.639,1808.584,0.0055
mixed,64,2,0.0312,4.0,512,8192,2048,8192,2240,2187.262,4180.386,2181.249,-0.003
mixed,64,2,0.0312,4.0,512,8192,4096,16384,4480,2932.18,6935.032,2922.356,-0.0025
mixed,64,2,0.0312,4.0,1024,0,128,512,140,599.384,734.673,612.823,0.0993
mixed,64,2,0.0312,4.0,1024,0,256,1024,280,649.528,909.043,664.022,0.0559
mixed,64,2,0.0312,4.0,1024,0,512,2048,560,761.91,1261.74,758.614,-0.0066
mixed,64,2,0.0312,4.0,1024,0,1024,4096,1120,940.56,1945.601,946.512,0.0059
mixed,64,2,0.0312,4.0,1024,0,2048,8192,2240,1324.268,3320.625,1323.787,-0.0002
mixed,64,2,0.0312,4.0,1024,0,4096,16384,4480,2092.515,6064.52,2070.303,-0.0056
mixed,64,2,0.0312,4.0,1024,512,128,512,140,778.964,916.561,790.898,0.0867
mixed,64,2,0.0312,4.0,1024,512,256,1024,280,827.219,1093.362,844.502,0.0649
mixed,64,2,0.0312,4.0,1024,512,512,2048,560,938.131,1440.776,941.107,0.0059
mixed,64,2,0.0312,4.0,1024,512,1024,4096,1120,1120.206,2126.049,1130.606,0.0103
mixed,64,2,0.0312,4.0,1024,512,2048,8192,2240,1506.28,3507.532,1494.598,-0.0058
mixed,64,2,0.0312,4.0,1024,512,4096,16384,4480,2259.167,6251.973,2251.517,-0.0019
mixed,64,2,0.0312,4.0,1024,1024,128,512,140,931.441,1066.192,949.683,0.1354
mixed,64,2,0.0312,4.0,1024,1024,256,1024,280,980.975,1245.293,998.032,0.0645
mixed,64,2,0.0312,4.0,1024,1024,512,2048,560,1093.616,1599.912,1096.015,0.0047
mixed,64,2,0.0312,4.0,1024,1024,1024,4096,1120,1279.726,2287.935,1280.526,0.0008
mixed,64,2,0.0312,4.0,1024,1024,2048,8192,2240,1669.896,3669.354,1654.791,-0.0076
mixed,64,2,0.0312,4.0,1024,1024,4096,16384,4480,2420.923,6388.452,2392.477,-0.0072
mixed,64,2,0.0312,4.0,1024,2048,128,512,140,1206.765,1342.702,1225.616,0.1387
mixed,64,2,0.0312,4.0,1024,2048,256,1024,280,1260.847,1519.049,1276.236,0.0596
mixed,64,2,0.0312,4.0,1024,2048,512,2048,560,1369.387,1872.228,1370.156,0.0015
mixed,64,2,0.0312,4.0,1024,2048,1024,4096,1120,1550.25,2569.05,1560.04,0.0096
mixed,64,2,0.0312,4.0,1024,2048,2048,8192,2240,1935.749,3924.582,1933.026,-0.0014
mixed,64,2,0.0312,4.0,1024,2048,4096,16384,4480,2696.665,6687.773,2677.659,-0.0048
mixed,64,2,0.0312,4.0,1024,4096,128,512,140,1763.078,1894.885,1775.365,0.0932
mixed,64,2,0.0312,4.0,1024,4096,256,1024,280,1811.749,2072.323,1828.485,0.0642
mixed,64,2,0.0312,4.0,1024,4096,512,2048,560,1921.989,2424.893,1926.373,0.0087
mixed,64,2,0.0312,4.0,1024,4096,1024,4096,1120,2109.153,3112.663,2113.665,0.0045
mixed,64,2,0.0312,4.0,1024,4096,2048,8192,2240,2493.02,4492.7,2485.597,-0.0037
mixed,64,2,0.0312,4.0,1024,4096,4096,16384,4480,3236.143,7216.439,3241.138,0.0013
mixed,64,2,0.0312,4.0,1024,8192,128,512,140,2857.719,2991.349,2871.447,0.1027
mixed,64,2,0.0312,4.0,1024,8192,256,1024,280,2907.446,3174.256,2919.798,0.0463
mixed,64,2,0.0312,4.0,1024,8192,512,2048,560,3012.374,3524.909,3012.408,0.0001
mixed,64,2,0.0312,4.0,1024,8192,1024,4096,1120,3200.114,4218.117,3214.992,0.0146
mixed,64,2,0.0312,4.0,1024,8192,2048,8192,2240,3590.672,5582.699,3579.533,-0.0056
mixed,64,2,0.0312,4.0,1024,8192,4096,16384,4480,4335.267,8314.729,4317.06,-0.0046
mixed,64,2,0.0312,4.0,2048,0,128,512,140,1053.33,1189.007,1067.986,0.108
mixed,64,2,0.0312,4.0,2048,0,256,1024,280,1103.279,1368.335,1119.088,0.0596
mixed,64,2,0.0312,4.0,2048,0,512,2048,560,1214.83,1720.36,1217.806,0.0059
mixed,64,2,0.0312,4.0,2048,0,1024,4096,1120,1402.541,2404.956,1404.077,0.0015
mixed,64,2,0.0312,4.0,2048,0,2048,8192,2240,1780.103,3778.958,1782.952,0.0014
mixed,64,2,0.0312,4.0,2048,0,4096,16384,4480,2533.563,6501.477,2517.533,-0.004
mixed,64,2,0.0312,4.0,2048,512,128,512,140,1385.165,1518.987,1401.996,0.1258
mixed,64,2,0.0312,4.0,2048,512,256,1024,280,1434.893,1701.8,1453.644,0.0703
mixed,64,2,0.0312,4.0,2048,512,512,2048,560,1550.891,2053.025,1550.955,0.0001
mixed,64,2,0.0312,4.0,2048,512,1024,4096,1120,1730.248,2768.409,1739.977,0.0094
mixed,64,2,0.0312,4.0,2048,512,2048,8192,2240,2110.339,4130.309,2116.578,0.0031
mixed,64,2,0.0312,4.0,2048,512,4096,16384,4480,2867.416,6878.495,2859.353,-0.002
mixed,64,2,0.0312,4.0,2048,1024,128,512,140,1726.569,1858.245,1741.766,0.1154
mixed,64,2,0.0312,4.0,2048,1024,256,1024,280,1775.304,2040.868,1789.348,0.0529
mixed,64,2,0.0312,4.0,2048,1024,512,2048,560,1891.621,2381.438,1888.869,-0.0056
mixed,64,2,0.0312,4.0,2048,1024,1024,4096,1120,2076.258,3079.574,2077.955,0.0017
mixed,64,2,0.0312,4.0,2048,1024,2048,8192,2240,2458.59,4439.81,2449.113,-0.0048
mixed,64,2,0.0312,4.0,2048,1024,4096,16384,4480,3219.125,7195.324,3181.716,-0.0094
mixed,64,2,0.0312,4.0,2048,2048,128,512,140,2269.088,2415.871,2289.728,0.1406
mixed,64,2,0.0312,4.0,2048,2048,256,1024,280,2324.705,2596.508,2342.558,0.0657
mixed,64,2,0.0312,4.0,2048,2048,512,2048,560,2437.023,2946.164,2440.158,0.0062
mixed,64,2,0.0312,4.0,2048,2048,1024,4096,1120,2621.98,3628.078,2628.54,0.0065
mixed,64,2,0.0312,4.0,2048,2048,2048,8192,2240,3001.049,5025.623,2999.415,-0.0008
mixed,64,2,0.0312,4.0,2048,2048,4096,16384,4480,3769.132,7746.997,3756.075,-0.0033
mixed,64,2,0.0312,4.0,2048,4096,128,512,140,3370.702,3508.336,3388.464,0.1291
mixed,64,2,0.0312,4.0,2048,4096,256,1024,280,3424.211,3684.429,3439.603,0.0592
mixed,64,2,0.0312,4.0,2048,4096,512,2048,560,3531.151,4044.551,3532.367,0.0024
mixed,64,2,0.0312,4.0,2048,4096,1024,4096,1120,3723.277,4743.838,3716.206,-0.0069
mixed,64,2,0.0312,4.0,2048,4096,2048,8192,2240,4101.223,6109.485,4099.655,-0.0008
mixed,64,2,0.0312,4.0,2048,4096,4096,16384,4480,4855.836,8823.783,4843.354,-0.0031
mixed,64,2,0.0312,4.0,2048,8192,128,512,140,5568.181,5702.387,5585.171,0.1266
mixed,64,2,0.0312,4.0,2048,8192,256,1024,280,5615.539,5876.241,5639.282,0.0911
mixed,64,2,0.0312,4.0,2048,8192,512,2048,560,5726.671,6231.528,5730.196,0.007
mixed,64,2,0.0312,4.0,2048,8192,1024,4096,1120,5908.528,6904.097,5914.639,0.0061
mixed,64,2,0.0312,4.0,2048,8192,2048,8192,2240,6281.323,8305.55,6291.594,0.0051
mixed,64,2,0.0312,4.0,2048,8192,4096,16384,4480,7046.91,11025.613,7032.801,-0.0035
pure,64,3,0.0469,4.0,0,0,128,512,146,97.598,233.373,121.566,0.1765
pure,64,3,0.0469,4.0,0,0,256,1024,292,156.222,409.85,179.711,0.0926
pure,64,3,0.0469,4.0,0,0,512,2048,584,259.709,762.517,295.803,0.0718
pure,64,3,0.0469,4.0,0,0,1024,4096,1168,461.048,1447.404,530.809,0.0707
pure,64,3,0.0469,4.0,0,0,2048,8192,2336,856.18,2817.243,995.923,0.0713
pure,64,3,0.0469,4.0,0,0,4096,16384,4672,1639.754,5556.214,1910.597,0.0692
mixed,64,3,0.0469,4.0,16,0,128,512,146,120.575,255.868,144.83,0.1793
mixed,64,3,0.0469,4.0,16,0,256,1024,292,180.638,429.273,204.765,0.097
mixed,64,3,0.0469,4.0,16,0,512,2048,584,282.524,784.182,322.171,0.079
mixed,64,3,0.0469,4.0,16,0,1024,4096,1168,476.857,1477.869,561.176,0.0842
mixed,64,3,0.0469,4.0,16,0,2048,8192,2336,874.195,2840.348,1009.011,0.0686
mixed,64,3,0.0469,4.0,16,0,4096,16384,4672,1667.497,5583.222,1936.808,0.0688
mixed,64,3,0.0469,4.0,16,512,128,512,146,154.3,290.076,178.077,0.1751
mixed,64,3,0.0469,4.0,16,512,256,1024,292,215.103,466.875,238.684,0.0937
mixed,64,3,0.0469,4.0,16,512,512,2048,584,313.179,814.357,358.747,0.0909
mixed,64,3,0.0469,4.0,16,512,1024,4096,1168,507.609,1515.725,586.744,0.0785
mixed,64,3,0.0469,4.0,16,512,2048,8192,2336,911.988,2878.841,1053.745,0.0721
mixed,64,3,0.0469,4.0,16,512,4096,16384,4672,1700.328,5593.271,1961.062,0.067
mixed,64,3,0.0469,4.0,16,1024,128,512,146,156.576,292.636,181.694,0.1846
mixed,64,3,0.0469,4.0,16,1024,256,1024,292,216.412,469.816,240.924,0.0967
mixed,64,3,0.0469,4.0,16,1024,512,2048,584,321.819,820.5,362.045,0.0807
mixed,64,3,0.0469,4.0,16,1024,1024,4096,1168,518.489,1501.677,596.73,0.0796
mixed,64,3,0.0469,4.0,16,1024,2048,8192,2336,911.572,2875.226,1052.305,0.0717
mixed,64,3,0.0469,4.0,16,1024,4096,16384,4672,1706.534,5583.16,1959.752,0.0653
mixed,64,3,0.0469,4.0,16,2048,128,512,146,160.447,295.613,186.08,0.1896
mixed,64,3,0.0469,4.0,16,2048,256,1024,292,219.615,472.569,242.944,0.0922
mixed,64,3,0.0469,4.0,16,2048,512,2048,584,316.861,822.165,361.083,0.0875
mixed,64,3,0.0469,4.0,16,2048,1024,4096,1168,514.104,1514.699,588.665,0.0745
mixed,64,3,0.0469,4.0,16,2048,2048,8192,2336,926.737,2874.331,1060.496,0.0687
mixed,64,3,0.0469,4.0,16,2048,4096,16384,4672,1697.61,5592.186,1978.343,0.0721
mixed,64,3,0.0469,4.0,16,4096,128,512,146,168.573,305.339,192.508,0.175
mixed,64,3,0.0469,4.0,16,4096,256,1024,292,229.724,483.321,252.987,0.0917
mixed,64,3,0.0469,4.0,16,4096,512,2048,584,327.773,832.5,368.123,0.0799
mixed,64,3,0.0469,4.0,16,4096,1024,4096,1168,532.474,1530.606,609.465,0.0771
mixed,64,3,0.0469,4.0,16,4096,2048,8192,2336,930.484,2879.834,1052.115,0.0624
mixed,64,3,0.0469,4.0,16,4096,4096,16384,4672,1703.98,5594.003,1968.391,0.068
mixed,64,3,0.0469,4.0,16,8192,128,512,146,205.629,341.436,228.127,0.1657
mixed,64,3,0.0469,4.0,16,8192,256,1024,292,266.558,518.072,287.611,0.0837
mixed,64,3,0.0469,4.0,16,8192,512,2048,584,368.286,871.126,409.467,0.0819
mixed,64,3,0.0469,4.0,16,8192,1024,4096,1168,562.456,1552.46,641.176,0.0795
mixed,64,3,0.0469,4.0,16,8192,2048,8192,2336,972.947,2914.715,1102.866,0.0669
mixed,64,3,0.0469,4.0,16,8192,4096,16384,4672,1760.585,5653.845,2007.621,0.0635
mixed,64,3,0.0469,4.0,32,0,128,512,146,152.413,287.677,174.365,0.1623
mixed,64,3,0.0469,4.0,32,0,256,1024,292,211.837,469.369,236.284,0.0949
mixed,64,3,0.0469,4.0,32,0,512,2048,584,317.662,814.934,355.356,0.0758
mixed,64,3,0.0469,4.0,32,0,1024,4096,1168,511.225,1517.419,585.975,0.0743
mixed,64,3,0.0469,4.0,32,0,2048,8192,2336,913.525,2884.284,1044.436,0.0664
mixed,64,3,0.0469,4.0,32,0,4096,16384,4672,1688.076,5627.097,1969.896,0.0715
mixed,64,3,0.0469,4.0,32,512,128,512,146,178.526,315.389,200.574,0.1611
mixed,64,3,0.0469,4.0,32,512,256,1024,292,237.79,494.648,263.486,0.1
mixed,64,3,0.0469,4.0,32,512,512,2048,584,341.214,844.95,381.178,0.0793
mixed,64,3,0.0469,4.0,32,512,1024,4096,1168,538.81,1540.459,607.577,0.0687
mixed,64,3,0.0469,4.0,32,512,2048,8192,2336,942.098,2883.228,1072.945,0.0674
mixed,64,3,0.0469,4.0,32,512,4096,16384,4672,1712.522,5625.208,1988.453,0.0705
mixed,64,3,0.0469,4.0,32,1024,128,512,146,180.125,319.708,205.148,0.1793
mixed,64,3,0.0469,4.0,32,1024,256,1024,292,241.149,494.072,265.564,0.0965
mixed,64,3,0.0469,4.0,32,1024,512,2048,584,344.859,843.927,381.789,0.074
mixed,64,3,0.0469,4.0,32,1024,1024,4096,1168,544.633,1537.518,622.712,0.0786
mixed,64,3,0.0469,4.0,32,1024,2048,8192,2336,947.444,2895.677,1069.236,0.0625
mixed,64,3,0.0469,4.0,32,1024,4096,16384,4672,1726.506,5619.8,1994.406,0.0688
mixed,64,3,0.0469,4.0,32,2048,128,512,146,185.532,321.631,207.743,0.1632
mixed,64,3,0.0469,4.0,32,2048,256,1024,292,244.669,500.281,266.396,0.085
mixed,64,3,0.0469,4.0,32,2048,512,2048,584,349.372,843.062,380.572,0.0632
mixed,64,3,0.0469,4.0,32,2048,1024,4096,1168,544.183,1539.818,621.913,0.0781
mixed,64,3,0.0469,4.0,32,2048,2048,8192,2336,944.147,2902.653,1082.451,0.0706
mixed,64,3,0.0469,4.0,32,2048,4096,16384,4672,1732.585,5656.891,2000.103,0.0682
mixed,64,3,0.0469,4.0,32,4096,128,512,146,199.741,340.539,225.47,0.1827
mixed,64,3,0.0469,4.0,32,4096,256,1024,292,262.555,518.396,284.156,0.0844
mixed,64,3,0.0469,4.0,32,4096,512,2048,584,364.893,865.909,411.546,0.0931
mixed,64,3,0.0469,4.0,32,4096,1024,4096,1168,569.56,1549.422,638.423,0.0703
mixed,64,3,0.0469,4.0,32,4096,2048,8192,2336,959.123,2911.036,1098.192,0.0712
mixed,64,3,0.0469,4.0,32,4096,4096,16384,4672,1743.019,5653.626,2035.847,0.0749
mixed,64,3,0.0469,4.0,32,8192,128,512,146,299.132,434.362,321.851,0.168
mixed,64,3,0.0469,4.0,32,8192,256,1024,292,356.634,609.112,380.955,0.0963
mixed,64,3,0.0469,4.0,32,8192,512,2048,584,459.514,961.621,501.209,0.083
mixed,64,3,0.0469,4.0,32,8192,1024,4096,1168,659.898,1652.587,738.999,0.0797
mixed,64,3,0.0469,4.0,32,8192,2048,8192,2336,1063.892,3037.561,1193.872,0.0659
mixed,64,3,0.0469,4.0,32,8192,4096,16384,4672,1841.798,5768.57,2102.371,0.0664
mixed,64,3,0.0469,4.0,64,0,128,512,146,153.948,292.126,177.693,0.1718
mixed,64,3,0.0469,4.0,64,0,256,1024,292,216.157,472.859,240.285,0.094
mixed,64,3,0.0469,4.0,64,0,512,2048,584,322.747,817.302,361.917,0.0792
mixed,64,3,0.0469,4.0,64,0,1024,4096,1168,516.569,1529.677,597.816,0.0802
mixed,64,3,0.0469,4.0,64,0,2048,8192,2336,920.533,2881.083,1053.875,0.068
mixed,64,3,0.0469,4.0,64,0,4096,16384,4672,1709.29,5599.833,1984.133,0.0706
mixed,64,3,0.0469,4.0,64,512,128,512,146,185.277,323.486,207.997,0.1644
mixed,64,3,0.0469,4.0,64,512,256,1024,292,246.459,497.657,269.629,0.0922
mixed,64,3,0.0469,4.0,64,512,512,2048,584,350.363,854.006,394.875,0.0884
mixed,64,3,0.0469,4.0,64,512,1024,4096,1168,548.152,1544.619,616.953,0.069
mixed,64,3,0.0469,4.0,64,512,2048,8192,2336,952.981,2917.018,1086.962,0.0682
mixed,64,3,0.0469,4.0,64,512,4096,16384,4672,1737.354,5625.852,2006.696,0.0693
mixed,64,3,0.0469,4.0,64,1024,128,512,146,190.717,328.637,213.727,0.1668
mixed,64,3,0.0469,4.0,64,1024,256,1024,292,251.325,510.394,274.907,0.091
mixed,64,3,0.0469,4.0,64,1024,512,2048,584,352.027,860.311,389.66,0.074
mixed,64,3,0.0469,4.0,64,1024,1024,4096,1168,566.426,1554.445,628.567,0.0629
mixed,64,3,0.0469,4.0,64,1024,2048,8192,2336,955.379,2915.42,1083.602,0.0654
mixed,64,3,0.0469,4.0,64,1024,4096,16384,4672,1741.87,5654.681,2000.484,0.0661
mixed,64,3,0.0469,4.0,64,2048,128,512,146,201.565,338.301,225.661,0.1762
mixed,64,3,0.0469,4.0,64,2048,256,1024,292,264.091,522.872,285.917,0.0843
mixed,64,3,0.0469,4.0,64,2048,512,2048,584,362.973,878.901,408.316,0.0879
mixed,64,3,0.0469,4.0,64,2048,1024,4096,1168,565.369,1562.286,640.503,0.0754
mixed,64,3,0.0469,4.0,64,2048,2048,8192,2336,969.748,2919.74,1107.218,0.0705
mixed,64,3,0.0469,4.0,64,2048,4096,16384,4672,1756.396,5680.317,2012.583,0.0653
mixed,64,3,0.0469,4.0,64,4096,128,512,146,278.814,417.884,303.868,0.1802
mixed,64,3,0.0469,4.0,64,4096,256,1024,292,337.208,596.377,365.178,0.1079
mixed,64,3,0.0469,4.0,64,4096,512,2048,584,439.481,951.635,485.403,0.0897
mixed,64,3,0.0469,4.0,64,4096,1024,4096,1168,639.543,1637.419,718.647,0.0793
mixed,64,3,0.0469,4.0,64,4096,2048,8192,2336,1047.251,3011.164,1184.048,0.0697
mixed,64,3,0.0469,4.0,64,4096,4096,16384,4672,1816.588,5758.263,2104.103,0.0729
mixed,64,3,0.0469,4.0,64,8192,128,512,146,359.963,494.843,381.532,0.1599
mixed,64,3,0.0469,4.0,64,8192,256,1024,292,422.492,675.159,445.851,0.0924
mixed,64,3,0.0469,4.0,64,8192,512,2048,584,518.49,1036.082,560.217,0.0806
mixed,64,3,0.0469,4.0,64,8192,1024,4096,1168,720.024,1718.538,798.744,0.0788
mixed,64,3,0.0469,4.0,64,8192,2048,8192,2336,1121.234,3094.906,1251.502,0.066
mixed,64,3,0.0469,4.0,64,8192,4096,16384,4672,1914.183,5848.375,2172.71,0.0657
mixed,64,3,0.0469,4.0,128,0,128,512,146,158.27,291.356,181.277,0.1729
mixed,64,3,0.0469,4.0,128,0,256,1024,292,217.499,472.252,240.955,0.0921
mixed,64,3,0.0469,4.0,128,0,512,2048,584,322.202,816.534,362.139,0.0808
mixed,64,3,0.0469,4.0,128,0,1024,4096,1168,517.691,1513.775,584.25,0.0668
mixed,64,3,0.0469,4.0,128,0,2048,8192,2336,920.309,2892.413,1055.988,0.0688
mixed,64,3,0.0469,4.0,128,0,4096,16384,4672,1706.09,5625.533,1984.714,0.0711
mixed,64,3,0.0469,4.0,128,512,128,512,146,199.582,338.108,223.454,0.1723
mixed,64,3,0.0469,4.0,128,512,256,1024,292,262.108,512.057,281.372,0.0771
mixed,64,3,0.0469,4.0,128,512,512,2048,584,361.852,867.924,406.49,0.0882
mixed,64,3,0.0469,4.0,128,512,1024,4096,1168,564.953,1553.935,634.649,0.0705
mixed,64,3,0.0469,4.0,128,512,2048,8192,2336,956.822,2907.325,1102.13,0.0745
mixed,64,3,0.0469,4.0,128,512,4096,16384,4672,1750.86,5677.886,2037.352,0.073
mixed,64,3,0.0469,4.0,128,1024,128,512,146,206.912,344.987,232.315,0.184
mixed,64,3,0.0469,4.0,128,1024,256,1024,292,268.379,525.496,290.431,0.0858
mixed,64,3,0.0469,4.0,128,1024,512,2048,584,371.259,876.343,410.586,0.0779
mixed,64,3,0.0469,4.0,128,1024,1024,4096,1168,565.882,1560.172,638.613,0.0731
mixed,64,3,0.0469,4.0,128,1024,2048,8192,2336,979.219,2929.245,1106.805,0.0654
mixed,64,3,0.0469,4.0,128,1024,4096,16384,4672,1758.122,5675.58,2023.464,0.0677
mixed,64,3,0.0469,4.0,128,2048,128,512,146,283.326,417.563,307.868,0.1828
mixed,64,3,0.0469,4.0,128,2048,256,1024,292,342.909,597.496,368.219,0.0994
mixed,64,3,0.0469,4.0,128,2048,512,2048,584,448.282,947.125,496.954,0.0976
mixed,64,3,0.0469,4.0,128,2048,1024,4096,1168,645.913,1642.382,713.368,0.0677
mixed,64,3,0.0469,4.0,128,2048,2048,8192,2336,1053.619,3022.46,1190.162,0.0694
mixed,64,3,0.0469,4.0,128,2048,4096,16384,4672,1835.116,5761.885,2100.33,0.0675
mixed,64,3,0.0469,4.0,128,4096,128,512,146,363.421,502.908,390.845,0.1966
mixed,64,3,0.0469,4.0,128,4096,256,1024,292,422.682,673.05,449.051,0.1053
mixed,64,3,0.0469,4.0,128,4096,512,2048,584,527.93,1020.466,570.774,0.087
mixed,64,3,0.0469,4.0,128,4096,1024,4096,1168,727.221,1720.842,801.079,0.0743
mixed,64,3,0.0469,4.0,128,4096,2048,8192,2336,1124.756,3084.732,1265.234,0.0717
mixed,64,3,0.0469,4.0,128,4096,4096,16384,4672,1912.361,5836.059,2193.191,0.0716
mixed,64,3,0.0469,4.0,128,8192,128,512,146,510.265,646.84,536.121,0.1893
mixed,64,3,0.0469,4.0,128,8192,256,1024,292,572.729,825.974,595.961,0.0917
mixed,64,3,0.0469,4.0,128,8192,512,2048,584,676.214,1167.025,713.4,0.0758
mixed,64,3,0.0469,4.0,128,8192,1024,4096,1168,873.013,1883.402,950.197,0.0764
mixed,64,3,0.0469,4.0,128,8192,2048,8192,2336,1274.836,3229.306,1416.175,0.0723
mixed,64,3,0.0469,4.0,128,8192,4096,16384,4672,2055.879,5956.124,2318.502,0.0673
mixed,64,3,0.0469,4.0,256,0,128,512,146,222.749,360.446,244.831,0.1604
mixed,64,3,0.0469,4.0,256,0,256,1024,292,282.877,537.211,306.268,0.092
mixed,64,3,0.0469,4.0,256,0,512,2048,584,385.563,877.558,430.202,0.0907
mixed,64,3,0.0469,4.0,256,0,1024,4096,1168,587.576,1574.638,658.455,0.0718
mixed,64,3,0.0469,4.0,256,0,2048,8192,2336,984.183,2942.846,1112.629,0.0656
mixed,64,3,0.0469,4.0,256,0,4096,16384,4672,1762.027,5697.79,2059.048,0.0755
mixed,64,3,0.0469,4.0,256,512,128,512,146,289.341,427.964,314.108,0.1787
mixed,64,3,0.0469,4.0,256,512,256,1024,292,349.438,601.56,375.546,0.1036
mixed,64,3,0.0469,4.0,256,512,512,2048,584,451.004,956.725,501.178,0.0992
mixed,64,3,0.0469,4.0,256,512,1024,4096,1168,654.358,1643.181,727.957,0.0744
mixed,64,3,0.0469,4.0,256,512,2048,8192,2336,1063.892,3026.588,1186.514,0.0625
mixed,64,3,0.0469,4.0,256,512,4096,16384,4672,1842.7,5784.38,2114.054,0.0688
mixed,64,3,0.0469,4.0,256,1024,128,512,146,343.195,480.281,369.404,0.1912
mixed,64,3,0.0469,4.0,256,1024,256,1024,292,402.685,664.984,429.88,0.1037
mixed,64,3,0.0469,4.0,256,1024,512,2048,584,509.403,1013.364,550.327,0.0812
mixed,64,3,0.0469,4.0,256,1024,1024,4096,1168,715.735,1707.533,776.6,0.0614
mixed,64,3,0.0469,4.0,256,1024,2048,8192,2336,1105.617,3067.006,1246.45,0.0718
mixed,64,3,0.0469,4.0,256,1024,4096,16384,4672,1884.267,5795.035,2167.59,0.0724
mixed,64,3,0.0469,4.0,256,2048,128,512,146,384.123,521.914,407.102,0.1668
mixed,64,3,0.0469,4.0,256,2048,256,1024,292,440.956,695.162,464.091,0.091
mixed,64,3,0.0469,4.0,256,2048,512,2048,584,545.593,1055.667,584.089,0.0755
mixed,64,3,0.0469,4.0,256,2048,1024,4096,1168,744.056,1746.7,817.493,0.0732
mixed,64,3,0.0469,4.0,256,2048,2048,8192,2336,1149.201,3099.932,1290.993,0.0727
mixed,64,3,0.0469,4.0,256,2048,4096,16384,4672,1933.512,5851.549,2225.829,0.0746
mixed,64,3,0.0469,4.0,256,4096,128,512,146,527.162,660.216,551.194,0.1806
mixed,64,3,0.0469,4.0,256,4096,256,1024,292,584.603,838.805,609.273,0.097
mixed,64,3,0.0469,4.0,256,4096,512,2048,584,683.672,1188.659,734.197,0.1001
mixed,64,3,0.0469,4.0,256,4096,1024,4096,1168,889.362,1893.644,966.582,0.0769
mixed,64,3,0.0469,4.0,256,4096,2048,8192,2336,1284.911,3264.892,1428.175,0.0724
mixed,64,3,0.0469,4.0,256,4096,4096,16384,4672,2081.448,5990.52,2350.024,0.0687
mixed,64,3,0.0469,4.0,256,8192,128,512,146,772.664,912.087,796.824,0.1733
mixed,64,3,0.0469,4.0,256,8192,256,1024,292,831.479,1083.25,852.982,0.0854
mixed,64,3,0.0469,4.0,256,8192,512,2048,584,936.247,1433.904,978.168,0.0842
mixed,64,3,0.0469,4.0,256,8192,1024,4096,1168,1136.881,2130.535,1204.467,0.068
mixed,64,3,0.0469,4.0,256,8192,2048,8192,2336,1538.96,3507.099,1676.59,0.0699
mixed,64,3,0.0469,4.0,256,8192,4096,16384,4672,2315.239,6238.358,2600.993,0.0728
mixed,64,3,0.0469,4.0,512,0,128,512,146,341.948,478.811,366.075,0.1763
mixed,64,3,0.0469,4.0,512,0,256,1024,292,402.139,661.271,426.811,0.0952
mixed,64,3,0.0469,4.0,512,0,512,2048,584,504.184,1002.739,548.216,0.0883
mixed,64,3,0.0469,4.0,512,0,1024,4096,1168,699.992,1702.957,775.638,0.0754
mixed,64,3,0.0469,4.0,512,0,2048,8192,2336,1107.666,3068.414,1239.824,0.0674
mixed,64,3,0.0469,4.0,512,0,4096,16384,4672,1891.915,5798.62,2163.721,0.0696
mixed,64,3,0.0469,4.0,512,512,128,512,146,414.393,550.524,439.132,0.1817
mixed,64,3,0.0469,4.0,512,512,256,1024,292,471.932,729.719,497.242,0.0982
mixed,64,3,0.0469,4.0,512,512,512,2048,584,580.25,1080.371,616.537,0.0726
mixed,64,3,0.0469,4.0,512,512,1024,4096,1168,781.561,1785.997,850.454,0.0686
mixed,64,3,0.0469,4.0,512,512,2048,8192,2336,1175.445,3139.933,1317.265,0.0722
mixed,64,3,0.0469,4.0,512,512,4096,16384,4672,1960.359,5889.471,2241.415,0.0715
mixed,64,3,0.0469,4.0,512,1024,128,512,146,482.169,617.336,506.715,0.1816
mixed,64,3,0.0469,4.0,512,1024,256,1024,292,542.65,795.481,566.424,0.094
mixed,64,3,0.0469,4.0,512,1024,512,2048,584,646.071,1146.485,683.734,0.0753
mixed,64,3,0.0469,4.0,512,1024,1024,4096,1168,843.189,1839.371,918.838,0.0759
mixed,64,3,0.0469,4.0,512,1024,2048,8192,2336,1254.13,3210.173,1375.824,0.0622
mixed,64,3,0.0469,4.0,512,1024,4096,16384,4672,2051.785,5934.779,2305.542,0.0654
mixed,64,3,0.0469,4.0,512,2048,128,512,146,626.393,762.838,652.89,0.1942
mixed,64,3,0.0469,4.0,512,2048,256,1024,292,685.657,942.456,711.511,0.1007
mixed,64,3,0.0469,4.0,512,2048,512,2048,584,785.88,1287.985,836.279,0.1004
mixed,64,3,0.0469,4.0,512,2048,1024,4096,1168,989.236,1992.969,1069.33,0.0798
mixed,64,3,0.0469,4.0,512,2048,2048,8192,2336,1395.056,3355.483,1516.622,0.062
mixed,64,3,0.0469,4.0,512,2048,4096,16384,4672,2186.214,6092.22,2442.467,0.0656
mixed,64,3,0.0469,4.0,512,4096,128,512,146,907.158,1039.697,925.72,0.14
mixed,64,3,0.0469,4.0,512,4096,256,1024,292,964.151,1210.545,991.796,0.1122
mixed,64,3,0.0469,4.0,512,4096,512,2048,584,1064.468,1573.167,1109.683,0.0889
mixed,64,3,0.0469,4.0,512,4096,1024,4096,1168,1266.29,2260.486,1339.759,0.0739
mixed,64,3,0.0469,4.0,512,4096,2048,8192,2336,1677.006,3621.367,1811.146,0.069
mixed,64,3,0.0469,4.0,512,4096,4096,16384,4672,2451.686,6363.322,2728.127,0.0707
mixed,64,3,0.0469,4.0,512,8192,128,512,146,1455.279,1592.431,1482.445,0.1981
mixed,64,3,0.0469,4.0,512,8192,256,1024,292,1518.129,1770.605,1539.983,0.0866
mixed,64,3,0.0469,4.0,512,8192,512,2048,584,1618.098,2127.078,1653.391,0.0693
mixed,64,3,0.0469,4.0,512,8192,1024,4096,1168,1824.17,2819.618,1895.689,0.0718
mixed,64,3,0.0469,4.0,512,8192,2048,8192,2336,2217.896,4188.212,2355.491,0.0698
mixed,64,3,0.0469,4.0,512,8192,4096,16384,4672,2995.549,6916.115,3290.617,0.0753
mixed,64,3,0.0469,4.0,1024,0,128,512,146,599.385,736.441,622.617,0.1695
mixed,64,3,0.0469,4.0,1024,0,256,1024,292,657.271,908.245,683.322,0.1038
mixed,64,3,0.0469,4.0,1024,0,512,2048,584,761.272,1266.803,803.35,0.0832
mixed,64,3,0.0469,4.0,1024,0,1024,4096,1168,961.24,1953.771,1033.303,0.0726
mixed,64,3,0.0469,4.0,1024,0,2048,8192,2336,1368.529,3335.385,1503.313,0.0685
mixed,64,3,0.0469,4.0,1024,0,4096,16384,4672,2150.026,6056.701,2409.765,0.0665
mixed,64,3,0.0469,4.0,1024,512,128,512,146,777.977,915.095,800.281,0.1627
mixed,64,3,0.0469,4.0,1024,512,256,1024,292,836.058,1090.995,860.277,0.095
mixed,64,3,0.0469,4.0,1024,512,512,2048,584,941.622,1442.159,980.437,0.0775
mixed,64,3,0.0469,4.0,1024,512,1024,4096,1168,1141.589,2130.79,1220.977,0.0803
mixed,64,3,0.0469,4.0,1024,512,2048,8192,2336,1544.619,3514.967,1677.165,0.0673
mixed,64,3,0.0469,4.0,1024,512,4096,16384,4672,2342.02,6238.78,2607.076,0.068
mixed,64,3,0.0469,4.0,1024,1024,128,512,146,932.695,1068.979,959.543,0.197
mixed,64,3,0.0469,4.0,1024,1024,256,1024,292,989.332,1250.547,1015.509,0.1002
mixed,64,3,0.0469,4.0,1024,1024,512,2048,584,1096.338,1596.048,1134.419,0.0762
mixed,64,3,0.0469,4.0,1024,1024,1024,4096,1168,1289.073,2292.551,1359.758,0.0704
mixed,64,3,0.0469,4.0,1024,1024,2048,8192,2336,1692.557,3647.002,1824.268,0.0674
mixed,64,3,0.0469,4.0,1024,1024,4096,16384,4672,2472.548,6408.184,2767.423,0.0749
mixed,64,3,0.0469,4.0,1024,2048,128,512,146,1211.54,1343.06,1235.376,0.1812
mixed,64,3,0.0469,4.0,1024,2048,256,1024,292,1266.45,1517.167,1292.147,0.1025
mixed,64,3,0.0469,4.0,1024,2048,512,2048,584,1367.121,1871.948,1414.673,0.0942
mixed,64,3,0.0469,4.0,1024,2048,1024,4096,1168,1573.71,2558.02,1653.037,0.0806
mixed,64,3,0.0469,4.0,1024,2048,2048,8192,2336,1968.65,3935.988,2099.242,0.0664
mixed,64,3,0.0469,4.0,1024,2048,4096,16384,4672,2760.481,6665.977,3049.213,0.0739
mixed,64,3,0.0469,4.0,1024,4096,128,512,146,1764.301,1897.098,1787.052,0.1713
mixed,64,3,0.0469,4.0,1024,4096,256,1024,292,1819.242,2078.793,1841.773,0.0868
mixed,64,3,0.0469,4.0,1024,4096,512,2048,584,1922.825,2428.103,1966.344,0.0861
mixed,64,3,0.0469,4.0,1024,4096,1024,4096,1168,2125.993,3121.502,2200.776,0.0751
mixed,64,3,0.0469,4.0,1024,4096,2048,8192,2336,2519.429,4488.272,2665.603,0.0742
mixed,64,3,0.0469,4.0,1024,4096,4096,16384,4672,3301.274,7239.953,3580.633,0.0709
mixed,64,3,0.0469,4.0,1024,8192,128,512,146,2853.888,2990.495,2880.8,0.197
mixed,64,3,0.0469,4.0,1024,8192,256,1024,292,2915.393,3163.967,2937.888,0.0905
mixed,64,3,0.0469,4.0,1024,8192,512,2048,584,3019.743,3522.038,3060.767,0.0817
mixed,64,3,0.0469,4.0,1024,8192,1024,4096,1168,3218.076,4213.715,3290.876,0.0731
mixed,64,3,0.0469,4.0,1024,8192,2048,8192,2336,3615.865,5570.434,3749.589,0.0684
mixed,64,3,0.0469,4.0,1024,8192,4096,16384,4672,4406.542,8306.822,4677.609,0.0695
mixed,64,3,0.0469,4.0,2048,0,128,512,146,1052.498,1189.939,1076.725,0.1763
mixed,64,3,0.0469,4.0,2048,0,256,1024,292,1111.636,1366.545,1139.73,0.1102
mixed,64,3,0.0469,4.0,2048,0,512,2048,584,1215.057,1715.599,1250.291,0.0704
mixed,64,3,0.0469,4.0,2048,0,1024,4096,1168,1411.985,2417.35,1479.022,0.0667
mixed,64,3,0.0469,4.0,2048,0,2048,8192,2336,1818.831,3783.0,1942.987,0.0632
mixed,64,3,0.0469,4.0,2048,0,4096,16384,4672,2603.621,6515.127,2877.215,0.0699
mixed,64,3,0.0469,4.0,2048,512,128,512,146,1385.842,1528.304,1410.706,0.1745
mixed,64,3,0.0469,4.0,2048,512,256,1024,292,1447.663,1701.356,1468.464,0.082
mixed,64,3,0.0469,4.0,2048,512,512,2048,584,1546.896,2055.783,1592.303,0.0892
mixed,64,3,0.0469,4.0,2048,512,1024,4096,1168,1746.799,2749.987,1816.461,0.0694
mixed,64,3,0.0469,4.0,2048,512,2048,8192,2336,2149.415,4109.908,2277.224,0.0652
mixed,64,3,0.0469,4.0,2048,512,4096,16384,4672,2936.257,6863.989,3210.589,0.0698
mixed,64,3,0.0469,4.0,2048,1024,128,512,146,1720.718,1863.435,1747.788,0.1897
mixed,64,3,0.0469,4.0,2048,1024,256,1024,292,1783.116,2040.041,1804.711,0.0841
mixed,64,3,0.0469,4.0,2048,1024,512,2048,584,1884.428,2395.111,1930.73,0.0907
mixed,64,3,0.0469,4.0,2048,1024,1024,4096,1168,2082.409,3081.439,2161.384,0.0791
mixed,64,3,0.0469,4.0,2048,1024,2048,8192,2336,2489.667,4454.865,2617.155,0.0649
mixed,64,3,0.0469,4.0,2048,1024,4096,16384,4672,3276.253,7183.091,3553.914,0.0711
mixed,64,3,0.0469,4.0,2048,2048,128,512,146,2278.182,2412.231,2297.67,0.1454
mixed,64,3,0.0469,4.0,2048,2048,256,1024,292,2337.641,2592.547,2357.223,0.0768
mixed,64,3,0.0469,4.0,2048,2048,512,2048,584,2437.48,2937.376,2482.117,0.0893
mixed,64,3,0.0469,4.0,2048,2048,1024,4096,1168,2639.365,3633.785,2714.146,0.0752
mixed,64,3,0.0469,4.0,2048,2048,2048,8192,2336,3040.992,5016.616,3170.625,0.0656
mixed,64,3,0.0469,4.0,2048,2048,4096,16384,4672,3827.768,7730.414,4101.398,0.0701
mixed,64,3,0.0469,4.0,2048,4096,128,512,146,3374.909,3510.009,3394.617,0.1459
mixed,64,3,0.0469,4.0,2048,4096,256,1024,292,3434.044,3680.567,3453.433,0.0786
mixed,64,3,0.0469,4.0,2048,4096,512,2048,584,3531.162,4043.189,3576.665,0.0889
mixed,64,3,0.0469,4.0,2048,4096,1024,4096,1168,3738.872,4723.372,3810.362,0.0726
mixed,64,3,0.0469,4.0,2048,4096,2048,8192,2336,4138.547,6098.526,4272.436,0.0683
mixed,64,3,0.0469,4.0,2048,4096,4096,16384,4672,4923.837,8847.935,5212.936,0.0737
mixed,64,3,0.0469,4.0,2048,8192,128,512,146,5565.029,5700.29,5588.098,0.1706
mixed,64,3,0.0469,4.0,2048,8192,256,1024,292,5623.232,5884.737,5645.54,0.0853
mixed,64,3,0.0469,4.0,2048,8192,512,2048,584,5731.584,6222.939,5772.034,0.0823
mixed,64,3,0.0469,4.0,2048,8192,1024,4096,1168,5927.072,6917.814,5997.408,0.071
mixed,64,3,0.0469,4.0,2048,8192,2048,8192,2336,6331.1,8297.447,6454.747,0.0629
mixed,64,3,0.0469,4.0,2048,8192,4096,16384,4672,7112.628,11056.075,7385.298,0.0691
pure,64,4,0.0625,4.0,0,0,128,512,152,98.208,235.197,124.508,0.192
pure,64,4,0.0625,4.0,0,0,256,1024,304,154.879,412.731,180.959,0.1011
pure,64,4,0.0625,4.0,0,0,512,2048,608,266.301,768.024,306.652,0.0804
pure,64,4,0.0625,4.0,0,0,1024,4096,1216,477.66,1451.794,539.994,0.064
pure,64,4,0.0625,4.0,0,0,2048,8192,2432,892.279,2812.737,1007.318,0.0599
pure,64,4,0.0625,4.0,0,0,4096,16384,4864,1710.412,5572.484,1943.307,0.0603
mixed,64,4,0.0625,4.0,16,0,128,512,152,121.31,256.125,145.567,0.1799
mixed,64,4,0.0625,4.0,16,0,256,1024,304,178.622,431.739,205.246,0.1052
mixed,64,4,0.0625,4.0,16,0,512,2048,608,295.389,784.535,327.485,0.0656
mixed,64,4,0.0625,4.0,16,0,1024,4096,1216,498.172,1475.858,559.58,0.0628
mixed,64,4,0.0625,4.0,16,0,2048,8192,2432,917.975,2834.018,1027.447,0.0571
mixed,64,4,0.0625,4.0,16,0,4096,16384,4864,1732.622,5576.613,1959.372,0.059
mixed,64,4,0.0625,4.0,16,512,128,512,152,155.935,291.165,179.774,0.1763
mixed,64,4,0.0625,4.0,16,512,256,1024,304,212.638,465.208,241.567,0.1145
mixed,64,4,0.0625,4.0,16,512,512,2048,608,325.437,817.625,356.286,0.0627
mixed,64,4,0.0625,4.0,16,512,1024,4096,1216,529.466,1511.214,592.922,0.0646
mixed,64,4,0.0625,4.0,16,512,2048,8192,2432,952.631,2871.65,1067.222,0.0597
mixed,64,4,0.0625,4.0,16,512,4096,16384,4864,1758.894,5589.285,1993.418,0.0612
mixed,64,4,0.0625,4.0,16,1024,128,512,152,157.823,291.966,179.615,0.1625
mixed,64,4,0.0625,4.0,16,1024,256,1024,304,212.797,466.809,242.047,0.1152
mixed,64,4,0.0625,4.0,16,1024,512,2048,608,325.434,812.95,362.906,0.0769
mixed,64,4,0.0625,4.0,16,1024,1024,4096,1216,537.212,1510.478,596.473,0.0609
mixed,64,4,0.0625,4.0,16,1024,2048,8192,2432,950.037,2863.874,1063.123,0.0591
mixed,64,4,0.0625,4.0,16,1024,4096,16384,4864,1758.702,5601.029,1986.315,0.0592
mixed,64,4,0.0625,4.0,16,2048,128,512,152,161.6,296.86,186.847,0.1867
mixed,64,4,0.0625,4.0,16,2048,256,1024,304,218.205,474.682,244.669,0.1032
mixed,64,4,0.0625,4.0,16,2048,512,2048,608,330.747,824.405,367.1,0.0736
mixed,64,4,0.0625,4.0,16,2048,1024,4096,1216,539.993,1514.734,604.185,0.0659
mixed,64,4,0.0625,4.0,16,2048,2048,8192,2432,949.078,2888.705,1071.284,0.063
mixed,64,4,0.0625,4.0,16,2048,4096,16384,4864,1777.134,5600.005,1996.97,0.0575
mixed,64,4,0.0625,4.0,16,4096,128,512,152,170.814,304.508,194.175,0.1747
mixed,64,4,0.0625,4.0,16,4096,256,1024,304,224.828,482.489,253.884,0.1128
mixed,64,4,0.0625,4.0,16,4096,512,2048,608,335.964,826.551,372.73,0.0749
mixed,64,4,0.0625,4.0,16,4096,1024,4096,1216,549.69,1522.287,607.898,0.0598
mixed,64,4,0.0625,4.0,16,4096,2048,8192,2432,966.517,2891.362,1078.867,0.0584
mixed,64,4,0.0625,4.0,16,4096,4096,16384,4864,1770.318,5617.123,1998.508,0.0593
mixed,64,4,0.0625,4.0,16,8192,128,512,152,207.582,341.343,230.905,0.1744
mixed,64,4,0.0625,4.0,16,8192,256,1024,304,264.572,518.266,293.501,0.114
mixed,64,4,0.0625,4.0,16,8192,512,2048,608,376.412,870.997,411.261,0.0705
mixed,64,4,0.0625,4.0,16,8192,1024,4096,1216,581.017,1567.185,647.001,0.0669
mixed,64,4,0.0625,4.0,16,8192,2048,8192,2432,1006.678,2939.393,1105.299,0.051
mixed,64,4,0.0625,4.0,16,8192,4096,16384,4864,1799.499,5668.385,2038.571,0.0618
mixed,64,4,0.0625,4.0,32,0,128,512,152,152.862,291.037,178.558,0.186
mixed,64,4,0.0625,4.0,32,0,256,1024,304,210.109,472.09,238.879,0.1098
mixed,64,4,0.0625,4.0,32,0,512,2048,608,327.388,814.519,357.532,0.0619
mixed,64,4,0.0625,4.0,32,0,1024,4096,1216,531.962,1504.432,599.513,0.0695
mixed,64,4,0.0625,4.0,32,0,2048,8192,2432,940.663,2877.409,1071.924,0.0678
mixed,64,4,0.0625,4.0,32,0,4096,16384,4864,1771.599,5602.149,1999.721,0.0596
mixed,64,4,0.0625,4.0,32,512,128,512,152,179.741,313.788,205.025,0.1886
mixed,64,4,0.0625,4.0,32,512,256,1024,304,238.237,487.483,264.508,0.1054
mixed,64,4,0.0625,4.0,32,512,512,2048,608,350.653,844.501,387.581,0.0748
mixed,64,4,0.0625,4.0,32,512,1024,4096,1216,564.346,1534.894,625.049,0.0625
mixed,64,4,0.0625,4.0,32,512,2048,8192,2432,982.869,2899.648,1089.683,0.0557
mixed,64,4,0.0625,4.0,32,512,4096,16384,4864,1795.246,5621.572,2010.89,0.0564
mixed,64,4,0.0625,4.0,32,1024,128,512,152,181.565,317.371,206.558,0.184
mixed,64,4,0.0625,4.0,32,1024,256,1024,304,240.574,504.313,266.88,0.0997
mixed,64,4,0.0625,4.0,32,1024,512,2048,608,351.644,844.726,387.514,0.0727
mixed,64,4,0.0625,4.0,32,1024,1024,4096,1216,563.066,1550.896,615.383,0.053
mixed,64,4,0.0625,4.0,32,1024,2048,8192,2432,980.756,2894.466,1088.565,0.0563
mixed,64,4,0.0625,4.0,32,1024,4096,16384,4864,1791.693,5625.862,2021.835,0.06
mixed,64,4,0.0625,4.0,32,2048,128,512,152,187.006,322.367,211.292,0.1794
mixed,64,4,0.0625,4.0,32,2048,256,1024,304,244.16,500.858,272.604,0.1108
mixed,64,4,0.0625,4.0,32,2048,512,2048,608,357.339,852.533,397.149,0.0804
mixed,64,4,0.0625,4.0,32,2048,1024,4096,1216,573.818,1553.293,625.529,0.0528
mixed,64,4,0.0625,4.0,32,2048,2048,8192,2432,982.645,2902.848,1089.749,0.0558
mixed,64,4,0.0625,4.0,32,2048,4096,16384,4864,1793.037,5631.397,2025.003,0.0604
mixed,64,4,0.0625,4.0,32,4096,128,512,152,200.927,341.214,225.565,0.1756
mixed,64,4,0.0625,4.0,32,4096,256,1024,304,259.772,513.05,290.3,0.1205
mixed,64,4,0.0625,4.0,32,4096,512,2048,608,373.725,868.119,411.196,0.0758
mixed,64,4,0.0625,4.0,32,4096,1024,4096,1216,585.947,1554.703,641.914,0.0578
mixed,64,4,0.0625,4.0,32,4096,2048,8192,2432,1000.758,2927.777,1113.016,0.0583
mixed,64,4,0.0625,4.0,32,4096,4096,16384,4864,1808.814,5644.454,2041.355,0.0606
mixed,64,4,0.0625,4.0,32,8192,128,512,152,297.375,431.23,323.517,0.1953
mixed,64,4,0.0625,4.0,32,8192,256,1024,304,356.349,607.867,380.028,0.0941
mixed,64,4,0.0625,4.0,32,8192,512,2048,608,474.202,968.822,507.034,0.0664
mixed,64,4,0.0625,4.0,32,8192,1024,4096,1216,678.711,1651.503,739.286,0.0623
mixed,64,4,0.0625,4.0,32,8192,2048,8192,2432,1086.805,3024.705,1211.794,0.0645
mixed,64,4,0.0625,4.0,32,8192,4096,16384,4864,1908.075,5756.644,2138.443,0.0599
mixed,64,4,0.0625,4.0,64,0,128,512,152,154.208,293.084,180.126,0.1866
mixed,64,4,0.0625,4.0,64,0,256,1024,304,214.047,469.402,241.47,0.1074
mixed,64,4,0.0625,4.0,64,0,512,2048,608,327.74,821.526,359.452,0.0642
mixed,64,4,0.0625,4.0,64,0,1024,4096,1216,540.058,1512.176,592.345,0.0538
mixed,64,4,0.0625,4.0,64,0,2048,8192,2432,955.095,2872.482,1072.565,0.0613
mixed,64,4,0.0625,4.0,64,0,4096,16384,4864,1777.26,5621.51,1990.538,0.0555
mixed,64,4,0.0625,4.0,64,512,128,512,152,185.567,322.619,211.328,0.188
mixed,64,4,0.0625,4.0,64,512,256,1024,304,245.821,503.835,271.229,0.0985
mixed,64,4,0.0625,4.0,64,512,512,2048,608,357.948,855.382,393.501,0.0715
mixed,64,4,0.0625,4.0,64,512,1024,4096,1216,575.226,1551.632,622.554,0.0485
mixed,64,4,0.0625,4.0,64,512,2048,8192,2432,989.719,2919.651,1093.459,0.0538
mixed,64,4,0.0625,4.0,64,512,4096,16384,4864,1799.567,5654.021,2025.387,0.0586
mixed,64,4,0.0625,4.0,64,1024,128,512,152,191.005,326.267,217.056,0.1926
mixed,64,4,0.0625,4.0,64,1024,256,1024,304,252.605,505.947,279.485,0.1061
mixed,64,4,0.0625,4.0,64,1024,512,2048,608,367.548,859.128,400.796,0.0676
mixed,64,4,0.0625,4.0,64,1024,1024,4096,1216,573.979,1554.798,627.129,0.0542
mixed,64,4,0.0625,4.0,64,1024,2048,8192,2432,985.815,2921.41,1105.427,0.0618
mixed,64,4,0.0625,4.0,64,1024,4096,16384,4864,1799.436,5640.358,2036.361,0.0617
mixed,64,4,0.0625,4.0,64,2048,128,512,152,201.695,339.837,226.559,0.18
mixed,64,4,0.0625,4.0,64,2048,256,1024,304,263.357,521.787,286.238,0.0885
mixed,64,4,0.0625,4.0,64,2048,512,2048,608,373.243,864.054,413.051,0.0811
mixed,64,4,0.0625,4.0,64,2048,1024,4096,1216,577.851,1557.968,635.866,0.0592
mixed,64,4,0.0625,4.0,64,2048,2048,8192,2432,1005.845,2930.753,1113.175,0.0558
mixed,64,4,0.0625,4.0,64,2048,4096,16384,4864,1821.838,5691.43,2047.978,0.0584
mixed,64,4,0.0625,4.0,64,4096,128,512,152,280.509,415.962,306.11,0.189
mixed,64,4,0.0625,4.0,64,4096,256,1024,304,341.114,597.945,363.964,0.089
mixed,64,4,0.0625,4.0,64,4096,512,2048,608,450.682,948.183,488.57,0.0762
mixed,64,4,0.0625,4.0,64,4096,1024,4096,1216,669.143,1650.224,728.025,0.06
mixed,64,4,0.0625,4.0,64,4096,2048,8192,2432,1078.901,2992.672,1186.773,0.0564
mixed,64,4,0.0625,4.0,64,4096,4096,16384,4864,1888.683,5776.709,2137.067,0.0639
mixed,64,4,0.0625,4.0,64,8192,128,512,152,359.835,494.874,386.906,0.2005
mixed,64,4,0.0625,4.0,64,8192,256,1024,304,419.901,681.498,446.425,0.1014
mixed,64,4,0.0625,4.0,64,8192,512,2048,608,531.449,1027.22,567.098,0.0719
mixed,64,4,0.0625,4.0,64,8192,1024,4096,1216,741.208,1718.348,798.711,0.0588
mixed,64,4,0.0625,4.0,64,8192,2048,8192,2432,1157.301,3087.841,1265.588,0.0561
mixed,64,4,0.0625,4.0,64,8192,4096,16384,4864,1972.911,5830.883,2210.57,0.0616
mixed,64,4,0.0625,4.0,128,0,128,512,152,158.911,295.196,183.648,0.1815
mixed,64,4,0.0625,4.0,128,0,256,1024,304,215.133,470.139,241.852,0.1048
mixed,64,4,0.0625,4.0,128,0,512,2048,608,328.477,819.192,363.358,0.0711
mixed,64,4,0.0625,4.0,128,0,1024,4096,1216,539.675,1510.613,599.77,0.0619
mixed,64,4,0.0625,4.0,128,0,2048,8192,2432,953.045,2875.906,1069.942,0.0608
mixed,64,4,0.0625,4.0,128,0,4096,16384,4864,1772.014,5621.541,2012.588,0.0625
mixed,64,4,0.0625,4.0,128,512,128,512,152,199.999,338.395,225.082,0.1812
mixed,64,4,0.0625,4.0,128,512,256,1024,304,259.743,522.266,287.549,0.1059
mixed,64,4,0.0625,4.0,128,512,512,2048,608,376.38,865.431,412.378,0.0736
mixed,64,4,0.0625,4.0,128,512,1024,4096,1216,585.883,1558.318,644.41,0.0602
mixed,64,4,0.0625,4.0,128,512,2048,8192,2432,998.836,2930.144,1119.798,0.0626
mixed,64,4,0.0625,4.0,128,512,4096,16384,4864,1807.98,5668.004,2050.509,0.0628
mixed,64,4,0.0625,4.0,128,1024,128,512,152,207.872,346.845,233.533,0.1846
mixed,64,4,0.0625,4.0,128,1024,256,1024,304,266.877,524.281,295.933,0.1129
mixed,64,4,0.0625,4.0,128,1024,512,2048,608,381.18,872.599,417.917,0.0748
mixed,64,4,0.0625,4.0,128,1024,1024,4096,1216,587.099,1576.269,644.793,0.0583
mixed,64,4,0.0625,4.0,128,1024,2048,8192,2432,998.23,2934.624,1121.78,0.0638
mixed,64,4,0.0625,4.0,128,1024,4096,16384,4864,1820.108,5655.175,2047.787,0.0594
mixed,64,4,0.0625,4.0,128,2048,128,512,152,283.295,420.124,310.269,0.1971
mixed,64,4,0.0625,4.0,128,2048,256,1024,304,343.676,606.84,370.046,0.1002
mixed,64,4,0.0625,4.0,128,2048,512,2048,608,454.137,954.74,492.603,0.0768
mixed,64,4,0.0625,4.0,128,2048,1024,4096,1216,662.266,1638.67,719.544,0.0587
mixed,64,4,0.0625,4.0,128,2048,2048,8192,2432,1075.574,3025.857,1193.715,0.0606
mixed,64,4,0.0625,4.0,128,2048,4096,16384,4864,1913.325,5764.485,2125.416,0.0551
mixed,64,4,0.0625,4.0,128,4096,128,512,152,363.71,505.147,390.398,0.1887
mixed,64,4,0.0625,4.0,128,4096,256,1024,304,423.289,677.946,449.567,0.1032
mixed,64,4,0.0625,4.0,128,4096,512,2048,608,535.643,1026.068,569.212,0.0684
mixed,64,4,0.0625,4.0,128,4096,1024,4096,1216,743.573,1735.853,801.784,0.0587
mixed,64,4,0.0625,4.0,128,4096,2048,8192,2432,1159.669,3082.081,1270.164,0.0575
mixed,64,4,0.0625,4.0,128,4096,4096,16384,4864,1977.196,5813.35,2205.642,0.0596
mixed,64,4,0.0625,4.0,128,8192,128,512,152,514.139,646.362,538.681,0.1856
mixed,64,4,0.0625,4.0,128,8192,256,1024,304,570.106,825.785,597.976,0.109
mixed,64,4,0.0625,4.0,128,8192,512,2048,608,681.113,1170.292,718.2,0.0758
mixed,64,4,0.0625,4.0,128,8192,1024,4096,1216,886.679,1858.765,947.445,0.0625
mixed,64,4,0.0625,4.0,128,8192,2048,8192,2432,1304.884,3237.055,1427.408,0.0634
mixed,64,4,0.0625,4.0,128,8192,4096,16384,4864,2122.956,5976.067,2353.674,0.0599
mixed,64,4,0.0625,4.0,256,0,128,512,152,223.742,360.41,248.16,0.1787
mixed,64,4,0.0625,4.0,256,0,256,1024,304,282.885,541.481,310.118,0.1053
mixed,64,4,0.0625,4.0,256,0,512,2048,608,394.699,884.691,434.472,0.0812
mixed,64,4,0.0625,4.0,256,0,1024,4096,1216,598.926,1578.528,666.923,0.0694
mixed,64,4,0.0625,4.0,256,0,2048,8192,2432,1028.245,2970.048,1140.215,0.0577
mixed,64,4,0.0625,4.0,256,0,4096,16384,4864,1840.713,5668.824,2063.211,0.0581
mixed,64,4,0.0625,4.0,256,512,128,512,152,289.445,424.999,314.985,0.1884
mixed,64,4,0.0625,4.0,256,512,256,1024,304,350.729,603.597,375.686,0.0987
mixed,64,4,0.0625,4.0,256,512,512,2048,608,462.119,963.826,498.889,0.0733
mixed,64,4,0.0625,4.0,256,512,1024,4096,1216,672.846,1651.972,731.311,0.0597
mixed,64,4,0.0625,4.0,256,512,2048,8192,2432,1085.847,3001.565,1197.208,0.0581
mixed,64,4,0.0625,4.0,256,512,4096,16384,4864,1912.742,5775.798,2123.212,0.0545
mixed,64,4,0.0625,4.0,256,1024,128,512,152,348.485,482.633,369.545,0.157
mixed,64,4,0.0625,4.0,256,1024,256,1024,304,406.281,660.493,428.329,0.0867
mixed,64,4,0.0625,4.0,256,1024,512,2048,608,515.851,1005.875,555.341,0.0806
mixed,64,4,0.0625,4.0,256,1024,1024,4096,1216,724.654,1699.202,784.591,0.0615
mixed,64,4,0.0625,4.0,256,1024,2048,8192,2432,1134.552,3075.616,1252.184,0.0606
mixed,64,4,0.0625,4.0,256,1024,4096,16384,4864,1958.47,5825.075,2191.884,0.0604
mixed,64,4,0.0625,4.0,256,2048,128,512,152,382.15,517.546,408.359,0.1936
mixed,64,4,0.0625,4.0,256,2048,256,1024,304,441.448,694.157,463.948,0.089
mixed,64,4,0.0625,4.0,256,2048,512,2048,608,553.737,1044.626,593.036,0.0801
mixed,64,4,0.0625,4.0,256,2048,1024,4096,1216,759.214,1734.658,823.598,0.066
mixed,64,4,0.0625,4.0,256,2048,2048,8192,2432,1178.934,3116.765,1293.209,0.059
mixed,64,4,0.0625,4.0,256,2048,4096,16384,4864,2002.501,5849.87,2218.796,0.0562
mixed,64,4,0.0625,4.0,256,4096,128,512,152,526.601,658.445,551.37,0.1879
mixed,64,4,0.0625,4.0,256,4096,256,1024,304,584.812,835.631,613.324,0.1137
mixed,64,4,0.0625,4.0,256,4096,512,2048,608,696.172,1190.261,731.728,0.072
mixed,64,4,0.0625,4.0,256,4096,1024,4096,1216,899.92,1887.428,972.662,0.0737
mixed,64,4,0.0625,4.0,256,4096,2048,8192,2432,1319.993,3248.221,1436.38,0.0604
mixed,64,4,0.0625,4.0,256,4096,4096,16384,4864,2145.127,5998.574,2361.774,0.0562
mixed,64,4,0.0625,4.0,256,8192,128,512,152,775.66,910.864,797.773,0.1636
mixed,64,4,0.0625,4.0,256,8192,256,1024,304,829.615,1085.202,857.391,0.1087
mixed,64,4,0.0625,4.0,256,8192,512,2048,608,942.132,1433.082,975.921,0.0688
mixed,64,4,0.0625,4.0,256,8192,1024,4096,1216,1150.899,2127.207,1208.34,0.0588
mixed,64,4,0.0625,4.0,256,8192,2048,8192,2432,1577.531,3501.536,1685.502,0.0561
mixed,64,4,0.0625,4.0,256,8192,4096,16384,4864,2385.77,6239.249,2617.167,0.06
mixed,64,4,0.0625,4.0,512,0,128,512,152,342.726,479.367,367.847,0.1838
mixed,64,4,0.0625,4.0,512,0,256,1024,304,401.574,661.196,424.581,0.0886
mixed,64,4,0.0625,4.0,512,0,512,2048,608,515.627,1010.418,549.963,0.0694
mixed,64,4,0.0625,4.0,512,0,1024,4096,1216,719.662,1692.988,778.479,0.0604
mixed,64,4,0.0625,4.0,512,0,2048,8192,2432,1134.58,3060.629,1255.862,0.063
mixed,64,4,0.0625,4.0,512,0,4096,16384,4864,1946.242,5804.932,2187.908,0.0626
mixed,64,4,0.0625,4.0,512,512,128,512,152,414.663,551.243,439.178,0.1795
mixed,64,4,0.0625,4.0,512,512,256,1024,304,473.255,726.763,499.722,0.1044
mixed,64,4,0.0625,4.0,512,512,512,2048,608,584.774,1082.8,622.795,0.0763
mixed,64,4,0.0625,4.0,512,512,1024,4096,1216,791.148,1770.015,857.231,0.0675
mixed,64,4,0.0625,4.0,512,512,2048,8192,2432,1200.053,3139.575,1323.317,0.0636
mixed,64,4,0.0625,4.0,512,512,4096,16384,4864,2019.811,5862.625,2252.678,0.0606
mixed,64,4,0.0625,4.0,512,1024,128,512,152,483.849,616.97,509.671,0.194
mixed,64,4,0.0625,4.0,512,1024,256,1024,304,541.898,799.949,569.96,0.1087
mixed,64,4,0.0625,4.0,512,1024,512,2048,608,652.973,1146.932,686.538,0.068
mixed,64,4,0.0625,4.0,512,1024,1024,4096,1216,862.927,1833.824,925.135,0.0641
mixed,64,4,0.0625,4.0,512,1024,2048,8192,2432,1281.588,3200.884,1392.084,0.0576
mixed,64,4,0.0625,4.0,512,1024,4096,16384,4864,2093.313,5968.129,2325.412,0.0599
mixed,64,4,0.0625,4.0,512,2048,128,512,152,629.996,761.518,651.529,0.1637
mixed,64,4,0.0625,4.0,512,2048,256,1024,304,685.356,943.121,713.867,0.1106
mixed,64,4,0.0625,4.0,512,2048,512,2048,608,800.778,1292.789,836.748,0.0731
mixed,64,4,0.0625,4.0,512,2048,1024,4096,1216,1007.021,1986.111,1071.473,0.0658
mixed,64,4,0.0625,4.0,512,2048,2048,8192,2432,1424.79,3341.653,1543.704,0.062
mixed,64,4,0.0625,4.0,512,2048,4096,16384,4864,2242.853,6127.936,2479.688,0.061
mixed,64,4,0.0625,4.0,512,4096,128,512,152,907.661,1041.169,930.317,0.1697
mixed,64,4,0.0625,4.0,512,4096,256,1024,304,963.727,1219.09,990.897,0.1064
mixed,64,4,0.0625,4.0,512,4096,512,2048,608,1077.646,1571.797,1115.825,0.0773
mixed,64,4,0.0625,4.0,512,4096,1024,4096,1216,1283.571,2265.284,1351.383,0.0691
mixed,64,4,0.0625,4.0,512,4096,2048,8192,2432,1698.554,3620.281,1816.862,0.0616
mixed,64,4,0.0625,4.0,512,4096,4096,16384,4864,2514.279,6382.112,2760.843,0.0637
mixed,64,4,0.0625,4.0,512,8192,128,512,152,1459.669,1592.728,1483.223,0.177
mixed,64,4,0.0625,4.0,512,8192,256,1024,304,1517.207,1771.771,1544.949,0.109
mixed,64,4,0.0625,4.0,512,8192,512,2048,608,1631.863,2119.008,1669.879,0.078
mixed,64,4,0.0625,4.0,512,8192,1024,4096,1216,1843.0,2809.993,1900.189,0.0591
mixed,64,4,0.0625,4.0,512,8192,2048,8192,2432,2249.25,4201.247,2371.427,0.0626
mixed,64,4,0.0625,4.0,512,8192,4096,16384,4864,3069.004,6944.677,3306.416,0.0613
mixed,64,4,0.0625,4.0,1024,0,128,512,152,600.55,735.626,622.538,0.1628
mixed,64,4,0.0625,4.0,1024,0,256,1024,304,655.082,909.07,682.346,0.1073
mixed,64,4,0.0625,4.0,1024,0,512,2048,608,767.338,1260.949,807.628,0.0816
mixed,64,4,0.0625,4.0,1024,0,1024,4096,1216,978.252,1952.312,1039.79,0.0632
mixed,64,4,0.0625,4.0,1024,0,2048,8192,2432,1402.164,3326.061,1516.821,0.0596
mixed,64,4,0.0625,4.0,1024,0,4096,16384,4864,2210.752,6095.893,2436.289,0.0581
mixed,64,4,0.0625,4.0,1024,512,128,512,152,776.301,909.612,805.161,0.2165
mixed,64,4,0.0625,4.0,1024,512,256,1024,304,833.964,1087.052,861.032,0.107
mixed,64,4,0.0625,4.0,1024,512,512,2048,608,945.263,1439.251,980.942,0.0722
mixed,64,4,0.0625,4.0,1024,512,1024,4096,1216,1156.784,2123.136,1216.113,0.0614
mixed,64,4,0.0625,4.0,1024,512,2048,8192,2432,1573.459,3506.993,1691.415,0.061
mixed,64,4,0.0625,4.0,1024,512,4096,16384,4864,2397.92,6259.957,2620.419,0.0576
mixed,64,4,0.0625,4.0,1024,1024,128,512,152,932.397,1068.718,959.115,0.196
mixed,64,4,0.0625,4.0,1024,1024,256,1024,304,991.438,1250.384,1015.757,0.0939
mixed,64,4,0.0625,4.0,1024,1024,512,2048,608,1102.798,1590.389,1134.764,0.0656
mixed,64,4,0.0625,4.0,1024,1024,1024,4096,1216,1315.989,2286.527,1366.579,0.0521
mixed,64,4,0.0625,4.0,1024,1024,2048,8192,2432,1727.512,3666.737,1841.494,0.0588
mixed,64,4,0.0625,4.0,1024,1024,4096,16384,4864,2536.228,6407.251,2776.134,0.062
mixed,64,4,0.0625,4.0,1024,2048,128,512,152,1209.167,1346.097,1234.606,0.1858
mixed,64,4,0.0625,4.0,1024,2048,256,1024,304,1270.255,1518.867,1294.063,0.0958
mixed,64,4,0.0625,4.0,1024,2048,512,2048,608,1381.841,1874.904,1420.274,0.0779
mixed,64,4,0.0625,4.0,1024,2048,1024,4096,1216,1595.06,2565.823,1648.824,0.0554
mixed,64,4,0.0625,4.0,1024,2048,2048,8192,2432,2001.432,3927.441,2123.289,0.0633
mixed,64,4,0.0625,4.0,1024,2048,4096,16384,4864,2839.141,6667.99,3040.421,0.0526
mixed,64,4,0.0625,4.0,1024,4096,128,512,152,1764.308,1902.455,1786.298,0.1592
mixed,64,4,0.0625,4.0,1024,4096,256,1024,304,1822.103,2073.21,1851.19,0.1158
mixed,64,4,0.0625,4.0,1024,4096,512,2048,608,1932.408,2428.638,1965.754,0.0672
mixed,64,4,0.0625,4.0,1024,4096,1024,4096,1216,2137.563,3130.151,2200.635,0.0635
mixed,64,4,0.0625,4.0,1024,4096,2048,8192,2432,2554.207,4504.564,2679.745,0.0644
mixed,64,4,0.0625,4.0,1024,4096,4096,16384,4864,3378.667,7244.088,3601.998,0.0578
mixed,64,4,0.0625,4.0,1024,8192,128,512,152,2856.74,2986.179,2881.731,0.1931
mixed,64,4,0.0625,4.0,1024,8192,256,1024,304,2919.553,3167.27,2941.474,0.0885
mixed,64,4,0.0625,4.0,1024,8192,512,2048,608,3026.402,3518.955,3060.836,0.0699
mixed,64,4,0.0625,4.0,1024,8192,1024,4096,1216,3233.767,4209.811,3294.598,0.0623
mixed,64,4,0.0625,4.0,1024,8192,2048,8192,2432,3648.055,5578.048,3759.82,0.0579
mixed,64,4,0.0625,4.0,1024,8192,4096,16384,4864,4480.915,8333.728,4695.031,0.0556
mixed,64,4,0.0625,4.0,2048,0,128,512,152,1052.332,1188.268,1078.574,0.193
mixed,64,4,0.0625,4.0,2048,0,256,1024,304,1111.244,1373.585,1137.836,0.1014
mixed,64,4,0.0625,4.0,2048,0,512,2048,608,1226.287,1713.457,1260.974,0.0712
mixed,64,4,0.0625,4.0,2048,0,1024,4096,1216,1434.321,2406.109,1498.77,0.0663
mixed,64,4,0.0625,4.0,2048,0,2048,8192,2432,1843.315,3789.388,1962.133,0.0611
mixed,64,4,0.0625,4.0,2048,0,4096,16384,4864,2658.174,6496.81,2897.279,0.0623
mixed,64,4,0.0625,4.0,2048,512,128,512,152,1388.848,1524.498,1413.999,0.1854
mixed,64,4,0.0625,4.0,2048,512,256,1024,304,1442.385,1697.812,1471.825,0.1153
mixed,64,4,0.0625,4.0,2048,512,512,2048,608,1556.69,2056.533,1590.96,0.0686
mixed,64,4,0.0625,4.0,2048,512,1024,4096,1216,1774.065,2737.344,1824.052,0.0519
mixed,64,4,0.0625,4.0,2048,512,2048,8192,2432,2180.599,4117.422,2296.217,0.0597
mixed,64,4,0.0625,4.0,2048,512,4096,16384,4864,3001.922,6833.484,3224.448,0.0581
mixed,64,4,0.0625,4.0,2048,1024,128,512,152,1726.035,1864.501,1748.53,0.1625
mixed,64,4,0.0625,4.0,2048,1024,256,1024,304,1786.901,2039.951,1809.715,0.0902
mixed,64,4,0.0625,4.0,2048,1024,512,2048,608,1895.477,2394.874,1931.7,0.0725
mixed,64,4,0.0625,4.0,2048,1024,1024,4096,1216,2108.118,3073.025,2160.247,0.054
mixed,64,4,0.0625,4.0,2048,1024,2048,8192,2432,2530.33,4468.271,2636.092,0.0546
mixed,64,4,0.0625,4.0,2048,1024,4096,16384,4864,3339.362,7197.577,3570.691,0.06
mixed,64,4,0.0625,4.0,2048,2048,128,512,152,2276.822,2414.04,2301.368,0.1789
mixed,64,4,0.0625,4.0,2048,2048,256,1024,304,2336.44,2589.752,2360.79,0.0961
mixed,64,4,0.0625,4.0,2048,2048,512,2048,608,2443.961,2941.728,2478.777,0.0699
mixed,64,4,0.0625,4.0,2048,2048,1024,4096,1216,2665.53,3635.013,2710.427,0.0463
mixed,64,4,0.0625,4.0,2048,2048,2048,8192,2432,3072.285,5016.755,3180.031,0.0554
mixed,64,4,0.0625,4.0,2048,2048,4096,16384,4864,3891.143,7770.155,4127.176,0.0608
mixed,64,4,0.0625,4.0,2048,4096,128,512,152,3372.928,3508.644,3398.177,0.186
mixed,64,4,0.0625,4.0,2048,4096,256,1024,304,3432.386,3686.37,3450.464,0.0712
mixed,64,4,0.0625,4.0,2048,4096,512,2048,608,3541.41,4032.678,3579.651,0.0778
mixed,64,4,0.0625,4.0,2048,4096,1024,4096,1216,3759.142,4729.741,3806.5,0.0488
mixed,64,4,0.0625,4.0,2048,4096,2048,8192,2432,4166.952,6098.556,4279.586,0.0583
mixed,64,4,0.0625,4.0,2048,4096,4096,16384,4864,4986.801,8861.879,5210.897,0.0578
mixed,64,4,0.0625,4.0,2048,8192,128,512,152,5571.314,5712.694,5592.339,0.1487
mixed,64,4,0.0625,4.0,2048,8192,256,1024,304,5632.536,5887.51,5649.14,0.0651
mixed,64,4,0.0625,4.0,2048,8192,512,2048,608,5738.134,6238.169,5767.352,0.0584
mixed,64,4,0.0625,4.0,2048,8192,1024,4096,1216,5951.158,6928.834,5996.758,0.0466
mixed,64,4,0.0625,4.0,2048,8192,2048,8192,2432,6370.01,8300.943,6473.759,0.0537
mixed,64,4,0.0625,4.0,2048,8192,4096,16384,4864,7186.787,11044.229,7403.84,0.0563
pure,64,8,0.125,4.0,0,0,128,512,176,112.384,233.668,152.959,0.3345
pure,64,8,0.125,4.0,0,0,256,1024,352,174.691,408.933,237.475,0.268
pure,64,8,0.125,4.0,0,0,512,2048,704,302.499,759.878,400.963,0.2153
pure,64,8,0.125,4.0,0,0,1024,4096,1408,540.837,1449.389,730.311,0.2085
pure,64,8,0.125,4.0,0,0,2048,8192,2816,1022.216,2829.881,1377.357,0.1965
pure,64,8,0.125,4.0,0,0,4096,16384,5632,1946.066,5574.13,2691.831,0.2056
mixed,64,8,0.125,4.0,16,0,128,512,176,135.296,256.418,173.89,0.3186
mixed,64,8,0.125,4.0,16,0,256,1024,352,200.64,434.946,255.78,0.2353
mixed,64,8,0.125,4.0,16,0,512,2048,704,324.866,777.543,422.467,0.2156
mixed,64,8,0.125,4.0,16,0,1024,4096,1408,564.134,1474.955,747.811,0.2017
mixed,64,8,0.125,4.0,16,0,2048,8192,2816,1047.689,2836.793,1398.377,0.196
mixed,64,8,0.125,4.0,16,0,4096,16384,5632,1999.345,5569.648,2692.95,0.1943
mixed,64,8,0.125,4.0,16,512,128,512,176,172.449,291.075,207.842,0.2984
mixed,64,8,0.125,4.0,16,512,256,1024,352,230.722,470.567,289.508,0.2451
mixed,64,8,0.125,4.0,16,512,512,2048,704,357.7,821.894,459.172,0.2186
mixed,64,8,0.125,4.0,16,512,1024,4096,1408,603.461,1501.903,777.605,0.1938
mixed,64,8,0.125,4.0,16,512,2048,8192,2816,1077.991,2869.303,1428.683,0.1958
mixed,64,8,0.125,4.0,16,512,4096,16384,5632,2010.192,5585.131,2709.973,0.1957
mixed,64,8,0.125,4.0,16,1024,128,512,176,173.922,291.49,209.536,0.3029
mixed,64,8,0.125,4.0,16,1024,256,1024,352,236.993,464.965,289.059,0.2284
mixed,64,8,0.125,4.0,16,1024,512,2048,704,363.141,813.672,453.858,0.2014
mixed,64,8,0.125,4.0,16,1024,1024,4096,1408,600.131,1500.362,779.656,0.1994
mixed,64,8,0.125,4.0,16,1024,2048,8192,2816,1069.958,2859.287,1427.884,0.2
mixed,64,8,0.125,4.0,16,1024,4096,16384,5632,2006.288,5601.132,2721.588,0.199
mixed,64,8,0.125,4.0,16,2048,128,512,176,178.052,293.601,216.005,0.3285
mixed,64,8,0.125,4.0,16,2048,256,1024,352,240.833,472.996,296.9,0.2415
mixed,64,8,0.125,4.0,16,2048,512,2048,704,362.849,819.238,466.596,0.2273
mixed,64,8,0.125,4.0,16,2048,1024,4096,1408,602.597,1509.387,789.574,0.2062
mixed,64,8,0.125,4.0,16,2048,2048,8192,2816,1071.113,2889.621,1428.686,0.1966
mixed,64,8,0.125,4.0,16,2048,4096,16384,5632,2012.56,5602.601,2726.58,0.1989
mixed,64,8,0.125,4.0,16,4096,128,512,176,184.769,303.235,221.314,0.3085
mixed,64,8,0.125,4.0,16,4096,256,1024,352,248.002,484.867,305.027,0.2407
mixed,64,8,0.125,4.0,16,4096,512,2048,704,372.354,829.862,475.493,0.2254
mixed,64,8,0.125,4.0,16,4096,1024,4096,1408,608.902,1517.738,791.782,0.2012
mixed,64,8,0.125,4.0,16,4096,2048,8192,2816,1093.639,2874.837,1447.726,0.1988
mixed,64,8,0.125,4.0,16,4096,4096,16384,5632,2034.318,5606.667,2736.054,0.1964
mixed,64,8,0.125,4.0,16,8192,128,512,176,222.819,341.473,256.992,0.288
mixed,64,8,0.125,4.0,16,8192,256,1024,352,284.738,523.331,350.848,0.2771
mixed,64,8,0.125,4.0,16,8192,512,2048,704,410.498,869.446,514.534,0.2267
mixed,64,8,0.125,4.0,16,8192,1024,4096,1408,648.9,1554.481,828.485,0.1983
mixed,64,8,0.125,4.0,16,8192,2048,8192,2816,1130.216,2910.614,1487.143,0.2005
mixed,64,8,0.125,4.0,16,8192,4096,16384,5632,2073.388,5639.717,2766.45,0.1943
mixed,64,8,0.125,4.0,32,0,128,512,176,169.536,286.88,206.689,0.3166
mixed,64,8,0.125,4.0,32,0,256,1024,352,233.89,469.54,289.666,0.2367
mixed,64,8,0.125,4.0,32,0,512,2048,704,359.521,812.996,459.268,0.22
mixed,64,8,0.125,4.0,32,0,1024,4096,1408,602.723,1503.21,783.877,0.2012
mixed,64,8,0.125,4.0,32,0,2048,8192,2816,1086.503,2875.188,1433.161,0.1938
mixed,64,8,0.125,4.0,32,0,4096,16384,5632,2034.028,5612.582,2736.788,0.1964
mixed,64,8,0.125,4.0,32,512,128,512,176,196.29,314.658,231.044,0.2936
mixed,64,8,0.125,4.0,32,512,256,1024,352,258.627,491.266,312.355,0.231
mixed,64,8,0.125,4.0,32,512,512,2048,704,386.787,833.858,479.011,0.2063
mixed,64,8,0.125,4.0,32,512,1024,4096,1408,622.597,1542.793,809.316,0.2029
mixed,64,8,0.125,4.0,32,512,2048,8192,2816,1114.985,2903.795,1457.835,0.1917
mixed,64,8,0.125,4.0,32,512,4096,16384,5632,2048.492,5618.178,2730.033,0.1909
mixed,64,8,0.125,4.0,32,1024,128,512,176,198.753,316.259,232.771,0.2895
mixed,64,8,0.125,4.0,32,1024,256,1024,352,259.937,499.299,319.011,0.2468
mixed,64,8,0.125,4.0,32,1024,512,2048,704,385.92,845.256,483.396,0.2122
mixed,64,8,0.125,4.0,32,1024,1024,4096,1408,626.339,1550.857,808.1,0.1966
mixed,64,8,0.125,4.0,32,1024,2048,8192,2816,1115.913,2890.416,1458.984,0.1933
mixed,64,8,0.125,4.0,32,1024,4096,16384,5632,2056.494,5659.264,2754.191,0.1937
mixed,64,8,0.125,4.0,32,2048,128,512,176,205.728,320.705,239.842,0.2967
mixed,64,8,0.125,4.0,32,2048,256,1024,352,267.331,503.492,322.881,0.2352
mixed,64,8,0.125,4.0,32,2048,512,2048,704,390.533,848.133,491.715,0.2211
mixed,64,8,0.125,4.0,32,2048,1024,4096,1408,628.452,1539.626,819.684,0.2099
mixed,64,8,0.125,4.0,32,2048,2048,8192,2816,1118.729,2893.68,1458.886,0.1916
mixed,64,8,0.125,4.0,32,2048,4096,16384,5632,2040.33,5631.298,2749.966,0.1976
mixed,64,8,0.125,4.0,32,4096,128,512,176,219.362,337.185,252.994,0.2854
mixed,64,8,0.125,4.0,32,4096,256,1024,352,282.336,514.337,339.81,0.2477
mixed,64,8,0.125,4.0,32,4096,512,2048,704,411.426,867.014,500.864,0.1963
mixed,64,8,0.125,4.0,32,4096,1024,4096,1408,646.563,1551.527,825.124,0.1973
mixed,64,8,0.125,4.0,32,4096,2048,8192,2816,1116.84,2934.224,1476.841,0.1981
mixed,64,8,0.125,4.0,32,4096,4096,16384,5632,2093.612,5626.142,2772.367,0.1921
mixed,64,8,0.125,4.0,32,8192,128,512,176,315.715,431.49,351.521,0.3093
mixed,64,8,0.125,4.0,32,8192,256,1024,352,379.875,612.101,433.473,0.2308
mixed,64,8,0.125,4.0,32,8192,512,2048,704,505.154,957.543,598.627,0.2066
mixed,64,8,0.125,4.0,32,8192,1024,4096,1408,745.476,1652.873,918.98,0.1912
mixed,64,8,0.125,4.0,32,8192,2048,8192,2816,1227.749,3008.912,1565.127,0.1894
mixed,64,8,0.125,4.0,32,8192,4096,16384,5632,2172.169,5759.134,2861.484,0.1922
mixed,64,8,0.125,4.0,64,0,128,512,176,173.218,290.819,208.962,0.3039
mixed,64,8,0.125,4.0,64,0,256,1024,352,235.872,469.443,296.641,0.2602
mixed,64,8,0.125,4.0,64,0,512,2048,704,361.314,825.411,464.257,0.2218
mixed,64,8,0.125,4.0,64,0,1024,4096,1408,600.803,1508.68,784.899,0.2028
mixed,64,8,0.125,4.0,64,0,2048,8192,2816,1081.091,2875.917,1426.15,0.1923
mixed,64,8,0.125,4.0,64,0,4096,16384,5632,2027.977,5597.784,2735.179,0.1981
mixed,64,8,0.125,4.0,64,512,128,512,176,203.744,322.529,239.875,0.3042
mixed,64,8,0.125,4.0,64,512,256,1024,352,266.687,500.835,324.901,0.2486
mixed,64,8,0.125,4.0,64,512,512,2048,704,394.787,859.431,492.801,0.2109
mixed,64,8,0.125,4.0,64,512,1024,4096,1408,636.803,1551.142,821.124,0.2016
mixed,64,8,0.125,4.0,64,512,2048,8192,2816,1114.47,2907.566,1467.622,0.197
mixed,64,8,0.125,4.0,64,512,4096,16384,5632,2061.737,5658.17,2767.66,0.1963
mixed,64,8,0.125,4.0,64,1024,128,512,176,210.596,326.881,244.193,0.2889
mixed,64,8,0.125,4.0,64,1024,256,1024,352,271.618,504.481,329.57,0.2489
mixed,64,8,0.125,4.0,64,1024,512,2048,704,400.194,854.02,499.425,0.2187
mixed,64,8,0.125,4.0,64,1024,1024,4096,1408,639.267,1546.118,820.419,0.1998
mixed,64,8,0.125,4.0,64,1024,2048,8192,2816,1112.002,2904.204,1467.239,0.1982
mixed,64,8,0.125,4.0,64,1024,4096,16384,5632,2078.797,5661.908,2778.73,0.1953
mixed,64,8,0.125,4.0,64,2048,128,512,176,219.36,340.13,253.026,0.2788
mixed,64,8,0.125,4.0,64,2048,256,1024,352,282.337,518.178,345.537,0.268
mixed,64,8,0.125,4.0,64,2048,512,2048,704,410.721,863.75,503.582,0.205
mixed,64,8,0.125,4.0,64,2048,1024,4096,1408,651.169,1554.663,836.676,0.2053
mixed,64,8,0.125,4.0,64,2048,2048,8192,2816,1124.741,2940.619,1481.381,0.1964
mixed,64,8,0.125,4.0,64,2048,4096,16384,5632,2078.18,5667.862,2775.659,0.1943
mixed,64,8,0.125,4.0,64,4096,128,512,176,298.368,420.739,330.591,0.2633
mixed,64,8,0.125,4.0,64,4096,256,1024,352,358.658,597.091,418.66,0.2517
mixed,64,8,0.125,4.0,64,4096,512,2048,704,483.842,945.988,580.098,0.2083
mixed,64,8,0.125,4.0,64,4096,1024,4096,1408,730.434,1644.039,911.33,0.198
mixed,64,8,0.125,4.0,64,4096,2048,8192,2816,1204.357,3018.539,1563.431,0.1979
mixed,64,8,0.125,4.0,64,4096,4096,16384,5632,2148.102,5756.213,2873.802,0.2011
mixed,64,8,0.125,4.0,64,8192,128,512,176,376.703,495.905,411.716,0.2937
mixed,64,8,0.125,4.0,64,8192,256,1024,352,441.602,676.034,497.667,0.2392
mixed,64,8,0.125,4.0,64,8192,512,2048,704,565.601,1024.068,665.315,0.2175
mixed,64,8,0.125,4.0,64,8192,1024,4096,1408,803.458,1727.237,988.131,0.1999
mixed,64,8,0.125,4.0,64,8192,2048,8192,2816,1284.61,3076.876,1642.981,0.2
mixed,64,8,0.125,4.0,64,8192,4096,16384,5632,2228.006,5834.836,2972.265,0.2063
mixed,64,8,0.125,4.0,128,0,128,512,176,176.576,293.919,209.187,0.2779
mixed,64,8,0.125,4.0,128,0,256,1024,352,235.905,472.833,293.601,0.2435
mixed,64,8,0.125,4.0,128,0,512,2048,704,363.811,815.811,460.13,0.2131
mixed,64,8,0.125,4.0,128,0,1024,4096,1408,599.649,1515.684,782.531,0.1996
mixed,64,8,0.125,4.0,128,0,2048,8192,2816,1086.179,2886.795,1445.348,0.1995
mixed,64,8,0.125,4.0,128,0,4096,16384,5632,2028.486,5608.819,2737.002,0.1979
mixed,64,8,0.125,4.0,128,512,128,512,176,220.033,340.353,253.312,0.2766
mixed,64,8,0.125,4.0,128,512,256,1024,352,281.759,519.393,338.624,0.2393
mixed,64,8,0.125,4.0,128,512,512,2048,704,409.73,869.54,506.591,0.2107
mixed,64,8,0.125,4.0,128,512,1024,4096,1408,643.009,1559.301,828.484,0.2024
mixed,64,8,0.125,4.0,128,512,2048,8192,2816,1124.323,2926.759,1483.459,0.1993
mixed,64,8,0.125,4.0,128,512,4096,16384,5632,2058.407,5667.057,2787.848,0.2021
mixed,64,8,0.125,4.0,128,1024,128,512,176,226.082,344.097,259.106,0.2798
mixed,64,8,0.125,4.0,128,1024,256,1024,352,288.321,522.051,347.04,0.2512
mixed,64,8,0.125,4.0,128,1024,512,2048,704,417.537,874.689,513.569,0.2101
mixed,64,8,0.125,4.0,128,1024,1024,4096,1408,653.827,1579.012,835.874,0.1968
mixed,64,8,0.125,4.0,128,1024,2048,8192,2816,1130.084,2947.4,1489.606,0.1978
mixed,64,8,0.125,4.0,128,1024,4096,16384,5632,2105.225,5667.28,2780.837,0.1897
mixed,64,8,0.125,4.0,128,2048,128,512,176,303.108,419.553,336.483,0.2866
mixed,64,8,0.125,4.0,128,2048,256,1024,352,366.469,600.61,424.708,0.2487
mixed,64,8,0.125,4.0,128,2048,512,2048,704,485.057,951.011,589.121,0.2233
mixed,64,8,0.125,4.0,128,2048,1024,4096,1408,726.659,1639.972,911.361,0.2022
mixed,64,8,0.125,4.0,128,2048,2048,8192,2816,1205.38,3010.922,1568.996,0.2014
mixed,64,8,0.125,4.0,128,2048,4096,16384,5632,2152.326,5728.651,2871.883,0.2012
mixed,64,8,0.125,4.0,128,4096,128,512,176,382.144,498.753,415.874,0.2893
mixed,64,8,0.125,4.0,128,4096,256,1024,352,441.984,675.649,504.065,0.2657
mixed,64,8,0.125,4.0,128,4096,512,2048,704,569.796,1031.94,669.569,0.2159
mixed,64,8,0.125,4.0,128,4096,1024,4096,1408,813.762,1717.764,993.601,0.1989
mixed,64,8,0.125,4.0,128,4096,2048,8192,2816,1294.243,3097.929,1656.547,0.2009
mixed,64,8,0.125,4.0,128,4096,4096,16384,5632,2228.198,5842.48,2947.463,0.199
mixed,64,8,0.125,4.0,128,8192,128,512,176,528.034,645.57,564.353,0.309
mixed,64,8,0.125,4.0,128,8192,256,1024,352,590.499,829.026,654.432,0.268
mixed,64,8,0.125,4.0,128,8192,512,2048,704,716.579,1177.378,814.946,0.2135
mixed,64,8,0.125,4.0,128,8192,1024,4096,1408,954.562,1868.708,1144.834,0.2081
mixed,64,8,0.125,4.0,128,8192,2048,8192,2816,1443.746,3245.8,1796.866,0.196
mixed,64,8,0.125,4.0,128,8192,4096,16384,5632,2393.253,6006.475,3098.374,0.1952
mixed,64,8,0.125,4.0,256,0,128,512,176,241.985,359.393,274.34,0.2756
mixed,64,8,0.125,4.0,256,0,256,1024,352,305.247,534.016,362.85,0.2518
mixed,64,8,0.125,4.0,256,0,512,2048,704,432.546,894.977,530.434,0.2117
mixed,64,8,0.125,4.0,256,0,1024,4096,1408,670.08,1567.202,854.177,0.2052
mixed,64,8,0.125,4.0,256,0,2048,8192,2816,1146.243,2952.294,1498.947,0.1953
mixed,64,8,0.125,4.0,256,0,4096,16384,5632,2091.172,5674.665,2807.239,0.1998
mixed,64,8,0.125,4.0,256,512,128,512,176,309.055,426.755,342.946,0.2879
mixed,64,8,0.125,4.0,256,512,256,1024,352,367.776,604.225,429.92,0.2628
mixed,64,8,0.125,4.0,256,512,512,2048,704,495.2,960.419,595.937,0.2165
mixed,64,8,0.125,4.0,256,512,1024,4096,1408,737.856,1650.211,917.378,0.1968
mixed,64,8,0.125,4.0,256,512,2048,8192,2816,1209.763,3005.703,1579.332,0.2058
mixed,64,8,0.125,4.0,256,512,4096,16384,5632,2164.741,5762.601,2870.082,0.196
mixed,64,8,0.125,4.0,256,1024,128,512,176,363.905,481.695,400.191,0.3081
mixed,64,8,0.125,4.0,256,1024,256,1024,352,426.463,662.979,485.217,0.2484
mixed,64,8,0.125,4.0,256,1024,512,2048,704,556.064,1010.786,655.106,0.2178
mixed,64,8,0.125,4.0,256,1024,1024,4096,1408,792.481,1692.484,968.161,0.1952
mixed,64,8,0.125,4.0,256,1024,2048,8192,2816,1261.345,3066.116,1625.378,0.2017
mixed,64,8,0.125,4.0,256,1024,4096,16384,5632,2216.901,5814.888,2922.532,0.1961
mixed,64,8,0.125,4.0,256,2048,128,512,176,400.322,521.729,432.545,0.2654
mixed,64,8,0.125,4.0,256,2048,256,1024,352,462.018,692.225,520.066,0.2522
mixed,64,8,0.125,4.0,256,2048,512,2048,704,588.066,1039.234,676.61,0.1963
mixed,64,8,0.125,4.0,256,2048,1024,4096,1408,824.705,1740.192,1011.777,0.2043
mixed,64,8,0.125,4.0,256,2048,2048,8192,2816,1310.467,3110.406,1660.867,0.1947
mixed,64,8,0.125,4.0,256,2048,4096,16384,5632,2260.548,5878.504,2967.396,0.1954
mixed,64,8,0.125,4.0,256,4096,128,512,176,544.929,664.068,580.033,0.2946
mixed,64,8,0.125,4.0,256,4096,256,1024,352,605.664,839.651,660.927,0.2362
mixed,64,8,0.125,4.0,256,4096,512,2048,704,728.097,1185.569,841.697,0.2483
mixed,64,8,0.125,4.0,256,4096,1024,4096,1408,972.452,1887.65,1166.53,0.2121
mixed,64,8,0.125,4.0,256,4096,2048,8192,2816,1462.659,3239.843,1799.938,0.1898
mixed,64,8,0.125,4.0,256,4096,4096,16384,5632,2390.149,6018.245,3135.141,0.2053
mixed,64,8,0.125,4.0,256,8192,128,512,176,790.369,907.811,822.243,0.2714
mixed,64,8,0.125,4.0,256,8192,256,1024,352,855.584,1091.777,910.976,0.2345
mixed,64,8,0.125,4.0,256,8192,512,2048,704,977.697,1440.097,1075.262,0.211
mixed,64,8,0.125,4.0,256,8192,1024,4096,1408,1221.763,2128.321,1406.848,0.2042
mixed,64,8,0.125,4.0,256,8192,2048,8192,2816,1697.506,3500.323,2049.921,0.1955
mixed,64,8,0.125,4.0,256,8192,4096,16384,5632,2631.972,6245.605,3356.42,0.2005
mixed,64,8,0.125,4.0,512,0,128,512,176,360.512,478.882,397.728,0.3144
mixed,64,8,0.125,4.0,512,0,256,1024,352,424.097,656.48,477.569,0.2301
mixed,64,8,0.125,4.0,512,0,512,2048,704,550.337,1009.726,652.097,0.2215
mixed,64,8,0.125,4.0,512,0,1024,4096,1408,787.296,1702.72,980.323,0.2109
mixed,64,8,0.125,4.0,512,0,2048,8192,2816,1282.818,3059.749,1622.177,0.191
mixed,64,8,0.125,4.0,512,0,4096,16384,5632,2224.098,5825.697,2916.994,0.1924
mixed,64,8,0.125,4.0,512,512,128,512,176,432.547,548.513,463.744,0.269
mixed,64,8,0.125,4.0,512,512,256,1024,352,493.952,730.112,551.232,0.2425
mixed,64,8,0.125,4.0,512,512,512,2048,704,621.28,1085.758,715.905,0.2037
mixed,64,8,0.125,4.0,512,512,1024,4096,1408,857.12,1784.929,1044.607,0.2021
mixed,64,8,0.125,4.0,512,512,2048,8192,2816,1345.12,3149.477,1694.048,0.1934
mixed,64,8,0.125,4.0,512,512,4096,16384,5632,2286.338,5868.23,2988.514,0.196
mixed,64,8,0.125,4.0,512,1024,128,512,176,501.312,618.433,536.256,0.2984
mixed,64,8,0.125,4.0,512,1024,256,1024,352,562.05,799.84,618.561,0.2377
mixed,64,8,0.125,4.0,512,1024,512,2048,704,690.02,1152.993,783.968,0.2029
mixed,64,8,0.125,4.0,512,1024,1024,4096,1408,934.72,1849.663,1110.368,0.192
mixed,64,8,0.125,4.0,512,1024,2048,8192,2816,1397.666,3205.152,1763.04,0.2021
mixed,64,8,0.125,4.0,512,1024,4096,16384,5632,2346.083,5946.372,3054.911,0.1969
mixed,64,8,0.125,4.0,512,2048,128,512,176,643.615,764.737,679.261,0.2943
mixed,64,8,0.125,4.0,512,2048,256,1024,352,707.391,938.944,762.145,0.2365
mixed,64,8,0.125,4.0,512,2048,512,2048,704,833.473,1303.902,932.927,0.2114
mixed,64,8,0.125,4.0,512,2048,1024,4096,1408,1073.73,1992.449,1259.328,0.202
mixed,64,8,0.125,4.0,512,2048,2048,8192,2816,1552.608,3338.464,1909.855,0.2
mixed,64,8,0.125,4.0,512,2048,4096,16384,5632,2491.358,6085.409,3208.064,0.1994
mixed,64,8,0.125,4.0,512,4096,128,512,176,922.495,1043.329,956.77,0.2837
mixed,64,8,0.125,4.0,512,4096,256,1024,352,983.261,1220.448,1042.144,0.2483
mixed,64,8,0.125,4.0,512,4096,512,2048,704,1113.024,1572.48,1204.0,0.198
mixed,64,8,0.125,4.0,512,4096,1024,4096,1408,1348.095,2266.946,1535.265,0.2037
mixed,64,8,0.125,4.0,512,4096,2048,8192,2816,1819.2,3607.073,2198.56,0.2122
mixed,64,8,0.125,4.0,512,4096,4096,16384,5632,2772.802,6347.458,3490.401,0.2007
mixed,64,8,0.125,4.0,512,8192,128,512,176,1475.328,1596.033,1509.791,0.2855
mixed,64,8,0.125,4.0,512,8192,256,1024,352,1538.366,1771.489,1595.745,0.2461
mixed,64,8,0.125,4.0,512,8192,512,2048,704,1660.704,2127.904,1756.353,0.2047
mixed,64,8,0.125,4.0,512,8192,1024,4096,1408,1908.929,2815.87,2082.848,0.1918
mixed,64,8,0.125,4.0,512,8192,2048,8192,2816,2384.447,4187.265,2731.841,0.1927
mixed,64,8,0.125,4.0,512,8192,4096,16384,5632,3329.696,6919.394,4031.546,0.1955
mixed,64,8,0.125,4.0,1024,0,128,512,176,616.864,734.783,651.134,0.2906
mixed,64,8,0.125,4.0,1024,0,256,1024,352,678.304,915.2,731.807,0.2259
mixed,64,8,0.125,4.0,1024,0,512,2048,704,805.664,1263.105,905.853,0.219
mixed,64,8,0.125,4.0,1024,0,1024,4096,1408,1046.336,1958.08,1226.208,0.1973
mixed,64,8,0.125,4.0,1024,0,2048,8192,2816,1518.272,3325.567,1870.081,0.1947
mixed,64,8,0.125,4.0,1024,0,4096,16384,5632,2464.991,6077.6,3189.954,0.2007
mixed,64,8,0.125,4.0,1024,512,128,512,176,793.92,909.952,830.08,0.3116
mixed,64,8,0.125,4.0,1024,512,256,1024,352,856.481,1088.899,916.03,0.2562
mixed,64,8,0.125,4.0,1024,512,512,2048,704,977.792,1439.518,1078.048,0.2171
mixed,64,8,0.125,4.0,1024,512,1024,4096,1408,1221.409,2133.502,1415.52,0.2128
mixed,64,8,0.125,4.0,1024,512,2048,8192,2816,1701.152,3508.094,2047.679,0.1918
mixed,64,8,0.125,4.0,1024,512,4096,16384,5632,2640.51,6238.977,3341.056,0.1947
mixed,64,8,0.125,4.0,1024,1024,128,512,176,948.832,1064.544,987.36,0.333
mixed,64,8,0.125,4.0,1024,1024,256,1024,352,1011.647,1243.742,1068.672,0.2457
mixed,64,8,0.125,4.0,1024,1024,512,2048,704,1139.169,1600.288,1234.977,0.2078
mixed,64,8,0.125,4.0,1024,1024,1024,4096,1408,1375.201,2288.0,1563.294,0.2061
mixed,64,8,0.125,4.0,1024,1024,2048,8192,2816,1864.768,3653.726,2210.43,0.1932
mixed,64,8,0.125,4.0,1024,1024,4096,16384,5632,2800.832,6378.876,3519.488,0.2009
mixed,64,8,0.125,4.0,1024,2048,128,512,176,1225.246,1348.768,1264.415,0.3171
mixed,64,8,0.125,4.0,1024,2048,256,1024,352,1286.56,1520.64,1349.728,0.2699
mixed,64,8,0.125,4.0,1024,2048,512,2048,704,1408.448,1874.685,1509.759,0.2173
mixed,64,8,0.125,4.0,1024,2048,1024,4096,1408,1648.989,2571.809,1843.1,0.2103
mixed,64,8,0.125,4.0,1024,2048,2048,8192,2816,2124.895,3945.021,2481.471,0.1959
mixed,64,8,0.125,4.0,1024,2048,4096,16384,5632,3087.198,6672.029,3794.843,0.1974
mixed,64,8,0.125,4.0,1024,4096,128,512,176,1780.16,1898.879,1816.253,0.304
mixed,64,8,0.125,4.0,1024,4096,256,1024,352,1841.727,2072.765,1893.406,0.2237
mixed,64,8,0.125,4.0,1024,4096,512,2048,704,1968.447,2429.372,2068.896,0.2179
mixed,64,8,0.125,4.0,1024,4096,1024,4096,1408,2213.949,3122.139,2395.901,0.2003
mixed,64,8,0.125,4.0,1024,4096,2048,8192,2816,2677.054,4482.555,3050.657,0.2069
mixed,64,8,0.125,4.0,1024,4096,4096,16384,5632,3641.851,7243.549,4336.763,0.1929
mixed,64,8,0.125,4.0,1024,8192,128,512,176,2870.111,2988.51,2909.341,0.3313
mixed,64,8,0.125,4.0,1024,8192,256,1024,352,2935.612,3171.167,2985.404,0.2114
mixed,64,8,0.125,4.0,1024,8192,512,2048,704,3062.302,3520.509,3163.612,0.2211
mixed,64,8,0.125,4.0,1024,8192,1024,4096,1408,3303.388,4213.531,3491.097,0.2062
mixed,64,8,0.125,4.0,1024,8192,2048,8192,2816,3773.818,5580.22,4137.342,0.2012
mixed,64,8,0.125,4.0,1024,8192,4096,16384,5632,4725.82,8341.21,5437.695,0.1969
mixed,64,8,0.125,4.0,2048,0,128,512,176,1071.744,1192.19,1108.129,0.3021
mixed,64,8,0.125,4.0,2048,0,256,1024,352,1137.023,1366.335,1195.23,0.2538
mixed,64,8,0.125,4.0,2048,0,512,2048,704,1255.871,1719.965,1353.502,0.2104
mixed,64,8,0.125,4.0,2048,0,1024,4096,1408,1501.502,2424.03,1679.808,0.1933
mixed,64,8,0.125,4.0,2048,0,2048,8192,2816,1974.975,3775.26,2334.813,0.1999
mixed,64,8,0.125,4.0,2048,0,4096,16384,5632,2918.716,6535.866,3631.87,0.1972
mixed,64,8,0.125,4.0,2048,512,128,512,176,1402.848,1524.511,1435.935,0.272
mixed,64,8,0.125,4.0,2048,512,256,1024,352,1469.31,1705.597,1526.43,0.2417
mixed,64,8,0.125,4.0,2048,512,512,2048,704,1595.135,2044.83,1693.308,0.2183
mixed,64,8,0.125,4.0,2048,512,1024,4096,1408,1835.326,2741.918,2025.277,0.2095
mixed,64,8,0.125,4.0,2048,512,2048,8192,2816,2303.964,4115.996,2670.555,0.2023
mixed,64,8,0.125,4.0,2048,512,4096,16384,5632,3251.612,6862.555,3959.356,0.196
mixed,64,8,0.125,4.0,2048,1024,128,512,176,1743.357,1860.669,1771.295,0.2382
mixed,64,8,0.125,4.0,2048,1024,256,1024,352,1800.799,2041.278,1858.431,0.2397
mixed,64,8,0.125,4.0,2048,1024,512,2048,704,1934.813,2395.581,2025.565,0.197
mixed,64,8,0.125,4.0,2048,1024,1024,4096,1408,2167.005,3091.74,2345.723,0.1933
mixed,64,8,0.125,4.0,2048,1024,2048,8192,2816,2650.108,4440.318,2998.141,0.1944
mixed,64,8,0.125,4.0,2048,1024,4096,16384,5632,3600.922,7178.039,4311.034,0.1985
mixed,64,8,0.125,4.0,2048,2048,128,512,176,2292.22,2417.662,2331.131,0.3102
mixed,64,8,0.125,4.0,2048,2048,256,1024,352,2358.207,2586.684,2411.388,0.2328
mixed,64,8,0.125,4.0,2048,2048,512,2048,704,2482.557,2938.235,2574.972,0.2028
mixed,64,8,0.125,4.0,2048,2048,1024,4096,1408,2721.372,3640.572,2904.828,0.1996
mixed,64,8,0.125,4.0,2048,2048,2048,8192,2816,3198.682,4999.032,3570.652,0.2066
mixed,64,8,0.125,4.0,2048,2048,4096,16384,5632,4156.729,7751.604,4862.074,0.1962
mixed,64,8,0.125,4.0,2048,4096,128,512,176,3387.772,3506.203,3425.148,0.3156
mixed,64,8,0.125,4.0,2048,4096,256,1024,352,3451.131,3680.698,3508.409,0.2495
mixed,64,8,0.125,4.0,2048,4096,512,2048,704,3581.05,4034.874,3681.338,0.221
mixed,64,8,0.125,4.0,2048,4096,1024,4096,1408,3818.777,4735.191,4008.987,0.2076
mixed,64,8,0.125,4.0,2048,4096,2048,8192,2816,4296.92,6084.471,4650.233,0.1977
mixed,64,8,0.125,4.0,2048,4096,4096,16384,5632,5251.641,8830.355,5947.065,0.1943
mixed,64,8,0.125,4.0,2048,8192,128,512,176,5590.999,5697.558,5617.589,0.2495
mixed,64,8,0.125,4.0,2048,8192,256,1024,352,5651.832,5880.343,5702.903,0.2235
mixed,64,8,0.125,4.0,2048,8192,512,2048,704,5780.98,6233.496,5873.592,0.2047
mixed,64,8,0.125,4.0,2048,8192,1024,4096,1408,6014.646,6938.292,6193.08,0.1932
mixed,64,8,0.125,4.0,2048,8192,2048,8192,2816,6503.699,8290.421,6844.372,0.1907
mixed,64,8,0.125,4.0,2048,8192,4096,16384,5632,7444.21,11028.977,8150.422,0.197
pure,64,16,0.25,4.0,0,0,128,512,224,131.167,233.664,204.895,0.7193
pure,64,16,0.25,4.0,0,0,256,1024,448,211.008,412.543,357.025,0.7245
pure,64,16,0.25,4.0,0,0,512,2048,896,367.808,764.703,652.446,0.7172
pure,64,16,0.25,4.0,0,0,1024,4096,1792,675.744,1459.679,1247.935,0.7299
pure,64,16,0.25,4.0,0,0,2048,8192,3584,1278.525,2827.259,2410.363,0.7308
pure,64,16,0.25,4.0,0,0,4096,16384,7168,2472.571,5547.736,4738.871,0.737
mixed,64,16,0.25,4.0,16,0,128,512,224,153.538,256.448,229.888,0.7419
mixed,64,16,0.25,4.0,16,0,256,1024,448,232.992,431.774,382.269,0.751
mixed,64,16,0.25,4.0,16,0,512,2048,896,395.391,780.765,673.25,0.721
mixed,64,16,0.25,4.0,16,0,1024,4096,1792,689.696,1488.542,1265.47,0.7208
mixed,64,16,0.25,4.0,16,0,2048,8192,3584,1323.358,2846.043,2431.065,0.7275
mixed,64,16,0.25,4.0,16,0,4096,16384,7168,2488.987,5573.431,4762.262,0.737
mixed,64,16,0.25,4.0,16,512,128,512,224,189.887,291.294,262.239,0.7135
mixed,64,16,0.25,4.0,16,512,256,1024,448,269.919,469.025,415.422,0.7308
mixed,64,16,0.25,4.0,16,512,512,2048,896,425.214,816.03,700.383,0.7041
mixed,64,16,0.25,4.0,16,512,1024,4096,1792,729.728,1497.631,1278.972,0.7153
mixed,64,16,0.25,4.0,16,512,2048,8192,3584,1332.799,2871.098,2447.579,0.7247
mixed,64,16,0.25,4.0,16,512,4096,16384,7168,2519.003,5597.238,4772.567,0.7321
mixed,64,16,0.25,4.0,16,1024,128,512,224,190.592,291.007,259.329,0.6845
mixed,64,16,0.25,4.0,16,1024,256,1024,448,271.616,472.383,417.057,0.7244
mixed,64,16,0.25,4.0,16,1024,512,2048,896,423.967,819.551,712.927,0.7305
mixed,64,16,0.25,4.0,16,1024,1024,4096,1792,726.079,1512.511,1290.685,0.7179
mixed,64,16,0.25,4.0,16,1024,2048,8192,3584,1324.348,2874.555,2443.003,0.7216
mixed,64,16,0.25,4.0,16,1024,4096,16384,7168,2532.569,5600.085,4753.398,0.724
mixed,64,16,0.25,4.0,16,2048,128,512,224,194.4,294.88,269.825,0.7506
mixed,64,16,0.25,4.0,16,2048,256,1024,448,275.423,471.041,424.351,0.7613
mixed,64,16,0.25,4.0,16,2048,512,2048,896,432.607,824.702,713.983,0.7176
mixed,64,16,0.25,4.0,16,2048,1024,4096,1792,730.301,1512.636,1291.164,0.7169
mixed,64,16,0.25,4.0,16,2048,2048,8192,3584,1346.526,2883.293,2452.187,0.7195
mixed,64,16,0.25,4.0,16,2048,4096,16384,7168,2536.633,5613.972,4766.26,0.7245
mixed,64,16,0.25,4.0,16,4096,128,512,224,204.35,304.863,280.158,0.7542
mixed,64,16,0.25,4.0,16,4096,256,1024,448,281.727,488.319,427.839,0.7072
mixed,64,16,0.25,4.0,16,4096,512,2048,896,444.095,829.438,717.855,0.7104
mixed,64,16,0.25,4.0,16,4096,1024,4096,1792,737.533,1515.9,1298.109,0.7202
mixed,64,16,0.25,4.0,16,4096,2048,8192,3584,1339.518,2892.025,2442.489,0.7104
mixed,64,16,0.25,4.0,16,4096,4096,16384,7168,2539.929,5615.603,4775.415,0.7268
mixed,64,16,0.25,4.0,16,8192,128,512,224,240.832,342.304,304.895,0.6313
mixed,64,16,0.25,4.0,16,8192,256,1024,448,320.704,516.447,463.743,0.7307
mixed,64,16,0.25,4.0,16,8192,512,2048,896,477.662,864.385,754.078,0.7148
mixed,64,16,0.25,4.0,16,8192,1024,4096,1792,776.989,1562.079,1324.829,0.6978
mixed,64,16,0.25,4.0,16,8192,2048,8192,3584,1380.125,2916.986,2496.89,0.7267
mixed,64,16,0.25,4.0,16,8192,4096,16384,7168,2577.372,5641.361,4807.123,0.7277
mixed,64,16,0.25,4.0,32,0,128,512,224,187.135,288.576,260.574,0.724
mixed,64,16,0.25,4.0,32,0,256,1024,448,267.519,465.631,415.871,0.7488
mixed,64,16,0.25,4.0,32,0,512,2048,896,423.071,818.366,711.355,0.7293
mixed,64,16,0.25,4.0,32,0,1024,4096,1792,731.647,1511.005,1306.749,0.7379
mixed,64,16,0.25,4.0,32,0,2048,8192,3584,1329.181,2865.338,2462.074,0.7375
mixed,64,16,0.25,4.0,32,0,4096,16384,7168,2522.682,5598.578,4795.764,0.739
mixed,64,16,0.25,4.0,32,512,128,512,224,213.791,313.598,286.846,0.732
mixed,64,16,0.25,4.0,32,512,256,1024,448,294.175,496.446,438.08,0.7114
mixed,64,16,0.25,4.0,32,512,512,2048,896,453.533,840.061,730.111,0.7155
mixed,64,16,0.25,4.0,32,512,1024,4096,1792,751.709,1538.555,1304.671,0.7028
mixed,64,16,0.25,4.0,32,512,2048,8192,3584,1359.677,2906.201,2476.184,0.7219
mixed,64,16,0.25,4.0,32,512,4096,16384,7168,2562.007,5644.078,4771.19,0.7168
mixed,64,16,0.25,4.0,32,1024,128,512,224,215.487,316.991,288.769,0.722
mixed,64,16,0.25,4.0,32,1024,256,1024,448,295.038,491.646,438.301,0.7287
mixed,64,16,0.25,4.0,32,1024,512,2048,896,452.862,843.004,734.397,0.7216
mixed,64,16,0.25,4.0,32,1024,1024,4096,1792,753.822,1547.966,1318.876,0.7115
mixed,64,16,0.25,4.0,32,1024,2048,8192,3584,1364.091,2905.177,2459.868,0.711
mixed,64,16,0.25,4.0,32,1024,4096,16384,7168,2550.84,5628.465,4790.164,0.7276
mixed,64,16,0.25,4.0,32,2048,128,512,224,220.704,322.304,292.029,0.702
mixed,64,16,0.25,4.0,32,2048,256,1024,448,303.486,501.246,452.414,0.7531
mixed,64,16,0.25,4.0,32,2048,512,2048,896,456.512,845.278,740.671,0.7309
mixed,64,16,0.25,4.0,32,2048,1024,4096,1792,762.91,1532.794,1320.382,0.7241
mixed,64,16,0.25,4.0,32,2048,2048,8192,3584,1367.741,2915.863,2481.787,0.7196
mixed,64,16,0.25,4.0,32,2048,4096,16384,7168,2586.81,5648.305,4798.0,0.7223
mixed,64,16,0.25,4.0,32,4096,128,512,224,237.408,341.408,303.23,0.6329
mixed,64,16,0.25,4.0,32,4096,256,1024,448,317.918,518.463,454.653,0.6818
mixed,64,16,0.25,4.0,32,4096,512,2048,896,477.054,862.718,746.814,0.6995
mixed,64,16,0.25,4.0,32,4096,1024,4096,1792,773.757,1561.693,1323.963,0.6983
mixed,64,16,0.25,4.0,32,4096,2048,8192,3584,1388.764,2933.367,2491.097,0.7137
mixed,64,16,0.25,4.0,32,4096,4096,16384,7168,2581.625,5651.76,4811.151,0.7262
mixed,64,16,0.25,4.0,32,8192,128,512,224,331.839,433.086,403.294,0.7057
mixed,64,16,0.25,4.0,32,8192,256,1024,448,413.726,612.831,548.031,0.6745
mixed,64,16,0.25,4.0,32,8192,512,2048,896,568.224,954.525,839.645,0.7026
mixed,64,16,0.25,4.0,32,8192,1024,4096,1792,870.747,1648.316,1423.772,0.7112
mixed,64,16,0.25,4.0,32,8192,2048,8192,3584,1476.892,3030.744,2578.358,0.7089
mixed,64,16,0.25,4.0,32,8192,4096,16384,7168,2686.425,5749.136,4896.403,0.7216
mixed,64,16,0.25,4.0,64,0,128,512,224,191.167,289.566,265.185,0.7522
mixed,64,16,0.25,4.0,64,0,256,1024,448,271.647,470.847,415.102,0.7202
mixed,64,16,0.25,4.0,64,0,512,2048,896,427.967,820.221,709.151,0.7168
mixed,64,16,0.25,4.0,64,0,1024,4096,1792,730.62,1506.524,1296.859,0.7298
mixed,64,16,0.25,4.0,64,0,2048,8192,3584,1334.429,2887.127,2458.808,0.7241
mixed,64,16,0.25,4.0,64,0,4096,16384,7168,2521.848,5608.303,4814.644,0.7429
mixed,64,16,0.25,4.0,64,512,128,512,224,221.601,322.814,295.454,0.7297
mixed,64,16,0.25,4.0,64,512,256,1024,448,303.263,501.277,446.466,0.7232
mixed,64,16,0.25,4.0,64,512,512,2048,896,463.999,851.421,747.58,0.732
mixed,64,16,0.25,4.0,64,512,1024,4096,1792,765.562,1548.54,1331.994,0.7234
mixed,64,16,0.25,4.0,64,512,2048,8192,3584,1363.066,2912.313,2502.583,0.7355
mixed,64,16,0.25,4.0,64,512,4096,16384,7168,2569.529,5624.688,4834.193,0.7413
mixed,64,16,0.25,4.0,64,1024,128,512,224,227.423,329.088,298.814,0.7022
mixed,64,16,0.25,4.0,64,1024,256,1024,448,307.809,505.119,454.911,0.7455
mixed,64,16,0.25,4.0,64,1024,512,2048,896,464.834,854.909,759.23,0.7547
mixed,64,16,0.25,4.0,64,1024,1024,4096,1792,767.678,1552.22,1333.596,0.7213
mixed,64,16,0.25,4.0,64,1024,2048,8192,3584,1384.092,2909.076,2504.601,0.7348
mixed,64,16,0.25,4.0,64,1024,4096,16384,7168,2587.223,5645.711,4839.026,0.7362
mixed,64,16,0.25,4.0,64,2048,128,512,224,240.095,340.031,305.277,0.6522
mixed,64,16,0.25,4.0,64,2048,256,1024,448,320.928,515.676,457.63,0.7019
mixed,64,16,0.25,4.0,64,2048,512,2048,896,470.336,865.15,754.335,0.7193
mixed,64,16,0.25,4.0,64,2048,1024,4096,1792,782.685,1559.293,1339.739,0.7173
mixed,64,16,0.25,4.0,64,2048,2048,8192,3584,1388.636,2930.004,2511.284,0.7283
mixed,64,16,0.25,4.0,64,2048,4096,16384,7168,2584.983,5662.864,4873.107,0.7434
mixed,64,16,0.25,4.0,64,4096,128,512,224,315.455,416.732,383.072,0.6676
mixed,64,16,0.25,4.0,64,4096,256,1024,448,393.054,594.11,539.547,0.7286
mixed,64,16,0.25,4.0,64,4096,512,2048,896,553.79,941.788,830.589,0.7134
mixed,64,16,0.25,4.0,64,4096,1024,4096,1792,853.852,1633.691,1422.81,0.7296
mixed,64,16,0.25,4.0,64,4096,2048,8192,3584,1461.755,2985.753,2584.182,0.7365
mixed,64,16,0.25,4.0,64,4096,4096,16384,7168,2673.015,5725.421,4942.192,0.7434
mixed,64,16,0.25,4.0,64,8192,128,512,224,396.349,494.24,470.813,0.7607
mixed,64,16,0.25,4.0,64,8192,256,1024,448,473.18,677.341,624.415,0.7408
mixed,64,16,0.25,4.0,64,8192,512,2048,896,631.042,1022.687,908.348,0.7081
mixed,64,16,0.25,4.0,64,8192,1024,4096,1792,937.629,1719.513,1511.643,0.7341
mixed,64,16,0.25,4.0,64,8192,2048,8192,3584,1541.18,3098.709,2661.657,0.7194
mixed,64,16,0.25,4.0,64,8192,4096,16384,7168,2749.848,5831.053,5004.304,0.7317
mixed,64,16,0.25,4.0,128,0,128,512,224,191.584,293.376,261.567,0.6875
mixed,64,16,0.25,4.0,128,0,256,1024,448,272.701,475.071,417.694,0.7165
mixed,64,16,0.25,4.0,128,0,512,2048,896,426.336,818.527,717.726,0.743
mixed,64,16,0.25,4.0,128,0,1024,4096,1792,731.261,1515.994,1302.202,0.7276
mixed,64,16,0.25,4.0,128,0,2048,8192,3584,1361.818,2884.151,2469.24,0.7275
mixed,64,16,0.25,4.0,128,0,4096,16384,7168,2532.534,5631.245,4812.848,0.7359
mixed,64,16,0.25,4.0,128,512,128,512,224,236.927,338.142,306.785,0.6902
mixed,64,16,0.25,4.0,128,512,256,1024,448,318.145,514.528,461.407,0.7295
mixed,64,16,0.25,4.0,128,512,512,2048,896,478.782,869.022,754.299,0.706
mixed,64,16,0.25,4.0,128,512,1024,4096,1792,781.309,1569.275,1356.123,0.7295
mixed,64,16,0.25,4.0,128,512,2048,8192,3584,1395.39,2930.965,2507.255,0.7241
mixed,64,16,0.25,4.0,128,512,4096,16384,7168,2579.929,5675.339,4863.599,0.7378
mixed,64,16,0.25,4.0,128,1024,128,512,224,244.543,346.4,313.694,0.6789
mixed,64,16,0.25,4.0,128,1024,256,1024,448,326.08,522.142,472.925,0.749
mixed,64,16,0.25,4.0,128,1024,512,2048,896,484.734,874.046,764.061,0.7175
mixed,64,16,0.25,4.0,128,1024,1024,4096,1792,792.507,1573.596,1345.66,0.7082
mixed,64,16,0.25,4.0,128,1024,2048,8192,3584,1384.152,2935.122,2518.455,0.7314
mixed,64,16,0.25,4.0,128,1024,4096,16384,7168,2595.253,5699.177,4864.879,0.7312
mixed,64,16,0.25,4.0,128,2048,128,512,224,318.364,420.285,394.686,0.7488
mixed,64,16,0.25,4.0,128,2048,256,1024,448,396.608,598.013,543.615,0.7299
mixed,64,16,0.25,4.0,128,2048,512,2048,896,557.245,956.413,844.19,0.7189
mixed,64,16,0.25,4.0,128,2048,1024,4096,1792,864.894,1635.451,1422.009,0.723
mixed,64,16,0.25,4.0,128,2048,2048,8192,3584,1467.738,3018.613,2568.821,0.71
mixed,64,16,0.25,4.0,128,2048,4096,16384,7168,2662.1,5782.602,4929.806,0.7267
mixed,64,16,0.25,4.0,128,4096,128,512,224,398.463,499.902,468.925,0.6946
mixed,64,16,0.25,4.0,128,4096,256,1024,448,479.582,675.135,627.359,0.7557
mixed,64,16,0.25,4.0,128,4096,512,2048,896,642.59,1027.198,915.611,0.7099
mixed,64,16,0.25,4.0,128,4096,1024,4096,1792,936.0,1718.235,1505.052,0.7275
mixed,64,16,0.25,4.0,128,4096,2048,8192,3584,1553.528,3110.133,2681.396,0.7246
mixed,64,16,0.25,4.0,128,4096,4096,16384,7168,2733.62,5800.492,4997.77,0.7383
mixed,64,16,0.25,4.0,128,8192,128,512,224,544.735,646.397,617.726,0.718
mixed,64,16,0.25,4.0,128,8192,256,1024,448,627.229,827.837,770.301,0.7132
mixed,64,16,0.25,4.0,128,8192,512,2048,896,782.046,1169.179,1071.834,0.7485
mixed,64,16,0.25,4.0,128,8192,1024,4096,1792,1089.249,1862.136,1650.905,0.7267
mixed,64,16,0.25,4.0,128,8192,2048,8192,3584,1697.975,3240.852,2820.406,0.7275
mixed,64,16,0.25,4.0,128,8192,4096,16384,7168,2894.644,6013.45,5174.637,0.731
mixed,64,16,0.25,4.0,256,0,128,512,224,258.72,360.445,330.879,0.7094
mixed,64,16,0.25,4.0,256,0,256,1024,448,337.984,544.351,482.399,0.6998
mixed,64,16,0.25,4.0,256,0,512,2048,896,495.836,884.51,782.462,0.7374
mixed,64,16,0.25,4.0,256,0,1024,4096,1792,798.172,1577.722,1372.058,0.7362
mixed,64,16,0.25,4.0,256,0,2048,8192,3584,1414.745,2939.03,2532.059,0.733
mixed,64,16,0.25,4.0,256,0,4096,16384,7168,2605.527,5671.177,4863.214,0.7364
mixed,64,16,0.25,4.0,256,512,128,512,224,326.078,428.384,394.813,0.6719
mixed,64,16,0.25,4.0,256,512,256,1024,448,408.478,607.548,556.187,0.742
mixed,64,16,0.25,4.0,256,512,512,2048,896,566.846,954.012,843.582,0.7148
mixed,64,16,0.25,4.0,256,512,1024,4096,1792,867.325,1652.185,1444.378,0.7352
mixed,64,16,0.25,4.0,256,512,2048,8192,3584,1477.946,3013.11,2608.022,0.7361
mixed,64,16,0.25,4.0,256,512,4096,16384,7168,2682.391,5740.232,4942.923,0.7393
mixed,64,16,0.25,4.0,256,1024,128,512,224,379.615,481.213,452.638,0.7187
mixed,64,16,0.25,4.0,256,1024,256,1024,448,458.719,658.622,596.992,0.6917
mixed,64,16,0.25,4.0,256,1024,512,2048,896,616.764,1008.697,898.653,0.7192
mixed,64,16,0.25,4.0,256,1024,1024,4096,1792,922.14,1699.897,1491.387,0.7319
mixed,64,16,0.25,4.0,256,1024,2048,8192,3584,1536.472,3061.46,2650.135,0.7303
mixed,64,16,0.25,4.0,256,1024,4096,16384,7168,2732.82,5827.944,4996.746,0.7314
mixed,64,16,0.25,4.0,256,2048,128,512,224,417.085,518.588,489.18,0.7103
mixed,64,16,0.25,4.0,256,2048,256,1024,448,498.112,696.061,638.335,0.7084
mixed,64,16,0.25,4.0,256,2048,512,2048,896,656.542,1042.397,929.628,0.7077
mixed,64,16,0.25,4.0,256,2048,1024,4096,1792,957.436,1740.918,1518.139,0.7157
mixed,64,16,0.25,4.0,256,2048,2048,8192,3584,1561.177,3109.044,2700.947,0.7363
mixed,64,16,0.25,4.0,256,2048,4096,16384,7168,2768.561,5844.617,5024.714,0.7335
mixed,64,16,0.25,4.0,256,4096,128,512,224,561.309,660.574,630.333,0.6954
mixed,64,16,0.25,4.0,256,4096,256,1024,448,638.686,835.196,789.213,0.766
mixed,64,16,0.25,4.0,256,4096,512,2048,896,799.741,1196.539,1086.267,0.7221
mixed,64,16,0.25,4.0,256,4096,1024,4096,1792,1100.412,1876.857,1683.931,0.7515
mixed,64,16,0.25,4.0,256,4096,2048,8192,3584,1705.593,3247.44,2826.1,0.7267
mixed,64,16,0.25,4.0,256,4096,4096,16384,7168,2908.532,5991.303,5159.115,0.7301
mixed,64,16,0.25,4.0,256,8192,128,512,224,806.109,905.434,880.572,0.7497
mixed,64,16,0.25,4.0,256,8192,256,1024,448,884.829,1081.884,1030.203,0.7377
mixed,64,16,0.25,4.0,256,8192,512,2048,896,1045.915,1435.898,1329.946,0.7283
mixed,64,16,0.25,4.0,256,8192,1024,4096,1792,1345.946,2119.032,1922.487,0.7458
mixed,64,16,0.25,4.0,256,8192,2048,8192,3584,1948.886,3490.804,3108.273,0.7519
mixed,64,16,0.25,4.0,256,8192,4096,16384,7168,3164.082,6240.329,5436.266,0.7386
mixed,64,16,0.25,4.0,512,0,128,512,224,376.0,475.391,449.374,0.7382
mixed,64,16,0.25,4.0,512,0,256,1024,448,460.318,655.005,600.733,0.7212
mixed,64,16,0.25,4.0,512,0,512,2048,896,612.126,1004.029,892.891,0.7164
mixed,64,16,0.25,4.0,512,0,1024,4096,1792,924.252,1691.865,1497.658,0.747
mixed,64,16,0.25,4.0,512,0,2048,8192,3584,1521.848,3067.633,2646.516,0.7276
mixed,64,16,0.25,4.0,512,0,4096,16384,7168,2732.149,5814.598,4978.023,0.7286
mixed,64,16,0.25,4.0,512,512,128,512,224,450.368,553.244,523.998,0.7157
mixed,64,16,0.25,4.0,512,512,256,1024,448,529.63,734.75,673.79,0.7028
mixed,64,16,0.25,4.0,512,512,512,2048,896,688.863,1075.9,965.851,0.7157
mixed,64,16,0.25,4.0,512,512,1024,4096,1792,991.067,1775.767,1571.099,0.7392
mixed,64,16,0.25,4.0,512,512,2048,8192,3584,1601.849,3134.867,2728.758,0.7351
mixed,64,16,0.25,4.0,512,512,4096,16384,7168,2808.592,5876.936,5072.713,0.7379
mixed,64,16,0.25,4.0,512,1024,128,512,224,517.151,616.765,588.095,0.7122
mixed,64,16,0.25,4.0,512,1024,256,1024,448,598.654,795.936,736.22,0.6973
mixed,64,16,0.25,4.0,512,1024,512,2048,896,753.821,1145.082,1039.866,0.7311
mixed,64,16,0.25,4.0,512,1024,1024,4096,1792,1067.897,1839.738,1635.481,0.7354
mixed,64,16,0.25,4.0,512,1024,2048,8192,3584,1667.605,3223.892,2789.812,0.7211
mixed,64,16,0.25,4.0,512,1024,4096,16384,7168,2877.747,5950.025,5155.338,0.7413
mixed,64,16,0.25,4.0,512,2048,128,512,224,661.625,763.101,739.548,0.7679
mixed,64,16,0.25,4.0,512,2048,256,1024,448,743.646,942.046,887.036,0.7227
mixed,64,16,0.25,4.0,512,2048,512,2048,896,907.9,1285.626,1189.499,0.7455
mixed,64,16,0.25,4.0,512,2048,1024,4096,1792,1208.666,1991.287,1777.369,0.7267
mixed,64,16,0.25,4.0,512,2048,2048,8192,3584,1806.647,3351.378,2956.659,0.7445
mixed,64,16,0.25,4.0,512,2048,4096,16384,7168,3012.5,6103.59,5269.387,0.7301
mixed,64,16,0.25,4.0,512,4096,128,512,224,939.963,1044.251,1012.732,0.6978
mixed,64,16,0.25,4.0,512,4096,256,1024,448,1017.756,1221.499,1159.865,0.6975
mixed,64,16,0.25,4.0,512,4096,512,2048,896,1181.148,1564.507,1456.379,0.7179
mixed,64,16,0.25,4.0,512,4096,1024,4096,1792,1486.171,2254.774,2056.023,0.7414
mixed,64,16,0.25,4.0,512,4096,2048,8192,3584,2094.901,3621.965,3204.752,0.7268
mixed,64,16,0.25,4.0,512,4096,4096,16384,7168,3293.361,6373.156,5546.6,0.7316
mixed,64,16,0.25,4.0,512,8192,128,512,224,1489.561,1588.377,1564.41,0.7575
mixed,64,16,0.25,4.0,512,8192,256,1024,448,1571.098,1771.286,1719.482,0.7412
mixed,64,16,0.25,4.0,512,8192,512,2048,896,1734.649,2119.319,2016.15,0.7318
mixed,64,16,0.25,4.0,512,8192,1024,4096,1792,2030.678,2815.698,2598.26,0.723
mixed,64,16,0.25,4.0,512,8192,2048,8192,3584,2640.31,4172.108,3766.094,0.7349
mixed,64,16,0.25,4.0,512,8192,4096,16384,7168,3834.863,6937.215,6105.765,0.732
mixed,64,16,0.25,4.0,1024,0,128,512,224,632.476,733.118,705.182,0.7224
mixed,64,16,0.25,4.0,1024,0,256,1024,448,714.205,911.931,852.255,0.6982
mixed,64,16,0.25,4.0,1024,0,512,2048,896,877.373,1269.528,1157.178,0.7135
mixed,64,16,0.25,4.0,1024,0,1024,4096,1792,1182.555,1962.521,1740.311,0.7151
mixed,64,16,0.25,4.0,1024,0,2048,8192,3584,1783.481,3310.129,2903.22,0.7335
mixed,64,16,0.25,4.0,1024,0,4096,16384,7168,3003.123,6074.052,5263.784,0.7361
mixed,64,16,0.25,4.0,1024,512,128,512,224,811.42,913.052,885.467,0.7286
mixed,64,16,0.25,4.0,1024,512,256,1024,448,889.343,1088.571,1033.53,0.7237
mixed,64,16,0.25,4.0,1024,512,512,2048,896,1050.779,1434.938,1327.001,0.719
mixed,64,16,0.25,4.0,1024,512,1024,4096,1792,1356.827,2137.717,1919.64,0.7207
mixed,64,16,0.25,4.0,1024,512,2048,8192,3584,1956.598,3501.008,3089.521,0.7336
mixed,64,16,0.25,4.0,1024,512,4096,16384,7168,3156.242,6245.155,5440.809,0.7396
mixed,64,16,0.25,4.0,1024,1024,128,512,224,965.659,1068.697,1040.188,0.7233
mixed,64,16,0.25,4.0,1024,1024,256,1024,448,1047.962,1252.697,1197.241,0.7291
mixed,64,16,0.25,4.0,1024,1024,512,2048,896,1207.162,1592.694,1486.681,0.725
mixed,64,16,0.25,4.0,1024,1024,1024,4096,1792,1511.962,2293.91,2082.646,0.7298
mixed,64,16,0.25,4.0,1024,1024,2048,8192,3584,2110.23,3661.2,3246.642,0.7327
mixed,64,16,0.25,4.0,1024,1024,4096,16384,7168,3321.266,6380.613,5586.823,0.7405
mixed,64,16,0.25,4.0,1024,2048,128,512,224,1240.154,1344.314,1313.946,0.7084
mixed,64,16,0.25,4.0,1024,2048,256,1024,448,1324.09,1525.88,1469.242,0.7193
mixed,64,16,0.25,4.0,1024,2048,512,2048,896,1481.434,1868.118,1760.536,0.7218
mixed,64,16,0.25,4.0,1024,2048,1024,4096,1792,1786.553,2568.081,2362.006,0.7363
mixed,64,16,0.25,4.0,1024,2048,2048,8192,3584,2390.361,3916.013,3528.818,0.7462
mixed,64,16,0.25,4.0,1024,2048,4096,16384,7168,3607.792,6668.802,5836.87,0.7282
mixed,64,16,0.25,4.0,1024,4096,128,512,224,1793.653,1895.605,1863.063,0.6808
mixed,64,16,0.25,4.0,1024,4096,256,1024,448,1872.823,2073.911,2023.573,0.7497
mixed,64,16,0.25,4.0,1024,4096,512,2048,896,2036.245,2422.228,2311.222,0.7124
mixed,64,16,0.25,4.0,1024,4096,1024,4096,1792,2336.279,3124.689,2909.588,0.7272
mixed,64,16,0.25,4.0,1024,4096,2048,8192,3584,2958.259,4508.681,4085.614,0.7271
mixed,64,16,0.25,4.0,1024,4096,4096,16384,7168,4145.805,7204.317,6446.148,0.7521
mixed,64,16,0.25,4.0,1024,8192,128,512,224,2890.546,2988.049,2960.948,0.722
mixed,64,16,0.25,4.0,1024,8192,256,1024,448,2968.98,3167.758,3112.625,0.7226
mixed,64,16,0.25,4.0,1024,8192,512,2048,896,3129.33,3515.439,3404.689,0.7132
mixed,64,16,0.25,4.0,1024,8192,1024,4096,1792,3425.65,4205.198,4000.878,0.7379
mixed,64,16,0.25,4.0,1024,8192,2048,8192,3584,4039.339,5588.103,5169.159,0.7295
mixed,64,16,0.25,4.0,1024,8192,4096,16384,7168,5230.856,8310.556,7510.813,0.7403
mixed,64,16,0.25,4.0,2048,0,128,512,224,1090.651,1190.235,1154.683,0.643
mixed,64,16,0.25,4.0,2048,0,256,1024,448,1171.545,1370.584,1310.426,0.6978
mixed,64,16,0.25,4.0,2048,0,512,2048,896,1323.45,1715.193,1610.49,0.7327
mixed,64,16,0.25,4.0,2048,0,1024,4096,1792,1633.175,2415.126,2202.679,0.7283
mixed,64,16,0.25,4.0,2048,0,2048,8192,3584,2241.175,3785.709,3387.376,0.7421
mixed,64,16,0.25,4.0,2048,0,4096,16384,7168,3429.68,6522.689,5699.367,0.7338
mixed,64,16,0.25,4.0,2048,512,128,512,224,1422.553,1523.224,1489.818,0.6682
mixed,64,16,0.25,4.0,2048,512,256,1024,448,1502.006,1708.599,1650.552,0.719
mixed,64,16,0.25,4.0,2048,512,512,2048,896,1662.329,2053.044,1946.583,0.7275
mixed,64,16,0.25,4.0,2048,512,1024,4096,1792,1967.19,2758.035,2523.796,0.7038
mixed,64,16,0.25,4.0,2048,512,2048,8192,3584,2571.957,4110.67,3704.784,0.7362
mixed,64,16,0.25,4.0,2048,512,4096,16384,7168,3793.678,6874.369,6053.347,0.7335
mixed,64,16,0.25,4.0,2048,1024,128,512,224,1761.174,1860.791,1831.35,0.7045
mixed,64,16,0.25,4.0,2048,1024,256,1024,448,1842.039,2043.001,1986.135,0.717
mixed,64,16,0.25,4.0,2048,1024,512,2048,896,1999.414,2383.766,2282.675,0.737
mixed,64,16,0.25,4.0,2048,1024,1024,4096,1792,2306.005,3079.346,2870.802,0.7303
mixed,64,16,0.25,4.0,2048,1024,2048,8192,3584,2913.357,4456.748,4047.631,0.7349
mixed,64,16,0.25,4.0,2048,1024,4096,16384,7168,4098.445,7189.981,6396.992,0.7435
mixed,64,16,0.25,4.0,2048,2048,128,512,224,2314.037,2415.699,2383.124,0.6796
mixed,64,16,0.25,4.0,2048,2048,256,1024,448,2394.324,2590.324,2539.765,0.742
mixed,64,16,0.25,4.0,2048,2048,512,2048,896,2552.147,2941.81,2828.306,0.7087
mixed,64,16,0.25,4.0,2048,2048,1024,4096,1792,2857.107,3621.743,3423.504,0.7407
mixed,64,16,0.25,4.0,2048,2048,2048,8192,3584,3453.584,4995.752,4582.315,0.7319
mixed,64,16,0.25,4.0,2048,2048,4096,16384,7168,4650.251,7751.067,6901.664,0.7261
mixed,64,16,0.25,4.0,2048,4096,128,512,224,3405.838,3503.95,3472.849,0.683
mixed,64,16,0.25,4.0,2048,4096,256,1024,448,3489.231,3684.879,3634.35,0.7417
mixed,64,16,0.25,4.0,2048,4096,512,2048,896,3640.43,4034.83,3931.276,0.7374
mixed,64,16,0.25,4.0,2048,4096,1024,4096,1792,3939.213,4723.818,4510.155,0.7277
mixed,64,16,0.25,4.0,2048,4096,2048,8192,3584,4546.793,6106.82,5685.702,0.7301
mixed,64,16,0.25,4.0,2048,4096,4096,16384,7168,5765.349,8855.319,8031.385,0.7334
mixed,64,16,0.25,4.0,2048,8192,128,512,224,5606.628,5704.132,5672.867,0.6793
mixed,64,16,0.25,4.0,2048,8192,256,1024,448,5681.7,5883.079,5827.651,0.7248
mixed,64,16,0.25,4.0,2048,8192,512,2048,896,5836.324,6233.856,6132.481,0.745
mixed,64,16,0.25,4.0,2048,8192,1024,4096,1792,6156.963,6919.647,6714.496,0.731
mixed,64,16,0.25,4.0,2048,8192,2048,8192,3584,6744.705,8321.337,7898.394,0.7317
mixed,64,16,0.25,4.0,2048,8192,4096,16384,7168,7954.104,11045.389,10230.607,0.7364
pure,64,32,0.5,4.0,0,0,128,512,320,165.6,235.967,208.511,0.6098
pure,64,32,0.5,4.0,0,0,256,1024,640,277.695,408.894,366.364,0.6758
pure,64,32,0.5,4.0,0,0,512,2048,1280,497.406,756.413,665.118,0.6475
pure,64,32,0.5,4.0,0,0,1024,4096,2560,935.708,1447.321,1256.57,0.6272
pure,64,32,0.5,4.0,0,0,2048,8192,5120,1791.286,2823.217,2443.06,0.6316
pure,64,32,0.5,4.0,0,0,4096,16384,10240,3491.375,5559.334,4809.607,0.6375
mixed,64,32,0.5,4.0,16,0,128,512,320,187.582,255.648,234.59,0.6906
mixed,64,32,0.5,4.0,16,0,256,1024,640,303.23,435.326,389.694,0.6546
mixed,64,32,0.5,4.0,16,0,512,2048,1280,525.405,781.341,687.612,0.6338
mixed,64,32,0.5,4.0,16,0,1024,4096,2560,952.635,1474.967,1285.881,0.638
mixed,64,32,0.5,4.0,16,0,2048,8192,5120,1816.439,2832.304,2465.428,0.6389
mixed,64,32,0.5,4.0,16,0,4096,16384,10240,3516.176,5582.245,4820.135,0.6311
mixed,64,32,0.5,4.0,16,512,128,512,320,222.655,292.321,265.054,0.6086
mixed,64,32,0.5,4.0,16,512,256,1024,640,341.022,469.181,423.676,0.6449
mixed,64,32,0.5,4.0,16,512,512,2048,1280,557.309,813.053,712.573,0.6071
mixed,64,32,0.5,4.0,16,512,1024,4096,2560,990.874,1491.545,1317.177,0.6517
mixed,64,32,0.5,4.0,16,512,2048,8192,5120,1838.679,2859.795,2485.074,0.633
mixed,64,32,0.5,4.0,16,512,4096,16384,10240,3553.519,5576.327,4803.688,0.618
mixed,64,32,0.5,4.0,16,1024,128,512,320,224.894,292.063,268.192,0.6446
mixed,64,32,0.5,4.0,16,1024,256,1024,640,338.049,471.903,420.829,0.6184
mixed,64,32,0.5,4.0,16,1024,512,2048,1280,564.382,818.619,726.076,0.636
mixed,64,32,0.5,4.0,16,1024,1024,4096,2560,988.444,1518.425,1298.426,0.5849
mixed,64,32,0.5,4.0,16,1024,2048,8192,5120,1857.719,2875.346,2487.733,0.6191
mixed,64,32,0.5,4.0,16,1024,4096,16384,10240,3537.008,5622.309,4854.249,0.6317
mixed,64,32,0.5,4.0,16,2048,128,512,320,229.886,298.367,269.185,0.5739
mixed,64,32,0.5,4.0,16,2048,256,1024,640,339.134,474.559,425.918,0.6408
mixed,64,32,0.5,4.0,16,2048,512,2048,1280,564.32,826.873,719.998,0.5929
mixed,64,32,0.5,4.0,16,2048,1024,4096,2560,996.668,1523.063,1313.049,0.601
mixed,64,32,0.5,4.0,16,2048,2048,8192,5120,1853.941,2864.947,2473.909,0.6132
mixed,64,32,0.5,4.0,16,2048,4096,16384,10240,3569.325,5594.756,4814.92,0.615
mixed,64,32,0.5,4.0,16,4096,128,512,320,238.367,306.849,282.716,0.6476
mixed,64,32,0.5,4.0,16,4096,256,1024,640,351.39,488.446,433.79,0.6012
mixed,64,32,0.5,4.0,16,4096,512,2048,1280,567.232,834.14,728.219,0.6032
mixed,64,32,0.5,4.0,16,4096,1024,4096,2560,1003.387,1519.288,1322.394,0.6183
mixed,64,32,0.5,4.0,16,4096,2048,8192,5120,1867.351,2895.345,2494.738,0.6103
mixed,64,32,0.5,4.0,16,4096,4096,16384,10240,3567.566,5601.637,4851.688,0.6313
mixed,64,32,0.5,4.0,16,8192,128,512,320,274.717,342.781,317.341,0.6262
mixed,64,32,0.5,4.0,16,8192,256,1024,640,384.348,517.629,474.301,0.6749
mixed,64,32,0.5,4.0,16,8192,512,2048,1280,607.869,865.116,764.061,0.6072
mixed,64,32,0.5,4.0,16,8192,1024,4096,2560,1039.261,1552.218,1356.057,0.6176
mixed,64,32,0.5,4.0,16,8192,2048,8192,5120,1885.589,2936.496,2530.419,0.6136
mixed,64,32,0.5,4.0,16,8192,4096,16384,10240,3606.831,5655.971,4858.405,0.6108
mixed,64,32,0.5,4.0,32,0,128,512,320,222.463,287.838,267.103,0.6828
mixed,64,32,0.5,4.0,32,0,256,1024,640,335.772,468.317,421.245,0.6449
mixed,64,32,0.5,4.0,32,0,512,2048,1280,552.606,816.089,722.299,0.644
mixed,64,32,0.5,4.0,32,0,1024,4096,2560,989.626,1504.217,1309.145,0.6209
mixed,64,32,0.5,4.0,32,0,2048,8192,5120,1853.366,2889.648,2518.387,0.6417
mixed,64,32,0.5,4.0,32,0,4096,16384,10240,3583.054,5617.444,4867.751,0.6315
mixed,64,32,0.5,4.0,32,512,128,512,320,249.312,315.806,288.957,0.5962
mixed,64,32,0.5,4.0,32,512,256,1024,640,364.671,495.871,446.59,0.6244
mixed,64,32,0.5,4.0,32,512,512,2048,1280,576.028,847.71,748.477,0.6347
mixed,64,32,0.5,4.0,32,512,1024,4096,2560,1013.274,1531.479,1338.298,0.6272
mixed,64,32,0.5,4.0,32,512,2048,8192,5120,1871.092,2891.184,2509.875,0.6262
mixed,64,32,0.5,4.0,32,512,4096,16384,10240,3570.927,5631.301,4858.342,0.6248
mixed,64,32,0.5,4.0,32,1024,128,512,320,251.295,315.261,291.389,0.6268
mixed,64,32,0.5,4.0,32,1024,256,1024,640,364.703,494.906,446.46,0.6279
mixed,64,32,0.5,4.0,32,1024,512,2048,1280,584.19,841.757,745.98,0.6281
mixed,64,32,0.5,4.0,32,1024,1024,4096,2560,1024.411,1536.984,1335.418,0.6068
mixed,64,32,0.5,4.0,32,1024,2048,8192,5120,1867.511,2888.113,2499.028,0.6188
mixed,64,32,0.5,4.0,32,1024,4096,16384,10240,3571.853,5645.091,4831.559,0.6076
mixed,64,32,0.5,4.0,32,2048,128,512,320,256.128,321.916,296.253,0.6099
mixed,64,32,0.5,4.0,32,2048,256,1024,640,368.99,500.764,457.727,0.6734
mixed,64,32,0.5,4.0,32,2048,512,2048,1280,591.387,847.676,748.635,0.6136
mixed,64,32,0.5,4.0,32,2048,1024,4096,2560,1010.296,1540.505,1342.491,0.6265
mixed,64,32,0.5,4.0,32,2048,2048,8192,5120,1892.311,2908.372,2498.772,0.5969
mixed,64,32,0.5,4.0,32,2048,4096,16384,10240,3585.937,5657.827,4859.941,0.6149
mixed,64,32,0.5,4.0,32,4096,128,512,320,271.871,340.606,312.478,0.5908
mixed,64,32,0.5,4.0,32,4096,256,1024,640,381.088,514.719,462.847,0.6118
mixed,64,32,0.5,4.0,32,4096,512,2048,1280,610.332,875.291,767.26,0.5923
mixed,64,32,0.5,4.0,32,4096,1024,4096,2560,1038.874,1563.416,1349.048,0.5913
mixed,64,32,0.5,4.0,32,4096,2048,8192,5120,1903.191,2913.648,2527.667,0.618
mixed,64,32,0.5,4.0,32,4096,4096,16384,10240,3606.128,5641.284,4870.536,0.6213
mixed,64,32,0.5,4.0,32,8192,128,512,320,368.189,436.83,408.352,0.5851
mixed,64,32,0.5,4.0,32,8192,256,1024,640,478.91,621.342,558.494,0.5588
mixed,64,32,0.5,4.0,32,8192,512,2048,1280,701.404,960.732,869.658,0.6488
mixed,64,32,0.5,4.0,32,8192,1024,4096,2560,1136.795,1658.135,1461.624,0.6231
mixed,64,32,0.5,4.0,32,8192,2048,8192,5120,2006.901,3027.215,2605.872,0.587
mixed,64,32,0.5,4.0,32,8192,4096,16384,10240,3705.58,5752.963,4963.751,0.6145
mixed,64,32,0.5,4.0,64,0,128,512,320,225.823,291.485,264.351,0.5868
mixed,64,32,0.5,4.0,64,0,256,1024,640,339.583,474.077,427.072,0.6505
mixed,64,32,0.5,4.0,64,0,512,2048,1280,555.837,818.748,720.541,0.6265
mixed,64,32,0.5,4.0,64,0,1024,4096,2560,991.645,1516.6,1327.514,0.6398
mixed,64,32,0.5,4.0,64,0,2048,8192,5120,1864.151,2875.091,2516.562,0.6454
mixed,64,32,0.5,4.0,64,0,4096,16384,10240,3560.012,5608.096,4857.542,0.6335
mixed,64,32,0.5,4.0,64,512,128,512,320,257.312,320.607,297.341,0.6324
mixed,64,32,0.5,4.0,64,512,256,1024,640,371.486,502.171,456.607,0.6513
mixed,64,32,0.5,4.0,64,512,512,2048,1280,592.478,853.818,746.076,0.5877
mixed,64,32,0.5,4.0,64,512,1024,4096,2560,1027.067,1537.368,1350.905,0.6346
mixed,64,32,0.5,4.0,64,512,2048,8192,5120,1881.591,2905.585,2543.603,0.6465
mixed,64,32,0.5,4.0,64,512,4096,16384,10240,3586.477,5644.581,4917.125,0.6465
mixed,64,32,0.5,4.0,64,1024,128,512,320,261.758,329.022,303.551,0.6213
mixed,64,32,0.5,4.0,64,1024,256,1024,640,372.573,506.238,459.421,0.6497
mixed,64,32,0.5,4.0,64,1024,512,2048,1280,593.693,857.372,758.906,0.6266
mixed,64,32,0.5,4.0,64,1024,1024,4096,2560,1025.243,1559.287,1350.458,0.609
mixed,64,32,0.5,4.0,64,1024,2048,8192,5120,1895.574,2924.21,2549.204,0.6354
mixed,64,32,0.5,4.0,64,1024,4096,16384,10240,3592.491,5646.338,4891.302,0.6324
mixed,64,32,0.5,4.0,64,2048,128,512,320,270.719,339.132,313.44,0.6245
mixed,64,32,0.5,4.0,64,2048,256,1024,640,386.333,518.715,471.712,0.6449
mixed,64,32,0.5,4.0,64,2048,512,2048,1280,608.669,870.105,775.131,0.6367
mixed,64,32,0.5,4.0,64,2048,1024,4096,2560,1040.667,1560.791,1361.146,0.6162
mixed,64,32,0.5,4.0,64,2048,2048,8192,5120,1900.087,2927.057,2571.794,0.6541
mixed,64,32,0.5,4.0,64,2048,4096,16384,10240,3623.692,5676.003,4912.514,0.628
mixed,64,32,0.5,4.0,64,4096,128,512,320,347.227,416.031,390.175,0.6242
mixed,64,32,0.5,4.0,64,4096,256,1024,640,463.807,597.917,548.286,0.6299
mixed,64,32,0.5,4.0,64,4096,512,2048,1280,683.674,940.921,845.978,0.6309
mixed,64,32,0.5,4.0,64,4096,1024,4096,2560,1119.803,1631.766,1442.456,0.6302
mixed,64,32,0.5,4.0,64,4096,2048,8192,5120,1969.17,2990.576,2641.233,0.658
mixed,64,32,0.5,4.0,64,4096,4096,16384,10240,3696.108,5737.603,5000.165,0.6388
mixed,64,32,0.5,4.0,64,8192,128,512,320,428.86,496.541,469.691,0.6033
mixed,64,32,0.5,4.0,64,8192,256,1024,640,540.445,683.291,624.155,0.586
mixed,64,32,0.5,4.0,64,8192,512,2048,1280,765.372,1026.01,927.835,0.6233
mixed,64,32,0.5,4.0,64,8192,1024,4096,2560,1198.743,1707.256,1515.257,0.6224
mixed,64,32,0.5,4.0,64,8192,2048,8192,5120,2052.308,3094.289,2730.481,0.6508
mixed,64,32,0.5,4.0,64,8192,4096,16384,10240,3775.436,5844.77,5082.725,0.6317
mixed,64,32,0.5,4.0,128,0,128,512,320,226.559,293.886,273.056,0.6906
mixed,64,32,0.5,4.0,128,0,256,1024,640,337.151,469.024,422.525,0.6474
mixed,64,32,0.5,4.0,128,0,512,2048,1280,557.725,820.859,727.996,0.6471
mixed,64,32,0.5,4.0,128,0,1024,4096,2560,993.243,1517.816,1320.155,0.6232
mixed,64,32,0.5,4.0,128,0,2048,8192,5120,1849.846,2880.147,2509.842,0.6406
mixed,64,32,0.5,4.0,128,0,4096,16384,10240,3572.847,5621.761,4866.787,0.6315
mixed,64,32,0.5,4.0,128,512,128,512,320,272.572,338.849,314.048,0.6258
mixed,64,32,0.5,4.0,128,512,256,1024,640,384.962,519.007,467.996,0.6194
mixed,64,32,0.5,4.0,128,512,512,2048,1280,601.79,860.957,774.426,0.6661
mixed,64,32,0.5,4.0,128,512,1024,4096,2560,1035.291,1550.871,1382.936,0.6743
mixed,64,32,0.5,4.0,128,512,2048,8192,5120,1908.536,2952.432,2563.794,0.6277
mixed,64,32,0.5,4.0,128,512,4096,16384,10240,3599.341,5669.637,4918.63,0.6372
mixed,64,32,0.5,4.0,128,1024,128,512,320,277.953,346.238,318.874,0.5993
mixed,64,32,0.5,4.0,128,1024,256,1024,640,394.688,521.597,480.896,0.6793
mixed,64,32,0.5,4.0,128,1024,512,2048,1280,608.187,879.74,780.316,0.6339
mixed,64,32,0.5,4.0,128,1024,1024,4096,2560,1050.778,1561.173,1382.135,0.6492
mixed,64,32,0.5,4.0,128,1024,2048,8192,5120,1915.732,2945.168,2559.922,0.6258
mixed,64,32,0.5,4.0,128,1024,4096,16384,10240,3631.628,5667.65,4904.07,0.625
mixed,64,32,0.5,4.0,128,2048,128,512,320,352.254,417.663,391.455,0.5993
mixed,64,32,0.5,4.0,128,2048,256,1024,640,466.335,595.9,548.38,0.6332
mixed,64,32,0.5,4.0,128,2048,512,2048,1280,680.059,950.717,848.057,0.6207
mixed,64,32,0.5,4.0,128,2048,1024,4096,2560,1120.603,1641.876,1434.935,0.603
mixed,64,32,0.5,4.0,128,2048,2048,8192,5120,1979.158,3014.96,2642.929,0.6408
mixed,64,32,0.5,4.0,128,2048,4096,16384,10240,3705.71,5721.341,4992.452,0.6384
mixed,64,32,0.5,4.0,128,4096,128,512,320,433.758,500.988,470.044,0.5397
mixed,64,32,0.5,4.0,128,4096,256,1024,640,546.558,681.5,626.684,0.5938
mixed,64,32,0.5,4.0,128,4096,512,2048,1280,767.354,1027.964,928.794,0.6195
mixed,64,32,0.5,4.0,128,4096,1024,4096,2560,1201.147,1715.737,1531.831,0.6426
mixed,64,32,0.5,4.0,128,4096,2048,8192,5120,2062.357,3090.223,2724.211,0.6439
mixed,64,32,0.5,4.0,128,4096,4096,16384,10240,3771.374,5849.919,5064.39,0.6221
mixed,64,32,0.5,4.0,128,8192,128,512,320,580.478,647.642,620.924,0.6022
mixed,64,32,0.5,4.0,128,8192,256,1024,640,691.968,824.251,781.5,0.6768
mixed,64,32,0.5,4.0,128,8192,512,2048,1280,910.139,1171.484,1084.185,0.666
mixed,64,32,0.5,4.0,128,8192,1024,4096,2560,1349.687,1864.661,1693.779,0.6682
mixed,64,32,0.5,4.0,128,8192,2048,8192,5120,2198.292,3245.933,2866.543,0.6379
mixed,64,32,0.5,4.0,128,8192,4096,16384,10240,3925.26,5972.927,5223.522,0.634
mixed,64,32,0.5,4.0,256,0,128,512,320,294.112,360.798,334.558,0.6065
mixed,64,32,0.5,4.0,256,0,256,1024,640,407.361,541.755,493.661,0.6421
mixed,64,32,0.5,4.0,256,0,512,2048,1280,629.084,888.987,803.547,0.6713
mixed,64,32,0.5,4.0,256,0,1024,4096,2560,1064.536,1587.862,1382.265,0.6071
mixed,64,32,0.5,4.0,256,0,2048,8192,5120,1928.919,2936.499,2592.722,0.6588
mixed,64,32,0.5,4.0,256,0,4096,16384,10240,3625.485,5701.12,4946.63,0.6365
mixed,64,32,0.5,4.0,256,512,128,512,320,360.8,426.913,399.263,0.5818
mixed,64,32,0.5,4.0,256,512,256,1024,640,472.092,603.388,559.26,0.6639
mixed,64,32,0.5,4.0,256,512,512,2048,1280,691.356,948.476,856.058,0.6406
mixed,64,32,0.5,4.0,256,512,1024,4096,2560,1131.515,1652.406,1451.545,0.6144
mixed,64,32,0.5,4.0,256,512,2048,8192,5120,1989.46,3006.703,2645.329,0.6448
mixed,64,32,0.5,4.0,256,512,4096,16384,10240,3701.129,5741.792,5000.132,0.6366
mixed,64,32,0.5,4.0,256,1024,128,512,320,415.23,483.295,452.735,0.551
mixed,64,32,0.5,4.0,256,1024,256,1024,640,528.574,657.339,611.648,0.6452
mixed,64,32,0.5,4.0,256,1024,512,2048,1280,747.739,1007.58,913.177,0.6367
mixed,64,32,0.5,4.0,256,1024,1024,4096,2560,1178.62,1717.301,1512.79,0.6203
mixed,64,32,0.5,4.0,256,1024,2048,8192,5120,2047.73,3069.455,2717.231,0.6553
mixed,64,32,0.5,4.0,256,1024,4096,16384,10240,3759.435,5812.959,5074.949,0.6406
mixed,64,32,0.5,4.0,256,2048,128,512,320,453.693,522.844,494.684,0.5928
mixed,64,32,0.5,4.0,256,2048,256,1024,640,564.031,694.107,652.476,0.6799
mixed,64,32,0.5,4.0,256,2048,512,2048,1280,785.533,1043.355,946.812,0.6255
mixed,64,32,0.5,4.0,256,2048,1024,4096,2560,1219.513,1737.721,1543.352,0.6249
mixed,64,32,0.5,4.0,256,2048,2048,8192,5120,2077.619,3103.471,2729.775,0.6357
mixed,64,32,0.5,4.0,256,2048,4096,16384,10240,3807.628,5861.534,5140.515,0.649
mixed,64,32,0.5,4.0,256,4096,128,512,320,592.988,667.581,634.363,0.5547
mixed,64,32,0.5,4.0,256,4096,256,1024,640,705.276,838.621,794.588,0.6698
mixed,64,32,0.5,4.0,256,4096,512,2048,1280,936.699,1200.474,1097.721,0.6105
mixed,64,32,0.5,4.0,256,4096,1024,4096,2560,1360.088,1875.509,1704.278,0.6678
mixed,64,32,0.5,4.0,256,4096,2048,8192,5120,2224.273,3256.334,2882.992,0.6383
mixed,64,32,0.5,4.0,256,4096,4096,16384,10240,3941.42,5966.335,5238.37,0.6405
mixed,64,32,0.5,4.0,256,8192,128,512,320,839.644,904.956,886.394,0.7158
mixed,64,32,0.5,4.0,256,8192,256,1024,640,954.554,1084.474,1031.356,0.5911
mixed,64,32,0.5,4.0,256,8192,512,2048,1280,1178.265,1437.911,1335.16,0.6043
mixed,64,32,0.5,4.0,256,8192,1024,4096,2560,1610.072,2125.43,1937.428,0.6352
mixed,64,32,0.5,4.0,256,8192,2048,8192,5120,2476.211,3485.389,3139.759,0.6575
mixed,64,32,0.5,4.0,256,8192,4096,16384,10240,4175.498,6231.934,5488.8,0.6386
mixed,64,32,0.5,4.0,512,0,128,512,320,413.848,476.605,451.262,0.5962
mixed,64,32,0.5,4.0,512,0,256,1024,640,522.494,652.54,605.658,0.6395
mixed,64,32,0.5,4.0,512,0,512,2048,1280,744.861,1009.24,909.274,0.6219
mixed,64,32,0.5,4.0,512,0,1024,4096,2560,1170.138,1703.447,1505.784,0.6294
mixed,64,32,0.5,4.0,512,0,2048,8192,5120,2039.188,3071.245,2704.915,0.645
mixed,64,32,0.5,4.0,512,0,4096,16384,10240,3749.034,5817.313,5065.282,0.6364
mixed,64,32,0.5,4.0,512,512,128,512,320,484.126,553.726,522.749,0.5549
mixed,64,32,0.5,4.0,512,512,256,1024,640,597.437,730.557,679.322,0.6151
mixed,64,32,0.5,4.0,512,512,512,2048,1280,814.107,1077.051,983.738,0.6451
mixed,64,32,0.5,4.0,512,512,1024,4096,2560,1255.194,1763.412,1584.31,0.6476
mixed,64,32,0.5,4.0,512,512,2048,8192,5120,2102.453,3126.638,2773.425,0.6551
mixed,64,32,0.5,4.0,512,512,4096,16384,10240,3808.044,5884.801,5134.211,0.6386
mixed,64,32,0.5,4.0,512,1024,128,512,320,550.906,618.493,592.445,0.6146
mixed,64,32,0.5,4.0,512,1024,256,1024,640,664.188,794.362,748.858,0.6504
mixed,64,32,0.5,4.0,512,1024,512,2048,1280,886.778,1151.898,1051.93,0.6229
mixed,64,32,0.5,4.0,512,1024,1024,4096,2560,1316.599,1842.549,1653.784,0.6411
mixed,64,32,0.5,4.0,512,1024,2048,8192,5120,2172.661,3207.982,2848.465,0.6527
mixed,64,32,0.5,4.0,512,1024,4096,16384,10240,3885.577,5981.312,5203.104,0.6287
mixed,64,32,0.5,4.0,512,2048,128,512,320,696.665,764.189,734.491,0.5602
mixed,64,32,0.5,4.0,512,2048,256,1024,640,812.956,940.891,892.346,0.6205
mixed,64,32,0.5,4.0,512,2048,512,2048,1280,1030.075,1299.418,1192.505,0.6031
mixed,64,32,0.5,4.0,512,2048,1024,4096,2560,1460.15,1981.045,1804.918,0.6619
mixed,64,32,0.5,4.0,512,2048,2048,8192,5120,2331.604,3344.205,2974.094,0.6345
mixed,64,32,0.5,4.0,512,2048,4096,16384,10240,4026.506,6079.68,5343.714,0.6415
mixed,64,32,0.5,4.0,512,4096,128,512,320,973.818,1042.586,1019.163,0.6594
mixed,64,32,0.5,4.0,512,4096,256,1024,640,1085.946,1225.625,1167.48,0.5837
mixed,64,32,0.5,4.0,512,4096,512,2048,1280,1307.159,1579.061,1479.766,0.6348
mixed,64,32,0.5,4.0,512,4096,1024,4096,2560,1749.269,2257.299,2068.018,0.6274
mixed,64,32,0.5,4.0,512,4096,2048,8192,5120,2611.506,3621.803,3240.268,0.6224
mixed,64,32,0.5,4.0,512,4096,4096,16384,10240,4319.33,6384.167,5618.66,0.6293
mixed,64,32,0.5,4.0,512,8192,128,512,320,1526.432,1596.991,1565.471,0.5533
mixed,64,32,0.5,4.0,512,8192,256,1024,640,1639.265,1770.366,1723.681,0.6439
mixed,64,32,0.5,4.0,512,8192,512,2048,1280,1857.728,2127.328,2025.152,0.621
mixed,64,32,0.5,4.0,512,8192,1024,4096,2560,2288.16,2821.413,2631.679,0.6442
mixed,64,32,0.5,4.0,512,8192,2048,8192,5120,3145.957,4185.505,3822.06,0.6504
mixed,64,32,0.5,4.0,512,8192,4096,16384,10240,4873.122,6923.909,6191.814,0.643
mixed,64,32,0.5,4.0,1024,0,128,512,320,669.44,734.272,706.976,0.579
mixed,64,32,0.5,4.0,1024,0,256,1024,640,782.882,910.078,861.663,0.6194
mixed,64,32,0.5,4.0,1024,0,512,2048,1280,1002.273,1257.123,1170.34,0.6595
mixed,64,32,0.5,4.0,1024,0,1024,4096,2560,1432.099,1956.801,1760.449,0.6258
mixed,64,32,0.5,4.0,1024,0,2048,8192,5120,2314.496,3307.198,2941.186,0.6313
mixed,64,32,0.5,4.0,1024,0,4096,16384,10240,3997.506,6054.946,5308.032,0.637
mixed,64,32,0.5,4.0,1024,512,128,512,320,844.576,908.704,887.52,0.6697
mixed,64,32,0.5,4.0,1024,512,256,1024,640,955.552,1090.241,1042.912,0.6486
mixed,64,32,0.5,4.0,1024,512,512,2048,1280,1185.153,1435.52,1356.224,0.6833
mixed,64,32,0.5,4.0,1024,512,1024,4096,2560,1612.705,2141.119,1937.152,0.614
mixed,64,32,0.5,4.0,1024,512,2048,8192,5120,2472.639,3497.953,3142.944,0.6538
mixed,64,32,0.5,4.0,1024,512,4096,16384,10240,4176.609,6233.345,5498.753,0.6428
mixed,64,32,0.5,4.0,1024,1024,128,512,320,1000.129,1066.528,1040.64,0.6101
mixed,64,32,0.5,4.0,1024,1024,256,1024,640,1115.103,1244.161,1197.761,0.6405
mixed,64,32,0.5,4.0,1024,1024,512,2048,1280,1333.728,1595.807,1498.207,0.6276
mixed,64,32,0.5,4.0,1024,1024,1024,4096,2560,1764.991,2276.577,2092.289,0.6398
mixed,64,32,0.5,4.0,1024,1024,2048,8192,5120,2624.032,3653.951,3279.232,0.6362
mixed,64,32,0.5,4.0,1024,1024,4096,16384,10240,4342.432,6403.232,5672.0,0.6452
mixed,64,32,0.5,4.0,1024,2048,128,512,320,1278.177,1344.8,1321.951,0.657
mixed,64,32,0.5,4.0,1024,2048,256,1024,640,1397.634,1520.512,1478.432,0.6575
mixed,64,32,0.5,4.0,1024,2048,512,2048,1280,1610.176,1875.935,1777.152,0.6283
mixed,64,32,0.5,4.0,1024,2048,1024,4096,2560,2047.361,2567.872,2377.696,0.6346
mixed,64,32,0.5,4.0,1024,2048,2048,8192,5120,2905.824,3935.23,3556.287,0.6319
mixed,64,32,0.5,4.0,1024,2048,4096,16384,10240,4609.727,6681.471,5928.221,0.6364
mixed,64,32,0.5,4.0,1024,4096,128,512,320,1828.415,1893.12,1876.767,0.7473
mixed,64,32,0.5,4.0,1024,4096,256,1024,640,1941.057,2076.477,2027.553,0.6387
mixed,64,32,0.5,4.0,1024,4096,512,2048,1280,2171.615,2424.959,2334.24,0.6419
mixed,64,32,0.5,4.0,1024,4096,1024,4096,2560,2595.231,3112.415,2926.623,0.6408
mixed,64,32,0.5,4.0,1024,4096,2048,8192,5120,3446.845,4493.471,4119.68,0.6429
mixed,64,32,0.5,4.0,1024,4096,4096,16384,10240,5179.868,7203.169,6480.221,0.6427
mixed,64,32,0.5,4.0,1024,8192,128,512,320,2923.361,2990.333,2966.147,0.6389
mixed,64,32,0.5,4.0,1024,8192,256,1024,640,3036.606,3172.224,3117.085,0.5934
mixed,64,32,0.5,4.0,1024,8192,512,2048,1280,3257.311,3511.328,3433.148,0.6922
mixed,64,32,0.5,4.0,1024,8192,1024,4096,2560,3696.831,4218.048,4008.544,0.598
mixed,64,32,0.5,4.0,1024,8192,2048,8192,5120,4563.871,5573.149,5211.23,0.6414
mixed,64,32,0.5,4.0,1024,8192,4096,16384,10240,6297.119,8314.91,7585.851,0.6387
mixed,64,32,0.5,4.0,2048,0,128,512,320,1125.406,1185.501,1165.376,0.6651
mixed,64,32,0.5,4.0,2048,0,256,1024,640,1238.176,1369.504,1318.431,0.6111
mixed,64,32,0.5,4.0,2048,0,512,2048,1280,1454.142,1726.272,1631.199,0.6506
mixed,64,32,0.5,4.0,2048,0,1024,4096,2560,1890.784,2408.384,2217.824,0.6318
mixed,64,32,0.5,4.0,2048,0,2048,8192,5120,2752.512,3784.766,3412.221,0.6391
mixed,64,32,0.5,4.0,2048,0,4096,16384,10240,4459.005,6490.301,5775.87,0.6483
mixed,64,32,0.5,4.0,2048,512,128,512,320,1457.342,1526.816,1499.583,0.608
mixed,64,32,0.5,4.0,2048,512,256,1024,640,1568.736,1708.928,1654.655,0.6129
mixed,64,32,0.5,4.0,2048,512,512,2048,1280,1786.911,2052.479,1955.904,0.6363
mixed,64,32,0.5,4.0,2048,512,1024,4096,2560,2232.829,2740.03,2561.504,0.648
mixed,64,32,0.5,4.0,2048,512,2048,8192,5120,3090.398,4104.926,3739.486,0.6398
mixed,64,32,0.5,4.0,2048,512,4096,16384,10240,4784.542,6868.317,6129.276,0.6453
mixed,64,32,0.5,4.0,2048,1024,128,512,320,1792.991,1859.583,1831.775,0.5824
mixed,64,32,0.5,4.0,2048,1024,256,1024,640,1908.672,2040.831,1991.358,0.6257
mixed,64,32,0.5,4.0,2048,1024,512,2048,1280,2132.352,2395.198,2285.311,0.5819
mixed,64,32,0.5,4.0,2048,1024,1024,4096,2560,2561.087,3080.222,2885.023,0.624
mixed,64,32,0.5,4.0,2048,1024,2048,8192,5120,3440.281,4461.627,4075.644,0.6221
mixed,64,32,0.5,4.0,2048,1024,4096,16384,10240,5161.66,7209.306,6454.106,0.6312
mixed,64,32,0.5,4.0,2048,2048,128,512,320,2346.269,2413.471,2384.061,0.5624
mixed,64,32,0.5,4.0,2048,2048,256,1024,640,2457.726,2594.365,2546.688,0.6511
mixed,64,32,0.5,4.0,2048,2048,512,2048,1280,2675.165,2947.262,2840.126,0.6063
mixed,64,32,0.5,4.0,2048,2048,1024,4096,2560,3121.469,3635.26,3451.677,0.6427
mixed,64,32,0.5,4.0,2048,2048,2048,8192,5120,3981.052,5001.178,4630.586,0.6367
mixed,64,32,0.5,4.0,2048,2048,4096,16384,10240,5694.429,7752.697,7000.635,0.6346
mixed,64,32,0.5,4.0,2048,4096,128,512,320,3439.323,3508.092,3481.95,0.6199
mixed,64,32,0.5,4.0,2048,4096,256,1024,640,3554.141,3688.54,3635.706,0.6069
mixed,64,32,0.5,4.0,2048,4096,512,2048,1280,3773.884,4035.038,3934.363,0.6145
mixed,64,32,0.5,4.0,2048,4096,1024,4096,2560,4207.098,4730.81,4535.261,0.6266
mixed,64,32,0.5,4.0,2048,4096,2048,8192,5120,5073.243,6105.562,5738.36,0.6443
mixed,64,32,0.5,4.0,2048,4096,4096,16384,10240,6781.498,8852.572,8090.486,0.632
mixed,64,32,0.5,4.0,2048,8192,128,512,320,5646.168,5700.888,5675.804,0.5416
mixed,64,32,0.5,4.0,2048,8192,256,1024,640,5746.714,5877.117,5832.44,0.6574
mixed,64,32,0.5,4.0,2048,8192,512,2048,1280,5963.546,6230.872,6139.479,0.6581
mixed,64,32,0.5,4.0,2048,8192,1024,4096,2560,6402.939,6913.338,6735.16,0.6509
mixed,64,32,0.5,4.0,2048,8192,2048,8192,5120,7249.783,8304.087,7917.85,0.6337
mixed,64,32,0.5,4.0,2048,8192,4096,16384,10240,8961.558,11043.154,10285.333,0.6359
pure,64,48,0.75,4.0,0,0,128,512,416,197.087,234.432,218.879,0.5835
pure,64,48,0.75,4.0,0,0,256,1024,832,349.95,412.865,385.887,0.5712
pure,64,48,0.75,4.0,0,0,512,2048,1664,629.887,757.537,718.559,0.6946
pure,64,48,0.75,4.0,0,0,1024,4096,3328,1202.526,1442.751,1352.894,0.6259
pure,64,48,0.75,4.0,0,0,2048,8192,6656,2320.862,2813.147,2654.109,0.6769
pure,64,48,0.75,4.0,0,0,4096,16384,13312,4526.139,5551.993,5232.442,0.6885
mixed,64,48,0.75,4.0,16,0,128,512,416,221.632,254.273,241.535,0.6098
mixed,64,48,0.75,4.0,16,0,256,1024,832,368.481,434.209,414.881,0.7059
mixed,64,48,0.75,4.0,16,0,512,2048,1664,651.712,779.038,736.095,0.6627
mixed,64,48,0.75,4.0,16,0,1024,4096,3328,1209.438,1468.414,1390.528,0.6993
mixed,64,48,0.75,4.0,16,0,2048,8192,6656,2325.118,2838.011,2688.508,0.7085
mixed,64,48,0.75,4.0,16,0,4096,16384,13312,4536.762,5597.432,5255.834,0.6779
mixed,64,48,0.75,4.0,16,512,128,512,416,257.471,291.773,275.041,0.5122
mixed,64,48,0.75,4.0,16,512,256,1024,832,402.143,468.224,446.975,0.6784
mixed,64,48,0.75,4.0,16,512,512,2048,1664,686.72,809.853,759.326,0.5897
mixed,64,48,0.75,4.0,16,512,1024,4096,3328,1245.57,1508.51,1397.887,0.5793
mixed,64,48,0.75,4.0,16,512,2048,8192,6656,2361.02,2869.436,2702.46,0.6716
mixed,64,48,0.75,4.0,16,512,4096,16384,13312,4562.013,5579.674,5201.817,0.6287
mixed,64,48,0.75,4.0,16,1024,128,512,416,259.008,291.361,277.535,0.5727
mixed,64,48,0.75,4.0,16,1024,256,1024,832,401.856,474.558,450.366,0.6672
mixed,64,48,0.75,4.0,16,1024,512,2048,1664,687.871,817.692,778.078,0.6949
mixed,64,48,0.75,4.0,16,1024,1024,4096,3328,1252.795,1510.526,1423.742,0.6633
mixed,64,48,0.75,4.0,16,1024,2048,8192,6656,2355.134,2871.578,2672.251,0.614
mixed,64,48,0.75,4.0,16,1024,4096,16384,13312,4576.505,5591.353,5189.785,0.6043
mixed,64,48,0.75,4.0,16,2048,128,512,416,263.778,297.25,282.558,0.5611
mixed,64,48,0.75,4.0,16,2048,256,1024,832,405.569,472.129,448.828,0.6499
mixed,64,48,0.75,4.0,16,2048,512,2048,1664,687.519,820.063,761.726,0.5599
mixed,64,48,0.75,4.0,16,2048,1024,4096,3328,1255.968,1503.933,1413.249,0.6343
mixed,64,48,0.75,4.0,16,2048,2048,8192,6656,2362.812,2863.131,2659.708,0.5934
mixed,64,48,0.75,4.0,16,2048,4096,16384,13312,4595.706,5604.023,5231.769,0.6308
mixed,64,48,0.75,4.0,16,4096,128,512,416,268.862,306.495,292.989,0.6411
mixed,64,48,0.75,4.0,16,4096,256,1024,832,415.263,484.03,457.245,0.6105
mixed,64,48,0.75,4.0,16,4096,512,2048,1664,701.311,833.086,781.791,0.6107
mixed,64,48,0.75,4.0,16,4096,1024,4096,3328,1256.864,1523.58,1423.295,0.624
mixed,64,48,0.75,4.0,16,4096,2048,8192,6656,2372.574,2880.925,2680.381,0.6055
mixed,64,48,0.75,4.0,16,4096,4096,16384,13312,4589.559,5603.606,5226.007,0.6276
mixed,64,48,0.75,4.0,16,8192,128,512,416,308.092,342.499,330.4,0.6484
mixed,64,48,0.75,4.0,16,8192,256,1024,832,454.527,518.237,496.702,0.662
mixed,64,48,0.75,4.0,16,8192,512,2048,1664,735.327,865.916,811.806,0.5856
mixed,64,48,0.75,4.0,16,8192,1024,4096,3328,1300.99,1551.902,1451.422,0.5995
mixed,64,48,0.75,4.0,16,8192,2048,8192,6656,2410.685,2915.387,2758.874,0.6899
mixed,64,48,0.75,4.0,16,8192,4096,16384,13312,4605.208,5633.526,5263.954,0.6406
mixed,64,48,0.75,4.0,32,0,128,512,416,254.305,286.783,274.592,0.6246
mixed,64,48,0.75,4.0,32,0,256,1024,832,401.791,468.254,442.974,0.6196
mixed,64,48,0.75,4.0,32,0,512,2048,1664,684.159,815.389,779.517,0.7266
mixed,64,48,0.75,4.0,32,0,1024,4096,3328,1253.728,1506.492,1414.014,0.6341
mixed,64,48,0.75,4.0,32,0,2048,8192,6656,2369.309,2861.883,2738.491,0.7495
mixed,64,48,0.75,4.0,32,0,4096,16384,13312,4595.543,5622.132,5285.526,0.6721
mixed,64,48,0.75,4.0,32,512,128,512,416,282.974,316.476,299.871,0.5044
mixed,64,48,0.75,4.0,32,512,256,1024,832,431.295,493.758,473.661,0.6783
mixed,64,48,0.75,4.0,32,512,512,2048,1664,712.702,850.461,788.957,0.5535
mixed,64,48,0.75,4.0,32,512,1024,4096,3328,1275.132,1534.814,1431.709,0.603
mixed,64,48,0.75,4.0,32,512,2048,8192,6656,2386.715,2883.451,2719.289,0.6695
mixed,64,48,0.75,4.0,32,512,4096,16384,13312,4642.648,5670.389,5232.503,0.5739
mixed,64,48,0.75,4.0,32,1024,128,512,416,282.045,315.203,302.624,0.6206
mixed,64,48,0.75,4.0,32,1024,256,1024,832,426.269,497.951,469.568,0.604
mixed,64,48,0.75,4.0,32,1024,512,2048,1664,708.863,843.901,788.832,0.5922
mixed,64,48,0.75,4.0,32,1024,1024,4096,3328,1278.78,1543.003,1450.972,0.6517
mixed,64,48,0.75,4.0,32,1024,2048,8192,6656,2391.099,2897.467,2717.433,0.6445
mixed,64,48,0.75,4.0,32,1024,4096,16384,13312,4649.556,5625.908,5235.892,0.6005
mixed,64,48,0.75,4.0,32,2048,128,512,416,288.19,323.997,306.814,0.5201
mixed,64,48,0.75,4.0,32,2048,256,1024,832,430.174,505.888,486.525,0.7443
mixed,64,48,0.75,4.0,32,2048,512,2048,1664,720.893,846.493,813.374,0.7363
mixed,64,48,0.75,4.0,32,2048,1024,4096,3328,1282.75,1545.725,1448.575,0.6306
mixed,64,48,0.75,4.0,32,2048,2048,8192,6656,2390.585,2910.425,2727.703,0.6485
mixed,64,48,0.75,4.0,32,2048,4096,16384,13312,4622.04,5635.191,5265.912,0.6355
mixed,64,48,0.75,4.0,32,4096,128,512,416,304.288,338.528,321.472,0.5019
mixed,64,48,0.75,4.0,32,4096,256,1024,832,445.983,511.741,494.367,0.7358
mixed,64,48,0.75,4.0,32,4096,512,2048,1664,731.997,861.342,815.325,0.6442
mixed,64,48,0.75,4.0,32,4096,1024,4096,3328,1305.885,1585.499,1448.446,0.5098
mixed,64,48,0.75,4.0,32,4096,2048,8192,6656,2430.456,2941.306,2721.56,0.5698
mixed,64,48,0.75,4.0,32,4096,4096,16384,13312,4647.126,5652.498,5262.805,0.6124
mixed,64,48,0.75,4.0,32,8192,128,512,416,399.967,432.51,417.727,0.5457
mixed,64,48,0.75,4.0,32,8192,256,1024,832,542.174,615.902,590.974,0.6619
mixed,64,48,0.75,4.0,32,8192,512,2048,1664,837.054,959.87,920.159,0.6767
mixed,64,48,0.75,4.0,32,8192,1024,4096,3328,1387.742,1647.932,1551.549,0.6296
mixed,64,48,0.75,4.0,32,8192,2048,8192,6656,2500.059,3018.231,2820.057,0.6176
mixed,64,48,0.75,4.0,32,8192,4096,16384,13312,4712.853,5753.045,5389.075,0.6501
mixed,64,48,0.75,4.0,64,0,128,512,416,259.231,293.15,277.503,0.5387
mixed,64,48,0.75,4.0,64,0,256,1024,832,407.295,469.471,452.063,0.72
mixed,64,48,0.75,4.0,64,0,512,2048,1664,688.51,811.902,773.665,0.6901
mixed,64,48,0.75,4.0,64,0,1024,4096,3328,1257.246,1509.05,1417.309,0.6357
mixed,64,48,0.75,4.0,64,0,2048,8192,6656,2358.682,2890.969,2717.402,0.6739
mixed,64,48,0.75,4.0,64,0,4096,16384,13312,4587.67,5638.418,5325.588,0.7023
mixed,64,48,0.75,4.0,64,512,128,512,416,291.167,322.048,307.456,0.5275
mixed,64,48,0.75,4.0,64,512,256,1024,832,435.293,502.302,476.063,0.6084
mixed,64,48,0.75,4.0,64,512,512,2048,1664,715.774,846.721,806.591,0.6935
mixed,64,48,0.75,4.0,64,512,1024,4096,3328,1286.172,1553.788,1451.387,0.6174
mixed,64,48,0.75,4.0,64,512,2048,8192,6656,2396.218,2904.216,2743.255,0.6831
mixed,64,48,0.75,4.0,64,512,4096,16384,13312,4625.238,5682.611,5311.828,0.6493
mixed,64,48,0.75,4.0,64,1024,128,512,416,295.425,327.87,312.479,0.5256
mixed,64,48,0.75,4.0,64,1024,256,1024,832,441.023,506.783,483.679,0.6487
mixed,64,48,0.75,4.0,64,1024,512,2048,1664,725.918,854.72,813.788,0.6822
mixed,64,48,0.75,4.0,64,1024,1024,4096,3328,1283.004,1546.329,1445.977,0.6189
mixed,64,48,0.75,4.0,64,1024,2048,8192,6656,2391.227,2933.945,2745.497,0.6528
mixed,64,48,0.75,4.0,64,1024,4096,16384,13312,4646.612,5648.656,5326.802,0.6788
mixed,64,48,0.75,4.0,64,2048,128,512,416,306.399,339.232,325.184,0.5721
mixed,64,48,0.75,4.0,64,2048,256,1024,832,454.654,521.887,494.944,0.5993
mixed,64,48,0.75,4.0,64,2048,512,2048,1664,734.462,867.487,837.856,0.7773
mixed,64,48,0.75,4.0,64,2048,1024,4096,3328,1294.557,1577.274,1477.115,0.6457
mixed,64,48,0.75,4.0,64,2048,2048,8192,6656,2421.912,2928.022,2761.977,0.6719
mixed,64,48,0.75,4.0,64,2048,4096,16384,13312,4626.034,5676.177,5296.082,0.6381
mixed,64,48,0.75,4.0,64,4096,128,512,416,385.054,415.008,402.24,0.5737
mixed,64,48,0.75,4.0,64,4096,256,1024,832,524.991,592.286,569.375,0.6595
mixed,64,48,0.75,4.0,64,4096,512,2048,1664,811.101,952.381,893.756,0.585
mixed,64,48,0.75,4.0,64,4096,1024,4096,3328,1380.633,1641.434,1556.602,0.6747
mixed,64,48,0.75,4.0,64,4096,2048,8192,6656,2488.155,3008.183,2836.663,0.6702
mixed,64,48,0.75,4.0,64,4096,4096,16384,13312,4710.26,5719.601,5456.753,0.7396
mixed,64,48,0.75,4.0,64,8192,128,512,416,463.359,496.735,480.349,0.509
mixed,64,48,0.75,4.0,64,8192,256,1024,832,607.614,670.337,651.422,0.6984
mixed,64,48,0.75,4.0,64,8192,512,2048,1664,890.239,1021.085,978.556,0.675
mixed,64,48,0.75,4.0,64,8192,1024,4096,3328,1451.642,1712.508,1638.266,0.7154
mixed,64,48,0.75,4.0,64,8192,2048,8192,6656,2562.681,3099.64,2911.735,0.6501
mixed,64,48,0.75,4.0,64,8192,4096,16384,13312,4796.692,5840.846,5463.73,0.6388
mixed,64,48,0.75,4.0,128,0,128,512,416,259.647,294.881,277.471,0.5059
mixed,64,48,0.75,4.0,128,0,256,1024,832,406.367,472.765,449.823,0.6545
mixed,64,48,0.75,4.0,128,0,512,2048,1664,699.42,830.045,779.486,0.6129
mixed,64,48,0.75,4.0,128,0,1024,4096,3328,1247.868,1514.172,1416.828,0.6345
mixed,64,48,0.75,4.0,128,0,2048,8192,6656,2370.201,2871.575,2706.105,0.67
mixed,64,48,0.75,4.0,128,0,4096,16384,13312,4607.857,5609.968,5274.513,0.6653
mixed,64,48,0.75,4.0,128,512,128,512,416,306.656,335.743,322.429,0.5423
mixed,64,48,0.75,4.0,128,512,256,1024,832,448.735,515.74,490.112,0.6175
mixed,64,48,0.75,4.0,128,512,512,2048,1664,740.415,877.628,820.449,0.5833
mixed,64,48,0.75,4.0,128,512,1024,4096,3328,1299.037,1557.881,1474.492,0.6778
mixed,64,48,0.75,4.0,128,512,2048,8192,6656,2416.824,2941.72,2764.759,0.6629
mixed,64,48,0.75,4.0,128,512,4096,16384,13312,4648.72,5675.407,5348.559,0.6816
mixed,64,48,0.75,4.0,128,1024,128,512,416,313.887,348.192,330.144,0.4739
mixed,64,48,0.75,4.0,128,1024,256,1024,832,459.073,522.016,494.143,0.5572
mixed,64,48,0.75,4.0,128,1024,512,2048,1664,738.844,871.999,825.886,0.6537
mixed,64,48,0.75,4.0,128,1024,1024,4096,3328,1309.532,1572.505,1468.316,0.6038
mixed,64,48,0.75,4.0,128,1024,2048,8192,6656,2414.263,2951.67,2783.352,0.6868
mixed,64,48,0.75,4.0,128,1024,4096,16384,13312,4651.794,5714.704,5327.726,0.6359
mixed,64,48,0.75,4.0,128,2048,128,512,416,388.734,420.286,405.311,0.5254
mixed,64,48,0.75,4.0,128,2048,256,1024,832,530.208,598.844,574.753,0.649
mixed,64,48,0.75,4.0,128,2048,512,2048,1664,819.773,947.996,891.805,0.5618
mixed,64,48,0.75,4.0,128,2048,1024,4096,3328,1371.836,1646.523,1551.612,0.6545
mixed,64,48,0.75,4.0,128,2048,2048,8192,6656,2494.138,3013.048,2827.703,0.6428
mixed,64,48,0.75,4.0,128,2048,4096,16384,13312,4702.29,5731.534,5396.306,0.6743
mixed,64,48,0.75,4.0,128,4096,128,512,416,469.181,500.64,480.738,0.3674
mixed,64,48,0.75,4.0,128,4096,256,1024,832,614.141,682.46,651.838,0.5518
mixed,64,48,0.75,4.0,128,4096,512,2048,1664,897.406,1030.173,984.413,0.6553
mixed,64,48,0.75,4.0,128,4096,1024,4096,3328,1459.708,1729.369,1615.099,0.5762
mixed,64,48,0.75,4.0,128,4096,2048,8192,6656,2566.263,3081.495,2889.975,0.6283
mixed,64,48,0.75,4.0,128,4096,4096,16384,13312,4822.64,5814.957,5522.928,0.7057
mixed,64,48,0.75,4.0,128,8192,128,512,416,614.877,646.204,630.815,0.5088
mixed,64,48,0.75,4.0,128,8192,256,1024,832,760.384,822.748,801.309,0.6562
mixed,64,48,0.75,4.0,128,8192,512,2048,1664,1046.78,1181.628,1112.093,0.4843
mixed,64,48,0.75,4.0,128,8192,1024,4096,3328,1618.332,1867.195,1791.995,0.6978
mixed,64,48,0.75,4.0,128,8192,2048,8192,6656,2727.417,3230.423,3055.224,0.6517
mixed,64,48,0.75,4.0,128,8192,4096,16384,13312,4943.281,5969.805,5661.678,0.6998
mixed,64,48,0.75,4.0,256,0,128,512,416,329.182,361.341,344.927,0.4896
mixed,64,48,0.75,4.0,256,0,256,1024,832,471.069,541.661,517.44,0.6569
mixed,64,48,0.75,4.0,256,0,512,2048,1664,751.805,886.461,845.085,0.6927
mixed,64,48,0.75,4.0,256,0,1024,4096,3328,1319.805,1584.314,1475.452,0.5884
mixed,64,48,0.75,4.0,256,0,2048,8192,6656,2440.538,2949.75,2787.51,0.6814
mixed,64,48,0.75,4.0,256,0,4096,16384,13312,4666.607,5675.15,5413.069,0.7401
mixed,64,48,0.75,4.0,256,512,128,512,416,395.006,428.575,410.849,0.472
mixed,64,48,0.75,4.0,256,512,256,1024,832,535.357,608.99,580.863,0.618
mixed,64,48,0.75,4.0,256,512,512,2048,1664,823.1,958.622,922.14,0.7308
mixed,64,48,0.75,4.0,256,512,1024,4096,3328,1389.114,1644.698,1582.587,0.757
mixed,64,48,0.75,4.0,256,512,2048,8192,6656,2500.152,3015.67,2834.87,0.6493
mixed,64,48,0.75,4.0,256,512,4096,16384,13312,4743.314,5785.772,5422.86,0.6519
mixed,64,48,0.75,4.0,256,1024,128,512,416,449.663,480.447,464.128,0.4699
mixed,64,48,0.75,4.0,256,1024,256,1024,832,595.422,660.51,635.387,0.614
mixed,64,48,0.75,4.0,256,1024,512,2048,1664,881.854,1006.621,951.261,0.5563
mixed,64,48,0.75,4.0,256,1024,1024,4096,3328,1447.258,1701.784,1605.467,0.6216
mixed,64,48,0.75,4.0,256,1024,2048,8192,6656,2550.52,3070.55,2909.46,0.6902
mixed,64,48,0.75,4.0,256,1024,4096,16384,13312,4806.16,5810.571,5465.004,0.656
mixed,64,48,0.75,4.0,256,2048,128,512,416,487.327,515.199,503.39,0.5763
mixed,64,48,0.75,4.0,256,2048,256,1024,832,630.334,697.116,675.388,0.6746
mixed,64,48,0.75,4.0,256,2048,512,2048,1664,931.036,1051.932,996.444,0.541
mixed,64,48,0.75,4.0,256,2048,1024,4096,3328,1476.698,1729.016,1671.131,0.7706
mixed,64,48,0.75,4.0,256,2048,2048,8192,6656,2611.831,3099.831,2941.493,0.6755
mixed,64,48,0.75,4.0,256,2048,4096,16384,13312,4823.951,5840.012,5532.364,0.6972
mixed,64,48,0.75,4.0,256,4096,128,512,416,624.859,660.734,646.141,0.5932
mixed,64,48,0.75,4.0,256,4096,256,1024,832,768.158,835.708,812.03,0.6495
mixed,64,48,0.75,4.0,256,4096,512,2048,1664,1065.084,1192.319,1138.845,0.5797
mixed,64,48,0.75,4.0,256,4096,1024,4096,3328,1621.851,1885.433,1797.721,0.6672
mixed,64,48,0.75,4.0,256,4096,2048,8192,6656,2741.75,3252.564,3090.518,0.6828
mixed,64,48,0.75,4.0,256,4096,4096,16384,13312,4975.056,5998.347,5669.451,0.6786
mixed,64,48,0.75,4.0,256,8192,128,512,416,876.863,910.971,894.494,0.5169
mixed,64,48,0.75,4.0,256,8192,256,1024,832,1017.468,1080.607,1064.284,0.7415
mixed,64,48,0.75,4.0,256,8192,512,2048,1664,1308.922,1435.676,1387.866,0.6228
mixed,64,48,0.75,4.0,256,8192,1024,4096,3328,1858.84,2131.353,2037.785,0.6566
mixed,64,48,0.75,4.0,256,8192,2048,8192,6656,2972.66,3485.685,3340.117,0.7163
mixed,64,48,0.75,4.0,256,8192,4096,16384,13312,5207.152,6248.648,5886.732,0.6525
mixed,64,48,0.75,4.0,512,0,128,512,416,446.398,476.607,462.368,0.5287
mixed,64,48,0.75,4.0,512,0,256,1024,832,590.685,656.83,634.523,0.6628
mixed,64,48,0.75,4.0,512,0,512,2048,1664,872.99,1004.958,968.668,0.725
mixed,64,48,0.75,4.0,512,0,1024,4096,3328,1446.62,1697.689,1617.37,0.6801
mixed,64,48,0.75,4.0,512,0,2048,8192,6656,2560.726,3070.997,2907.286,0.6792
mixed,64,48,0.75,4.0,512,0,4096,16384,13312,4789.168,5857.933,5479.819,0.6462
mixed,64,48,0.75,4.0,512,512,128,512,416,516.989,551.9,536.638,0.5628
mixed,64,48,0.75,4.0,512,512,256,1024,832,663.196,730.588,715.677,0.7787
mixed,64,48,0.75,4.0,512,512,512,2048,1664,945.373,1082.747,1036.603,0.6641
mixed,64,48,0.75,4.0,512,512,1024,4096,3328,1513.274,1767.898,1674.298,0.6324
mixed,64,48,0.75,4.0,512,512,2048,8192,6656,2643.19,3116.757,2983.541,0.7187
mixed,64,48,0.75,4.0,512,512,4096,16384,13312,4845.298,5893.26,5552.204,0.6746
mixed,64,48,0.75,4.0,512,1024,128,512,416,583.679,620.605,604.094,0.5529
mixed,64,48,0.75,4.0,512,1024,256,1024,832,731.613,801.723,772.573,0.5842
mixed,64,48,0.75,4.0,512,1024,512,2048,1664,1017.501,1141.372,1102.461,0.6859
mixed,64,48,0.75,4.0,512,1024,1024,4096,3328,1581.433,1853.017,1747.511,0.6115
mixed,64,48,0.75,4.0,512,1024,2048,8192,6656,2700.407,3200.181,3030.292,0.6601
mixed,64,48,0.75,4.0,512,1024,4096,16384,13312,4924.109,5958.858,5617.741,0.6703
mixed,64,48,0.75,4.0,512,2048,128,512,416,729.821,762.91,745.951,0.4875
mixed,64,48,0.75,4.0,512,2048,256,1024,832,876.895,946.237,926.236,0.7116
mixed,64,48,0.75,4.0,512,2048,512,2048,1664,1160.318,1289.851,1257.533,0.7505
mixed,64,48,0.75,4.0,512,2048,1024,4096,3328,1718.266,1981.21,1896.568,0.6781
mixed,64,48,0.75,4.0,512,2048,2048,8192,6656,2833.686,3351.22,3198.487,0.7049
mixed,64,48,0.75,4.0,512,2048,4096,16384,13312,5052.945,6083.467,5785.1,0.7105
mixed,64,48,0.75,4.0,512,4096,128,512,416,1006.237,1043.037,1027.966,0.5905
mixed,64,48,0.75,4.0,512,4096,256,1024,832,1150.235,1222.395,1204.636,0.7539
mixed,64,48,0.75,4.0,512,4096,512,2048,1664,1437.276,1576.633,1520.954,0.6005
mixed,64,48,0.75,4.0,512,4096,1024,4096,3328,2004.89,2274.008,2186.203,0.6737
mixed,64,48,0.75,4.0,512,4096,2048,8192,6656,3114.292,3635.857,3479.539,0.7003
mixed,64,48,0.75,4.0,512,4096,4096,16384,13312,5320.716,6390.473,6049.74,0.6815
mixed,64,48,0.75,4.0,512,8192,128,512,416,1561.943,1595.291,1576.761,0.4443
mixed,64,48,0.75,4.0,512,8192,256,1024,832,1705.37,1767.192,1751.769,0.7505
mixed,64,48,0.75,4.0,512,8192,512,2048,1664,1985.015,2125.242,2078.934,0.6698
mixed,64,48,0.75,4.0,512,8192,1024,4096,3328,2560.948,2807.095,2727.253,0.6756
mixed,64,48,0.75,4.0,512,8192,2048,8192,6656,3667.346,4181.616,4021.234,0.6881
mixed,64,48,0.75,4.0,512,8192,4096,16384,13312,5893.803,6938.149,6588.104,0.6648
mixed,64,48,0.75,4.0,1024,0,128,512,416,697.438,735.582,718.974,0.5646
mixed,64,48,0.75,4.0,1024,0,256,1024,832,849.086,907.164,888.445,0.6777
mixed,64,48,0.75,4.0,1024,0,512,2048,1664,1130.365,1266.204,1212.219,0.6026
mixed,64,48,0.75,4.0,1024,0,1024,4096,3328,1699.833,1952.091,1864.155,0.6514
mixed,64,48,0.75,4.0,1024,0,2048,8192,6656,2804.983,3350.609,3163.317,0.6567
mixed,64,48,0.75,4.0,1024,0,4096,16384,13312,5038.861,6079.914,5746.283,0.6795
mixed,64,48,0.75,4.0,1024,512,128,512,416,878.333,914.492,896.892,0.5133
mixed,64,48,0.75,4.0,1024,512,256,1024,832,1027.355,1093.723,1062.396,0.528
mixed,64,48,0.75,4.0,1024,512,512,2048,1664,1312.186,1443.705,1396.088,0.6379
mixed,64,48,0.75,4.0,1024,512,1024,4096,3328,1878.486,2124.469,2055.225,0.7185
mixed,64,48,0.75,4.0,1024,512,2048,8192,6656,2974.965,3507.028,3354.165,0.7127
mixed,64,48,0.75,4.0,1024,512,4096,16384,13312,5226.604,6243.047,5908.008,0.6704
mixed,64,48,0.75,4.0,1024,1024,128,512,416,1033.788,1066.014,1050.62,0.5223
mixed,64,48,0.75,4.0,1024,1024,256,1024,832,1181.885,1246.108,1225.691,0.6821
mixed,64,48,0.75,4.0,1024,1024,512,2048,1664,1460.475,1603.771,1543.449,0.579
mixed,64,48,0.75,4.0,1024,1024,1024,4096,3328,2035.575,2287.511,2208.153,0.685
mixed,64,48,0.75,4.0,1024,1024,2048,8192,6656,3139.188,3670.834,3493.683,0.6668
mixed,64,48,0.75,4.0,1024,1024,4096,16384,13312,5362.505,6383.654,6088.616,0.7111
mixed,64,48,0.75,4.0,1024,2048,128,512,416,1312.602,1343.61,1330.554,0.5789
mixed,64,48,0.75,4.0,1024,2048,256,1024,832,1459.867,1522.712,1502.428,0.6772
mixed,64,48,0.75,4.0,1024,2048,512,2048,1664,1745.851,1873.849,1836.663,0.7095
mixed,64,48,0.75,4.0,1024,2048,1024,4096,3328,2305.91,2592.179,2470.199,0.5739
mixed,64,48,0.75,4.0,1024,2048,2048,8192,6656,3425.268,3933.938,3797.552,0.7319
mixed,64,48,0.75,4.0,1024,2048,4096,16384,13312,5650.858,6678.116,6324.263,0.6555
mixed,64,48,0.75,4.0,1024,4096,128,512,416,1861.208,1896.696,1882.391,0.5969
mixed,64,48,0.75,4.0,1024,4096,256,1024,832,2010.969,2075.191,2047.99,0.5765
mixed,64,48,0.75,4.0,1024,4096,512,2048,1664,2296.152,2430.166,2380.117,0.6265
mixed,64,48,0.75,4.0,1024,4096,1024,4096,3328,2859.35,3119.572,3034.644,0.6736
mixed,64,48,0.75,4.0,1024,4096,2048,8192,6656,3975.183,4472.048,4314.666,0.6832
mixed,64,48,0.75,4.0,1024,4096,4096,16384,13312,6208.263,7210.981,6862.757,0.6527
mixed,64,48,0.75,4.0,1024,8192,128,512,416,2955.284,2989.142,2973.303,0.5322
mixed,64,48,0.75,4.0,1024,8192,256,1024,832,3106.131,3173.555,3150.036,0.6512
mixed,64,48,0.75,4.0,1024,8192,512,2048,1664,3390.001,3521.232,3476.399,0.6584
mixed,64,48,0.75,4.0,1024,8192,1024,4096,3328,3958.19,4227.695,4119.696,0.5993
mixed,64,48,0.75,4.0,1024,8192,2048,8192,6656,5058.38,5572.589,5415.822,0.6951
mixed,64,48,0.75,4.0,1024,8192,4096,16384,13312,7289.154,8336.992,7971.394,0.6511
mixed,64,48,0.75,4.0,2048,0,128,512,416,1158.14,1188.349,1170.171,0.3983
mixed,64,48,0.75,4.0,2048,0,256,1024,832,1308.603,1365.529,1342.234,0.5908
mixed,64,48,0.75,4.0,2048,0,512,2048,1664,1588.186,1712.442,1675.257,0.7007
mixed,64,48,0.75,4.0,2048,0,1024,4096,3328,2158.966,2398.615,2317.271,0.6606
mixed,64,48,0.75,4.0,2048,0,2048,8192,6656,3253.651,3779.761,3615.921,0.6886
mixed,64,48,0.75,4.0,2048,0,4096,16384,13312,5503.755,6523.718,6185.19,0.6681
mixed,64,48,0.75,4.0,2048,512,128,512,416,1492.22,1521.467,1507.737,0.5306
mixed,64,48,0.75,4.0,2048,512,256,1024,832,1632.952,1702.906,1683.448,0.7218
mixed,64,48,0.75,4.0,2048,512,512,2048,1664,1921.398,2052.631,1997.145,0.5772
mixed,64,48,0.75,4.0,2048,512,1024,4096,3328,2486.134,2749.588,2648.596,0.6167
mixed,64,48,0.75,4.0,2048,512,2048,8192,6656,3619.185,4100.429,3920.273,0.6256
mixed,64,48,0.75,4.0,2048,512,4096,16384,13312,5831.145,6830.117,6557.477,0.7271
mixed,64,48,0.75,4.0,2048,1024,128,512,416,1827.098,1858.742,1846.361,0.6087
mixed,64,48,0.75,4.0,2048,1024,256,1024,832,1969.496,2043.028,2013.24,0.5949
mixed,64,48,0.75,4.0,2048,1024,512,2048,1664,2255.991,2388.854,2341.751,0.6455
mixed,64,48,0.75,4.0,2048,1024,1024,4096,3328,2831.156,3075.954,2999.827,0.689
mixed,64,48,0.75,4.0,2048,1024,2048,8192,6656,3936.875,4453.133,4287.216,0.6786
mixed,64,48,0.75,4.0,2048,1024,4096,16384,13312,6161.99,7186.434,6888.773,0.7094
mixed,64,48,0.75,4.0,2048,2048,128,512,416,2379.863,2412.76,2397.493,0.5359
mixed,64,48,0.75,4.0,2048,2048,256,1024,832,2526.774,2598.899,2564.692,0.5257
mixed,64,48,0.75,4.0,2048,2048,512,2048,1664,2812.242,2942.193,2898.772,0.6659
mixed,64,48,0.75,4.0,2048,2048,1024,4096,3328,3366.096,3648.945,3525.138,0.5623
mixed,64,48,0.75,4.0,2048,2048,2048,8192,6656,4492.652,5003.21,4839.725,0.6798
mixed,64,48,0.75,4.0,2048,2048,4096,16384,13312,6715.074,7760.259,7410.909,0.6658
mixed,64,48,0.75,4.0,2048,4096,128,512,416,3472.369,3510.609,3492.147,0.5172
mixed,64,48,0.75,4.0,2048,4096,256,1024,832,3615.987,3684.623,3662.037,0.6709
mixed,64,48,0.75,4.0,2048,4096,512,2048,1664,3903.664,4031.086,3989.711,0.6753
mixed,64,48,0.75,4.0,2048,4096,1024,4096,3328,4483.534,4731.95,4646.351,0.6554
mixed,64,48,0.75,4.0,2048,4096,2048,8192,6656,5588.458,6097.382,5913.93,0.6395
mixed,64,48,0.75,4.0,2048,4096,4096,16384,13312,7814.143,8845.596,8539.678,0.7034
mixed,64,48,0.75,4.0,2048,8192,128,512,416,5676.39,5705.992,5691.367,0.5059
mixed,64,48,0.75,4.0,2048,8192,256,1024,832,5815.399,5879.27,5855.56,0.6288
mixed,64,48,0.75,4.0,2048,8192,512,2048,1664,6094.504,6231.049,6181.477,0.637
mixed,64,48,0.75,4.0,2048,8192,1024,4096,3328,6673.222,6916.609,6819.747,0.602
mixed,64,48,0.75,4.0,2048,8192,2048,8192,6656,7782.27,8308.634,8111.134,0.6248
mixed,64,48,0.75,4.0,2048,8192,4096,16384,13312,9999.481,11047.83,10720.02,0.6873
pure,64,58,0.9062,4.0,0,0,128,512,476,216.8,233.119,231.167,0.8804
pure,64,58,0.9062,4.0,0,0,256,1024,952,399.871,405.823,401.853,0.333
pure,64,58,0.9062,4.0,0,0,512,2048,1904,726.878,754.365,731.229,0.1583
pure,64,58,0.9062,4.0,0,0,1024,4096,3808,1354.682,1446.362,1394.458,0.4339
pure,64,58,0.9062,4.0,0,0,2048,8192,7616,2626.452,2802.58,2706.676,0.4555
pure,64,58,0.9062,4.0,0,0,4096,16384,15232,5154.859,5573.097,5355.018,0.4786
mixed,64,58,0.9062,4.0,16,0,128,512,476,236.125,255.264,249.312,0.689
mixed,64,58,0.9062,4.0,16,0,256,1024,952,413.726,435.936,422.079,0.3761
mixed,64,58,0.9062,4.0,16,0,512,2048,1904,747.803,782.716,757.181,0.2686
mixed,64,58,0.9062,4.0,16,0,1024,4096,3808,1377.145,1464.473,1428.891,0.5925
mixed,64,58,0.9062,4.0,16,0,2048,8192,7616,2646.071,2839.794,2747.669,0.5244
mixed,64,58,0.9062,4.0,16,0,4096,16384,15232,5183.532,5586.505,5364.584,0.4493
mixed,64,58,0.9062,4.0,16,512,128,512,476,270.525,289.629,285.952,0.8075
mixed,64,58,0.9062,4.0,16,512,256,1024,952,450.335,461.854,454.591,0.3695
mixed,64,58,0.9062,4.0,16,512,512,2048,1904,788.731,817.979,796.027,0.2495
mixed,64,58,0.9062,4.0,16,512,1024,4096,3808,1402.939,1504.73,1458.265,0.5435
mixed,64,58,0.9062,4.0,16,512,2048,8192,7616,2669.459,2874.964,2764.342,0.4617
mixed,64,58,0.9062,4.0,16,512,4096,16384,15232,5189.387,5603.784,5350.538,0.3889
mixed,64,58,0.9062,4.0,16,1024,128,512,476,271.327,292.863,284.0,0.5885
mixed,64,58,0.9062,4.0,16,1024,256,1024,952,450.111,467.549,461.182,0.6349
mixed,64,58,0.9062,4.0,16,1024,512,2048,1904,786.813,820.541,792.286,0.1623
mixed,64,58,0.9062,4.0,16,1024,1024,4096,3808,1404.538,1512.539,1446.17,0.3855
mixed,64,58,0.9062,4.0,16,1024,2048,8192,7616,2676.087,2865.876,2792.214,0.6119
mixed,64,58,0.9062,4.0,16,1024,4096,16384,15232,5217.449,5590.183,5372.073,0.4148
mixed,64,58,0.9062,4.0,16,2048,128,512,476,277.535,296.672,289.148,0.6068
mixed,64,58,0.9062,4.0,16,2048,256,1024,952,452.508,477.086,466.334,0.5625
mixed,64,58,0.9062,4.0,16,2048,512,2048,1904,786.396,817.245,801.308,0.4834
mixed,64,58,0.9062,4.0,16,2048,1024,4096,3808,1415.612,1516.921,1462.267,0.4605
mixed,64,58,0.9062,4.0,16,2048,2048,8192,7616,2682.099,2872.978,2757.652,0.3958
mixed,64,58,0.9062,4.0,16,2048,4096,16384,15232,5202.505,5585.129,5392.428,0.4964
mixed,64,58,0.9062,4.0,16,4096,128,512,476,287.359,306.463,297.758,0.5443
mixed,64,58,0.9062,4.0,16,4096,256,1024,952,464.605,486.752,473.502,0.4017
mixed,64,58,0.9062,4.0,16,4096,512,2048,1904,792.158,831.131,806.939,0.3793
mixed,64,58,0.9062,4.0,16,4096,1024,4096,3808,1422.235,1516.25,1463.672,0.4407
mixed,64,58,0.9062,4.0,16,4096,2048,8192,7616,2704.722,2885.073,2782.741,0.4326
mixed,64,58,0.9062,4.0,16,4096,4096,16384,15232,5211.243,5612.997,5380.807,0.4221
mixed,64,58,0.9062,4.0,16,8192,128,512,476,320.093,341.019,332.797,0.6071
mixed,64,58,0.9062,4.0,16,8192,256,1024,952,503.39,516.188,508.48,0.3977
mixed,64,58,0.9062,4.0,16,8192,512,2048,1904,827.005,881.469,840.251,0.2432
mixed,64,58,0.9062,4.0,16,8192,1024,4096,3808,1457.75,1552.185,1498.809,0.4348
mixed,64,58,0.9062,4.0,16,8192,2048,8192,7616,2732.755,2925.044,2813.97,0.4224
mixed,64,58,0.9062,4.0,16,8192,4096,16384,15232,5246.699,5640.68,5441.513,0.4945
mixed,64,58,0.9062,4.0,32,0,128,512,476,272.929,288.127,284.126,0.7367
mixed,64,58,0.9062,4.0,32,0,256,1024,952,458.621,468.222,455.646,-0.3099
mixed,64,58,0.9062,4.0,32,0,512,2048,1904,789.564,818.492,787.101,-0.0851
mixed,64,58,0.9062,4.0,32,0,1024,4096,3808,1412.953,1507.546,1461.946,0.5179
mixed,64,58,0.9062,4.0,32,0,2048,8192,7616,2700.084,2884.468,2780.722,0.4373
mixed,64,58,0.9062,4.0,32,0,4096,16384,15232,5242.121,5642.728,5433.928,0.4788
mixed,64,58,0.9062,4.0,32,512,128,512,476,298.141,317.343,306.27,0.4233
mixed,64,58,0.9062,4.0,32,512,256,1024,952,475.87,494.078,486.27,0.5712
mixed,64,58,0.9062,4.0,32,512,512,2048,1904,805.373,844.283,818.334,0.3331
mixed,64,58,0.9062,4.0,32,512,1024,4096,3808,1434.202,1529.337,1479.066,0.4716
mixed,64,58,0.9062,4.0,32,512,2048,8192,7616,2711.284,2892.116,2782.547,0.3941
mixed,64,58,0.9062,4.0,32,512,4096,16384,15232,5242.151,5637.542,5423.979,0.4599
mixed,64,58,0.9062,4.0,32,1024,128,512,476,299.709,317.181,310.048,0.5917
mixed,64,58,0.9062,4.0,32,1024,256,1024,952,484.51,497.502,485.181,0.0516
mixed,64,58,0.9062,4.0,32,1024,512,2048,1904,810.62,847.356,815.259,0.1263
mixed,64,58,0.9062,4.0,32,1024,1024,4096,3808,1437.435,1535.323,1488.345,0.5201
mixed,64,58,0.9062,4.0,32,1024,2048,8192,7616,2724.403,2898.356,2786.197,0.3552
mixed,64,58,0.9062,4.0,32,1024,4096,16384,15232,5241.865,5620.679,5401.993,0.4227
mixed,64,58,0.9062,4.0,32,2048,128,512,476,305.15,321.344,317.02,0.733
mixed,64,58,0.9062,4.0,32,2048,256,1024,952,490.941,502.27,492.064,0.0991
mixed,64,58,0.9062,4.0,32,2048,512,2048,1904,818.94,850.301,819.965,0.0327
mixed,64,58,0.9062,4.0,32,2048,1024,4096,3808,1441.497,1546.586,1485.306,0.4169
mixed,64,58,0.9062,4.0,32,2048,2048,8192,7616,2706.325,2912.05,2800.501,0.4578
mixed,64,58,0.9062,4.0,32,2048,4096,16384,15232,5250.916,5662.661,5408.902,0.3837
mixed,64,58,0.9062,4.0,32,4096,128,512,476,321.983,340.285,333.633,0.6365
mixed,64,58,0.9062,4.0,32,4096,256,1024,952,503.359,517.725,501.564,-0.1249
mixed,64,58,0.9062,4.0,32,4096,512,2048,1904,832.667,857.724,840.477,0.3117
mixed,64,58,0.9062,4.0,32,4096,1024,4096,3808,1458.231,1555.546,1515.417,0.5876
mixed,64,58,0.9062,4.0,32,4096,2048,8192,7616,2730.357,2913.203,2816.884,0.4732
mixed,64,58,0.9062,4.0,32,4096,4096,16384,15232,5266.314,5652.614,5423.688,0.4074
mixed,64,58,0.9062,4.0,32,8192,128,512,476,416.063,434.815,428.19,0.6467
mixed,64,58,0.9062,4.0,32,8192,256,1024,952,600.953,613.021,599.579,-0.1139
mixed,64,58,0.9062,4.0,32,8192,512,2048,1904,931.388,957.853,938.33,0.2623
mixed,64,58,0.9062,4.0,32,8192,1024,4096,3808,1558.328,1646.137,1615.48,0.6509
mixed,64,58,0.9062,4.0,32,8192,2048,8192,7616,2809.331,3001.168,2923.891,0.5972
mixed,64,58,0.9062,4.0,32,8192,4096,16384,15232,5365.321,5754.821,5544.421,0.4598
mixed,64,58,0.9062,4.0,64,0,128,512,476,274.945,294.24,282.815,0.4079
mixed,64,58,0.9062,4.0,64,0,256,1024,952,458.366,467.455,454.495,-0.4259
mixed,64,58,0.9062,4.0,64,0,512,2048,1904,796.763,817.242,801.916,0.2516
mixed,64,58,0.9062,4.0,64,0,1024,4096,3808,1417.112,1519.416,1450.744,0.3287
mixed,64,58,0.9062,4.0,64,0,2048,8192,7616,2685.524,2875.217,2787.824,0.5393
mixed,64,58,0.9062,4.0,64,0,4096,16384,15232,5218.443,5615.56,5418.728,0.5043
mixed,64,58,0.9062,4.0,64,512,128,512,476,302.4,323.967,315.07,0.5875
mixed,64,58,0.9062,4.0,64,512,256,1024,952,487.645,506.396,493.02,0.2867
mixed,64,58,0.9062,4.0,64,512,512,2048,1904,818.587,850.971,822.812,0.1305
mixed,64,58,0.9062,4.0,64,512,1024,4096,3808,1445.337,1558.807,1488.057,0.3765
mixed,64,58,0.9062,4.0,64,512,2048,8192,7616,2737.234,2935.124,2818.962,0.413
mixed,64,58,0.9062,4.0,64,512,4096,16384,15232,5260.582,5663.845,5444.36,0.4557
mixed,64,58,0.9062,4.0,64,1024,128,512,476,308.988,326.749,321.278,0.692
mixed,64,58,0.9062,4.0,64,1024,256,1024,952,493.919,507.743,496.477,0.185
mixed,64,58,0.9062,4.0,64,1024,512,2048,1904,832.571,852.796,828.891,-0.182
mixed,64,58,0.9062,4.0,64,1024,1024,4096,3808,1439.194,1552.346,1495.961,0.5017
mixed,64,58,0.9062,4.0,64,1024,2048,8192,7616,2720.468,2926.227,2814.256,0.4558
mixed,64,58,0.9062,4.0,64,1024,4096,16384,15232,5287.562,5665.927,5456.872,0.4475
mixed,64,58,0.9062,4.0,64,2048,128,512,476,320.158,339.037,334.333,0.7508
mixed,64,58,0.9062,4.0,64,2048,256,1024,952,504.38,517.755,507.198,0.2107
mixed,64,58,0.9062,4.0,64,2048,512,2048,1904,840.317,865.532,843.386,0.1217
mixed,64,58,0.9062,4.0,64,2048,1024,4096,3808,1459.449,1563.447,1498.23,0.3729
mixed,64,58,0.9062,4.0,64,2048,2048,8192,7616,2735.86,2929.426,2842.129,0.549
mixed,64,58,0.9062,4.0,64,2048,4096,16384,15232,5292.875,5662.693,5466.119,0.4685
mixed,64,58,0.9062,4.0,64,4096,128,512,476,400.253,418.267,408.509,0.4583
mixed,64,58,0.9062,4.0,64,4096,256,1024,952,582.432,598.112,583.837,0.0896
mixed,64,58,0.9062,4.0,64,4096,512,2048,1904,911.386,937.596,916.443,0.1929
mixed,64,58,0.9062,4.0,64,4096,1024,4096,3808,1537.015,1637.528,1585.145,0.4788
mixed,64,58,0.9062,4.0,64,4096,2048,8192,7616,2827.092,3009.104,2893.333,0.3639
mixed,64,58,0.9062,4.0,64,4096,4096,16384,15232,5357.322,5748.711,5562.629,0.5246
mixed,64,58,0.9062,4.0,64,8192,128,512,476,478.975,497.885,488.54,0.5058
mixed,64,58,0.9062,4.0,64,8192,256,1024,952,658.425,674.941,669.756,0.6861
mixed,64,58,0.9062,4.0,64,8192,512,2048,1904,994.746,1040.059,998.651,0.0862
mixed,64,58,0.9062,4.0,64,8192,1024,4096,3808,1623.447,1708.633,1687.738,0.7547
mixed,64,58,0.9062,4.0,64,8192,2048,8192,7616,2893.457,3095.154,2988.818,0.4728
mixed,64,58,0.9062,4.0,64,8192,4096,16384,15232,5459.658,5840.868,5626.66,0.4381
mixed,64,58,0.9062,4.0,128,0,128,512,476,276.351,295.806,286.079,0.5
mixed,64,58,0.9062,4.0,128,0,256,1024,952,465.308,472.51,463.293,-0.2798
mixed,64,58,0.9062,4.0,128,0,512,2048,1904,794.397,818.621,793.182,-0.0502
mixed,64,58,0.9062,4.0,128,0,1024,4096,3808,1412.185,1514.585,1465.941,0.525
mixed,64,58,0.9062,4.0,128,0,2048,8192,7616,2694.45,2894.482,2768.437,0.3699
mixed,64,58,0.9062,4.0,128,0,4096,16384,15232,5220.296,5626.884,5430.183,0.5162
mixed,64,58,0.9062,4.0,128,512,128,512,476,320.96,340.222,331.039,0.5233
mixed,64,58,0.9062,4.0,128,512,256,1024,952,501.885,513.952,503.711,0.1513
mixed,64,58,0.9062,4.0,128,512,512,2048,1904,833.981,862.653,839.675,0.1986
mixed,64,58,0.9062,4.0,128,512,1024,4096,3808,1460.509,1564.856,1512.311,0.4964
mixed,64,58,0.9062,4.0,128,512,2048,8192,7616,2743.666,2932.433,2820.435,0.4067
mixed,64,58,0.9062,4.0,128,512,4096,16384,15232,5295.688,5664.169,5476.232,0.49
mixed,64,58,0.9062,4.0,128,1024,128,512,476,328.319,346.269,337.086,0.4884
mixed,64,58,0.9062,4.0,128,1024,256,1024,952,514.109,525.82,513.63,-0.0409
mixed,64,58,0.9062,4.0,128,1024,512,2048,1904,844.189,877.406,861.405,0.5183
mixed,64,58,0.9062,4.0,128,1024,1024,4096,3808,1456.441,1560.377,1518.074,0.593
mixed,64,58,0.9062,4.0,128,1024,2048,8192,7616,2754.132,2937.043,2863.411,0.5974
mixed,64,58,0.9062,4.0,128,1024,4096,16384,15232,5263.786,5682.983,5499.621,0.5626
mixed,64,58,0.9062,4.0,128,2048,128,512,476,403.71,422.109,413.887,0.5531
mixed,64,58,0.9062,4.0,128,2048,256,1024,952,584.796,599.741,591.166,0.4262
mixed,64,58,0.9062,4.0,128,2048,512,2048,1904,916.125,944.251,921.885,0.2048
mixed,64,58,0.9062,4.0,128,2048,1024,4096,3808,1551.096,1642.135,1597.179,0.5062
mixed,64,58,0.9062,4.0,128,2048,2048,8192,7616,2813.62,3001.938,2922.356,0.5774
mixed,64,58,0.9062,4.0,128,2048,4096,16384,15232,5355.367,5745.218,5547.206,0.4921
mixed,64,58,0.9062,4.0,128,4096,128,512,476,483.07,496.64,491.389,0.613
mixed,64,58,0.9062,4.0,128,4096,256,1024,952,664.923,683.419,664.347,-0.0311
mixed,64,58,0.9062,4.0,128,4096,512,2048,1904,994.619,1023.453,1006.492,0.4118
mixed,64,58,0.9062,4.0,128,4096,1024,4096,3808,1625.174,1708.917,1666.683,0.4957
mixed,64,58,0.9062,4.0,128,4096,2048,8192,7616,2913.044,3089.681,3013.619,0.5694
mixed,64,58,0.9062,4.0,128,4096,4096,16384,15232,5434.532,5831.172,5646.597,0.5347
mixed,64,58,0.9062,4.0,128,8192,128,512,476,633.212,648.059,643.228,0.6746
mixed,64,58,0.9062,4.0,128,8192,256,1024,952,810.97,826.205,811.961,0.065
mixed,64,58,0.9062,4.0,128,8192,512,2048,1904,1142.01,1174.554,1160.186,0.5585
mixed,64,58,0.9062,4.0,128,8192,1024,4096,3808,1779.865,1869.111,1823.126,0.4847
mixed,64,58,0.9062,4.0,128,8192,2048,8192,7616,3057.584,3227.889,3169.745,0.6586
mixed,64,58,0.9062,4.0,128,8192,4096,16384,15232,5569.224,5987.398,5776.486,0.4956
mixed,64,58,0.9062,4.0,256,0,128,512,476,343.999,361.342,355.87,0.6845
mixed,64,58,0.9062,4.0,256,0,256,1024,952,522.652,542.333,527.583,0.2505
mixed,64,58,0.9062,4.0,256,0,512,2048,1904,862.62,888.285,867.645,0.1958
mixed,64,58,0.9062,4.0,256,0,1024,4096,3808,1486.777,1589.72,1534.552,0.4641
mixed,64,58,0.9062,4.0,256,0,2048,8192,7616,2757.267,2958.515,2838.835,0.4053
mixed,64,58,0.9062,4.0,256,0,4096,16384,15232,5287.176,5704.455,5512.487,0.54
mixed,64,58,0.9062,4.0,256,512,128,512,476,410.846,426.014,424.96,0.9305
mixed,64,58,0.9062,4.0,256,512,256,1024,952,592.031,602.046,592.124,0.0093
mixed,64,58,0.9062,4.0,256,512,512,2048,1904,930.588,957.885,938.011,0.2719
mixed,64,58,0.9062,4.0,256,512,1024,4096,3808,1559.322,1650.711,1609.112,0.5448
mixed,64,58,0.9062,4.0,256,512,2048,8192,7616,2818.643,3008.111,2896.561,0.4112
mixed,64,58,0.9062,4.0,256,512,4096,16384,15232,5344.936,5766.341,5589.639,0.5807
mixed,64,58,0.9062,4.0,256,1024,128,512,476,466.333,480.351,475.326,0.6415
mixed,64,58,0.9062,4.0,256,1024,256,1024,952,642.171,666.653,651.039,0.3622
mixed,64,58,0.9062,4.0,256,1024,512,2048,1904,979.581,1012.188,992.444,0.3945
mixed,64,58,0.9062,4.0,256,1024,1024,4096,3808,1605.56,1710.743,1651.257,0.4345
mixed,64,58,0.9062,4.0,256,1024,2048,8192,7616,2881.717,3067.698,2974.738,0.5002
mixed,64,58,0.9062,4.0,256,1024,4096,16384,15232,5430.981,5805.571,5604.9,0.4643
mixed,64,58,0.9062,4.0,256,2048,128,512,476,500.479,519.199,512.221,0.6272
mixed,64,58,0.9062,4.0,256,2048,256,1024,952,682.139,695.163,683.325,0.0911
mixed,64,58,0.9062,4.0,256,2048,512,2048,1904,1020.792,1049.594,1028.668,0.2735
mixed,64,58,0.9062,4.0,256,2048,1024,4096,3808,1647.672,1745.559,1684.25,0.3737
mixed,64,58,0.9062,4.0,256,2048,2048,8192,7616,2908.851,3110.77,3010.771,0.5048
mixed,64,58,0.9062,4.0,256,2048,4096,16384,15232,5461.475,5846.083,5622.981,0.4199
mixed,64,58,0.9062,4.0,256,4096,128,512,476,641.725,662.555,655.517,0.6621
mixed,64,58,0.9062,4.0,256,4096,256,1024,952,826.074,836.827,825.149,-0.086
mixed,64,58,0.9062,4.0,256,4096,512,2048,1904,1159.546,1187.706,1161.113,0.0556
mixed,64,58,0.9062,4.0,256,4096,1024,4096,3808,1775.159,1886.231,1827.958,0.4754
mixed,64,58,0.9062,4.0,256,4096,2048,8192,7616,3060.017,3262.481,3156.111,0.4746
mixed,64,58,0.9062,4.0,256,4096,4096,16384,15232,5619.429,5983.107,5795.076,0.483
mixed,64,58,0.9062,4.0,256,8192,128,512,476,888.923,905.21,901.211,0.7545
mixed,64,58,0.9062,4.0,256,8192,256,1024,952,1071.514,1082.938,1074.809,0.2884
mixed,64,58,0.9062,4.0,256,8192,512,2048,1904,1413.626,1434.328,1404.377,-0.4468
mixed,64,58,0.9062,4.0,256,8192,1024,4096,3808,2032.693,2121.814,2080.212,0.5332
mixed,64,58,0.9062,4.0,256,8192,2048,8192,7616,3317.935,3489.489,3412.655,0.5521
mixed,64,58,0.9062,4.0,256,8192,4096,16384,15232,5844.74,6243.746,6036.93,0.4817
mixed,64,58,0.9062,4.0,512,0,128,512,476,462.847,478.782,473.569,0.6729
mixed,64,58,0.9062,4.0,512,0,256,1024,952,641.119,660.346,651.038,0.5159
mixed,64,58,0.9062,4.0,512,0,512,2048,1904,970.779,1003.192,983.708,0.3989
mixed,64,58,0.9062,4.0,512,0,1024,4096,3808,1601.305,1700.63,1648.087,0.471
mixed,64,58,0.9062,4.0,512,0,2048,8192,7616,2869.808,3068.21,2963.313,0.4713
mixed,64,58,0.9062,4.0,512,0,4096,16384,15232,5418.407,5796.803,5606.468,0.497
mixed,64,58,0.9062,4.0,512,512,128,512,476,535.965,550.172,541.981,0.4235
mixed,64,58,0.9062,4.0,512,512,256,1024,952,717.82,731.102,716.923,-0.0675
mixed,64,58,0.9062,4.0,512,512,512,2048,1904,1045.337,1085.721,1051.833,0.1609
mixed,64,58,0.9062,4.0,512,512,1024,4096,3808,1671.863,1775.385,1727.702,0.5394
mixed,64,58,0.9062,4.0,512,512,2048,8192,7616,2946.544,3154.706,3049.841,0.4962
mixed,64,58,0.9062,4.0,512,512,4096,16384,15232,5519.013,5881.924,5673.475,0.4256
mixed,64,58,0.9062,4.0,512,1024,128,512,476,604.317,616.412,610.4,0.5029
mixed,64,58,0.9062,4.0,512,1024,256,1024,952,789.181,798.363,789.85,0.0729
mixed,64,58,0.9062,4.0,512,1024,512,2048,1904,1117.212,1147.899,1121.148,0.1283
mixed,64,58,0.9062,4.0,512,1024,1024,4096,3808,1748.12,1842.839,1785.655,0.3963
mixed,64,58,0.9062,4.0,512,1024,2048,8192,7616,3020.658,3204.401,3108.369,0.4774
mixed,64,58,0.9062,4.0,512,1024,4096,16384,15232,5548.134,5944.225,5735.586,0.4733
mixed,64,58,0.9062,4.0,512,2048,128,512,476,743.804,760.671,760.605,0.9961
mixed,64,58,0.9062,4.0,512,2048,256,1024,952,923.803,943.772,928.348,0.2276
mixed,64,58,0.9062,4.0,512,2048,512,2048,1904,1260.28,1290.745,1264.252,0.1304
mixed,64,58,0.9062,4.0,512,2048,1024,4096,3808,1883.061,1983.543,1933.399,0.501
mixed,64,58,0.9062,4.0,512,2048,2048,8192,7616,3152.272,3354.865,3259.121,0.5274
mixed,64,58,0.9062,4.0,512,2048,4096,16384,15232,5686.147,6116.195,5912.131,0.5255
mixed,64,58,0.9062,4.0,512,4096,128,512,476,1025.818,1040.796,1034.459,0.5769
mixed,64,58,0.9062,4.0,512,4096,256,1024,952,1203.802,1215.001,1212.729,0.7971
mixed,64,58,0.9062,4.0,512,4096,512,2048,1904,1539.928,1573.753,1543.222,0.0974
mixed,64,58,0.9062,4.0,512,4096,1024,4096,3808,2164.981,2262.261,2217.716,0.5421
mixed,64,58,0.9062,4.0,512,4096,2048,8192,7616,3440.849,3625.934,3541.26,0.5425
mixed,64,58,0.9062,4.0,512,4096,4096,16384,15232,5971.555,6368.991,6171.489,0.5031
mixed,64,58,0.9062,4.0,512,8192,128,512,476,1576.601,1591.767,1586.712,0.6667
mixed,64,58,0.9062,4.0,512,8192,256,1024,952,1756.984,1774.488,1758.391,0.0804
mixed,64,58,0.9062,4.0,512,8192,512,2048,1904,2094.55,2124.184,2105.429,0.3671
mixed,64,58,0.9062,4.0,512,8192,1024,4096,3808,2716.564,2827.824,2774.609,0.5217
mixed,64,58,0.9062,4.0,512,8192,2048,8192,7616,3986.348,4171.116,4084.746,0.5325
mixed,64,58,0.9062,4.0,512,8192,4096,16384,15232,6507.138,6908.19,6708.416,0.5019
mixed,64,58,0.9062,4.0,1024,0,128,512,476,714.267,736.22,727.996,0.6254
mixed,64,58,0.9062,4.0,1024,0,256,1024,952,903.963,914.235,905.916,0.1901
mixed,64,58,0.9062,4.0,1024,0,512,2048,1904,1239.897,1265.049,1245.562,0.2252
mixed,64,58,0.9062,4.0,1024,0,1024,4096,3808,1856.918,1959.734,1912.629,0.5419
mixed,64,58,0.9062,4.0,1024,0,2048,8192,7616,3121.649,3313.518,3231.665,0.5734
mixed,64,58,0.9062,4.0,1024,0,4096,16384,15232,5680.582,6085.956,5848.228,0.4136
mixed,64,58,0.9062,4.0,1024,512,128,512,476,895.451,909.532,905.147,0.6886
mixed,64,58,0.9062,4.0,1024,512,256,1024,952,1068.058,1088.155,1077.501,0.4699
mixed,64,58,0.9062,4.0,1024,512,512,2048,1904,1409.529,1444.055,1420.408,0.3151
mixed,64,58,0.9062,4.0,1024,512,1024,4096,3808,2027.411,2136.438,2085.302,0.531
mixed,64,58,0.9062,4.0,1024,512,2048,8192,7616,3300.688,3493.134,3394.096,0.4854
mixed,64,58,0.9062,4.0,1024,512,4096,16384,15232,5845.22,6268.866,6030.914,0.4383
mixed,64,58,0.9062,4.0,1024,1024,128,512,476,1049.722,1070.3,1061.753,0.5847
mixed,64,58,0.9062,4.0,1024,1024,256,1024,952,1230.874,1244.122,1233.784,0.2197
mixed,64,58,0.9062,4.0,1024,1024,512,2048,1904,1569.913,1592.44,1571.321,0.0625
mixed,64,58,0.9062,4.0,1024,1024,1024,4096,3808,2193.394,2283.732,2236.308,0.475
mixed,64,58,0.9062,4.0,1024,1024,2048,8192,7616,3461.774,3663.309,3552.175,0.4486
mixed,64,58,0.9062,4.0,1024,1024,4096,16384,15232,6003.651,6414.85,6194.498,0.4641
mixed,64,58,0.9062,4.0,1024,2048,128,512,476,1325.276,1344.218,1339.067,0.7281
mixed,64,58,0.9062,4.0,1024,2048,256,1024,952,1507.768,1526.519,1508.153,0.0205
mixed,64,58,0.9062,4.0,1024,2048,512,2048,1904,1847.67,1879.415,1842.584,-0.1602
mixed,64,58,0.9062,4.0,1024,2048,1024,4096,3808,2473.043,2563.51,2513.11,0.4429
mixed,64,58,0.9062,4.0,1024,2048,2048,8192,7616,3733.999,3932.494,3853.997,0.6045
mixed,64,58,0.9062,4.0,1024,2048,4096,16384,15232,6287.585,6672.799,6454.976,0.4345
mixed,64,58,0.9062,4.0,1024,4096,128,512,476,1883.864,1893.045,1887.926,0.4424
mixed,64,58,0.9062,4.0,1024,4096,256,1024,952,2066.52,2075.35,2063.927,-0.2937
mixed,64,58,0.9062,4.0,1024,4096,512,2048,1904,2392.499,2424.756,2399.956,0.2312
mixed,64,58,0.9062,4.0,1024,4096,1024,4096,3808,3011.569,3117.201,3074.736,0.598
mixed,64,58,0.9062,4.0,1024,4096,2048,8192,7616,4309.033,4491.242,4390.985,0.4498
mixed,64,58,0.9062,4.0,1024,4096,4096,16384,15232,6820.704,7216.894,7030.367,0.5292
mixed,64,58,0.9062,4.0,1024,8192,128,512,476,2975.667,2987.088,2982.353,0.5854
mixed,64,58,0.9062,4.0,1024,8192,256,1024,952,3161.199,3171.503,3156.304,-0.4751
mixed,64,58,0.9062,4.0,1024,8192,512,2048,1904,3482.32,3522.253,3489.485,0.1794
mixed,64,58,0.9062,4.0,1024,8192,1024,4096,3808,4126.472,4208.749,4158.409,0.3882
mixed,64,58,0.9062,4.0,1024,8192,2048,8192,7616,5388.579,5574.788,5477.764,0.479
mixed,64,58,0.9062,4.0,1024,8192,4096,16384,15232,7904.73,8314.966,8102.136,0.4812
mixed,64,58,0.9062,4.0,2048,0,128,512,476,1174.52,1189.562,1184.921,0.6915
mixed,64,58,0.9062,4.0,2048,0,256,1024,952,1353.946,1363.289,1359.45,0.5891
mixed,64,58,0.9062,4.0,2048,0,512,2048,1904,1690.295,1718.008,1697.591,0.2633
mixed,64,58,0.9062,4.0,2048,0,1024,4096,3808,2314.355,2403.22,2366.518,0.587
mixed,64,58,0.9062,4.0,2048,0,2048,8192,7616,3598.383,3766.767,3682.796,0.5013
mixed,64,58,0.9062,4.0,2048,0,4096,16384,15232,6132.162,6510.528,6339.744,0.5486
mixed,64,58,0.9062,4.0,2048,512,128,512,476,1507.898,1522.105,1513.976,0.4278
mixed,64,58,0.9062,4.0,2048,512,256,1024,952,1690.135,1699.706,1695.191,0.5283
mixed,64,58,0.9062,4.0,2048,512,512,2048,1904,2022.935,2053.398,2040.374,0.5725
mixed,64,58,0.9062,4.0,2048,512,1024,4096,3808,2656.914,2753.972,2684.052,0.2796
mixed,64,58,0.9062,4.0,2048,512,2048,8192,7616,3934.668,4120.876,4020.267,0.4597
mixed,64,58,0.9062,4.0,2048,512,4096,16384,15232,6472.574,6847.324,6632.926,0.4279
mixed,64,58,0.9062,4.0,2048,1024,128,512,476,1841.529,1861.045,1855.768,0.7296
mixed,64,58,0.9062,4.0,2048,1024,256,1024,952,2019.157,2047.288,2030.71,0.4107
mixed,64,58,0.9062,4.0,2048,1024,512,2048,1904,2360.82,2389.268,2353.396,-0.261
mixed,64,58,0.9062,4.0,2048,1024,1024,4096,3808,2982.8,3083.698,3026.962,0.4377
mixed,64,58,0.9062,4.0,2048,1024,2048,8192,7616,4258.057,4450.412,4368.716,0.5753
mixed,64,58,0.9062,4.0,2048,1024,4096,16384,15232,6799.39,7179.291,7005.02,0.5413
mixed,64,58,0.9062,4.0,2048,2048,128,512,476,2391.348,2412.372,2408.596,0.8204
mixed,64,58,0.9062,4.0,2048,2048,256,1024,952,2579.41,2589.586,2576.081,-0.3271
mixed,64,58,0.9062,4.0,2048,2048,512,2048,1904,2909.747,2938.098,2920.274,0.3713
mixed,64,58,0.9062,4.0,2048,2048,1024,4096,3808,3532.142,3627.44,3585.324,0.5581
mixed,64,58,0.9062,4.0,2048,2048,2048,8192,7616,4802.057,4999.27,4934.118,0.6696
mixed,64,58,0.9062,4.0,2048,2048,4096,16384,15232,7346.714,7741.784,7562.845,0.5471
mixed,64,58,0.9062,4.0,2048,4096,128,512,476,3487.79,3506.285,3498.577,0.5832
mixed,64,58,0.9062,4.0,2048,4096,256,1024,952,3670.192,3686.731,3673.356,0.1913
mixed,64,58,0.9062,4.0,2048,4096,512,2048,1904,4003.533,4035.724,4006.921,0.1052
mixed,64,58,0.9062,4.0,2048,4096,1024,4096,3808,4628.584,4731.848,4678.217,0.4806
mixed,64,58,0.9062,4.0,2048,4096,2048,8192,7616,5896.163,6101.121,6041.315,0.7082
mixed,64,58,0.9062,4.0,2048,4096,4096,16384,15232,8468.6,8847.99,8679.828,0.5568
mixed,64,58,0.9062,4.0,2048,8192,128,512,476,5686.498,5704.353,5699.235,0.7134
mixed,64,58,0.9062,4.0,2048,8192,256,1024,952,5876.257,5883.555,5866.593,-1.3242
mixed,64,58,0.9062,4.0,2048,8192,512,2048,1904,6199.426,6229.085,6214.08,0.4941
mixed,64,58,0.9062,4.0,2048,8192,1024,4096,3808,6815.294,6936.763,6876.188,0.5013
mixed,64,58,0.9062,4.0,2048,8192,2048,8192,7616,8108.182,8294.325,8201.208,0.4998
mixed,64,58,0.9062,4.0,2048,8192,4096,16384,15232,10650.122,11035.467,10833.418,0.4757
pure,128,1,0.0078,4.0,0,0,128,512,131,169.663,442.59,206.175,0.1338
pure,128,1,0.0078,4.0,0,0,256,1024,262,264.191,787.104,350.333,0.1647
pure,128,1,0.0078,4.0,0,0,512,2048,524,442.495,1485.913,624.988,0.1749
pure,128,1,0.0078,4.0,0,0,1024,4096,1048,787.931,2865.107,1192.762,0.1949
pure,128,1,0.0078,4.0,0,0,2048,8192,2096,1552.762,5650.883,2310.869,0.185
pure,128,1,0.0078,4.0,0,0,4096,16384,4192,2935.697,11192.039,4543.976,0.1948
mixed,128,1,0.0078,4.0,16,0,128,512,131,181.598,448.509,217.053,0.1328
mixed,128,1,0.0078,4.0,16,0,256,1024,262,272.894,802.717,362.203,0.1686
mixed,128,1,0.0078,4.0,16,0,512,2048,524,449.983,1490.137,640.829,0.1835
mixed,128,1,0.0078,4.0,16,0,1024,4096,1048,799.387,2875.633,1210.556,0.198
mixed,128,1,0.0078,4.0,16,0,2048,8192,2096,1535.802,5667.78,2341.269,0.1949
mixed,128,1,0.0078,4.0,16,0,4096,16384,4192,2938.836,11218.538,4601.065,0.2008
mixed,128,1,0.0078,4.0,16,512,128,512,131,217.503,487.581,253.696,0.134
mixed,128,1,0.0078,4.0,16,512,256,1024,262,308.863,840.313,395.005,0.1621
mixed,128,1,0.0078,4.0,16,512,512,2048,524,487.1,1523.257,675.229,0.1816
mixed,128,1,0.0078,4.0,16,512,1024,4096,1048,839.995,2917.747,1236.251,0.1907
mixed,128,1,0.0078,4.0,16,512,2048,8192,2096,1578.297,5665.027,2353.813,0.1898
mixed,128,1,0.0078,4.0,16,512,4096,16384,4192,2987.922,11228.266,4604.423,0.1962
mixed,128,1,0.0078,4.0,16,1024,128,512,131,219.965,488.124,253.119,0.1236
mixed,128,1,0.0078,4.0,16,1024,256,1024,262,311.839,835.485,398.877,0.1662
mixed,128,1,0.0078,4.0,16,1024,512,2048,524,488.64,1533.943,680.123,0.1832
mixed,128,1,0.0078,4.0,16,1024,1024,4096,1048,839.676,2906.13,1243.32,0.1953
mixed,128,1,0.0078,4.0,16,1024,2048,8192,2096,1571.351,5691.75,2351.635,0.1894
mixed,128,1,0.0078,4.0,16,1024,4096,16384,4192,2984.018,11233.129,4624.874,0.1989
mixed,128,1,0.0078,4.0,16,2048,128,512,131,225.472,489.822,260.576,0.1328
mixed,128,1,0.0078,4.0,16,2048,256,1024,262,313.599,842.331,403.262,0.1696
mixed,128,1,0.0078,4.0,16,2048,512,2048,524,492.157,1541.784,691.23,0.1897
mixed,128,1,0.0078,4.0,16,2048,1024,4096,1048,847.994,2931.472,1248.633,0.1923
mixed,128,1,0.0078,4.0,16,2048,2048,8192,2096,1574.905,5687.747,2382.965,0.1965
mixed,128,1,0.0078,4.0,16,2048,4096,16384,4192,3002.545,11233.446,4614.63,0.1959
mixed,128,1,0.0078,4.0,16,4096,128,512,131,233.695,504.317,269.536,0.1324
mixed,128,1,0.0078,4.0,16,4096,256,1024,262,326.207,847.452,414.56,0.1695
mixed,128,1,0.0078,4.0,16,4096,512,2048,524,504.38,1552.822,695.74,0.1825
mixed,128,1,0.0078,4.0,16,4096,1024,4096,1048,854.333,2948.752,1258.171,0.1928
mixed,128,1,0.0078,4.0,16,4096,2048,8192,2096,1582.839,5716.325,2404.052,0.1987
mixed,128,1,0.0078,4.0,16,4096,4096,16384,4192,3005.458,11274.661,4637.959,0.1974
mixed,128,1,0.0078,4.0,16,8192,128,512,131,270.877,538.171,309.216,0.1434
mixed,128,1,0.0078,4.0,16,8192,256,1024,262,364.126,894.619,449.022,0.16
mixed,128,1,0.0078,4.0,16,8192,512,2048,524,538.686,1592.215,729.66,0.1813
mixed,128,1,0.0078,4.0,16,8192,1024,4096,1048,889.464,2971.153,1293.145,0.1939
mixed,128,1,0.0078,4.0,16,8192,2048,8192,2096,1629.432,5744.867,2422.196,0.1926
mixed,128,1,0.0078,4.0,16,8192,4096,16384,4192,3028.658,11298.15,4681.16,0.1998
mixed,128,1,0.0078,4.0,32,0,128,512,131,214.687,483.679,248.99,0.1275
mixed,128,1,0.0078,4.0,32,0,256,1024,262,304.829,829.501,390.207,0.1627
mixed,128,1,0.0078,4.0,32,0,512,2048,524,480.221,1539.8,686.62,0.1948
mixed,128,1,0.0078,4.0,32,0,1024,4096,1048,838.525,2910.033,1236.921,0.1923
mixed,128,1,0.0078,4.0,32,0,2048,8192,2096,1592.053,5700.195,2362.42,0.1875
mixed,128,1,0.0078,4.0,32,0,4096,16384,4192,2980.049,11262.215,4597.48,0.1953
mixed,128,1,0.0078,4.0,32,512,128,512,131,241.151,507.902,278.876,0.1414
mixed,128,1,0.0078,4.0,32,512,256,1024,262,332.16,862.652,418.878,0.1635
mixed,128,1,0.0078,4.0,32,512,512,2048,524,507.9,1552.504,690.524,0.1748
mixed,128,1,0.0078,4.0,32,512,1024,4096,1048,864.796,2948.115,1264.155,0.1917
mixed,128,1,0.0078,4.0,32,512,2048,8192,2096,1606.904,5710.115,2391.829,0.1913
mixed,128,1,0.0078,4.0,32,512,4096,16384,4192,2991.698,11259.049,4657.895,0.2015
mixed,128,1,0.0078,4.0,32,1024,128,512,131,244.764,512.572,278.62,0.1264
mixed,128,1,0.0078,4.0,32,1024,256,1024,262,335.39,859.833,421.759,0.1647
mixed,128,1,0.0078,4.0,32,1024,512,2048,524,510.779,1576.441,702.268,0.1797
mixed,128,1,0.0078,4.0,32,1024,1024,4096,1048,865.405,2946.131,1262.105,0.1907
mixed,128,1,0.0078,4.0,32,1024,2048,8192,2096,1609.368,5703.492,2421.108,0.1983
mixed,128,1,0.0078,4.0,32,1024,4096,16384,4192,2999.345,11219.881,4643.146,0.2
mixed,128,1,0.0078,4.0,32,2048,128,512,131,252.189,520.028,289.759,0.1403
mixed,128,1,0.0078,4.0,32,2048,256,1024,262,344.127,868.186,428.159,0.1603
mixed,128,1,0.0078,4.0,32,2048,512,2048,524,523.87,1567.257,713.787,0.182
mixed,128,1,0.0078,4.0,32,2048,1024,4096,1048,881.469,2942.29,1278.746,0.1928
mixed,128,1,0.0078,4.0,32,2048,2048,8192,2096,1629.974,5720.003,2388.052,0.1853
mixed,128,1,0.0078,4.0,32,2048,4096,16384,4192,3016.497,11269.924,4641.896,0.1969
mixed,128,1,0.0078,4.0,32,4096,128,512,131,266.014,538.237,305.376,0.1446
mixed,128,1,0.0078,4.0,32,4096,256,1024,262,358.272,878.557,444.479,0.1657
mixed,128,1,0.0078,4.0,32,4096,512,2048,524,538.205,1584.088,733.884,0.1871
mixed,128,1,0.0078,4.0,32,4096,1024,4096,1048,892.251,2955.154,1288.856,0.1923
mixed,128,1,0.0078,4.0,32,4096,2048,8192,2096,1646.842,5742.754,2426.291,0.1903
mixed,128,1,0.0078,4.0,32,4096,4096,16384,4192,3018.224,11259.59,4705.735,0.2048
mixed,128,1,0.0078,4.0,32,8192,128,512,131,358.461,624.793,394.365,0.1348
mixed,128,1,0.0078,4.0,32,8192,256,1024,262,451.741,976.284,536.316,0.1612
mixed,128,1,0.0078,4.0,32,8192,512,2048,524,623.549,1677.338,811.293,0.1782
mixed,128,1,0.0078,4.0,32,8192,1024,4096,1048,985.754,3065.104,1386.841,0.1929
mixed,128,1,0.0078,4.0,32,8192,2048,8192,2096,1737.368,5811.075,2517.231,0.1914
mixed,128,1,0.0078,4.0,32,8192,4096,16384,4192,3121.487,11391.267,4763.208,0.1985
mixed,128,1,0.0078,4.0,64,0,128,512,131,215.519,481.501,253.534,0.1429
mixed,128,1,0.0078,4.0,64,0,256,1024,262,307.519,824.733,390.848,0.1611
mixed,128,1,0.0078,4.0,64,0,512,2048,524,484.988,1530.619,683.838,0.1902
mixed,128,1,0.0078,4.0,64,0,1024,4096,1048,838.301,2926.48,1239.034,0.1919
mixed,128,1,0.0078,4.0,64,0,2048,8192,2096,1586.778,5713.795,2378.483,0.1918
mixed,128,1,0.0078,4.0,64,0,4096,16384,4192,2984.5,11263.143,4618.92,0.1974
mixed,128,1,0.0078,4.0,64,512,128,512,131,249.761,515.708,284.063,0.129
mixed,128,1,0.0078,4.0,64,512,256,1024,262,342.972,867.227,423.167,0.153
mixed,128,1,0.0078,4.0,64,512,512,2048,524,524.576,1557.206,711.839,0.1813
mixed,128,1,0.0078,4.0,64,512,1024,4096,1048,882.364,2944.627,1273.274,0.1896
mixed,128,1,0.0078,4.0,64,512,2048,8192,2096,1625.88,5757.956,2396.656,0.1865
mixed,128,1,0.0078,4.0,64,512,4096,16384,4192,3031.92,11289.542,4656.744,0.1968
mixed,128,1,0.0078,4.0,64,1024,128,512,131,257.406,527.26,295.675,0.1418
mixed,128,1,0.0078,4.0,64,1024,256,1024,262,349.022,871.77,440.19,0.1744
mixed,128,1,0.0078,4.0,64,1024,512,2048,524,524.606,1572.506,719.87,0.1863
mixed,128,1,0.0078,4.0,64,1024,1024,4096,1048,885.753,2966.864,1278.746,0.1888
mixed,128,1,0.0078,4.0,64,1024,2048,8192,2096,1639.32,5746.85,2380.948,0.1806
mixed,128,1,0.0078,4.0,64,1024,4096,16384,4192,3037.777,11323.465,4666.603,0.1966
mixed,128,1,0.0078,4.0,64,2048,128,512,131,270.078,537.087,304.639,0.1294
mixed,128,1,0.0078,4.0,64,2048,256,1024,262,361.822,884.99,446.461,0.1618
mixed,128,1,0.0078,4.0,64,2048,512,2048,524,539.61,1583.51,733.084,0.1853
mixed,128,1,0.0078,4.0,64,2048,1024,4096,1048,893.021,2967.09,1287.128,0.19
mixed,128,1,0.0078,4.0,64,2048,2048,8192,2096,1644.501,5751.395,2406.932,0.1856
mixed,128,1,0.0078,4.0,64,2048,4096,16384,4192,3050.003,11348.49,4684.197,0.1969
mixed,128,1,0.0078,4.0,64,4096,128,512,131,348.446,619.229,381.725,0.1229
mixed,128,1,0.0078,4.0,64,4096,256,1024,262,441.695,964.541,529.756,0.1684
mixed,128,1,0.0078,4.0,64,4096,512,2048,524,618.492,1672.183,806.909,0.1788
mixed,128,1,0.0078,4.0,64,4096,1024,4096,1048,970.748,3046.451,1366.329,0.1906
mixed,128,1,0.0078,4.0,64,4096,2048,8192,2096,1724.374,5838.692,2502.741,0.1892
mixed,128,1,0.0078,4.0,64,4096,4096,16384,4192,3130.543,11395.205,4786.119,0.2003
mixed,128,1,0.0078,4.0,64,8192,128,512,131,431.036,698.492,463.169,0.1201
mixed,128,1,0.0078,4.0,64,8192,256,1024,262,522.622,1047.899,606.524,0.1597
mixed,128,1,0.0078,4.0,64,8192,512,2048,524,704.061,1749.336,884.957,0.1731
mixed,128,1,0.0078,4.0,64,8192,1024,4096,1048,1058.65,3142.161,1463.193,0.1942
mixed,128,1,0.0078,4.0,64,8192,2048,8192,2096,1805.525,5917.283,2587.125,0.1901
mixed,128,1,0.0078,4.0,64,8192,4096,16384,4192,3214.318,11485.254,4856.679,0.1986
mixed,128,1,0.0078,4.0,128,0,128,512,131,230.943,502.686,267.325,0.1339
mixed,128,1,0.0078,4.0,128,0,256,1024,262,321.854,845.755,411.263,0.1707
mixed,128,1,0.0078,4.0,128,0,512,2048,524,501.471,1539.482,687.613,0.1793
mixed,128,1,0.0078,4.0,128,0,1024,4096,1048,858.844,2935.057,1262.361,0.1944
mixed,128,1,0.0078,4.0,128,0,2048,8192,2096,1615.159,5731.651,2370.805,0.1836
mixed,128,1,0.0078,4.0,128,0,4096,16384,4192,3002.642,11313.513,4648.297,0.198
mixed,128,1,0.0078,4.0,128,512,128,512,131,273.791,546.046,307.84,0.1251
mixed,128,1,0.0078,4.0,128,512,256,1024,262,366.176,890.076,454.042,0.1677
mixed,128,1,0.0078,4.0,128,512,512,2048,524,544.253,1595.768,735.42,0.1818
mixed,128,1,0.0078,4.0,128,512,1024,4096,1048,901.211,2984.145,1299.161,0.1911
mixed,128,1,0.0078,4.0,128,512,2048,8192,2096,1647.415,5768.421,2421.489,0.1878
mixed,128,1,0.0078,4.0,128,512,4096,16384,4192,3039.024,11337.609,4671.112,0.1967
mixed,128,1,0.0078,4.0,128,1024,128,512,131,281.536,551.965,316.51,0.1293
mixed,128,1,0.0078,4.0,128,1024,256,1024,262,374.334,899.771,458.75,0.1607
mixed,128,1,0.0078,4.0,128,1024,512,2048,524,554.013,1594.2,738.527,0.1774
mixed,128,1,0.0078,4.0,128,1024,1024,4096,1048,903.612,2998.448,1308.92,0.1935
mixed,128,1,0.0078,4.0,128,1024,2048,8192,2096,1664.664,5781.092,2439.925,0.1883
mixed,128,1,0.0078,4.0,128,1024,4096,16384,4192,3059.826,11352.232,4677.799,0.1951
mixed,128,1,0.0078,4.0,128,2048,128,512,131,356.125,626.14,393.441,0.1382
mixed,128,1,0.0078,4.0,128,2048,256,1024,262,448.189,970.11,535.036,0.1664
mixed,128,1,0.0078,4.0,128,2048,512,2048,524,625.309,1678.999,818.268,0.1831
mixed,128,1,0.0078,4.0,128,2048,1024,4096,1048,984.637,3064.079,1378.906,0.1896
mixed,128,1,0.0078,4.0,128,2048,2048,8192,2096,1743.672,5828.485,2500.789,0.1853
mixed,128,1,0.0078,4.0,128,2048,4096,16384,4192,3153.202,11403.335,4755.209,0.1942
mixed,128,1,0.0078,4.0,128,4096,128,512,131,434.813,704.766,478.332,0.1612
mixed,128,1,0.0078,4.0,128,4096,256,1024,262,531.391,1057.05,614.013,0.1572
mixed,128,1,0.0078,4.0,128,4096,512,2048,524,705.724,1748.41,893.179,0.1798
mixed,128,1,0.0078,4.0,128,4096,1024,4096,1048,1062.78,3143.379,1456.087,0.189
mixed,128,1,0.0078,4.0,128,4096,2048,8192,2096,1815.897,5932.774,2587.701,0.1875
mixed,128,1,0.0078,4.0,128,4096,4096,16384,4192,3207.377,11498.923,4841.803,0.1971
mixed,128,1,0.0078,4.0,128,8192,128,512,131,586.814,854.748,619.836,0.1232
mixed,128,1,0.0078,4.0,128,8192,256,1024,262,675.643,1209.243,760.253,0.1586
mixed,128,1,0.0078,4.0,128,8192,512,2048,524,855.484,1910.901,1044.988,0.1796
mixed,128,1,0.0078,4.0,128,8192,1024,4096,1048,1212.345,3284.783,1612.887,0.1933
mixed,128,1,0.0078,4.0,128,8192,2048,8192,2096,1961.463,6081.283,2743.762,0.1899
mixed,128,1,0.0078,4.0,128,8192,4096,16384,4192,3373.042,11651.401,4965.514,0.1924
mixed,128,1,0.0078,4.0,256,0,128,512,131,291.455,561.115,329.055,0.1394
mixed,128,1,0.0078,4.0,256,0,256,1024,262,383.488,907.452,464.574,0.1548
mixed,128,1,0.0078,4.0,256,0,512,2048,524,559.997,1611.128,751.29,0.182
mixed,128,1,0.0078,4.0,256,0,1024,4096,1048,916.441,3008.339,1300.633,0.1837
mixed,128,1,0.0078,4.0,256,0,2048,8192,2096,1675.481,5786.595,2435.958,0.185
mixed,128,1,0.0078,4.0,256,0,4096,16384,4192,3078.928,11345.488,4723.628,0.199
mixed,128,1,0.0078,4.0,256,512,128,512,131,359.677,624.958,393.918,0.1291
mixed,128,1,0.0078,4.0,256,512,256,1024,262,451.487,971.964,533.725,0.158
mixed,128,1,0.0078,4.0,256,512,512,2048,524,628.99,1675.767,819.133,0.1816
mixed,128,1,0.0078,4.0,256,512,1024,4096,1048,983.803,3063.349,1387.705,0.1942
mixed,128,1,0.0078,4.0,256,512,2048,8192,2096,1729.753,5818.213,2492.374,0.1865
mixed,128,1,0.0078,4.0,256,512,4096,16384,4192,3132.048,11413.455,4770.316,0.1978
mixed,128,1,0.0078,4.0,256,1024,128,512,131,410.654,681.95,445.662,0.129
mixed,128,1,0.0078,4.0,256,1024,256,1024,262,503.516,1032.061,587.101,0.1581
mixed,128,1,0.0078,4.0,256,1024,512,2048,524,681.727,1730.776,874.302,0.1836
mixed,128,1,0.0078,4.0,256,1024,1024,4096,1048,1036.796,3113.746,1409.561,0.1795
mixed,128,1,0.0078,4.0,256,1024,2048,8192,2096,1785.114,5881.925,2538.611,0.1839
mixed,128,1,0.0078,4.0,256,1024,4096,16384,4192,3179.536,11478.094,4822.954,0.198
mixed,128,1,0.0078,4.0,256,2048,128,512,131,445.469,714.588,479.068,0.1248
mixed,128,1,0.0078,4.0,256,2048,256,1024,262,537.215,1065.531,622.655,0.1617
mixed,128,1,0.0078,4.0,256,2048,512,2048,524,718.655,1773.049,907.13,0.1788
mixed,128,1,0.0078,4.0,256,2048,1024,4096,1048,1075.833,3150.313,1471.671,0.1908
mixed,128,1,0.0078,4.0,256,2048,2048,8192,2096,1829.94,5935.479,2601.296,0.1879
mixed,128,1,0.0078,4.0,256,2048,4096,16384,4192,3220.587,11502.964,4849.661,0.1967
mixed,128,1,0.0078,4.0,256,4096,128,512,131,591.581,862.332,624.315,0.1209
mixed,128,1,0.0078,4.0,256,4096,256,1024,262,680.732,1204.922,766.586,0.1638
mixed,128,1,0.0078,4.0,256,4096,512,2048,524,860.954,1907.763,1050.199,0.1808
mixed,128,1,0.0078,4.0,256,4096,1024,4096,1048,1219.417,3291.85,1615.831,0.1913
mixed,128,1,0.0078,4.0,256,4096,2048,8192,2096,1963.154,6084.184,2729.326,0.1859
mixed,128,1,0.0078,4.0,256,4096,4096,16384,4192,3377.32,11667.284,4981.056,0.1935
mixed,128,1,0.0078,4.0,256,8192,128,512,131,835.291,1105.721,868.985,0.1246
mixed,128,1,0.0078,4.0,256,8192,256,1024,262,926.456,1457.205,1011.322,0.1599
mixed,128,1,0.0078,4.0,256,8192,512,2048,524,1108.793,2156.754,1297.431,0.18
mixed,128,1,0.0078,4.0,256,8192,1024,4096,1048,1465.88,3537.962,1863.729,0.192
mixed,128,1,0.0078,4.0,256,8192,2048,8192,2096,2218.035,6330.489,2984.204,0.1863
mixed,128,1,0.0078,4.0,256,8192,4096,16384,4192,3614.379,11886.353,5247.421,0.1974
mixed,128,1,0.0078,4.0,512,0,128,512,131,408.414,676.796,446.111,0.1405
mixed,128,1,0.0078,4.0,512,0,256,1024,262,499.196,1031.258,588.318,0.1675
mixed,128,1,0.0078,4.0,512,0,512,2048,524,680.443,1728.179,868.731,0.1797
mixed,128,1,0.0078,4.0,512,0,1024,4096,1048,1036.376,3121.292,1426.807,0.1873
mixed,128,1,0.0078,4.0,512,0,2048,8192,2096,1783.764,5898.684,2570.254,0.1911
mixed,128,1,0.0078,4.0,512,0,4096,16384,4192,3188.845,11477.626,4793.187,0.1936
mixed,128,1,0.0078,4.0,512,512,128,512,131,482.237,751.772,519.261,0.1374
mixed,128,1,0.0078,4.0,512,512,256,1024,262,571.068,1097.367,663.965,0.1765
mixed,128,1,0.0078,4.0,512,512,512,2048,524,756.089,1802.419,939.13,0.1749
mixed,128,1,0.0078,4.0,512,512,1024,4096,1048,1107.545,3198.828,1512.632,0.1937
mixed,128,1,0.0078,4.0,512,512,2048,8192,2096,1851.446,5992.153,2619.825,0.1856
mixed,128,1,0.0078,4.0,512,512,4096,16384,4192,3266.057,11537.208,4886.628,0.1959
mixed,128,1,0.0078,4.0,512,1024,128,512,131,551.871,818.619,585.661,0.1267
mixed,128,1,0.0078,4.0,512,1024,256,1024,262,642.555,1173.05,724.636,0.1547
mixed,128,1,0.0078,4.0,512,1024,512,2048,524,821.339,1868.661,1012.44,0.1825
mixed,128,1,0.0078,4.0,512,1024,1024,4096,1048,1171.063,3254.412,1581.717,0.1971
mixed,128,1,0.0078,4.0,512,1024,2048,8192,2096,1928.18,6045.339,2700.433,0.1876
mixed,128,1,0.0078,4.0,512,1024,4096,16384,4192,3316.011,11581.464,4923.458,0.1945
mixed,128,1,0.0078,4.0,512,2048,128,512,131,694.907,964.09,731.005,0.1341
mixed,128,1,0.0078,4.0,512,2048,256,1024,262,786.811,1313.719,873.275,0.1641
mixed,128,1,0.0078,4.0,512,2048,512,2048,524,966.265,2012.212,1152.729,0.1783
mixed,128,1,0.0078,4.0,512,2048,1024,4096,1048,1318.647,3400.875,1715.539,0.1906
mixed,128,1,0.0078,4.0,512,2048,2048,8192,2096,2069.813,6188.762,2858.671,0.1915
mixed,128,1,0.0078,4.0,512,2048,4096,16384,4192,3465.387,11758.777,5106.238,0.1979
mixed,128,1,0.0078,4.0,512,4096,128,512,131,973.466,1239.738,1010.395,0.1387
mixed,128,1,0.0078,4.0,512,4096,256,1024,262,1065.751,1595.095,1147.607,0.1546
mixed,128,1,0.0078,4.0,512,4096,512,2048,524,1242.937,2284.401,1433.976,0.1834
mixed,128,1,0.0078,4.0,512,4096,1024,4096,1048,1603.572,3681.415,1994.196,0.188
mixed,128,1,0.0078,4.0,512,4096,2048,8192,2096,2348.559,6466.009,3130.959,0.19
mixed,128,1,0.0078,4.0,512,4096,4096,16384,4192,3745.32,12026.487,5408.83,0.2009
mixed,128,1,0.0078,4.0,512,8192,128,512,131,1524.408,1794.483,1561.687,0.138
mixed,128,1,0.0078,4.0,512,8192,256,1024,262,1618.263,2142.388,1701.783,0.1594
mixed,128,1,0.0078,4.0,512,8192,512,2048,524,1795.476,2835.698,1980.15,0.1775
mixed,128,1,0.0078,4.0,512,8192,1024,4096,1048,2148.532,4240.903,2556.081,0.1948
mixed,128,1,0.0078,4.0,512,8192,2048,8192,2096,2901.839,7020.469,3674.152,0.1875
mixed,128,1,0.0078,4.0,512,8192,4096,16384,4192,4297.575,12593.366,5929.309,0.1967
mixed,128,1,0.0078,4.0,1024,0,128,512,131,667.066,935.514,702.205,0.1309
mixed,128,1,0.0078,4.0,1024,0,256,1024,262,757.115,1287.545,842.619,0.1612
mixed,128,1,0.0078,4.0,1024,0,512,2048,524,936.794,1975.477,1126.902,0.183
mixed,128,1,0.0078,4.0,1024,0,1024,4096,1048,1298.618,3380.684,1697.207,0.1914
mixed,128,1,0.0078,4.0,1024,0,2048,8192,2096,2042.323,6180.284,2805.679,0.1845
mixed,128,1,0.0078,4.0,1024,0,4096,16384,4192,3438.476,11713.214,5080.418,0.1984
mixed,128,1,0.0078,4.0,1024,512,128,512,131,841.787,1113.435,878.041,0.1335
mixed,128,1,0.0078,4.0,1024,512,256,1024,262,931.579,1463.993,1019.067,0.1643
mixed,128,1,0.0078,4.0,1024,512,512,2048,524,1114.393,2147.157,1308.856,0.1883
mixed,128,1,0.0078,4.0,1024,512,1024,4096,1048,1473.334,3554.509,1863.06,0.1873
mixed,128,1,0.0078,4.0,1024,512,2048,8192,2096,2223.314,6339.771,3000.526,0.1888
mixed,128,1,0.0078,4.0,1024,512,4096,16384,4192,3618.636,11885.5,5234.339,0.1954
mixed,128,1,0.0078,4.0,1024,1024,128,512,131,1002.298,1264.474,1039.033,0.1401
mixed,128,1,0.0078,4.0,1024,1024,256,1024,262,1094.2,1618.36,1174.522,0.1532
mixed,128,1,0.0078,4.0,1024,1024,512,2048,524,1274.906,2314.74,1454.806,0.173
mixed,128,1,0.0078,4.0,1024,1024,1024,4096,1048,1621.654,3714.891,2017.045,0.1889
mixed,128,1,0.0078,4.0,1024,1024,2048,8192,2096,2396.659,6509.304,3177.07,0.1898
mixed,128,1,0.0078,4.0,1024,1024,4096,16384,4192,3772.013,12045.564,5431.68,0.2006
mixed,128,1,0.0078,4.0,1024,2048,128,512,131,1273.338,1542.553,1315.064,0.155
mixed,128,1,0.0078,4.0,1024,2048,256,1024,262,1363.831,1896.183,1457.751,0.1764
mixed,128,1,0.0078,4.0,1024,2048,512,2048,524,1546.904,2595.921,1730.04,0.1746
mixed,128,1,0.0078,4.0,1024,2048,1024,4096,1048,1914.357,3989.416,2288.308,0.1802
mixed,128,1,0.0078,4.0,1024,2048,2048,8192,2096,2658.835,6751.931,3427.661,0.1878
mixed,128,1,0.0078,4.0,1024,2048,4096,16384,4192,4051.048,12334.938,5680.991,0.1968
mixed,128,1,0.0078,4.0,1024,4096,128,512,131,1830.422,2098.2,1861.528,0.1162
mixed,128,1,0.0078,4.0,1024,4096,256,1024,262,1924.12,2452.499,2013.684,0.1695
mixed,128,1,0.0078,4.0,1024,4096,512,2048,524,2100.566,3152.398,2288.691,0.1789
mixed,128,1,0.0078,4.0,1024,4096,1024,4096,1048,2464.53,4532.678,2847.953,0.1854
mixed,128,1,0.0078,4.0,1024,4096,2048,8192,2096,3212.624,7325.88,3988.107,0.1885
mixed,128,1,0.0078,4.0,1024,4096,4096,16384,4192,4589.063,12893.019,6215.006,0.1958
mixed,128,1,0.0078,4.0,1024,8192,128,512,131,2924.721,3194.35,2954.799,0.1116
mixed,128,1,0.0078,4.0,1024,8192,256,1024,262,3019.983,3551.373,3101.998,0.1543
mixed,128,1,0.0078,4.0,1024,8192,512,2048,524,3194.096,4235.113,3391.982,0.1901
mixed,128,1,0.0078,4.0,1024,8192,1024,4096,1048,3559.66,5640.448,3958.122,0.1915
mixed,128,1,0.0078,4.0,1024,8192,2048,8192,2096,4305.065,8417.459,5062.565,0.1842
mixed,128,1,0.0078,4.0,1024,8192,4096,16384,4192,5706.498,14014.613,7338.648,0.1965
mixed,128,1,0.0078,4.0,2048,0,128,512,131,1123.642,1391.065,1160.602,0.1382
mixed,128,1,0.0078,4.0,2048,0,256,1024,262,1215.643,1739.767,1309.497,0.1791
mixed,128,1,0.0078,4.0,2048,0,512,2048,524,1393.208,2441.525,1583.927,0.1819
mixed,128,1,0.0078,4.0,2048,0,1024,4096,1048,1752.344,3830.221,2130.612,0.182
mixed,128,1,0.0078,4.0,2048,0,2048,8192,2096,2501.011,6607.613,3263.054,0.1856
mixed,128,1,0.0078,4.0,2048,0,4096,16384,4192,3892.619,12188.449,5523.234,0.1966
mixed,128,1,0.0078,4.0,2048,512,128,512,131,1456.472,1728.856,1488.6,0.118
mixed,128,1,0.0078,4.0,2048,512,256,1024,262,1546.553,2074.835,1637.015,0.1712
mixed,128,1,0.0078,4.0,2048,512,512,2048,524,1731.543,2780.369,1931.829,0.191
mixed,128,1,0.0078,4.0,2048,512,1024,4096,1048,2084.181,4161.899,2488.596,0.1946
mixed,128,1,0.0078,4.0,2048,512,2048,8192,2096,2840.082,6982.3,3598.604,0.1831
mixed,128,1,0.0078,4.0,2048,512,4096,16384,4192,4232.553,12530.495,5852.994,0.1953
mixed,128,1,0.0078,4.0,2048,1024,128,512,131,1797.912,2067.991,1835.223,0.1381
mixed,128,1,0.0078,4.0,2048,1024,256,1024,262,1886.165,2411.059,1974.997,0.1692
mixed,128,1,0.0078,4.0,2048,1024,512,2048,524,2059.701,3111.054,2257.781,0.1884
mixed,128,1,0.0078,4.0,2048,1024,1024,4096,1048,2430.74,4506.121,2814.193,0.1848
mixed,128,1,0.0078,4.0,2048,1024,2048,8192,2096,3177.487,7277.338,3944.525,0.1871
mixed,128,1,0.0078,4.0,2048,1024,4096,16384,4192,4564.107,12829.375,6214.305,0.1997
mixed,128,1,0.0078,4.0,2048,2048,128,512,131,2346.42,2617.332,2378.645,0.119
mixed,128,1,0.0078,4.0,2048,2048,256,1024,262,2437.203,2972.463,2523.989,0.1621
mixed,128,1,0.0078,4.0,2048,2048,512,2048,524,2616.112,3664.364,2808.304,0.1833
mixed,128,1,0.0078,4.0,2048,2048,1024,4096,1048,2975.282,5037.19,3359.536,0.1864
mixed,128,1,0.0078,4.0,2048,2048,2048,8192,2096,3725.613,7854.714,4499.944,0.1875
mixed,128,1,0.0078,4.0,2048,2048,4096,16384,4192,5114.983,13401.183,6758.238,0.1983
mixed,128,1,0.0078,4.0,2048,4096,128,512,131,3443.599,3713.676,3481.168,0.1391
mixed,128,1,0.0078,4.0,2048,4096,256,1024,262,3529.998,4064.525,3621.231,0.1707
mixed,128,1,0.0078,4.0,2048,4096,512,2048,524,3715.469,4767.114,3912.237,0.1871
mixed,128,1,0.0078,4.0,2048,4096,1024,4096,1048,4068.716,6154.85,4459.787,0.1875
mixed,128,1,0.0078,4.0,2048,4096,2048,8192,2096,4818.088,8937.461,5582.884,0.1857
mixed,128,1,0.0078,4.0,2048,4096,4096,16384,4192,6217.346,14493.275,7839.835,0.196
mixed,128,1,0.0078,4.0,2048,8192,128,512,131,5642.948,5914.658,5675.334,0.1192
mixed,128,1,0.0078,4.0,2048,8192,256,1024,262,5740.93,6271.267,5828.006,0.1642
mixed,128,1,0.0078,4.0,2048,8192,512,2048,524,5908.614,6959.169,6102.626,0.1847
mixed,128,1,0.0078,4.0,2048,8192,1024,4096,1048,6260.676,8361.335,6672.32,0.196
mixed,128,1,0.0078,4.0,2048,8192,2048,8192,2096,7013.756,11134.061,7785.404,0.1873
mixed,128,1,0.0078,4.0,2048,8192,4096,16384,4192,8430.939,16698.833,10065.873,0.1977
pure,128,2,0.0156,4.0,0,0,128,512,134,171.679,441.023,225.921,0.2014
pure,128,2,0.0156,4.0,0,0,256,1024,268,265.023,790.397,379.549,0.218
pure,128,2,0.0156,4.0,0,0,512,2048,536,449.758,1495.738,687.228,0.227
pure,128,2,0.0156,4.0,0,0,1024,4096,1072,816.157,2864.275,1319.193,0.2456
pure,128,2,0.0156,4.0,0,0,2048,8192,2144,1558.872,5669.957,2518.131,0.2333
pure,128,2,0.0156,4.0,0,0,4096,16384,4288,3017.205,11219.949,4971.049,0.2382
mixed,128,2,0.0156,4.0,16,0,128,512,134,185.279,451.387,218.783,0.1259
mixed,128,2,0.0156,4.0,16,0,256,1024,268,276.576,796.091,361.6,0.1637
mixed,128,2,0.0156,4.0,16,0,512,2048,536,454.173,1495.833,642.365,0.1807
mixed,128,2,0.0156,4.0,16,0,1024,4096,1072,828.093,2890.801,1201.819,0.1812
mixed,128,2,0.0156,4.0,16,0,2048,8192,2144,1561.85,5675.305,2342.806,0.1899
mixed,128,2,0.0156,4.0,16,0,4096,16384,4288,3020.083,11198.86,4595.404,0.1926
mixed,128,2,0.0156,4.0,16,512,128,512,134,218.367,483.678,253.695,0.1332
mixed,128,2,0.0156,4.0,16,512,256,1024,268,307.839,831.771,400.703,0.1772
mixed,128,2,0.0156,4.0,16,512,512,2048,536,486.429,1541.273,680.828,0.1843
mixed,128,2,0.0156,4.0,16,512,1024,4096,1072,858.747,2926.036,1239.451,0.1842
mixed,128,2,0.0156,4.0,16,512,2048,8192,2144,1594.362,5706.119,2391.156,0.1938
mixed,128,2,0.0156,4.0,16,512,4096,16384,4288,3039.474,11247.983,4665.675,0.1981
mixed,128,2,0.0156,4.0,16,1024,128,512,134,221.31,489.31,257.18,0.1338
mixed,128,2,0.0156,4.0,16,1024,256,1024,268,311.264,829.531,405.186,0.1812
mixed,128,2,0.0156,4.0,16,1024,512,2048,536,490.142,1532.891,681.977,0.184
mixed,128,2,0.0156,4.0,16,1024,1024,4096,1072,863.868,2907.157,1236.859,0.1825
mixed,128,2,0.0156,4.0,16,1024,2048,8192,2144,1599.514,5695.559,2384.213,0.1916
mixed,128,2,0.0156,4.0,16,1024,4096,16384,4288,3059.727,11219.054,4645.546,0.1944
mixed,128,2,0.0156,4.0,16,2048,128,512,134,226.08,491.935,261.215,0.1322
mixed,128,2,0.0156,4.0,16,2048,256,1024,268,316.285,842.847,407.68,0.1736
mixed,128,2,0.0156,4.0,16,2048,512,2048,536,493.628,1536.474,692.637,0.1908
mixed,128,2,0.0156,4.0,16,2048,1024,4096,1072,862.429,2930.515,1248.795,0.1868
mixed,128,2,0.0156,4.0,16,2048,2048,8192,2144,1600.92,5688.328,2393.59,0.1939
mixed,128,2,0.0156,4.0,16,2048,4096,16384,4288,3066.227,11249.742,4634.25,0.1916
mixed,128,2,0.0156,4.0,16,4096,128,512,134,233.984,505.471,270.975,0.1363
mixed,128,2,0.0156,4.0,16,4096,256,1024,268,326.304,848.059,417.821,0.1754
mixed,128,2,0.0156,4.0,16,4096,512,2048,536,505.404,1543.992,700.35,0.1877
mixed,128,2,0.0156,4.0,16,4096,1024,4096,1072,878.717,2933.073,1267.641,0.1893
mixed,128,2,0.0156,4.0,16,4096,2048,8192,2144,1607.257,5714.245,2403.862,0.194
mixed,128,2,0.0156,4.0,16,4096,4096,16384,4288,3064.627,11251.148,4675.179,0.1967
mixed,128,2,0.0156,4.0,16,8192,128,512,134,271.485,538.621,309.246,0.1414
mixed,128,2,0.0156,4.0,16,8192,256,1024,268,365.055,882.173,451.968,0.1681
mixed,128,2,0.0156,4.0,16,8192,512,2048,536,546.844,1579.29,734.813,0.1821
mixed,128,2,0.0156,4.0,16,8192,1024,4096,1072,913.789,2970.612,1301.211,0.1884
mixed,128,2,0.0156,4.0,16,8192,2048,8192,2144,1642.713,5730.437,2423.415,0.191
mixed,128,2,0.0156,4.0,16,8192,4096,16384,4288,3107.474,11279.726,4686.923,0.1933
mixed,128,2,0.0156,4.0,32,0,128,512,134,214.624,482.431,251.936,0.1393
mixed,128,2,0.0156,4.0,32,0,256,1024,268,306.399,826.974,394.847,0.1699
mixed,128,2,0.0156,4.0,32,0,512,2048,536,488.864,1535.319,685.373,0.1878
mixed,128,2,0.0156,4.0,32,0,1024,4096,1072,856.796,2929.843,1240.728,0.1852
mixed,128,2,0.0156,4.0,32,0,2048,8192,2144,1588.888,5722.95,2370.742,0.1891
mixed,128,2,0.0156,4.0,32,0,4096,16384,4288,3057.554,11272.69,4639.53,0.1926
mixed,128,2,0.0156,4.0,32,512,128,512,134,241.277,507.291,278.111,0.1385
mixed,128,2,0.0156,4.0,32,512,256,1024,268,332.606,860.893,422.56,0.1703
mixed,128,2,0.0156,4.0,32,512,512,2048,536,518.046,1553.271,707.869,0.1834
mixed,128,2,0.0156,4.0,32,512,1024,4096,1072,887.87,2933.586,1267.803,0.1857
mixed,128,2,0.0156,4.0,32,512,2048,8192,2144,1614.424,5719.207,2409.686,0.1937
mixed,128,2,0.0156,4.0,32,512,4096,16384,4288,3074.483,11258.832,4656.396,0.1933
mixed,128,2,0.0156,4.0,32,1024,128,512,134,244.063,510.335,283.518,0.1482
mixed,128,2,0.0156,4.0,32,1024,256,1024,268,335.549,860.635,421.405,0.1635
mixed,128,2,0.0156,4.0,32,1024,512,2048,536,516.508,1561.497,706.428,0.1817
mixed,128,2,0.0156,4.0,32,1024,1024,4096,1072,890.844,2934.929,1282.587,0.1916
mixed,128,2,0.0156,4.0,32,1024,2048,8192,2144,1616.473,5722.44,2405.493,0.1922
mixed,128,2,0.0156,4.0,32,1024,4096,16384,4288,3072.37,11268.691,4681.929,0.1964
mixed,128,2,0.0156,4.0,32,2048,128,512,134,252.767,522.846,287.008,0.1268
mixed,128,2,0.0156,4.0,32,2048,256,1024,268,345.406,866.589,427.392,0.1573
mixed,128,2,0.0156,4.0,32,2048,512,2048,536,522.685,1567.227,723.675,0.1924
mixed,128,2,0.0156,4.0,32,2048,1024,4096,1072,895.358,2946.546,1289.274,0.192
mixed,128,2,0.0156,4.0,32,2048,2048,8192,2144,1640.055,5723.113,2430.838,0.1937
mixed,128,2,0.0156,4.0,32,2048,4096,16384,4288,3068.305,11277.007,4668.334,0.1949
mixed,128,2,0.0156,4.0,32,4096,128,512,134,267.102,538.907,302.848,0.1315
mixed,128,2,0.0156,4.0,32,4096,256,1024,268,358.431,886.396,446.079,0.166
mixed,128,2,0.0156,4.0,32,4096,512,2048,536,543.936,1578.937,725.916,0.1758
mixed,128,2,0.0156,4.0,32,4096,1024,4096,1072,915.738,2966.709,1301.948,0.1883
mixed,128,2,0.0156,4.0,32,4096,2048,8192,2144,1648.41,5757.864,2450.644,0.1952
mixed,128,2,0.0156,4.0,32,4096,4096,16384,4288,3108.914,11316.113,4708.715,0.1949
mixed,128,2,0.0156,4.0,32,8192,128,512,134,360.284,624.799,397.599,0.1411
mixed,128,2,0.0156,4.0,32,8192,256,1024,268,449.982,980.187,540.03,0.1698
mixed,128,2,0.0156,4.0,32,8192,512,2048,536,634.844,1670.362,819.707,0.1785
mixed,128,2,0.0156,4.0,32,8192,1024,4096,1072,1002.714,3052.338,1394.97,0.1914
mixed,128,2,0.0156,4.0,32,8192,2048,8192,2144,1751.033,5832.807,2532.247,0.1914
mixed,128,2,0.0156,4.0,32,8192,4096,16384,4288,3204.434,11418.61,4786.029,0.1925
mixed,128,2,0.0156,4.0,64,0,128,512,134,215.775,486.396,252.319,0.135
mixed,128,2,0.0156,4.0,64,0,256,1024,268,307.711,835.997,392.957,0.1614
mixed,128,2,0.0156,4.0,64,0,512,2048,536,489.887,1525.625,681.5,0.185
mixed,128,2,0.0156,4.0,64,0,1024,4096,1072,862.843,2922.9,1253.594,0.1897
mixed,128,2,0.0156,4.0,64,0,2048,8192,2144,1597.368,5710.536,2379.157,0.1901
mixed,128,2,0.0156,4.0,64,0,4096,16384,4288,3056.276,11275.73,4642.381,0.193
mixed,128,2,0.0156,4.0,64,512,128,512,134,249.984,516.957,285.664,0.1336
mixed,128,2,0.0156,4.0,64,512,256,1024,268,344.543,862.556,432.958,0.1707
mixed,128,2,0.0156,4.0,64,512,512,2048,536,527.678,1572.123,720.895,0.185
mixed,128,2,0.0156,4.0,64,512,1024,4096,1072,892.476,2953.042,1285.531,0.1908
mixed,128,2,0.0156,4.0,64,512,2048,8192,2144,1633.431,5745.835,2406.646,0.188
mixed,128,2,0.0156,4.0,64,512,4096,16384,4288,3092.308,11311.571,4663.309,0.1911
mixed,128,2,0.0156,4.0,64,1024,128,512,134,257.857,525.406,298.945,0.1536
mixed,128,2,0.0156,4.0,64,1024,256,1024,268,352.094,877.787,439.165,0.1656
mixed,128,2,0.0156,4.0,64,1024,512,2048,536,531.551,1572.378,725.212,0.1861
mixed,128,2,0.0156,4.0,64,1024,1024,4096,1072,913.18,2969.877,1278.425,0.1776
mixed,128,2,0.0156,4.0,64,1024,2048,8192,2144,1640.571,5750.505,2416.726,0.1888
mixed,128,2,0.0156,4.0,64,1024,4096,16384,4288,3105.138,11331.57,4696.076,0.1934
mixed,128,2,0.0156,4.0,64,2048,128,512,134,269.567,537.887,309.12,0.1474
mixed,128,2,0.0156,4.0,64,2048,256,1024,268,363.741,887.866,452.03,0.1685
mixed,128,2,0.0156,4.0,64,2048,512,2048,536,547.388,1585.467,736.061,0.1818
mixed,128,2,0.0156,4.0,64,2048,1024,4096,1072,914.683,2976.917,1292.125,0.183
mixed,128,2,0.0156,4.0,64,2048,2048,8192,2144,1652.825,5761.063,2439.255,0.1914
mixed,128,2,0.0156,4.0,64,2048,4096,16384,4288,3115.54,11338.55,4701.803,0.1929
mixed,128,2,0.0156,4.0,64,4096,128,512,134,351.582,620.863,386.237,0.1287
mixed,128,2,0.0156,4.0,64,4096,256,1024,268,440.542,963.389,533.886,0.1785
mixed,128,2,0.0156,4.0,64,4096,512,2048,536,624.766,1662.49,814.908,0.1832
mixed,128,2,0.0156,4.0,64,4096,1024,4096,1072,1002.397,3071.416,1380.154,0.1826
mixed,128,2,0.0156,4.0,64,4096,2048,8192,2144,1731.256,5849.609,2516.566,0.1907
mixed,128,2,0.0156,4.0,64,4096,4096,16384,4288,3186.037,11415.861,4771.982,0.1927
mixed,128,2,0.0156,4.0,64,8192,128,512,134,432.286,699.484,470.012,0.1412
mixed,128,2,0.0156,4.0,64,8192,256,1024,268,523.101,1046.843,611.356,0.1685
mixed,128,2,0.0156,4.0,64,8192,512,2048,536,707.934,1743.259,887.036,0.173
mixed,128,2,0.0156,4.0,64,8192,1024,4096,1072,1076.251,3141.457,1461.719,0.1866
mixed,128,2,0.0156,4.0,64,8192,2048,8192,2144,1812.379,5941.898,2600.343,0.1908
mixed,128,2,0.0156,4.0,64,8192,4096,16384,4288,3272.884,11510.194,4857.134,0.1923
mixed,128,2,0.0156,4.0,128,0,128,512,134,231.582,500.19,268.287,0.1366
mixed,128,2,0.0156,4.0,128,0,256,1024,268,326.078,847.902,413.245,0.167
mixed,128,2,0.0156,4.0,128,0,512,2048,536,510.365,1553.306,701.981,0.1837
mixed,128,2,0.0156,4.0,128,0,1024,4096,1072,887.965,2932.531,1251.132,0.1776
mixed,128,2,0.0156,4.0,128,0,2048,8192,2144,1610.041,5722.667,2389.177,0.1894
mixed,128,2,0.0156,4.0,128,0,4096,16384,4288,3091.669,11359.828,4668.304,0.1907
mixed,128,2,0.0156,4.0,128,512,128,512,134,273.536,542.876,314.461,0.1519
mixed,128,2,0.0156,4.0,128,512,256,1024,268,367.201,900.636,456.798,0.168
mixed,128,2,0.0156,4.0,128,512,512,2048,536,551.742,1589.912,746.429,0.1875
mixed,128,2,0.0156,4.0,128,512,1024,4096,1072,923.709,2977.204,1303.803,0.1851
mixed,128,2,0.0156,4.0,128,512,2048,8192,2144,1657.465,5792.778,2439.734,0.1892
mixed,128,2,0.0156,4.0,128,512,4096,16384,4288,3123.54,11326.005,4709.486,0.1933
mixed,128,2,0.0156,4.0,128,1024,128,512,134,282.623,554.974,321.597,0.1431
mixed,128,2,0.0156,4.0,128,1024,256,1024,268,375.774,902.941,463.455,0.1663
mixed,128,2,0.0156,4.0,128,1024,512,2048,536,561.31,1602.394,748.924,0.1802
mixed,128,2,0.0156,4.0,128,1024,1024,4096,1072,927.132,2985.909,1310.298,0.1861
mixed,128,2,0.0156,4.0,128,1024,2048,8192,2144,1658.266,5789.256,2443.671,0.1901
mixed,128,2,0.0156,4.0,128,1024,4096,16384,4288,3117.524,11337.94,4707.409,0.1934
mixed,128,2,0.0156,4.0,128,2048,128,512,134,356.8,623.391,395.103,0.1437
mixed,128,2,0.0156,4.0,128,2048,256,1024,268,450.174,979.101,539.102,0.1681
mixed,128,2,0.0156,4.0,128,2048,512,2048,536,630.24,1679.226,821.694,0.1825
mixed,128,2,0.0156,4.0,128,2048,1024,4096,1072,1010.559,3062.23,1390.489,0.1852
mixed,128,2,0.0156,4.0,128,2048,2048,8192,2144,1734.424,5875.756,2524.278,0.1907
mixed,128,2,0.0156,4.0,128,2048,4096,16384,4288,3203.988,11392.598,4781.965,0.1927
mixed,128,2,0.0156,4.0,128,4096,128,512,134,436.417,706.555,472.255,0.1327
mixed,128,2,0.0156,4.0,128,4096,256,1024,268,529.599,1066.683,621.982,0.172
mixed,128,2,0.0156,4.0,128,4096,512,2048,536,711.52,1751.48,907.037,0.188
mixed,128,2,0.0156,4.0,128,4096,1024,4096,1072,1085.338,3158.739,1474.972,0.1879
mixed,128,2,0.0156,4.0,128,4096,2048,8192,2144,1814.297,5924.49,2600.694,0.1913
mixed,128,2,0.0156,4.0,128,4096,4096,16384,4288,3273.108,11520.917,4872.877,0.194
mixed,128,2,0.0156,4.0,128,8192,128,512,134,584.862,855.454,622.909,0.1406
mixed,128,2,0.0156,4.0,128,8192,256,1024,268,678.973,1215.837,768.541,0.1668
mixed,128,2,0.0156,4.0,128,8192,512,2048,536,859.61,1904.601,1046.108,0.1785
mixed,128,2,0.0156,4.0,128,8192,1024,4096,1072,1232.604,3296.818,1620.153,0.1877
mixed,128,2,0.0156,4.0,128,8192,2048,8192,2144,1966.583,6085.383,2757.429,0.192
mixed,128,2,0.0156,4.0,128,8192,4096,16384,4288,3412.468,11656.946,5016.943,0.1946
mixed,128,2,0.0156,4.0,256,0,128,512,134,292.639,559.934,329.789,0.139
mixed,128,2,0.0156,4.0,256,0,256,1024,268,385.377,908.285,473.503,0.1685
mixed,128,2,0.0156,4.0,256,0,512,2048,536,565.662,1601.753,768.704,0.196
mixed,128,2,0.0156,4.0,256,0,1024,4096,1072,939.197,3006.836,1324.957,0.1866
mixed,128,2,0.0156,4.0,256,0,2048,8192,2144,1684.284,5803.079,2454.903,0.1871
mixed,128,2,0.0156,4.0,256,0,4096,16384,4288,3132.598,11350.998,4718.128,0.1929
mixed,128,2,0.0156,4.0,256,512,128,512,134,359.166,627.453,397.726,0.1437
mixed,128,2,0.0156,4.0,256,512,256,1024,268,453.118,982.01,540.51,0.1652
mixed,128,2,0.0156,4.0,256,512,512,2048,536,633.757,1673.368,836.797,0.1953
mixed,128,2,0.0156,4.0,256,512,1024,4096,1072,1007.259,3065.078,1387.674,0.1849
mixed,128,2,0.0156,4.0,256,512,2048,8192,2144,1739.321,5839.177,2524.212,0.1914
mixed,128,2,0.0156,4.0,256,512,4096,16384,4288,3191.732,11435.957,4785.52,0.1933
mixed,128,2,0.0156,4.0,256,1024,128,512,134,410.11,678.752,452.478,0.1577
mixed,128,2,0.0156,4.0,256,1024,256,1024,268,503.804,1024.157,590.846,0.1673
mixed,128,2,0.0156,4.0,256,1024,512,2048,536,681.533,1719.483,868.062,0.1797
mixed,128,2,0.0156,4.0,256,1024,1024,4096,1072,1057.914,3123.444,1443.546,0.1867
mixed,128,2,0.0156,4.0,256,1024,2048,8192,2144,1793.242,5921.323,2550.743,0.1835
mixed,128,2,0.0156,4.0,256,1024,4096,16384,4288,3240.532,11495.157,4839.695,0.1937
mixed,128,2,0.0156,4.0,256,2048,128,512,134,446.942,715.421,482.397,0.1321
mixed,128,2,0.0156,4.0,256,2048,256,1024,268,539.71,1066.684,626.974,0.1656
mixed,128,2,0.0156,4.0,256,2048,512,2048,536,724.606,1763.353,910.941,0.1794
mixed,128,2,0.0156,4.0,256,2048,1024,4096,1072,1096.442,3153.811,1478.107,0.1855
mixed,128,2,0.0156,4.0,256,2048,2048,8192,2144,1828.152,5937.45,2614.039,0.1912
mixed,128,2,0.0156,4.0,256,2048,4096,16384,4288,3281.172,11540.406,4875.567,0.193
mixed,128,2,0.0156,4.0,256,4096,128,512,134,589.888,860.316,628.029,0.141
mixed,128,2,0.0156,4.0,256,4096,256,1024,268,682.749,1211.674,770.334,0.1656
mixed,128,2,0.0156,4.0,256,4096,512,2048,536,865.275,1911.799,1051.355,0.1778
mixed,128,2,0.0156,4.0,256,4096,1024,4096,1072,1241.5,3314.645,1619.033,0.1821
mixed,128,2,0.0156,4.0,256,4096,2048,8192,2144,1974.712,6081.866,2748.054,0.1883
mixed,128,2,0.0156,4.0,256,4096,4096,16384,4288,3431.027,11658.132,5019.853,0.1931
mixed,128,2,0.0156,4.0,256,8192,128,512,134,837.213,1107.549,873.629,0.1347
mixed,128,2,0.0156,4.0,256,8192,256,1024,268,931.802,1450.716,1016.668,0.1635
mixed,128,2,0.0156,4.0,256,8192,512,2048,536,1111.901,2155.831,1302.811,0.1829
mixed,128,2,0.0156,4.0,256,8192,1024,4096,1072,1485.947,3543.442,1869.338,0.1863
mixed,128,2,0.0156,4.0,256,8192,2048,8192,2144,2224.666,6348.904,2976.148,0.1822
mixed,128,2,0.0156,4.0,256,8192,4096,16384,4288,3688.721,11920.724,5255.53,0.1903
mixed,128,2,0.0156,4.0,512,0,128,512,134,409.407,677.566,444.033,0.1291
mixed,128,2,0.0156,4.0,512,0,256,1024,268,500.639,1031.678,587.839,0.1642
mixed,128,2,0.0156,4.0,512,0,512,2048,536,685.695,1730.776,875.258,0.1814
mixed,128,2,0.0156,4.0,512,0,1024,4096,1072,1060.381,3117.621,1443.101,0.186
mixed,128,2,0.0156,4.0,512,0,2048,8192,2144,1791.706,5894.122,2574.584,0.1908
mixed,128,2,0.0156,4.0,512,0,4096,16384,4288,3261.589,11488.343,4844.43,0.1924
mixed,128,2,0.0156,4.0,512,512,128,512,134,483.711,749.405,520.06,0.1368
mixed,128,2,0.0156,4.0,512,512,256,1024,268,574.684,1107.516,663.805,0.1673
mixed,128,2,0.0156,4.0,512,512,512,2048,536,756.828,1797.11,947.068,0.1829
mixed,128,2,0.0156,4.0,512,512,1024,4096,1072,1138.333,3206.582,1503.485,0.1766
mixed,128,2,0.0156,4.0,512,512,2048,8192,2144,1862.936,5994.442,2645.655,0.1895
mixed,128,2,0.0156,4.0,512,512,4096,16384,4288,3320.882,11503.572,4894.831,0.1924
mixed,128,2,0.0156,4.0,512,1024,128,512,134,553.597,821.21,587.804,0.1278
mixed,128,2,0.0156,4.0,512,1024,256,1024,268,645.247,1183.71,732.031,0.1612
mixed,128,2,0.0156,4.0,512,1024,512,2048,536,826.94,1869.753,1019.356,0.1845
mixed,128,2,0.0156,4.0,512,1024,1024,4096,1072,1196.443,3268.787,1573.21,0.1818
mixed,128,2,0.0156,4.0,512,1024,2048,8192,2144,1918.841,6029.065,2712.023,0.193
mixed,128,2,0.0156,4.0,512,1024,4096,16384,4288,3392.18,11601.108,4986.637,0.1942
mixed,128,2,0.0156,4.0,512,2048,128,512,134,695.966,963.932,731.165,0.1314
mixed,128,2,0.0156,4.0,512,2048,256,1024,268,790.014,1310.715,873.534,0.1604
mixed,128,2,0.0156,4.0,512,2048,512,2048,536,970.009,2015.831,1165.274,0.1867
mixed,128,2,0.0156,4.0,512,2048,1024,4096,1072,1347.578,3414.773,1736.697,0.1882
mixed,128,2,0.0156,4.0,512,2048,2048,8192,2144,2082.394,6175.818,2858.163,0.1895
mixed,128,2,0.0156,4.0,512,2048,4096,16384,4288,3531.986,11767.378,5128.654,0.1939
mixed,128,2,0.0156,4.0,512,4096,128,512,134,971.9,1242.906,1008.669,0.1357
mixed,128,2,0.0156,4.0,512,4096,256,1024,268,1064.636,1596.857,1156.441,0.1725
mixed,128,2,0.0156,4.0,512,4096,512,2048,536,1245.372,2283.734,1434.362,0.182
mixed,128,2,0.0156,4.0,512,4096,1024,4096,1072,1621.785,3683.155,1997.528,0.1823
mixed,128,2,0.0156,4.0,512,4096,2048,8192,2144,2353.847,6472.135,3132.276,0.189
mixed,128,2,0.0156,4.0,512,4096,4096,16384,4288,3809.457,12044.66,5388.008,0.1917
mixed,128,2,0.0156,4.0,512,8192,128,512,134,1525.53,1795.961,1563.707,0.1412
mixed,128,2,0.0156,4.0,512,8192,256,1024,268,1618.105,2144.022,1709.24,0.1733
mixed,128,2,0.0156,4.0,512,8192,512,2048,536,1800.475,2838.932,1979.031,0.1719
mixed,128,2,0.0156,4.0,512,8192,1024,4096,1072,2168.921,4240.239,2559.574,0.1886
mixed,128,2,0.0156,4.0,512,8192,2048,8192,2144,2908.564,7026.757,3695.281,0.191
mixed,128,2,0.0156,4.0,512,8192,4096,16384,4288,4348.273,12603.245,5951.752,0.1942
mixed,128,2,0.0156,4.0,1024,0,128,512,134,667.036,937.436,707.422,0.1494
mixed,128,2,0.0156,4.0,1024,0,256,1024,268,759.71,1286.938,851.679,0.1744
mixed,128,2,0.0156,4.0,1024,0,512,2048,536,942.782,1976.922,1127.674,0.1788
mixed,128,2,0.0156,4.0,1024,0,1024,4096,1072,1312.602,3373.042,1695.542,0.1859
mixed,128,2,0.0156,4.0,1024,0,2048,8192,2144,2051.802,6155.209,2818.838,0.1869
mixed,128,2,0.0156,4.0,1024,0,4096,16384,4288,3508.531,11755.567,5090.284,0.1918
mixed,128,2,0.0156,4.0,1024,512,128,512,134,846.333,1112.923,882.621,0.1361
mixed,128,2,0.0156,4.0,1024,512,256,1024,268,938.621,1470.01,1021.662,0.1563
mixed,128,2,0.0156,4.0,1024,512,512,2048,536,1120.83,2157.333,1308.763,0.1813
mixed,128,2,0.0156,4.0,1024,512,1024,4096,1072,1493.369,3558.417,1875.865,0.1852
mixed,128,2,0.0156,4.0,1024,512,2048,8192,2144,2228.79,6346.504,3010.93,0.1899
mixed,128,2,0.0156,4.0,1024,512,4096,16384,4288,3680.178,11920.175,5256.811,0.1913
mixed,128,2,0.0156,4.0,1024,1024,128,512,134,1001.853,1270.012,1034.811,0.1229
mixed,128,2,0.0156,4.0,1024,1024,256,1024,268,1090.941,1618.233,1179.294,0.1676
mixed,128,2,0.0156,4.0,1024,1024,512,2048,536,1273.946,2327.317,1457.146,0.1739
mixed,128,2,0.0156,4.0,1024,1024,1024,4096,1072,1645.4,3720.336,2014.743,0.178
mixed,128,2,0.0156,4.0,1024,1024,2048,8192,2144,2374.551,6497.699,3161.267,0.1908
mixed,128,2,0.0156,4.0,1024,1024,4096,16384,4288,3851.403,12061.23,5409.225,0.1898
mixed,128,2,0.0156,4.0,1024,2048,128,512,134,1277.497,1548.217,1312.474,0.1292
mixed,128,2,0.0156,4.0,1024,2048,256,1024,268,1366.521,1895.575,1461.209,0.179
mixed,128,2,0.0156,4.0,1024,2048,512,2048,536,1555.866,2596.311,1738.262,0.1753
mixed,128,2,0.0156,4.0,1024,2048,1024,4096,1072,1926.967,3985.772,2299.572,0.181
mixed,128,2,0.0156,4.0,1024,2048,2048,8192,2144,2649.94,6794.114,3442.962,0.1914
mixed,128,2,0.0156,4.0,1024,2048,4096,16384,4288,4119.154,12327.721,5728.998,0.1961
mixed,128,2,0.0156,4.0,1024,4096,128,512,134,1828.822,2097.079,1867.35,0.1436
mixed,128,2,0.0156,4.0,1024,4096,256,1024,268,1922.295,2449.301,2012.599,0.1714
mixed,128,2,0.0156,4.0,1024,4096,512,2048,536,2101.976,3148.466,2296.052,0.1855
mixed,128,2,0.0156,4.0,1024,4096,1024,4096,1072,2483.893,4526.956,2859.794,0.184
mixed,128,2,0.0156,4.0,1024,4096,2048,8192,2144,3209.364,7316.995,4001.679,0.1929
mixed,128,2,0.0156,4.0,1024,4096,4096,16384,4288,4665.675,12923.785,6262.692,0.1934
mixed,128,2,0.0156,4.0,1024,8192,128,512,134,2922.931,3190.161,2968.947,0.1722
mixed,128,2,0.0156,4.0,1024,8192,256,1024,268,3023.475,3548.72,3103.222,0.1518
mixed,128,2,0.0156,4.0,1024,8192,512,2048,536,3195.89,4236.398,3392.593,0.189
mixed,128,2,0.0156,4.0,1024,8192,1024,4096,1072,3565.2,5633.511,3951.984,0.187
mixed,128,2,0.0156,4.0,1024,8192,2048,8192,2144,4307.757,8427.162,5072.584,0.1857
mixed,128,2,0.0156,4.0,1024,8192,4096,16384,4288,5774.598,13977.86,7342.527,0.1911
mixed,128,2,0.0156,4.0,2048,0,128,512,134,1125.051,1393.754,1160.508,0.132
mixed,128,2,0.0156,4.0,2048,0,256,1024,268,1216.316,1744.762,1302.331,0.1628
mixed,128,2,0.0156,4.0,2048,0,512,2048,536,1394.842,2446.293,1588.378,0.1841
mixed,128,2,0.0156,4.0,2048,0,1024,4096,1072,1767.574,3831.279,2148.022,0.1844
mixed,128,2,0.0156,4.0,2048,0,2048,8192,2144,2509.555,6650.498,3289.842,0.1884
mixed,128,2,0.0156,4.0,2048,0,4096,16384,4288,3950.895,12170.92,5548.901,0.1944
mixed,128,2,0.0156,4.0,2048,512,128,512,134,1457.338,1728.087,1496.602,0.145
mixed,128,2,0.0156,4.0,2048,512,256,1024,268,1552.086,2078.39,1642.615,0.172
mixed,128,2,0.0156,4.0,2048,512,512,2048,536,1735.993,2775.348,1921.111,0.1781
mixed,128,2,0.0156,4.0,2048,512,1024,4096,1072,2109.206,4179.342,2477.236,0.1778
mixed,128,2,0.0156,4.0,2048,512,2048,8192,2144,2845.683,6949.762,3602.83,0.1845
mixed,128,2,0.0156,4.0,2048,512,4096,16384,4288,4300.366,12519.272,5886.694,0.193
mixed,128,2,0.0156,4.0,2048,1024,128,512,134,1796.247,2065.75,1830.84,0.1284
mixed,128,2,0.0156,4.0,2048,1024,256,1024,268,1886.935,2416.787,1973.814,0.164
mixed,128,2,0.0156,4.0,2048,1024,512,2048,536,2072.086,3118.289,2265.525,0.1849
mixed,128,2,0.0156,4.0,2048,1024,1024,4096,1072,2451.028,4510.635,2833.714,0.1858
mixed,128,2,0.0156,4.0,2048,1024,2048,8192,2144,3185.236,7307.486,3960.493,0.1881
mixed,128,2,0.0156,4.0,2048,1024,4096,16384,4288,4646.347,12852.579,6217.666,0.1915
mixed,128,2,0.0156,4.0,2048,2048,128,512,134,2345.368,2613.906,2385.75,0.1504
mixed,128,2,0.0156,4.0,2048,2048,256,1024,268,2434.967,2968.435,2526.579,0.1717
mixed,128,2,0.0156,4.0,2048,2048,512,2048,536,2623.667,3658.512,2819.57,0.1893
mixed,128,2,0.0156,4.0,2048,2048,1024,4096,1072,2992.786,5057.831,3380.913,0.188
mixed,128,2,0.0156,4.0,2048,2048,2048,8192,2144,3731.824,7834.365,4500.203,0.1873
mixed,128,2,0.0156,4.0,2048,2048,4096,16384,4288,5192.331,13419.524,6780.579,0.193
mixed,128,2,0.0156,4.0,2048,4096,128,512,134,3439.855,3713.679,3482.161,0.1545
mixed,128,2,0.0156,4.0,2048,4096,256,1024,268,3532.526,4060.589,3626.51,0.178
mixed,128,2,0.0156,4.0,2048,4096,512,2048,536,3714.959,4766.411,3902.093,0.178
mixed,128,2,0.0156,4.0,2048,4096,1024,4096,1072,4092.011,6153.153,4468.648,0.1827
mixed,128,2,0.0156,4.0,2048,4096,2048,8192,2144,4828.072,8934.134,5602.884,0.1887
mixed,128,2,0.0156,4.0,2048,4096,4096,16384,4288,6296.61,14517.531,7868.793,0.1912
mixed,128,2,0.0156,4.0,2048,8192,128,512,134,5637.348,5903.715,5678.087,0.1529
mixed,128,2,0.0156,4.0,2048,8192,256,1024,268,5734.34,6258.337,5822.566,0.1684
mixed,128,2,0.0156,4.0,2048,8192,512,2048,536,5911.333,6948.671,6100.162,0.182
mixed,128,2,0.0156,4.0,2048,8192,1024,4096,1072,6297.153,8348.632,6674.402,0.1839
mixed,128,2,0.0156,4.0,2048,8192,2048,8192,2144,7014.046,11135.626,7779.483,0.1857
mixed,128,2,0.0156,4.0,2048,8192,4096,16384,4288,8481.845,16687.601,10047.788,0.1908
pure,128,3,0.0234,4.0,0,0,128,512,137,171.615,443.326,219.772,0.1772
pure,128,3,0.0234,4.0,0,0,256,1024,274,268.544,788.989,376.895,0.2082
pure,128,3,0.0234,4.0,0,0,512,2048,548,463.837,1485.338,678.589,0.2102
pure,128,3,0.0234,4.0,0,0,1024,4096,1096,833.979,2881.811,1311.546,0.2332
pure,128,3,0.0234,4.0,0,0,2048,8192,2192,1580.503,5683.748,2547.316,0.2356
pure,128,3,0.0234,4.0,0,0,4096,16384,4384,3069.361,11205.098,5051.721,0.2437
mixed,128,3,0.0234,4.0,16,0,128,512,137,183.2,447.934,231.55,0.1826
mixed,128,3,0.0234,4.0,16,0,256,1024,274,274.334,792.283,385.247,0.2141
mixed,128,3,0.0234,4.0,16,0,512,2048,548,474.878,1500.633,694.139,0.2138
mixed,128,3,0.0234,4.0,16,0,1024,4096,1096,839.805,2897.937,1305.371,0.2262
mixed,128,3,0.0234,4.0,16,0,2048,8192,2192,1585.848,5671.429,2549.649,0.2359
mixed,128,3,0.0234,4.0,16,0,4096,16384,4384,3077.009,11221.258,5025.64,0.2393
mixed,128,3,0.0234,4.0,16,512,128,512,137,217.888,485.052,270.72,0.1978
mixed,128,3,0.0234,4.0,16,512,256,1024,274,307.806,831.581,421.982,0.218
mixed,128,3,0.0234,4.0,16,512,512,2048,548,505.628,1522.647,743.645,0.234
mixed,128,3,0.0234,4.0,16,512,1024,4096,1096,874.749,2937.103,1327.034,0.2193
mixed,128,3,0.0234,4.0,16,512,2048,8192,2192,1603.478,5672.964,2596.657,0.2441
mixed,128,3,0.0234,4.0,16,512,4096,16384,4384,3110.96,11215.657,5039.463,0.2379
mixed,128,3,0.0234,4.0,16,1024,128,512,137,221.056,487.968,269.632,0.182
mixed,128,3,0.0234,4.0,16,1024,256,1024,274,311.584,835.356,427.423,0.2212
mixed,128,3,0.0234,4.0,16,1024,512,2048,548,506.399,1531.8,728.541,0.2166
mixed,128,3,0.0234,4.0,16,1024,1024,4096,1096,888.06,2922.803,1344.918,0.2245
mixed,128,3,0.0234,4.0,16,1024,2048,8192,2192,1617.529,5695.684,2577.202,0.2353
mixed,128,3,0.0234,4.0,16,1024,4096,16384,4384,3106.898,11275.273,5033.672,0.2359
mixed,128,3,0.0234,4.0,16,2048,128,512,137,225.022,492.251,274.559,0.1854
mixed,128,3,0.0234,4.0,16,2048,256,1024,274,316.67,838.046,428.862,0.2152
mixed,128,3,0.0234,4.0,16,2048,512,2048,548,514.846,1542.65,729.692,0.209
mixed,128,3,0.0234,4.0,16,2048,1024,4096,1096,881.02,2931.568,1347.45,0.2275
mixed,128,3,0.0234,4.0,16,2048,2048,8192,2192,1621.334,5682.179,2603.986,0.242
mixed,128,3,0.0234,4.0,16,2048,4096,16384,4384,3129.426,11220.969,5037.958,0.2359
mixed,128,3,0.0234,4.0,16,4096,128,512,137,234.397,500.99,280.352,0.1724
mixed,128,3,0.0234,4.0,16,4096,256,1024,274,327.166,849.723,441.343,0.2185
mixed,128,3,0.0234,4.0,16,4096,512,2048,548,523.678,1548.025,738.876,0.2101
mixed,128,3,0.0234,4.0,16,4096,1024,4096,1096,892.57,2925.33,1378.106,0.2389
mixed,128,3,0.0234,4.0,16,4096,2048,8192,2192,1634.163,5705.604,2593.202,0.2356
mixed,128,3,0.0234,4.0,16,4096,4096,16384,4384,3138.416,11235.304,5035.977,0.2344
mixed,128,3,0.0234,4.0,16,8192,128,512,137,270.686,540.509,317.056,0.1719
mixed,128,3,0.0234,4.0,16,8192,256,1024,274,363.518,887.227,475.966,0.2147
mixed,128,3,0.0234,4.0,16,8192,512,2048,548,562.076,1587.414,780.06,0.2126
mixed,128,3,0.0234,4.0,16,8192,1024,4096,1096,934.907,2969.712,1395.927,0.2266
mixed,128,3,0.0234,4.0,16,8192,2048,8192,2192,1661.561,5766.79,2599.797,0.2285
mixed,128,3,0.0234,4.0,16,8192,4096,16384,4384,3186.545,11261.737,5065.288,0.2327
mixed,128,3,0.0234,4.0,32,0,128,512,137,214.847,483.773,260.833,0.171
mixed,128,3,0.0234,4.0,32,0,256,1024,274,308.831,827.036,414.878,0.2046
mixed,128,3,0.0234,4.0,32,0,512,2048,548,506.173,1526.522,733.308,0.2226
mixed,128,3,0.0234,4.0,32,0,1024,4096,1096,878.714,2931.888,1317.497,0.2137
mixed,128,3,0.0234,4.0,32,0,2048,8192,2192,1626.425,5713.827,2595.602,0.2371
mixed,128,3,0.0234,4.0,32,0,4096,16384,4384,3104.912,11267.784,5038.022,0.2368
mixed,128,3,0.0234,4.0,32,512,128,512,137,240.735,507.067,288.417,0.179
mixed,128,3,0.0234,4.0,32,512,256,1024,274,335.87,859.261,453.372,0.2245
mixed,128,3,0.0234,4.0,32,512,512,2048,548,530.494,1550.903,747.322,0.2125
mixed,128,3,0.0234,4.0,32,512,1024,4096,1096,896.377,2939.219,1353.467,0.2238
mixed,128,3,0.0234,4.0,32,512,2048,8192,2192,1646.616,5700.128,2595.251,0.234
mixed,128,3,0.0234,4.0,32,512,4096,16384,4384,3144.751,11264.325,5042.599,0.2337
mixed,128,3,0.0234,4.0,32,1024,128,512,137,244.159,510.588,289.631,0.1707
mixed,128,3,0.0234,4.0,32,1024,256,1024,274,339.007,870.14,444.831,0.1992
mixed,128,3,0.0234,4.0,32,1024,512,2048,548,534.908,1549.142,752.124,0.2142
mixed,128,3,0.0234,4.0,32,1024,1024,4096,1096,901.597,2932.817,1352.122,0.2218
mixed,128,3,0.0234,4.0,32,1024,2048,8192,2192,1646.553,5722.051,2573.108,0.2273
mixed,128,3,0.0234,4.0,32,1024,4096,16384,4384,3127.408,11234.342,5030.341,0.2347
mixed,128,3,0.0234,4.0,32,2048,128,512,137,252.351,520.86,309.567,0.2131
mixed,128,3,0.0234,4.0,32,2048,256,1024,274,348.192,867.549,455.134,0.2059
mixed,128,3,0.0234,4.0,32,2048,512,2048,548,538.686,1565.56,763.739,0.2192
mixed,128,3,0.0234,4.0,32,2048,1024,4096,1096,914.011,2953.234,1378.649,0.2279
mixed,128,3,0.0234,4.0,32,2048,2048,8192,2192,1659.383,5706.561,2589.492,0.2298
mixed,128,3,0.0234,4.0,32,2048,4096,16384,4384,3161.52,11264.356,5084.136,0.2373
mixed,128,3,0.0234,4.0,32,4096,128,512,137,268.316,538.014,316.54,0.1788
mixed,128,3,0.0234,4.0,32,4096,256,1024,274,363.582,889.947,484.479,0.2297
mixed,128,3,0.0234,4.0,32,4096,512,2048,548,557.917,1572.537,766.395,0.2055
mixed,128,3,0.0234,4.0,32,4096,1024,4096,1096,932.732,2983.312,1407.258,0.2314
mixed,128,3,0.0234,4.0,32,4096,2048,8192,2192,1676.311,5740.034,2615.731,0.2312
mixed,128,3,0.0234,4.0,32,4096,4096,16384,4384,3158.546,11269.799,5058.117,0.2342
mixed,128,3,0.0234,4.0,32,8192,128,512,137,359.103,627.358,404.062,0.1676
mixed,128,3,0.0234,4.0,32,8192,256,1024,274,454.654,977.374,555.837,0.1936
mixed,128,3,0.0234,4.0,32,8192,512,2048,548,651.26,1683.704,871.771,0.2136
mixed,128,3,0.0234,4.0,32,8192,1024,4096,1096,1024.858,3054.705,1476.057,0.2223
mixed,128,3,0.0234,4.0,32,8192,2048,8192,2192,1764.76,5804.095,2717.394,0.2358
mixed,128,3,0.0234,4.0,32,8192,4096,16384,4384,3248.495,11339.717,5177.123,0.2384
mixed,128,3,0.0234,4.0,64,0,128,512,137,216.799,483.518,261.022,0.1658
mixed,128,3,0.0234,4.0,64,0,256,1024,274,311.071,828.668,423.964,0.2181
mixed,128,3,0.0234,4.0,64,0,512,2048,548,502.908,1536.184,722.877,0.2129
mixed,128,3,0.0234,4.0,64,0,1024,4096,1096,876.379,2916.817,1346.875,0.2306
mixed,128,3,0.0234,4.0,64,0,2048,8192,2192,1631.381,5710.754,2586.673,0.2342
mixed,128,3,0.0234,4.0,64,0,4096,16384,4384,3128.783,11279.396,5044.869,0.2351
mixed,128,3,0.0234,4.0,64,512,128,512,137,251.197,518.173,298.815,0.1784
mixed,128,3,0.0234,4.0,64,512,256,1024,274,347.967,865.146,452.093,0.2013
mixed,128,3,0.0234,4.0,64,512,512,2048,548,537.982,1565.531,775.998,0.2316
mixed,128,3,0.0234,4.0,64,512,1024,4096,1096,917.113,2946.447,1374.617,0.2254
mixed,128,3,0.0234,4.0,64,512,2048,8192,2192,1667.188,5724.129,2577.745,0.2244
mixed,128,3,0.0234,4.0,64,512,4096,16384,4384,3158.191,11306.788,5045.35,0.2316
mixed,128,3,0.0234,4.0,64,1024,128,512,137,258.239,527.677,306.08,0.1776
mixed,128,3,0.0234,4.0,64,1024,256,1024,274,351.389,876.798,454.11,0.1955
mixed,128,3,0.0234,4.0,64,1024,512,2048,548,546.842,1573.493,767.163,0.2146
mixed,128,3,0.0234,4.0,64,1024,1024,4096,1096,925.212,2966.096,1365.818,0.2159
mixed,128,3,0.0234,4.0,64,1024,2048,8192,2192,1681.4,5763.17,2595.667,0.224
mixed,128,3,0.0234,4.0,64,1024,4096,16384,4384,3156.656,11324.42,5061.797,0.2333
mixed,128,3,0.0234,4.0,64,2048,128,512,137,271.324,542.334,318.269,0.1732
mixed,128,3,0.0234,4.0,64,2048,256,1024,274,364.254,885.433,468.99,0.201
mixed,128,3,0.0234,4.0,64,2048,512,2048,548,562.782,1595.96,770.812,0.2013
mixed,128,3,0.0234,4.0,64,2048,1024,4096,1096,934.589,2980.432,1382.328,0.2189
mixed,128,3,0.0234,4.0,64,2048,2048,8192,2192,1676.728,5757.249,2607.121,0.228
mixed,128,3,0.0234,4.0,64,2048,4096,16384,4384,3186.413,11332.644,5042.82,0.2279
mixed,128,3,0.0234,4.0,64,4096,128,512,137,348.541,618.014,394.846,0.1718
mixed,128,3,0.0234,4.0,64,4096,256,1024,274,443.518,966.971,553.534,0.2102
mixed,128,3,0.0234,4.0,64,4096,512,2048,548,640.605,1661.048,845.884,0.2012
mixed,128,3,0.0234,4.0,64,4096,1024,4096,1096,1007.838,3046.449,1464.891,0.2242
mixed,128,3,0.0234,4.0,64,4096,2048,8192,2192,1759.096,5843.041,2675.088,0.2243
mixed,128,3,0.0234,4.0,64,4096,4096,16384,4384,3264.847,11407.97,5143.012,0.2306
mixed,128,3,0.0234,4.0,64,8192,128,512,137,427.934,701.66,470.878,0.1569
mixed,128,3,0.0234,4.0,64,8192,256,1024,274,526.686,1042.906,636.028,0.2118
mixed,128,3,0.0234,4.0,64,8192,512,2048,548,721.467,1750.07,935.451,0.208
mixed,128,3,0.0234,4.0,64,8192,1024,4096,1096,1084.221,3142.607,1535.637,0.2193
mixed,128,3,0.0234,4.0,64,8192,2048,8192,2192,1840.662,5936.734,2771.152,0.2272
mixed,128,3,0.0234,4.0,64,8192,4096,16384,4384,3330.286,11475.844,5157.221,0.2243
mixed,128,3,0.0234,4.0,128,0,128,512,137,231.969,501.628,275.645,0.162
mixed,128,3,0.0234,4.0,128,0,256,1024,274,329.278,847.42,433.308,0.2008
mixed,128,3,0.0234,4.0,128,0,512,2048,548,522.365,1544.474,743.295,0.2162
mixed,128,3,0.0234,4.0,128,0,1024,4096,1096,890.235,2949.392,1336.633,0.2168
mixed,128,3,0.0234,4.0,128,0,2048,8192,2192,1629.174,5741.153,2585.842,0.2327
mixed,128,3,0.0234,4.0,128,0,4096,16384,4384,3131.343,11301.505,5035.555,0.2331
mixed,128,3,0.0234,4.0,128,512,128,512,137,272.959,543.2,318.557,0.1687
mixed,128,3,0.0234,4.0,128,512,256,1024,274,371.26,889.084,476.062,0.2024
mixed,128,3,0.0234,4.0,128,512,512,2048,548,568.477,1588.725,795.291,0.2223
mixed,128,3,0.0234,4.0,128,512,1024,4096,1096,935.807,2973.23,1407.515,0.2315
mixed,128,3,0.0234,4.0,128,512,2048,8192,2192,1690.645,5762.047,2630.482,0.2308
mixed,128,3,0.0234,4.0,128,512,4096,16384,4384,3172.528,11314.084,5098.339,0.2365
mixed,128,3,0.0234,4.0,128,1024,128,512,137,282.175,550.239,332.574,0.188
mixed,128,3,0.0234,4.0,128,1024,256,1024,274,377.055,902.585,477.276,0.1907
mixed,128,3,0.0234,4.0,128,1024,512,2048,548,574.428,1596.216,799.836,0.2206
mixed,128,3,0.0234,4.0,128,1024,1024,4096,1096,943.195,2987.791,1401.689,0.2242
mixed,128,3,0.0234,4.0,128,1024,2048,8192,2192,1694.165,5790.464,2639.475,0.2308
mixed,128,3,0.0234,4.0,128,1024,4096,16384,4384,3212.88,11326.851,5087.173,0.231
mixed,128,3,0.0234,4.0,128,2048,128,512,137,355.454,623.899,402.716,0.1761
mixed,128,3,0.0234,4.0,128,2048,256,1024,274,447.969,972.762,561.468,0.2163
mixed,128,3,0.0234,4.0,128,2048,512,2048,548,652.255,1677.27,864.38,0.2069
mixed,128,3,0.0234,4.0,128,2048,1024,4096,1096,1016.539,3058.702,1472.12,0.2231
mixed,128,3,0.0234,4.0,128,2048,2048,8192,2192,1776.182,5842.208,2700.465,0.2273
mixed,128,3,0.0234,4.0,128,2048,4096,16384,4384,3265.518,11366.243,5146.565,0.2322
mixed,128,3,0.0234,4.0,128,4096,128,512,137,434.4,702.748,486.144,0.1928
mixed,128,3,0.0234,4.0,128,4096,256,1024,274,532.702,1056.857,636.763,0.1985
mixed,128,3,0.0234,4.0,128,4096,512,2048,548,728.379,1751.379,943.545,0.2103
mixed,128,3,0.0234,4.0,128,4096,1024,4096,1096,1098.682,3145.806,1551.929,0.2214
mixed,128,3,0.0234,4.0,128,4096,2048,8192,2192,1855.061,5913.121,2772.243,0.226
mixed,128,3,0.0234,4.0,128,4096,4096,16384,4384,3338.284,11523.264,5247.394,0.2332
mixed,128,3,0.0234,4.0,128,8192,128,512,137,584.316,853.723,628.314,0.1633
mixed,128,3,0.0234,4.0,128,8192,256,1024,274,683.581,1197.082,784.669,0.1969
mixed,128,3,0.0234,4.0,128,8192,512,2048,548,868.858,1894.625,1091.809,0.2174
mixed,128,3,0.0234,4.0,128,8192,1024,4096,1096,1245.281,3290.912,1703.456,0.224
mixed,128,3,0.0234,4.0,128,8192,2048,8192,2192,1996.225,6076.193,2939.04,0.2311
mixed,128,3,0.0234,4.0,128,8192,4096,16384,4384,3491.553,11623.397,5376.224,0.2318
mixed,128,3,0.0234,4.0,256,0,128,512,137,292.128,561.28,338.08,0.1707
mixed,128,3,0.0234,4.0,256,0,256,1024,274,386.595,905.056,504.545,0.2275
mixed,128,3,0.0234,4.0,256,0,512,2048,548,583.263,1608.545,798.464,0.2099
mixed,128,3,0.0234,4.0,256,0,1024,4096,1096,948.863,3005.439,1411.392,0.2249
mixed,128,3,0.0234,4.0,256,0,2048,8192,2192,1700.961,5782.849,2641.757,0.2305
mixed,128,3,0.0234,4.0,256,0,4096,16384,4384,3194.69,11374.144,5120.128,0.2354
mixed,128,3,0.0234,4.0,256,512,128,512,137,359.744,632.288,407.936,0.1768
mixed,128,3,0.0234,4.0,256,512,256,1024,274,456.319,974.882,558.975,0.198
mixed,128,3,0.0234,4.0,256,512,512,2048,548,650.336,1673.405,879.936,0.2244
mixed,128,3,0.0234,4.0,256,512,1024,4096,1096,1026.527,3076.127,1464.448,0.2137
mixed,128,3,0.0234,4.0,256,512,2048,8192,2192,1764.67,5849.759,2703.2,0.2297
mixed,128,3,0.0234,4.0,256,512,4096,16384,4384,3265.63,11427.295,5140.35,0.2297
mixed,128,3,0.0234,4.0,256,1024,128,512,137,413.215,680.381,460.544,0.1772
mixed,128,3,0.0234,4.0,256,1024,256,1024,274,508.834,1028.257,613.025,0.2006
mixed,128,3,0.0234,4.0,256,1024,512,2048,548,703.967,1728.831,932.799,0.2233
mixed,128,3,0.0234,4.0,256,1024,1024,4096,1096,1068.545,3106.91,1542.592,0.2326
mixed,128,3,0.0234,4.0,256,1024,2048,8192,2192,1811.614,5911.42,2767.999,0.2333
mixed,128,3,0.0234,4.0,256,1024,4096,16384,4384,3313.566,11492.892,5238.429,0.2353
mixed,128,3,0.0234,4.0,256,2048,128,512,137,445.472,715.872,490.591,0.1669
mixed,128,3,0.0234,4.0,256,2048,256,1024,274,543.551,1065.568,647.903,0.1999
mixed,128,3,0.0234,4.0,256,2048,512,2048,548,737.695,1761.888,962.111,0.2191
mixed,128,3,0.0234,4.0,256,2048,1024,4096,1096,1112.802,3145.213,1571.517,0.2257
mixed,128,3,0.0234,4.0,256,2048,2048,8192,2192,1854.751,5945.212,2781.664,0.2266
mixed,128,3,0.0234,4.0,256,2048,4096,16384,4384,3354.878,11530.074,5289.308,0.2366
mixed,128,3,0.0234,4.0,256,4096,128,512,137,591.552,860.383,633.921,0.1576
mixed,128,3,0.0234,4.0,256,4096,256,1024,274,687.808,1210.88,784.127,0.1841
mixed,128,3,0.0234,4.0,256,4096,512,2048,548,883.807,1901.727,1103.36,0.2157
mixed,128,3,0.0234,4.0,256,4096,1024,4096,1096,1256.576,3299.231,1709.79,0.2219
mixed,128,3,0.0234,4.0,256,4096,2048,8192,2192,1997.598,6105.243,2924.477,0.2256
mixed,128,3,0.0234,4.0,256,4096,4096,16384,4384,3507.869,11619.733,5411.995,0.2347
mixed,128,3,0.0234,4.0,256,8192,128,512,137,836.254,1108.159,881.727,0.1672
mixed,128,3,0.0234,4.0,256,8192,256,1024,274,933.184,1452.639,1045.467,0.2162
mixed,128,3,0.0234,4.0,256,8192,512,2048,548,1127.84,2157.948,1338.014,0.204
mixed,128,3,0.0234,4.0,256,8192,1024,4096,1096,1497.726,3543.9,1942.877,0.2176
mixed,128,3,0.0234,4.0,256,8192,2048,8192,2192,2242.461,6326.452,3180.891,0.2298
mixed,128,3,0.0234,4.0,256,8192,4096,16384,4384,3742.876,11901.14,5655.128,0.2344
mixed,128,3,0.0234,4.0,512,0,128,512,137,409.473,678.784,454.721,0.168
mixed,128,3,0.0234,4.0,512,0,256,1024,274,506.878,1026.112,616.766,0.2116
mixed,128,3,0.0234,4.0,512,0,512,2048,548,699.328,1734.622,921.15,0.2143
mixed,128,3,0.0234,4.0,512,0,1024,4096,1096,1071.263,3115.292,1538.334,0.2285
mixed,128,3,0.0234,4.0,512,0,2048,8192,2192,1826.113,5905.593,2748.827,0.2262
mixed,128,3,0.0234,4.0,512,0,4096,16384,4384,3320.603,11464.466,5246.776,0.2365
mixed,128,3,0.0234,4.0,512,512,128,512,137,485.022,753.664,532.702,0.1775
mixed,128,3,0.0234,4.0,512,512,256,1024,274,576.703,1102.59,689.343,0.2142
mixed,128,3,0.0234,4.0,512,512,512,2048,548,776.863,1802.623,1001.086,0.2186
mixed,128,3,0.0234,4.0,512,512,1024,4096,1096,1144.86,3186.33,1608.126,0.2269
mixed,128,3,0.0234,4.0,512,512,2048,8192,2192,1895.678,5981.465,2857.884,0.2355
mixed,128,3,0.0234,4.0,512,512,4096,16384,4384,3402.171,11509.294,5333.047,0.2382
mixed,128,3,0.0234,4.0,512,1024,128,512,137,550.719,821.439,599.936,0.1818
mixed,128,3,0.0234,4.0,512,1024,256,1024,274,645.537,1167.456,758.273,0.216
mixed,128,3,0.0234,4.0,512,1024,512,2048,548,840.702,1867.804,1067.421,0.2207
mixed,128,3,0.0234,4.0,512,1024,1024,4096,1096,1218.334,3259.741,1681.407,0.2268
mixed,128,3,0.0234,4.0,512,1024,2048,8192,2192,1969.467,6038.166,2929.72,0.236
mixed,128,3,0.0234,4.0,512,1024,4096,16384,4384,3453.339,11606.93,5406.488,0.2395
mixed,128,3,0.0234,4.0,512,2048,128,512,137,696.959,962.94,745.054,0.1808
mixed,128,3,0.0234,4.0,512,2048,256,1024,274,788.54,1314.367,906.431,0.2242
mixed,128,3,0.0234,4.0,512,2048,512,2048,548,985.503,2017.789,1211.551,0.219
mixed,128,3,0.0234,4.0,512,2048,1024,4096,1096,1354.494,3410.394,1819.261,0.2261
mixed,128,3,0.0234,4.0,512,2048,2048,8192,2192,2116.99,6189.588,3107.098,0.2431
mixed,128,3,0.0234,4.0,512,2048,4096,16384,4384,3594.875,11763.948,5492.118,0.2322
mixed,128,3,0.0234,4.0,512,4096,128,512,137,972.029,1241.758,1018.43,0.172
mixed,128,3,0.0234,4.0,512,4096,256,1024,274,1068.764,1594.749,1184.125,0.2193
mixed,128,3,0.0234,4.0,512,4096,512,2048,548,1265.598,2288.8,1468.157,0.198
mixed,128,3,0.0234,4.0,512,4096,1024,4096,1096,1629.021,3686.011,2105.659,0.2317
mixed,128,3,0.0234,4.0,512,4096,2048,8192,2192,2382.044,6444.404,3313.052,0.2292
mixed,128,3,0.0234,4.0,512,4096,4096,16384,4384,3862.361,12016.808,5814.229,0.2394
mixed,128,3,0.0234,4.0,512,8192,128,512,137,1526.75,1797.275,1572.604,0.1695
mixed,128,3,0.0234,4.0,512,8192,256,1024,274,1626.621,2147.132,1735.902,0.2099
mixed,128,3,0.0234,4.0,512,8192,512,2048,548,1818.462,2847.77,2033.853,0.2093
mixed,128,3,0.0234,4.0,512,8192,1024,4096,1096,2190.938,4229.976,2639.514,0.22
mixed,128,3,0.0234,4.0,512,8192,2048,8192,2192,2933.563,7015.154,3872.855,0.2301
mixed,128,3,0.0234,4.0,512,8192,4096,16384,4384,4424.086,12594.472,6398.226,0.2416
mixed,128,3,0.0234,4.0,1024,0,128,512,137,667.296,937.311,713.343,0.1705
mixed,128,3,0.0234,4.0,1024,0,256,1024,274,762.62,1290.557,877.471,0.2175
mixed,128,3,0.0234,4.0,1024,0,512,2048,548,955.741,1980.606,1183.612,0.2223
mixed,128,3,0.0234,4.0,1024,0,1024,4096,1096,1327.613,3391.001,1801.181,0.2295
mixed,128,3,0.0234,4.0,1024,0,2048,8192,2192,2073.244,6157.235,3016.793,0.231
mixed,128,3,0.0234,4.0,1024,0,4096,16384,4384,3585.625,11734.537,5460.339,0.2301
mixed,128,3,0.0234,4.0,1024,512,128,512,137,844.286,1116.093,894.268,0.1839
mixed,128,3,0.0234,4.0,1024,512,256,1024,274,937.788,1463.165,1044.091,0.2023
mixed,128,3,0.0234,4.0,1024,512,512,2048,548,1133.786,2166.554,1352.031,0.2113
mixed,128,3,0.0234,4.0,1024,512,1024,4096,1096,1509.085,3544.442,1979.548,0.2311
mixed,128,3,0.0234,4.0,1024,512,2048,8192,2192,2248.443,6341.971,3225.337,0.2386
mixed,128,3,0.0234,4.0,1024,512,4096,16384,4384,3746.202,11899.496,5686.386,0.238
mixed,128,3,0.0234,4.0,1024,1024,128,512,137,999.454,1265.342,1043.708,0.1664
mixed,128,3,0.0234,4.0,1024,1024,256,1024,274,1093.918,1614.875,1194.621,0.1933
mixed,128,3,0.0234,4.0,1024,1024,512,2048,548,1295.134,2323.322,1506.332,0.2054
mixed,128,3,0.0234,4.0,1024,1024,1024,4096,1096,1671.163,3722.455,2117.978,0.2178
mixed,128,3,0.0234,4.0,1024,1024,2048,8192,2192,2416.73,6498.16,3368.344,0.2332
mixed,128,3,0.0234,4.0,1024,1024,4096,16384,4384,3903.095,12076.099,5806.835,0.2329
mixed,128,3,0.0234,4.0,1024,2048,128,512,137,1276.671,1548.542,1322.139,0.1672
mixed,128,3,0.0234,4.0,1024,2048,256,1024,274,1371.71,1896.379,1482.301,0.2108
mixed,128,3,0.0234,4.0,1024,2048,512,2048,548,1566.812,2603.065,1782.653,0.2083
mixed,128,3,0.0234,4.0,1024,2048,1024,4096,1096,1935.419,3992.086,2420.219,0.2357
mixed,128,3,0.0234,4.0,1024,2048,2048,8192,2192,2689.339,6783.343,3639.861,0.2322
mixed,128,3,0.0234,4.0,1024,2048,4096,16384,4384,4173.302,12333.35,6092.688,0.2352
mixed,128,3,0.0234,4.0,1024,4096,128,512,137,1829.148,2101.819,1877.273,0.1765
mixed,128,3,0.0234,4.0,1024,4096,256,1024,274,1923.997,2450.427,2038.076,0.2167
mixed,128,3,0.0234,4.0,1024,4096,512,2048,548,2126.973,3147.609,2339.837,0.2086
mixed,128,3,0.0234,4.0,1024,4096,1024,4096,1096,2493.818,4531.543,2939.545,0.2187
mixed,128,3,0.0234,4.0,1024,4096,2048,8192,2192,3237.496,7314.384,4189.686,0.2336
mixed,128,3,0.0234,4.0,1024,4096,4096,16384,4384,4724.213,12899.261,6666.478,0.2376
mixed,128,3,0.0234,4.0,1024,8192,128,512,137,2926.809,3190.328,2974.646,0.1815
mixed,128,3,0.0234,4.0,1024,8192,256,1024,274,3024.439,3544.757,3123.351,0.1901
mixed,128,3,0.0234,4.0,1024,8192,512,2048,548,3212.984,4244.437,3438.647,0.2188
mixed,128,3,0.0234,4.0,1024,8192,1024,4096,1096,3589.112,5651.471,4049.751,0.2234
mixed,128,3,0.0234,4.0,1024,8192,2048,8192,2192,4332.821,8414.571,5283.859,0.233
mixed,128,3,0.0234,4.0,1024,8192,4096,16384,4384,5823.568,13978.234,7762.795,0.2378
mixed,128,3,0.0234,4.0,2048,0,128,512,137,1122.65,1390.589,1171.773,0.1833
mixed,128,3,0.0234,4.0,2048,0,256,1024,274,1221.884,1746.461,1324.123,0.1949
mixed,128,3,0.0234,4.0,2048,0,512,2048,548,1414.652,2444.248,1642.81,0.2216
mixed,128,3,0.0234,4.0,2048,0,1024,4096,1096,1790.234,3845.944,2244.922,0.2212
mixed,128,3,0.0234,4.0,2048,0,2048,8192,2192,2531.769,6619.952,3470.135,0.2295
mixed,128,3,0.0234,4.0,2048,0,4096,16384,4384,4012.599,12176.578,5956.368,0.2381
mixed,128,3,0.0234,4.0,2048,512,128,512,137,1457.372,1726.523,1509.181,0.1925
mixed,128,3,0.0234,4.0,2048,512,256,1024,274,1552.956,2074.555,1660.251,0.2057
mixed,128,3,0.0234,4.0,2048,512,512,2048,548,1747.163,2780.407,1963.902,0.2098
mixed,128,3,0.0234,4.0,2048,512,1024,4096,1096,2116.186,4168.084,2574.169,0.2232
mixed,128,3,0.0234,4.0,2048,512,2048,8192,2192,2880.409,6957.901,3822.356,0.231
mixed,128,3,0.0234,4.0,2048,512,4096,16384,4384,4355.668,12499.356,6256.88,0.2335
mixed,128,3,0.0234,4.0,2048,1024,128,512,137,1795.677,2062.362,1846.588,0.1909
mixed,128,3,0.0234,4.0,2048,1024,256,1024,274,1889.755,2413.753,1996.09,0.2029
mixed,128,3,0.0234,4.0,2048,1024,512,2048,548,2081.882,3114.007,2315.641,0.2265
mixed,128,3,0.0234,4.0,2048,1024,1024,4096,1096,2470.073,4499.924,2914.103,0.2188
mixed,128,3,0.0234,4.0,2048,1024,2048,8192,2192,3201.559,7303.051,4166.995,0.2354
mixed,128,3,0.0234,4.0,2048,1024,4096,16384,4384,4696.05,12873.018,6611.309,0.2342
mixed,128,3,0.0234,4.0,2048,2048,128,512,137,2348.632,2615.0,2398.682,0.1879
mixed,128,3,0.0234,4.0,2048,2048,256,1024,274,2444.151,2962.009,2557.466,0.2188
mixed,128,3,0.0234,4.0,2048,2048,512,2048,548,2638.619,3658.294,2852.567,0.2098
mixed,128,3,0.0234,4.0,2048,2048,1024,4096,1096,3010.136,5045.905,3472.117,0.2269
mixed,128,3,0.0234,4.0,2048,2048,2048,8192,2192,3761.718,7826.187,4719.602,0.2357
mixed,128,3,0.0234,4.0,2048,2048,4096,16384,4384,5249.262,13403.192,7172.813,0.2359
mixed,128,3,0.0234,4.0,2048,4096,128,512,137,3436.694,3707.252,3487.989,0.1896
mixed,128,3,0.0234,4.0,2048,4096,256,1024,274,3535.222,4064.374,3643.508,0.2046
mixed,128,3,0.0234,4.0,2048,4096,512,2048,548,3737.301,4754.707,3945.524,0.2047
mixed,128,3,0.0234,4.0,2048,4096,1024,4096,1096,4104.371,6141.548,4567.761,0.2275
mixed,128,3,0.0234,4.0,2048,4096,2048,8192,2192,4848.945,8895.048,5795.056,0.2338
mixed,128,3,0.0234,4.0,2048,4096,4096,16384,4384,6334.638,14494.006,8262.952,0.2363
mixed,128,3,0.0234,4.0,2048,8192,128,512,137,5644.367,5913.966,5686.254,0.1554
mixed,128,3,0.0234,4.0,2048,8192,256,1024,274,5730.894,6253.229,5837.934,0.2049
mixed,128,3,0.0234,4.0,2048,8192,512,2048,548,5931.887,6945.035,6153.741,0.219
mixed,128,3,0.0234,4.0,2048,8192,1024,4096,1096,6295.213,8349.96,6742.349,0.2176
mixed,128,3,0.0234,4.0,2048,8192,2048,8192,2192,7051.593,11140.287,7981.318,0.2274
mixed,128,3,0.0234,4.0,2048,8192,4096,16384,4384,8543.53,16737.646,10410.08,0.2278
pure,128,4,0.0312,4.0,0,0,128,512,140,171.871,445.63,227.07,0.2016
pure,128,4,0.0312,4.0,0,0,256,1024,280,268.446,789.661,377.437,0.2091
pure,128,4,0.0312,4.0,0,0,512,2048,560,489.021,1483.803,686.43,0.1984
pure,128,4,0.0312,4.0,0,0,1024,4096,1120,862.75,2876.79,1295.741,0.215
pure,128,4,0.0312,4.0,0,0,2048,8192,2240,1623.065,5653.455,2546.711,0.2292
pure,128,4,0.0312,4.0,0,0,4096,16384,4480,3136.599,11216.702,5044.561,0.2361
mixed,128,4,0.0312,4.0,16,0,128,512,140,182.782,449.311,233.857,0.1916
mixed,128,4,0.0312,4.0,16,0,256,1024,280,274.623,801.246,383.455,0.2067
mixed,128,4,0.0312,4.0,16,0,512,2048,560,490.878,1490.778,685.822,0.195
mixed,128,4,0.0312,4.0,16,0,1024,4096,1120,871.069,2877.209,1319.644,0.2236
mixed,128,4,0.0312,4.0,16,0,2048,8192,2240,1631.45,5673.646,2568.984,0.2319
mixed,128,4,0.0312,4.0,16,0,4096,16384,4480,3144.054,11215.387,4992.113,0.229
mixed,128,4,0.0312,4.0,16,512,128,512,140,218.593,485.662,265.185,0.1745
mixed,128,4,0.0312,4.0,16,512,256,1024,280,311.777,831.677,429.534,0.2265
mixed,128,4,0.0312,4.0,16,512,512,2048,560,521.471,1529.433,742.751,0.2195
mixed,128,4,0.0312,4.0,16,512,1024,4096,1120,898.654,2901.077,1329.02,0.2149
mixed,128,4,0.0312,4.0,16,512,2048,8192,2240,1660.186,5691.852,2584.055,0.2292
mixed,128,4,0.0312,4.0,16,512,4096,16384,4480,3170.966,11223.033,5110.062,0.2408
mixed,128,4,0.0312,4.0,16,1024,128,512,140,222.497,489.086,268.609,0.173
mixed,128,4,0.0312,4.0,16,1024,256,1024,280,312.446,835.165,427.516,0.2201
mixed,128,4,0.0312,4.0,16,1024,512,2048,560,531.681,1537.691,746.173,0.2132
mixed,128,4,0.0312,4.0,16,1024,1024,4096,1120,895.837,2928.597,1345.467,0.2212
mixed,128,4,0.0312,4.0,16,1024,2048,8192,2240,1656.763,5692.365,2600.632,0.2339
mixed,128,4,0.0312,4.0,16,1024,4096,16384,4480,3174.74,11217.307,5056.943,0.234
mixed,128,4,0.0312,4.0,16,2048,128,512,140,226.397,494.304,270.977,0.1664
mixed,128,4,0.0312,4.0,16,2048,256,1024,280,317.952,837.631,425.792,0.2075
mixed,128,4,0.0312,4.0,16,2048,512,2048,560,532.413,1546.428,730.557,0.1954
mixed,128,4,0.0312,4.0,16,2048,1024,4096,1120,906.558,2922.616,1342.462,0.2162
mixed,128,4,0.0312,4.0,16,2048,2048,8192,2240,1670.682,5686.126,2586.967,0.2282
mixed,128,4,0.0312,4.0,16,2048,4096,16384,4480,3183.764,11238.682,5046.286,0.2312
mixed,128,4,0.0312,4.0,16,4096,128,512,140,234.24,501.857,284.895,0.1893
mixed,128,4,0.0312,4.0,16,4096,256,1024,280,328.478,852.798,440.161,0.213
mixed,128,4,0.0312,4.0,16,4096,512,2048,560,539.676,1554.746,741.981,0.1993
mixed,128,4,0.0312,4.0,16,4096,1024,4096,1120,916.795,2934.104,1353.084,0.2163
mixed,128,4,0.0312,4.0,16,4096,2048,8192,2240,1675.482,5701.742,2601.175,0.2299
mixed,128,4,0.0312,4.0,16,4096,4096,16384,4480,3192.725,11268.06,5041.745,0.229
mixed,128,4,0.0312,4.0,16,8192,128,512,140,272.192,539.773,317.279,0.1685
mixed,128,4,0.0312,4.0,16,8192,256,1024,280,366.816,882.238,480.096,0.2198
mixed,128,4,0.0312,4.0,16,8192,512,2048,560,577.664,1591.035,781.12,0.2008
mixed,128,4,0.0312,4.0,16,8192,1024,4096,1120,951.84,2968.788,1391.034,0.2178
mixed,128,4,0.0312,4.0,16,8192,2048,8192,2240,1713.179,5723.051,2632.949,0.2294
mixed,128,4,0.0312,4.0,16,8192,4096,16384,4480,3215.253,11254.2,5097.134,0.2341
mixed,128,4,0.0312,4.0,32,0,128,512,140,215.198,479.585,259.426,0.1673
mixed,128,4,0.0312,4.0,32,0,256,1024,280,310.271,830.717,416.671,0.2044
mixed,128,4,0.0312,4.0,32,0,512,2048,560,530.43,1528.41,729.438,0.1994
mixed,128,4,0.0312,4.0,32,0,1024,4096,1120,897.566,2924.982,1355.61,0.2259
mixed,128,4,0.0312,4.0,32,0,2048,8192,2240,1671.45,5713.836,2578.776,0.2245
mixed,128,4,0.0312,4.0,32,0,4096,16384,4480,3179.668,11269.657,5099.053,0.2373
mixed,128,4,0.0312,4.0,32,512,128,512,140,241.791,507.229,287.775,0.1732
mixed,128,4,0.0312,4.0,32,512,256,1024,280,338.623,859.549,448.861,0.2116
mixed,128,4,0.0312,4.0,32,512,512,2048,560,556.351,1548.988,738.907,0.1839
mixed,128,4,0.0312,4.0,32,512,1024,4096,1120,919.292,2947.637,1348.506,0.2116
mixed,128,4,0.0312,4.0,32,512,2048,8192,2240,1685.434,5719.278,2587.639,0.2237
mixed,128,4,0.0312,4.0,32,512,4096,16384,4480,3187.156,11252.792,5041.678,0.2299
mixed,128,4,0.0312,4.0,32,1024,128,512,140,245.182,511.741,298.174,0.1988
mixed,128,4,0.0312,4.0,32,1024,256,1024,280,340.192,856.765,442.304,0.1977
mixed,128,4,0.0312,4.0,32,1024,512,2048,560,560.638,1555.899,755.612,0.1959
mixed,128,4,0.0312,4.0,32,1024,1024,4096,1120,924.541,2963.479,1375.39,0.2211
mixed,128,4,0.0312,4.0,32,1024,2048,8192,2240,1686.46,5700.718,2598.775,0.2273
mixed,128,4,0.0312,4.0,32,1024,4096,16384,4480,3191.86,11251.863,5035.567,0.2287
mixed,128,4,0.0312,4.0,32,2048,128,512,140,253.502,517.853,301.439,0.1813
mixed,128,4,0.0312,4.0,32,2048,256,1024,280,350.014,869.403,454.366,0.2009
mixed,128,4,0.0312,4.0,32,2048,512,2048,560,566.398,1574.714,771.293,0.2032
mixed,128,4,0.0312,4.0,32,2048,1024,4096,1120,927.739,2956.245,1350.138,0.2082
mixed,128,4,0.0312,4.0,32,2048,2048,8192,2240,1698.395,5730.058,2625.174,0.2299
mixed,128,4,0.0312,4.0,32,2048,4096,16384,4480,3219.924,11311.54,5036.941,0.2246
mixed,128,4,0.0312,4.0,32,4096,128,512,140,268.83,536.095,309.311,0.1515
mixed,128,4,0.0312,4.0,32,4096,256,1024,280,365.47,890.335,476.384,0.2113
mixed,128,4,0.0312,4.0,32,4096,512,2048,560,580.06,1584.507,774.237,0.1933
mixed,128,4,0.0312,4.0,32,4096,1024,4096,1120,948.957,2973.844,1389.725,0.2177
mixed,128,4,0.0312,4.0,32,4096,2048,8192,2240,1699.354,5733.066,2632.63,0.2314
mixed,128,4,0.0312,4.0,32,4096,4096,16384,4480,3226.228,11255.99,5088.492,0.2319
mixed,128,4,0.0312,4.0,32,8192,128,512,140,360.543,628.927,407.58,0.1753
mixed,128,4,0.0312,4.0,32,8192,256,1024,280,458.11,973.95,557.854,0.1934
mixed,128,4,0.0312,4.0,32,8192,512,2048,560,672.445,1683.737,869.31,0.1947
mixed,128,4,0.0312,4.0,32,8192,1024,4096,1120,1040.989,3060.084,1480.379,0.2176
mixed,128,4,0.0312,4.0,32,8192,2048,8192,2240,1809.241,5819.594,2699.635,0.222
mixed,128,4,0.0312,4.0,32,8192,4096,16384,4480,3323.569,11373.876,5220.908,0.2357
mixed,128,4,0.0312,4.0,64,0,128,512,140,217.279,485.119,268.544,0.1914
mixed,128,4,0.0312,4.0,64,0,256,1024,280,315.553,826.524,430.942,0.2258
mixed,128,4,0.0312,4.0,64,0,512,2048,560,531.099,1545.595,737.594,0.2035
mixed,128,4,0.0312,4.0,64,0,1024,4096,1120,903.931,2921.941,1346.074,0.2191
mixed,128,4,0.0312,4.0,64,0,2048,8192,2240,1665.818,5715.946,2592.439,0.2288
mixed,128,4,0.0312,4.0,64,0,4096,16384,4480,3198.708,11280.661,5071.374,0.2317
mixed,128,4,0.0312,4.0,64,512,128,512,140,250.908,517.185,296.126,0.1698
mixed,128,4,0.0312,4.0,64,512,256,1024,280,346.656,868.636,458.909,0.2151
mixed,128,4,0.0312,4.0,64,512,512,2048,560,563.743,1566.137,776.189,0.2119
mixed,128,4,0.0312,4.0,64,512,1024,4096,1120,939.163,2954.262,1368.956,0.2133
mixed,128,4,0.0312,4.0,64,512,2048,8192,2240,1693.947,5748.363,2614.39,0.227
mixed,128,4,0.0312,4.0,64,512,4096,16384,4480,3222.515,11333.62,5055.755,0.226
mixed,128,4,0.0312,4.0,64,1024,128,512,140,257.759,524.925,304.64,0.1755
mixed,128,4,0.0312,4.0,64,1024,256,1024,280,355.868,873.947,461.824,0.2045
mixed,128,4,0.0312,4.0,64,1024,512,2048,560,572.222,1578.01,766.619,0.1933
mixed,128,4,0.0312,4.0,64,1024,1024,4096,1120,937.596,2966.9,1395.26,0.2255
mixed,128,4,0.0312,4.0,64,1024,2048,8192,2240,1703.577,5736.842,2607.862,0.2242
mixed,128,4,0.0312,4.0,64,1024,4096,16384,4480,3234.067,11325.171,5056.429,0.2252
mixed,128,4,0.0312,4.0,64,2048,128,512,140,269.79,541.213,318.495,0.1794
mixed,128,4,0.0312,4.0,64,2048,256,1024,280,368.16,888.19,470.559,0.1969
mixed,128,4,0.0312,4.0,64,2048,512,2048,560,587.581,1584.346,786.397,0.1995
mixed,128,4,0.0312,4.0,64,2048,1024,4096,1120,950.556,2970.165,1397.339,0.2212
mixed,128,4,0.0312,4.0,64,2048,2048,8192,2240,1718.169,5760.714,2637.271,0.2274
mixed,128,4,0.0312,4.0,64,2048,4096,16384,4480,3240.593,11325.813,5069.451,0.2262
mixed,128,4,0.0312,4.0,64,4096,128,512,140,349.916,616.608,397.47,0.1783
mixed,128,4,0.0312,4.0,64,4096,256,1024,280,448.862,961.885,547.644,0.1925
mixed,128,4,0.0312,4.0,64,4096,512,2048,560,663.45,1674.396,846.588,0.1812
mixed,128,4,0.0312,4.0,64,4096,1024,4096,1120,1035.643,3045.268,1479.227,0.2207
mixed,128,4,0.0312,4.0,64,4096,2048,8192,2240,1794.232,5862.12,2723.254,0.2284
mixed,128,4,0.0312,4.0,64,4096,4096,16384,4480,3322.736,11421.809,5123.948,0.2224
mixed,128,4,0.0312,4.0,64,8192,128,512,140,432.03,699.966,475.231,0.1612
mixed,128,4,0.0312,4.0,64,8192,256,1024,280,526.813,1044.924,631.453,0.202
mixed,128,4,0.0312,4.0,64,8192,512,2048,560,744.539,1743.609,938.109,0.1938
mixed,128,4,0.0312,4.0,64,8192,1024,4096,1120,1115.066,3141.876,1559.61,0.2193
mixed,128,4,0.0312,4.0,64,8192,2048,8192,2240,1874.839,5912.873,2771.094,0.222
mixed,128,4,0.0312,4.0,64,8192,4096,16384,4480,3389.106,11497.777,5240.3,0.2283
mixed,128,4,0.0312,4.0,128,0,128,512,140,232.607,502.748,275.775,0.1598
mixed,128,4,0.0312,4.0,128,0,256,1024,280,331.006,845.501,437.598,0.2072
mixed,128,4,0.0312,4.0,128,0,512,2048,560,547.649,1548.218,738.62,0.1909
mixed,128,4,0.0312,4.0,128,0,1024,4096,1120,908.508,2941.684,1359.833,0.222
mixed,128,4,0.0312,4.0,128,0,2048,8192,2240,1672.216,5725.064,2591.509,0.2268
mixed,128,4,0.0312,4.0,128,0,4096,16384,4480,3197.811,11277.523,5075.853,0.2324
mixed,128,4,0.0312,4.0,128,512,128,512,140,273.725,541.854,327.199,0.1994
mixed,128,4,0.0312,4.0,128,512,256,1024,280,371.742,894.685,488.478,0.2232
mixed,128,4,0.0312,4.0,128,512,512,2048,560,591.292,1594.874,779.61,0.1876
mixed,128,4,0.0312,4.0,128,512,1024,4096,1120,960.377,2993.3,1381.212,0.207
mixed,128,4,0.0312,4.0,128,512,2048,8192,2240,1720.665,5767.912,2633.817,0.2256
mixed,128,4,0.0312,4.0,128,512,4096,16384,4480,3246.195,11358.288,5110.988,0.2299
mixed,128,4,0.0312,4.0,128,1024,128,512,140,282.015,548.99,332.126,0.1877
mixed,128,4,0.0312,4.0,128,1024,256,1024,280,378.654,899.229,493.824,0.2212
mixed,128,4,0.0312,4.0,128,1024,512,2048,560,596.541,1598.427,793.18,0.1963
mixed,128,4,0.0312,4.0,128,1024,1024,4096,1120,960.667,2977.683,1409.34,0.2224
mixed,128,4,0.0312,4.0,128,1024,2048,8192,2240,1737.592,5773.192,2660.821,0.2288
mixed,128,4,0.0312,4.0,128,1024,4096,16384,4480,3260.946,11364.178,5073.676,0.2237
mixed,128,4,0.0312,4.0,128,2048,128,512,140,357.855,627.965,400.286,0.1571
mixed,128,4,0.0312,4.0,128,2048,256,1024,280,454.109,979.357,564.541,0.2102
mixed,128,4,0.0312,4.0,128,2048,512,2048,560,673.439,1665.846,866.716,0.1948
mixed,128,4,0.0312,4.0,128,2048,1024,4096,1120,1037.244,3076.723,1452.507,0.2036
mixed,128,4,0.0312,4.0,128,2048,2048,8192,2240,1800.25,5840.967,2714.995,0.2264
mixed,128,4,0.0312,4.0,128,2048,4096,16384,4480,3331.604,11440.305,5139.657,0.223
mixed,128,4,0.0312,4.0,128,4096,128,512,140,437.309,706.078,483.069,0.1703
mixed,128,4,0.0312,4.0,128,4096,256,1024,280,534.268,1056.347,647.869,0.2176
mixed,128,4,0.0312,4.0,128,4096,512,2048,560,748.476,1755.802,942.043,0.1922
mixed,128,4,0.0312,4.0,128,4096,1024,4096,1120,1119.164,3134.802,1569.531,0.2234
mixed,128,4,0.0312,4.0,128,4096,2048,8192,2240,1887.416,5947.846,2804.306,0.2258
mixed,128,4,0.0312,4.0,128,4096,4096,16384,4480,3418.514,11491.502,5241.068,0.2258
mixed,128,4,0.0312,4.0,128,8192,128,512,140,584.348,852.154,626.557,0.1576
mixed,128,4,0.0312,4.0,128,8192,256,1024,280,683.935,1208.216,791.964,0.2061
mixed,128,4,0.0312,4.0,128,8192,512,2048,560,900.315,1905.047,1101.853,0.2006
mixed,128,4,0.0312,4.0,128,8192,1024,4096,1120,1267.517,3301.393,1697.465,0.2114
mixed,128,4,0.0312,4.0,128,8192,2048,8192,2240,2039.863,6080.067,2966.356,0.2293
mixed,128,4,0.0312,4.0,128,8192,4096,16384,4480,3546.831,11627.311,5438.76,0.2341
mixed,128,4,0.0312,4.0,256,0,128,512,140,293.597,560.606,343.902,0.1884
mixed,128,4,0.0312,4.0,256,0,256,1024,280,391.931,914.043,503.582,0.2138
mixed,128,4,0.0312,4.0,256,0,512,2048,560,608.83,1614.363,806.91,0.197
mixed,128,4,0.0312,4.0,256,0,1024,4096,1120,970.204,3011.861,1415.899,0.2183
mixed,128,4,0.0312,4.0,256,0,2048,8192,2240,1746.299,5765.99,2662.647,0.228
mixed,128,4,0.0312,4.0,256,0,4096,16384,4480,3271.475,11350.833,5153.001,0.2329
mixed,128,4,0.0312,4.0,256,512,128,512,140,361.216,629.052,407.454,0.1726
mixed,128,4,0.0312,4.0,256,512,256,1024,280,455.135,976.476,569.147,0.2187
mixed,128,4,0.0312,4.0,256,512,512,2048,560,676.861,1681.147,867.101,0.1894
mixed,128,4,0.0312,4.0,256,512,1024,4096,1120,1042.395,3077.426,1484.442,0.2172
mixed,128,4,0.0312,4.0,256,512,2048,8192,2240,1804.47,5847.431,2734.39,0.23
mixed,128,4,0.0312,4.0,256,512,4096,16384,4480,3330.674,11413.904,5156.073,0.2258
mixed,128,4,0.0312,4.0,256,1024,128,512,140,412.863,678.395,456.222,0.1633
mixed,128,4,0.0312,4.0,256,1024,256,1024,280,508.319,1032.924,609.535,0.1929
mixed,128,4,0.0312,4.0,256,1024,512,2048,560,727.294,1724.633,918.236,0.1915
mixed,128,4,0.0312,4.0,256,1024,1024,4096,1120,1094.81,3128.178,1527.323,0.2127
mixed,128,4,0.0312,4.0,256,1024,2048,8192,2240,1856.599,5905.541,2790.035,0.2305
mixed,128,4,0.0312,4.0,256,1024,4096,16384,4480,3363.472,11504.046,5266.314,0.2337
mixed,128,4,0.0312,4.0,256,2048,128,512,140,447.935,714.203,500.959,0.1991
mixed,128,4,0.0312,4.0,256,2048,256,1024,280,542.331,1064.284,663.133,0.2314
mixed,128,4,0.0312,4.0,256,2048,512,2048,560,763.132,1762.553,956.284,0.1933
mixed,128,4,0.0312,4.0,256,2048,1024,4096,1120,1131.133,3155.633,1591.639,0.2275
mixed,128,4,0.0312,4.0,256,2048,2048,8192,2240,1898.936,5941.06,2831.923,0.2308
mixed,128,4,0.0312,4.0,256,2048,4096,16384,4480,3414.416,11546.221,5270.379,0.2282
mixed,128,4,0.0312,4.0,256,4096,128,512,140,591.005,863.002,643.068,0.1914
mixed,128,4,0.0312,4.0,256,4096,256,1024,280,689.406,1209.466,789.277,0.192
mixed,128,4,0.0312,4.0,256,4096,512,2048,560,907.962,1903.512,1097.533,0.1904
mixed,128,4,0.0312,4.0,256,4096,1024,4096,1120,1276.732,3301.329,1721.337,0.2196
mixed,128,4,0.0312,4.0,256,4096,2048,8192,2240,2040.887,6083.077,2945.906,0.2239
mixed,128,4,0.0312,4.0,256,4096,4096,16384,4480,3561.166,11647.726,5409.96,0.2286
mixed,128,4,0.0312,4.0,256,8192,128,512,140,838.204,1105.18,889.853,0.1935
mixed,128,4,0.0312,4.0,256,8192,256,1024,280,934.618,1456.569,1041.403,0.2046
mixed,128,4,0.0312,4.0,256,8192,512,2048,560,1149.275,2152.407,1341.945,0.1921
mixed,128,4,0.0312,4.0,256,8192,1024,4096,1120,1520.761,3543.824,1974.042,0.2241
mixed,128,4,0.0312,4.0,256,8192,2048,8192,2240,2286.613,6317.894,3233.426,0.2349
mixed,128,4,0.0312,4.0,256,8192,4096,16384,4480,3816.653,11896.268,5646.95,0.2265
mixed,128,4,0.0312,4.0,512,0,128,512,140,409.503,682.142,456.225,0.1714
mixed,128,4,0.0312,4.0,512,0,256,1024,280,505.505,1031.835,614.845,0.2077
mixed,128,4,0.0312,4.0,512,0,512,2048,560,724.029,1735.99,916.123,0.1898
mixed,128,4,0.0312,4.0,512,0,1024,4096,1120,1097.146,3129.266,1540.218,0.218
mixed,128,4,0.0312,4.0,512,0,2048,8192,2240,1856.724,5888.68,2771.285,0.2268
mixed,128,4,0.0312,4.0,512,0,4096,16384,4480,3380.016,11464.976,5255.915,0.232
mixed,128,4,0.0312,4.0,512,512,128,512,140,484.412,751.292,531.197,0.1753
mixed,128,4,0.0312,4.0,512,512,256,1024,280,579.323,1103.289,683.837,0.1995
mixed,128,4,0.0312,4.0,512,512,512,2048,560,801.436,1785.142,982.397,0.184
mixed,128,4,0.0312,4.0,512,512,1024,4096,1120,1171.866,3187.763,1612.601,0.2186
mixed,128,4,0.0312,4.0,512,512,2048,8192,2240,1934.806,5979.618,2821.042,0.2191
mixed,128,4,0.0312,4.0,512,512,4096,16384,4480,3446.546,11556.586,5291.4,0.2275
mixed,128,4,0.0312,4.0,512,1024,128,512,140,553.085,819.582,595.997,0.161
mixed,128,4,0.0312,4.0,512,1024,256,1024,280,649.34,1163.097,765.883,0.2268
mixed,128,4,0.0312,4.0,512,1024,512,2048,560,865.948,1868.346,1056.123,0.1897
mixed,128,4,0.0312,4.0,512,1024,1024,4096,1120,1228.923,3270.226,1666.362,0.2143
mixed,128,4,0.0312,4.0,512,1024,2048,8192,2240,1994.423,6030.883,2914.899,0.228
mixed,128,4,0.0312,4.0,512,1024,4096,16384,4480,3523.538,11632.461,5364.584,0.227
mixed,128,4,0.0312,4.0,512,2048,128,512,140,695.71,963.194,744.412,0.1821
mixed,128,4,0.0312,4.0,512,2048,256,1024,280,791.099,1317.499,895.739,0.1988
mixed,128,4,0.0312,4.0,512,2048,512,2048,560,1011.994,2004.792,1198.97,0.1883
mixed,128,4,0.0312,4.0,512,2048,1024,4096,1120,1377.977,3417.261,1836.826,0.225
mixed,128,4,0.0312,4.0,512,2048,2048,8192,2240,2142.614,6193.798,3077.809,0.2308
mixed,128,4,0.0312,4.0,512,2048,4096,16384,4480,3666.672,11734.892,5503.623,0.2277
mixed,128,4,0.0312,4.0,512,4096,128,512,140,973.017,1244.346,1023.259,0.1852
mixed,128,4,0.0312,4.0,512,4096,256,1024,280,1067.706,1591.129,1181.851,0.2181
mixed,128,4,0.0312,4.0,512,4096,512,2048,560,1286.491,2292.18,1492.09,0.2044
mixed,128,4,0.0312,4.0,512,4096,1024,4096,1120,1663.832,3685.426,2100.727,0.2161
mixed,128,4,0.0312,4.0,512,4096,2048,8192,2240,2438.965,6448.548,3323.633,0.2206
mixed,128,4,0.0312,4.0,512,4096,4096,16384,4480,3937.519,12051.21,5780.873,0.2272
mixed,128,4,0.0312,4.0,512,8192,128,512,140,1526.746,1797.431,1573.465,0.1726
mixed,128,4,0.0312,4.0,512,8192,256,1024,280,1624.662,2143.318,1725.017,0.1935
mixed,128,4,0.0312,4.0,512,8192,512,2048,560,1839.479,2838.996,2028.886,0.1895
mixed,128,4,0.0312,4.0,512,8192,1024,4096,1120,2209.462,4238.604,2675.795,0.2298
mixed,128,4,0.0312,4.0,512,8192,2048,8192,2240,2965.967,7028.641,3870.576,0.2227
mixed,128,4,0.0312,4.0,512,8192,4096,16384,4480,4499.661,12590.215,6332.676,0.2266
mixed,128,4,0.0312,4.0,1024,0,128,512,140,666.751,936.315,709.5,0.1586
mixed,128,4,0.0312,4.0,1024,0,256,1024,280,763.261,1284.73,867.42,0.1997
mixed,128,4,0.0312,4.0,1024,0,512,2048,560,978.586,1984.31,1181.562,0.2018
mixed,128,4,0.0312,4.0,1024,0,1024,4096,1120,1352.827,3379.345,1787.833,0.2147
mixed,128,4,0.0312,4.0,1024,0,2048,8192,2240,2111.767,6169.157,3019.698,0.2238
mixed,128,4,0.0312,4.0,1024,0,4096,16384,4480,3647.152,11741.356,5482.792,0.2268
mixed,128,4,0.0312,4.0,1024,512,128,512,140,842.813,1114.01,888.413,0.1681
mixed,128,4,0.0312,4.0,1024,512,256,1024,280,940.318,1459.225,1044.188,0.2002
mixed,128,4,0.0312,4.0,1024,512,512,2048,560,1158.841,2158.294,1363.321,0.2046
mixed,128,4,0.0312,4.0,1024,512,1024,4096,1120,1525.175,3543.6,1974.55,0.2226
mixed,128,4,0.0312,4.0,1024,512,2048,8192,2240,2286.294,6353.957,3213.521,0.228
mixed,128,4,0.0312,4.0,1024,512,4096,16384,4480,3802.06,11894.57,5673.576,0.2313
mixed,128,4,0.0312,4.0,1024,1024,128,512,140,1000.347,1268.666,1047.579,0.176
mixed,128,4,0.0312,4.0,1024,1024,256,1024,280,1096.188,1621.689,1207.833,0.2125
mixed,128,4,0.0312,4.0,1024,1024,512,2048,560,1317.98,2305.047,1523.834,0.2086
mixed,128,4,0.0312,4.0,1024,1024,1024,4096,1120,1676.953,3719.501,2110.742,0.2124
mixed,128,4,0.0312,4.0,1024,1024,2048,8192,2240,2448.916,6538.434,3352.112,0.2209
mixed,128,4,0.0312,4.0,1024,1024,4096,16384,4480,3977.099,12073.065,5810.855,0.2265
mixed,128,4,0.0312,4.0,1024,2048,128,512,140,1275.835,1544.986,1321.851,0.171
mixed,128,4,0.0312,4.0,1024,2048,256,1024,280,1372.763,1900.983,1491.704,0.2252
mixed,128,4,0.0312,4.0,1024,2048,512,2048,560,1592.474,2609.138,1784.471,0.1889
mixed,128,4,0.0312,4.0,1024,2048,1024,4096,1120,1962.232,3994.735,2385.237,0.2081
mixed,128,4,0.0312,4.0,1024,2048,2048,8192,2240,2728.049,6776.673,3621.681,0.2207
mixed,128,4,0.0312,4.0,1024,2048,4096,16384,4480,4265.322,12318.119,6087.139,0.2262
mixed,128,4,0.0312,4.0,1024,4096,128,512,140,1828.346,2097.527,1878.135,0.185
mixed,128,4,0.0312,4.0,1024,4096,256,1024,280,1926.999,2447.7,2034.2,0.2059
mixed,128,4,0.0312,4.0,1024,4096,512,2048,560,2145.687,3148.625,2342.966,0.1967
mixed,128,4,0.0312,4.0,1024,4096,1024,4096,1120,2521.528,4544.491,2950.482,0.212
mixed,128,4,0.0312,4.0,1024,4096,2048,8192,2240,3274.641,7325.631,4179.597,0.2234
mixed,128,4,0.0312,4.0,1024,4096,4096,16384,4480,4807.531,12853.864,6673.217,0.2319
mixed,128,4,0.0312,4.0,1024,8192,128,512,140,2922.163,3189.94,2973.843,0.193
mixed,128,4,0.0312,4.0,1024,8192,256,1024,280,3023.185,3550.224,3128.019,0.1989
mixed,128,4,0.0312,4.0,1024,8192,512,2048,560,3243.15,4246.061,3445.135,0.2014
mixed,128,4,0.0312,4.0,1024,8192,1024,4096,1120,3608.943,5632.647,4069.42,0.2275
mixed,128,4,0.0312,4.0,1024,8192,2048,8192,2240,4360.299,8407.674,5276.709,0.2264
mixed,128,4,0.0312,4.0,1024,8192,4096,16384,4480,5889.798,13974.526,7753.214,0.2305
mixed,128,4,0.0312,4.0,2048,0,128,512,140,1122.01,1392.185,1169.69,0.1765
mixed,128,4,0.0312,4.0,2048,0,256,1024,280,1219.865,1743.16,1331.035,0.2124
mixed,128,4,0.0312,4.0,2048,0,512,2048,560,1437.305,2434.068,1633.434,0.1968
mixed,128,4,0.0312,4.0,2048,0,1024,4096,1120,1808.984,3838.894,2258.645,0.2215
mixed,128,4,0.0312,4.0,2048,0,2048,8192,2240,2562.1,6624.034,3484.432,0.2271
mixed,128,4,0.0312,4.0,2048,0,4096,16384,4480,4093.614,12174.666,5934.053,0.2277
mixed,128,4,0.0312,4.0,2048,512,128,512,140,1457.433,1724.375,1507.577,0.1878
mixed,128,4,0.0312,4.0,2048,512,256,1024,280,1554.358,2073.463,1673.656,0.2298
mixed,128,4,0.0312,4.0,2048,512,512,2048,560,1772.728,2776.659,1961.848,0.1884
mixed,128,4,0.0312,4.0,2048,512,1024,4096,1120,2144.634,4172.558,2588.852,0.2191
mixed,128,4,0.0312,4.0,2048,512,2048,8192,2240,2909.204,6929.473,3848.59,0.2337
mixed,128,4,0.0312,4.0,2048,512,4096,16384,4480,4420.97,12515.046,6305.797,0.2329
mixed,128,4,0.0312,4.0,2048,1024,128,512,140,1796.664,2065.815,1847.192,0.1877
mixed,128,4,0.0312,4.0,2048,1024,256,1024,280,1895.478,2412.692,2001.784,0.2055
mixed,128,4,0.0312,4.0,2048,1024,512,2048,560,2111.158,3111.186,2303.96,0.1928
mixed,128,4,0.0312,4.0,2048,1024,1024,4096,1120,2480.691,4501.707,2909.363,0.2121
mixed,128,4,0.0312,4.0,2048,1024,2048,8192,2240,3251.854,7270.59,4149.038,0.2233
mixed,128,4,0.0312,4.0,2048,1024,4096,16384,4480,4751.852,12841.574,6629.826,0.2321
mixed,128,4,0.0312,4.0,2048,2048,128,512,140,2344.95,2613.714,2398.133,0.1979
mixed,128,4,0.0312,4.0,2048,2048,256,1024,280,2446.103,2965.361,2547.348,0.195
mixed,128,4,0.0312,4.0,2048,2048,512,2048,560,2662.291,3660.143,2876.723,0.2149
mixed,128,4,0.0312,4.0,2048,2048,1024,4096,1120,3036.884,5043.912,3463.377,0.2125
mixed,128,4,0.0312,4.0,2048,2048,2048,8192,2240,3789.996,7825.692,4702.826,0.2262
mixed,128,4,0.0312,4.0,2048,2048,4096,16384,4480,5310.953,13437.283,7171.839,0.229
mixed,128,4,0.0312,4.0,2048,4096,128,512,140,3440.846,3707.214,3488.912,0.1804
mixed,128,4,0.0312,4.0,2048,4096,256,1024,280,3537.713,4058.733,3654.737,0.2246
mixed,128,4,0.0312,4.0,2048,4096,512,2048,560,3753.646,4755.562,3957.166,0.2031
mixed,128,4,0.0312,4.0,2048,4096,1024,4096,1120,4119.658,6140.451,4570.248,0.223
mixed,128,4,0.0312,4.0,2048,4096,2048,8192,2240,4882.793,8939.096,5814.534,0.2297
mixed,128,4,0.0312,4.0,2048,4096,4096,16384,4480,6403.234,14480.474,8255.481,0.2293
mixed,128,4,0.0312,4.0,2048,8192,128,512,140,5640.039,5909.989,5685.414,0.1681
mixed,128,4,0.0312,4.0,2048,8192,256,1024,280,5733.38,6256.673,5836.902,0.1978
mixed,128,4,0.0312,4.0,2048,8192,512,2048,560,5953.412,6948.321,6141.221,0.1888
mixed,128,4,0.0312,4.0,2048,8192,1024,4096,1120,6324.547,8346.171,6754.21,0.2125
mixed,128,4,0.0312,4.0,2048,8192,2048,8192,2240,7080.574,11156.109,7993.468,0.224
mixed,128,4,0.0312,4.0,2048,8192,4096,16384,4480,8598.967,16694.61,10418.32,0.2247
pure,128,8,0.0625,4.0,0,0,128,512,152,174.463,442.655,225.247,0.1894
pure,128,8,0.0625,4.0,0,0,256,1024,304,286.879,795.741,385.054,0.1929
pure,128,8,0.0625,4.0,0,0,512,2048,608,508.188,1486.296,692.029,0.188
pure,128,8,0.0625,4.0,0,0,1024,4096,1216,927.101,2872.817,1342.842,0.2137
pure,128,8,0.0625,4.0,0,0,2048,8192,2432,1745.559,5654.758,2589.427,0.2159
pure,128,8,0.0625,4.0,0,0,4096,16384,4864,3402.609,11192.557,5091.911,0.2169
mixed,128,8,0.0625,4.0,16,0,128,512,152,184.796,448.478,238.556,0.2039
mixed,128,8,0.0625,4.0,16,0,256,1024,304,293.951,805.34,393.471,0.1946
mixed,128,8,0.0625,4.0,16,0,512,2048,608,510.943,1500.218,714.076,0.2053
mixed,128,8,0.0625,4.0,16,0,1024,4096,1216,936.636,2869.076,1339.865,0.2087
mixed,128,8,0.0625,4.0,16,0,2048,8192,2432,1759.864,5643.045,2608.146,0.2185
mixed,128,8,0.0625,4.0,16,0,4096,16384,4864,3415.633,11230.284,5135.529,0.2201
mixed,128,8,0.0625,4.0,16,512,128,512,152,221.374,486.974,276.254,0.2066
mixed,128,8,0.0625,4.0,16,512,256,1024,304,330.718,829.563,430.207,0.1994
mixed,128,8,0.0625,4.0,16,512,512,2048,608,553.022,1526.713,757.213,0.2097
mixed,128,8,0.0625,4.0,16,512,1024,4096,1216,964.381,2916.339,1369.82,0.2077
mixed,128,8,0.0625,4.0,16,512,2048,8192,2432,1791.16,5687.684,2634.165,0.2163
mixed,128,8,0.0625,4.0,16,512,4096,16384,4864,3453.873,11206.282,5119.594,0.2149
mixed,128,8,0.0625,4.0,16,1024,128,512,152,223.23,488.286,273.759,0.1906
mixed,128,8,0.0625,4.0,16,1024,256,1024,304,335.261,837.821,439.772,0.208
mixed,128,8,0.0625,4.0,16,1024,512,2048,608,551.933,1524.569,747.576,0.2011
mixed,128,8,0.0625,4.0,16,1024,1024,4096,1216,964.344,2933.715,1367.771,0.2049
mixed,128,8,0.0625,4.0,16,1024,2048,8192,2432,1790.039,5694.501,2640.981,0.2179
mixed,128,8,0.0625,4.0,16,1024,4096,16384,4864,3429.999,11235.277,5136.968,0.2187
mixed,128,8,0.0625,4.0,16,2048,128,512,152,226.206,492.092,280.763,0.2052
mixed,128,8,0.0625,4.0,16,2048,256,1024,304,337.854,846.109,436.446,0.194
mixed,128,8,0.0625,4.0,16,2048,512,2048,608,558.78,1543.32,755.098,0.1994
mixed,128,8,0.0625,4.0,16,2048,1024,4096,1216,977.662,2929.874,1372.089,0.202
mixed,128,8,0.0625,4.0,16,2048,2048,8192,2432,1799.0,5692.098,2629.746,0.2134
mixed,128,8,0.0625,4.0,16,2048,4096,16384,4864,3448.11,11235.977,5151.528,0.2187
mixed,128,8,0.0625,4.0,16,4096,128,512,152,236.735,499.996,288.863,0.198
mixed,128,8,0.0625,4.0,16,4096,256,1024,304,348.284,857.502,455.232,0.21
mixed,128,8,0.0625,4.0,16,4096,512,2048,608,566.43,1545.112,761.564,0.1994
mixed,128,8,0.0625,4.0,16,4096,1024,4096,1216,979.996,2944.048,1378.583,0.2029
mixed,128,8,0.0625,4.0,16,4096,2048,8192,2432,1803.031,5722.084,2649.747,0.2161
mixed,128,8,0.0625,4.0,16,4096,4096,16384,4864,3456.048,11237.129,5127.655,0.2148
mixed,128,8,0.0625,4.0,16,8192,128,512,152,274.046,539.547,323.488,0.1862
mixed,128,8,0.0625,4.0,16,8192,256,1024,304,384.925,892.893,485.821,0.1986
mixed,128,8,0.0625,4.0,16,8192,512,2048,608,606.782,1585.366,804.539,0.2021
mixed,128,8,0.0625,4.0,16,8192,1024,4096,1216,1016.316,2954.45,1423.837,0.2103
mixed,128,8,0.0625,4.0,16,8192,2048,8192,2432,1841.625,5732.422,2688.083,0.2176
mixed,128,8,0.0625,4.0,16,8192,4096,16384,4864,3487.179,11309.322,5168.424,0.2149
mixed,128,8,0.0625,4.0,32,0,128,512,152,218.463,480.446,262.815,0.1693
mixed,128,8,0.0625,4.0,32,0,256,1024,304,327.326,827.004,432.895,0.2113
mixed,128,8,0.0625,4.0,32,0,512,2048,608,545.919,1526.487,733.34,0.1911
mixed,128,8,0.0625,4.0,32,0,1024,4096,1216,966.49,2917.522,1370.779,0.2072
mixed,128,8,0.0625,4.0,32,0,2048,8192,2432,1800.12,5701.638,2620.852,0.2104
mixed,128,8,0.0625,4.0,32,0,4096,16384,4864,3445.424,11297.002,5105.256,0.2114
mixed,128,8,0.0625,4.0,32,512,128,512,152,245.694,506.591,296.096,0.1932
mixed,128,8,0.0625,4.0,32,512,256,1024,304,356.512,855.741,455.163,0.1976
mixed,128,8,0.0625,4.0,32,512,512,2048,608,576.19,1553.242,769.017,0.1974
mixed,128,8,0.0625,4.0,32,512,1024,4096,1216,986.59,2932.403,1388.154,0.2064
mixed,128,8,0.0625,4.0,32,512,2048,8192,2432,1814.136,5715.462,2638.098,0.2112
mixed,128,8,0.0625,4.0,32,512,4096,16384,4864,3473.585,11225.545,5142.246,0.2153
mixed,128,8,0.0625,4.0,32,1024,128,512,152,246.526,509.404,297.022,0.1921
mixed,128,8,0.0625,4.0,32,1024,256,1024,304,358.783,857.181,460.031,0.2031
mixed,128,8,0.0625,4.0,32,1024,512,2048,608,578.427,1552.089,761.341,0.1879
mixed,128,8,0.0625,4.0,32,1024,1024,4096,1216,984.667,2946.452,1389.945,0.2066
mixed,128,8,0.0625,4.0,32,1024,2048,8192,2432,1816.025,5711.013,2643.861,0.2125
mixed,128,8,0.0625,4.0,32,1024,4096,16384,4864,3475.76,11249.13,5151.305,0.2155
mixed,128,8,0.0625,4.0,32,2048,128,512,152,254.656,522.206,306.846,0.1951
mixed,128,8,0.0625,4.0,32,2048,256,1024,304,366.11,865.405,470.91,0.2099
mixed,128,8,0.0625,4.0,32,2048,512,2048,608,588.862,1567.287,778.687,0.194
mixed,128,8,0.0625,4.0,32,2048,1024,4096,1216,1002.778,2947.155,1383.706,0.1959
mixed,128,8,0.0625,4.0,32,2048,2048,8192,2432,1821.4,5709.189,2644.434,0.2117
mixed,128,8,0.0625,4.0,32,2048,4096,16384,4864,3484.303,11258.698,5122.313,0.2107
mixed,128,8,0.0625,4.0,32,4096,128,512,152,270.878,539.998,322.495,0.1918
mixed,128,8,0.0625,4.0,32,4096,256,1024,304,383.482,880.605,488.062,0.2104
mixed,128,8,0.0625,4.0,32,4096,512,2048,608,603.134,1582.136,790.91,0.1918
mixed,128,8,0.0625,4.0,32,4096,1024,4096,1216,1014.618,2978.802,1417.819,0.2053
mixed,128,8,0.0625,4.0,32,4096,2048,8192,2432,1846.358,5738.849,2660.948,0.2093
mixed,128,8,0.0625,4.0,32,4096,4096,16384,4864,3477.04,11281.259,5161.287,0.2158
mixed,128,8,0.0625,4.0,32,8192,128,512,152,359.903,630.173,412.766,0.1956
mixed,128,8,0.0625,4.0,32,8192,256,1024,304,475.293,974.107,574.719,0.1993
mixed,128,8,0.0625,4.0,32,8192,512,2048,608,695.292,1676.25,880.38,0.1887
mixed,128,8,0.0625,4.0,32,8192,1024,4096,1216,1097.021,3058.483,1495.864,0.2033
mixed,128,8,0.0625,4.0,32,8192,2048,8192,2432,1940.184,5817.027,2764.596,0.2127
mixed,128,8,0.0625,4.0,32,8192,4096,16384,4864,3577.711,11409.612,5267.431,0.2157
mixed,128,8,0.0625,4.0,64,0,128,512,152,219.839,486.302,272.607,0.198
mixed,128,8,0.0625,4.0,64,0,256,1024,304,332.479,832.538,428.735,0.1925
mixed,128,8,0.0625,4.0,64,0,512,2048,608,548.54,1534.075,747.356,0.2017
mixed,128,8,0.0625,4.0,64,0,1024,4096,1216,973.915,2931.73,1374.841,0.2048
mixed,128,8,0.0625,4.0,64,0,2048,8192,2432,1805.303,5709.541,2614.514,0.2073
mixed,128,8,0.0625,4.0,64,0,4096,16384,4864,3448.529,11280.042,5131.399,0.2149
mixed,128,8,0.0625,4.0,64,512,128,512,152,253.376,516.126,300.833,0.1806
mixed,128,8,0.0625,4.0,64,512,256,1024,304,366.715,867.742,470.016,0.2062
mixed,128,8,0.0625,4.0,64,512,512,2048,608,583.228,1573.273,779.167,0.1979
mixed,128,8,0.0625,4.0,64,512,1024,4096,1216,1001.627,2955.828,1405.432,0.2066
mixed,128,8,0.0625,4.0,64,512,2048,8192,2432,1846.327,5745.731,2658.068,0.2082
mixed,128,8,0.0625,4.0,64,512,4096,16384,4864,3473.646,11296.553,5181.224,0.2183
mixed,128,8,0.0625,4.0,64,1024,128,512,152,260.832,527.423,309.887,0.184
mixed,128,8,0.0625,4.0,64,1024,256,1024,304,372.158,875.452,475.64,0.2056
mixed,128,8,0.0625,4.0,64,1024,512,2048,608,596.286,1568.855,783.422,0.1924
mixed,128,8,0.0625,4.0,64,1024,1024,4096,1216,1009.178,2966.067,1410.521,0.2051
mixed,128,8,0.0625,4.0,64,1024,2048,8192,2432,1833.145,5748.004,2644.468,0.2072
mixed,128,8,0.0625,4.0,64,1024,4096,16384,4864,3481.041,11346.538,5130.983,0.2098
mixed,128,8,0.0625,4.0,64,2048,128,512,152,272.318,536.253,324.319,0.197
mixed,128,8,0.0625,4.0,64,2048,256,1024,304,386.684,891.133,483.006,0.1909
mixed,128,8,0.0625,4.0,64,2048,512,2048,608,604.924,1581.241,800.477,0.2003
mixed,128,8,0.0625,4.0,64,2048,1024,4096,1216,1013.533,2973.012,1417.435,0.2061
mixed,128,8,0.0625,4.0,64,2048,2048,8192,2432,1848.535,5754.373,2662.773,0.2085
mixed,128,8,0.0625,4.0,64,2048,4096,16384,4864,3493.488,11341.095,5199.978,0.2175
mixed,128,8,0.0625,4.0,64,4096,128,512,152,351.741,618.015,400.508,0.1831
mixed,128,8,0.0625,4.0,64,4096,256,1024,304,461.502,963.835,566.077,0.2082
mixed,128,8,0.0625,4.0,64,4096,512,2048,608,682.461,1651.829,865.692,0.189
mixed,128,8,0.0625,4.0,64,4096,1024,4096,1216,1093.083,3046.255,1488.022,0.2022
mixed,128,8,0.0625,4.0,64,4096,2048,8192,2432,1924.056,5843.839,2754.164,0.2118
mixed,128,8,0.0625,4.0,64,4096,4096,16384,4864,3564.175,11429.223,5260.902,0.2157
mixed,128,8,0.0625,4.0,64,8192,128,512,152,430.847,693.147,489.054,0.2219
mixed,128,8,0.0625,4.0,64,8192,256,1024,304,546.429,1044.571,645.595,0.1991
mixed,128,8,0.0625,4.0,64,8192,512,2048,608,767.579,1739.894,955.869,0.1937
mixed,128,8,0.0625,4.0,64,8192,1024,4096,1216,1170.874,3142.612,1567.096,0.201
mixed,128,8,0.0625,4.0,64,8192,2048,8192,2432,2007.224,5907.491,2848.245,0.2156
mixed,128,8,0.0625,4.0,64,8192,4096,16384,4864,3657.102,11500.009,5310.693,0.2108
mixed,128,8,0.0625,4.0,128,0,128,512,152,235.679,500.67,286.044,0.1901
mixed,128,8,0.0625,4.0,128,0,256,1024,304,347.615,848.445,454.079,0.2126
mixed,128,8,0.0625,4.0,128,0,512,2048,608,564.541,1545.944,763.036,0.2023
mixed,128,8,0.0625,4.0,128,0,1024,4096,1216,986.843,2941.106,1380.092,0.2012
mixed,128,8,0.0625,4.0,128,0,2048,8192,2432,1807.416,5714.052,2642.132,0.2137
mixed,128,8,0.0625,4.0,128,0,4096,16384,4864,3466.798,11301.643,5149.353,0.2148
mixed,128,8,0.0625,4.0,128,512,128,512,152,278.686,547.134,329.216,0.1882
mixed,128,8,0.0625,4.0,128,512,256,1024,304,388.511,892.51,491.232,0.2038
mixed,128,8,0.0625,4.0,128,512,512,2048,608,612.254,1597.208,800.541,0.1912
mixed,128,8,0.0625,4.0,128,512,1024,4096,1216,1024.22,2980.147,1426.138,0.2055
mixed,128,8,0.0625,4.0,128,512,2048,8192,2432,1855.48,5749.732,2681.972,0.2122
mixed,128,8,0.0625,4.0,128,512,4096,16384,4864,3497.103,11329.033,5217.895,0.2197
mixed,128,8,0.0625,4.0,128,1024,128,512,152,285.471,550.43,337.152,0.1951
mixed,128,8,0.0625,4.0,128,1024,256,1024,304,397.754,901.435,499.197,0.2014
mixed,128,8,0.0625,4.0,128,1024,512,2048,608,616.637,1603.066,800.54,0.1864
mixed,128,8,0.0625,4.0,128,1024,1024,4096,1216,1029.899,2987.581,1453.613,0.2164
mixed,128,8,0.0625,4.0,128,1024,2048,8192,2432,1856.401,5763.415,2693.113,0.2142
mixed,128,8,0.0625,4.0,128,1024,4096,16384,4864,3506.113,11308.201,5213.65,0.2189
mixed,128,8,0.0625,4.0,128,2048,128,512,152,357.605,623.172,409.381,0.195
mixed,128,8,0.0625,4.0,128,2048,256,1024,304,469.636,975.366,565.573,0.1897
mixed,128,8,0.0625,4.0,128,2048,512,2048,608,688.675,1667.085,881.0,0.1966
mixed,128,8,0.0625,4.0,128,2048,1024,4096,1216,1103.369,3084.764,1504.687,0.2025
mixed,128,8,0.0625,4.0,128,2048,2048,8192,2432,1929.36,5834.772,2755.448,0.2115
mixed,128,8,0.0625,4.0,128,2048,4096,16384,4864,3586.88,11404.935,5256.141,0.2135
mixed,128,8,0.0625,4.0,128,4096,128,512,152,438.277,707.429,488.42,0.1863
mixed,128,8,0.0625,4.0,128,4096,256,1024,304,551.11,1059.015,652.999,0.2006
mixed,128,8,0.0625,4.0,128,4096,512,2048,608,766.023,1751.662,964.52,0.2014
mixed,128,8,0.0625,4.0,128,4096,1024,4096,1216,1178.987,3146.331,1593.134,0.2105
mixed,128,8,0.0625,4.0,128,4096,2048,8192,2432,2019.442,5937.617,2824.087,0.2054
mixed,128,8,0.0625,4.0,128,4096,4096,16384,4864,3669.502,11485.759,5333.613,0.2129
mixed,128,8,0.0625,4.0,128,8192,128,512,152,587.59,853.8,634.661,0.1768
mixed,128,8,0.0625,4.0,128,8192,256,1024,304,698.888,1201.674,800.038,0.2012
mixed,128,8,0.0625,4.0,128,8192,512,2048,608,916.454,1894.255,1111.018,0.199
mixed,128,8,0.0625,4.0,128,8192,1024,4096,1216,1334.442,3289.4,1731.885,0.2033
mixed,128,8,0.0625,4.0,128,8192,2048,8192,2432,2169.454,6100.624,2978.743,0.2059
mixed,128,8,0.0625,4.0,128,8192,4096,16384,4864,3802.685,11664.378,5501.226,0.2161
mixed,128,8,0.0625,4.0,256,0,128,512,152,295.298,559.366,346.115,0.1924
mixed,128,8,0.0625,4.0,256,0,256,1024,304,407.428,912.934,508.003,0.199
mixed,128,8,0.0625,4.0,256,0,512,2048,608,627.556,1613.613,818.405,0.1935
mixed,128,8,0.0625,4.0,256,0,1024,4096,1216,1046.63,3000.053,1457.227,0.2102
mixed,128,8,0.0625,4.0,256,0,2048,8192,2432,1865.101,5779.945,2705.78,0.2147
mixed,128,8,0.0625,4.0,256,0,4096,16384,4864,3505.787,11358.996,5194.761,0.2151
mixed,128,8,0.0625,4.0,256,512,128,512,152,362.882,630.245,408.837,0.1719
mixed,128,8,0.0625,4.0,256,512,256,1024,304,475.331,980.071,568.928,0.1854
mixed,128,8,0.0625,4.0,256,512,512,2048,608,698.439,1681.098,893.539,0.1985
mixed,128,8,0.0625,4.0,256,512,1024,4096,1216,1109.192,3062.964,1502.282,0.2012
mixed,128,8,0.0625,4.0,256,512,2048,8192,2432,1930.255,5837.672,2758.741,0.212
mixed,128,8,0.0625,4.0,256,512,4096,16384,4864,3583.159,11418.702,5269.475,0.2152
mixed,128,8,0.0625,4.0,256,1024,128,512,152,413.988,675.686,465.189,0.1956
mixed,128,8,0.0625,4.0,256,1024,256,1024,304,523.682,1026.6,630.916,0.2132
mixed,128,8,0.0625,4.0,256,1024,512,2048,608,749.54,1733.837,939.14,0.1926
mixed,128,8,0.0625,4.0,256,1024,1024,4096,1216,1160.905,3111.956,1564.33,0.2068
mixed,128,8,0.0625,4.0,256,1024,2048,8192,2432,1984.842,5881.669,2804.754,0.2104
mixed,128,8,0.0625,4.0,256,1024,4096,16384,4864,3640.761,11473.801,5309.698,0.2131
mixed,128,8,0.0625,4.0,256,2048,128,512,152,449.346,716.323,501.796,0.1965
mixed,128,8,0.0625,4.0,256,2048,256,1024,304,561.06,1064.679,661.764,0.2
mixed,128,8,0.0625,4.0,256,2048,512,2048,608,780.452,1766.123,966.147,0.1884
mixed,128,8,0.0625,4.0,256,2048,1024,4096,1216,1192.933,3155.058,1594.279,0.2045
mixed,128,8,0.0625,4.0,256,2048,2048,8192,2432,2031.052,5935.525,2858.992,0.212
mixed,128,8,0.0625,4.0,256,2048,4096,16384,4864,3661.651,11483.141,5350.817,0.216
mixed,128,8,0.0625,4.0,256,4096,128,512,152,593.7,857.863,643.367,0.188
mixed,128,8,0.0625,4.0,256,4096,256,1024,304,706.086,1205.353,810.629,0.2094
mixed,128,8,0.0625,4.0,256,4096,512,2048,608,925.636,1901.164,1118.151,0.1973
mixed,128,8,0.0625,4.0,256,4096,1024,4096,1216,1333.129,3291.956,1740.043,0.2077
mixed,128,8,0.0625,4.0,256,4096,2048,8192,2432,2179.501,6087.171,3015.474,0.2139
mixed,128,8,0.0625,4.0,256,4096,4096,16384,4864,3820.086,11662.337,5459.354,0.209
mixed,128,8,0.0625,4.0,256,8192,128,512,152,842.468,1106.021,891.426,0.1858
mixed,128,8,0.0625,4.0,256,8192,256,1024,304,953.571,1456.55,1047.846,0.1874
mixed,128,8,0.0625,4.0,256,8192,512,2048,608,1172.901,2158.252,1381.512,0.2117
mixed,128,8,0.0625,4.0,256,8192,1024,4096,1216,1578.41,3537.682,1990.539,0.2103
mixed,128,8,0.0625,4.0,256,8192,2048,8192,2432,2416.299,6345.316,3247.633,0.2116
mixed,128,8,0.0625,4.0,256,8192,4096,16384,4864,4075.636,11899.037,5747.836,0.2137
mixed,128,8,0.0625,4.0,512,0,128,512,152,412.611,681.861,465.795,0.1975
mixed,128,8,0.0625,4.0,512,0,256,1024,304,523.843,1025.859,615.136,0.1819
mixed,128,8,0.0625,4.0,512,0,512,2048,608,744.903,1734.6,935.527,0.1926
mixed,128,8,0.0625,4.0,512,0,1024,4096,1216,1156.454,3124.205,1564.071,0.2071
mixed,128,8,0.0625,4.0,512,0,2048,8192,2432,1987.658,5920.382,2835.982,0.2157
mixed,128,8,0.0625,4.0,512,0,4096,16384,4864,3635.923,11470.969,5338.586,0.2173
mixed,128,8,0.0625,4.0,512,512,128,512,152,487.107,752.357,534.691,0.1794
mixed,128,8,0.0625,4.0,512,512,256,1024,304,597.699,1107.077,701.346,0.2035
mixed,128,8,0.0625,4.0,512,512,512,2048,608,818.5,1803.208,1009.959,0.1944
mixed,128,8,0.0625,4.0,512,512,1024,4096,1216,1241.574,3191.695,1631.976,0.2002
mixed,128,8,0.0625,4.0,512,512,2048,8192,2432,2065.45,5984.347,2886.54,0.2095
mixed,128,8,0.0625,4.0,512,512,4096,16384,4864,3727.472,11530.963,5414.935,0.2162
mixed,128,8,0.0625,4.0,512,1024,128,512,152,554.978,818.691,607.522,0.1992
mixed,128,8,0.0625,4.0,512,1024,256,1024,304,667.779,1170.663,766.914,0.1971
mixed,128,8,0.0625,4.0,512,1024,512,2048,608,887.715,1866.184,1076.068,0.1925
mixed,128,8,0.0625,4.0,512,1024,1024,4096,1216,1308.134,3254.125,1716.872,0.21
mixed,128,8,0.0625,4.0,512,1024,2048,8192,2432,2129.899,6036.922,2974.413,0.2162
mixed,128,8,0.0625,4.0,512,1024,4096,16384,4864,3777.203,11610.0,5457.783,0.2146
mixed,128,8,0.0625,4.0,512,2048,128,512,152,697.634,969.028,745.091,0.1749
mixed,128,8,0.0625,4.0,512,2048,256,1024,304,809.505,1314.02,909.248,0.1977
mixed,128,8,0.0625,4.0,512,2048,512,2048,608,1032.577,2014.153,1226.436,0.1975
mixed,128,8,0.0625,4.0,512,2048,1024,4096,1216,1441.124,3402.542,1840.104,0.2034
mixed,128,8,0.0625,4.0,512,2048,2048,8192,2432,2272.074,6194.776,3104.874,0.2123
mixed,128,8,0.0625,4.0,512,2048,4096,16384,4864,3925.614,11734.732,5603.698,0.2149
mixed,128,8,0.0625,4.0,512,4096,128,512,152,975.747,1238.692,1030.594,0.2086
mixed,128,8,0.0625,4.0,512,4096,256,1024,304,1090.085,1595.399,1196.773,0.2111
mixed,128,8,0.0625,4.0,512,4096,512,2048,608,1307.94,2282.438,1500.55,0.1977
mixed,128,8,0.0625,4.0,512,4096,1024,4096,1216,1729.446,3686.828,2135.432,0.2074
mixed,128,8,0.0625,4.0,512,4096,2048,8192,2432,2545.863,6464.089,3376.941,0.2121
mixed,128,8,0.0625,4.0,512,4096,4096,16384,4864,4206.412,12009.163,5873.46,0.2136
mixed,128,8,0.0625,4.0,512,8192,128,512,152,1527.687,1796.967,1582.533,0.2037
mixed,128,8,0.0625,4.0,512,8192,256,1024,304,1643.559,2149.862,1744.678,0.1997
mixed,128,8,0.0625,4.0,512,8192,512,2048,608,1855.942,2843.081,2045.96,0.1925
mixed,128,8,0.0625,4.0,512,8192,1024,4096,1216,2275.078,4229.805,2696.682,0.2157
mixed,128,8,0.0625,4.0,512,8192,2048,8192,2432,3106.377,7040.631,3925.486,0.2082
mixed,128,8,0.0625,4.0,512,8192,4096,16384,4864,4749.103,12626.504,6430.227,0.2134
mixed,128,8,0.0625,4.0,1024,0,128,512,152,670.69,938.852,717.57,0.1748
mixed,128,8,0.0625,4.0,1024,0,256,1024,304,782.69,1284.42,879.908,0.1938
mixed,128,8,0.0625,4.0,1024,0,512,2048,608,1004.483,1984.199,1195.17,0.1946
mixed,128,8,0.0625,4.0,1024,0,1024,4096,1216,1413.634,3365.161,1821.955,0.2092
mixed,128,8,0.0625,4.0,1024,0,2048,8192,2432,2243.143,6162.099,3093.609,0.217
mixed,128,8,0.0625,4.0,1024,0,4096,16384,4864,3899.694,11706.883,5578.703,0.2151
mixed,128,8,0.0625,4.0,1024,512,128,512,152,843.491,1111.717,889.955,0.1732
mixed,128,8,0.0625,4.0,1024,512,256,1024,304,957.826,1472.388,1055.012,0.1889
mixed,128,8,0.0625,4.0,1024,512,512,2048,608,1178.467,2172.133,1371.364,0.1941
mixed,128,8,0.0625,4.0,1024,512,1024,4096,1216,1589.765,3560.778,1999.428,0.2078
mixed,128,8,0.0625,4.0,1024,512,2048,8192,2432,2421.127,6325.139,3264.043,0.2159
mixed,128,8,0.0625,4.0,1024,512,4096,16384,4864,4077.228,11916.766,5745.967,0.2129
mixed,128,8,0.0625,4.0,1024,1024,128,512,152,1003.716,1267.556,1052.612,0.1853
mixed,128,8,0.0625,4.0,1024,1024,256,1024,304,1114.659,1621.669,1208.067,0.1842
mixed,128,8,0.0625,4.0,1024,1024,512,2048,608,1338.914,2312.869,1528.45,0.1946
mixed,128,8,0.0625,4.0,1024,1024,1024,4096,1216,1751.047,3704.968,2150.28,0.2043
mixed,128,8,0.0625,4.0,1024,1024,2048,8192,2432,2580.709,6508.754,3411.721,0.2116
mixed,128,8,0.0625,4.0,1024,1024,4096,16384,4864,4262.408,12055.006,5896.462,0.2097
mixed,128,8,0.0625,4.0,1024,2048,128,512,152,1282.435,1546.435,1334.883,0.1987
mixed,128,8,0.0625,4.0,1024,2048,256,1024,304,1391.972,1891.621,1494.722,0.2056
mixed,128,8,0.0625,4.0,1024,2048,512,2048,608,1607.234,2594.406,1801.797,0.1971
mixed,128,8,0.0625,4.0,1024,2048,1024,4096,1216,2022.211,4005.929,2424.743,0.2029
mixed,128,8,0.0625,4.0,1024,2048,2048,8192,2432,2850.758,6770.736,3692.841,0.2148
mixed,128,8,0.0625,4.0,1024,2048,4096,16384,4864,4499.531,12288.954,6171.217,0.2146
mixed,128,8,0.0625,4.0,1024,4096,128,512,152,1833.412,2104.647,1888.483,0.203
mixed,128,8,0.0625,4.0,1024,4096,256,1024,304,1943.554,2447.365,2052.262,0.2158
mixed,128,8,0.0625,4.0,1024,4096,512,2048,608,2164.933,3143.081,2354.436,0.1937
mixed,128,8,0.0625,4.0,1024,4096,1024,4096,1216,2576.069,4529.033,2979.27,0.2065
mixed,128,8,0.0625,4.0,1024,4096,2048,8192,2432,3404.039,7329.709,4230.985,0.2107
mixed,128,8,0.0625,4.0,1024,4096,4096,16384,4864,5067.37,12911.417,6726.315,0.2115
mixed,128,8,0.0625,4.0,1024,8192,128,512,152,2928.743,3189.985,2975.556,0.1792
mixed,128,8,0.0625,4.0,1024,8192,256,1024,304,3041.988,3536.743,3137.477,0.193
mixed,128,8,0.0625,4.0,1024,8192,512,2048,608,3261.669,4250.505,3452.644,0.1931
mixed,128,8,0.0625,4.0,1024,8192,1024,4096,1216,3681.575,5625.546,4076.841,0.2033
mixed,128,8,0.0625,4.0,1024,8192,2048,8192,2432,4495.401,8403.47,5362.408,0.2219
mixed,128,8,0.0625,4.0,1024,8192,4096,16384,4864,6163.115,13962.839,7839.63,0.2149
mixed,128,8,0.0625,4.0,2048,0,128,512,152,1127.712,1395.234,1180.004,0.1955
mixed,128,8,0.0625,4.0,2048,0,256,1024,304,1240.866,1742.115,1339.395,0.1966
mixed,128,8,0.0625,4.0,2048,0,512,2048,608,1462.786,2441.86,1661.86,0.2033
mixed,128,8,0.0625,4.0,2048,0,1024,4096,1216,1874.146,3828.549,2278.565,0.2069
mixed,128,8,0.0625,4.0,2048,0,2048,8192,2432,2696.1,6625.608,3520.325,0.2098
mixed,128,8,0.0625,4.0,2048,0,4096,16384,4864,4361.99,12169.427,6033.544,0.2141
mixed,128,8,0.0625,4.0,2048,512,128,512,152,1461.026,1725.922,1511.714,0.1914
mixed,128,8,0.0625,4.0,2048,512,256,1024,304,1569.921,2074.051,1665.698,0.19
mixed,128,8,0.0625,4.0,2048,512,512,2048,608,1793.249,2764.834,1994.177,0.2068
mixed,128,8,0.0625,4.0,2048,512,1024,4096,1216,2201.09,4162.95,2616.996,0.212
mixed,128,8,0.0625,4.0,2048,512,2048,8192,2432,3041.732,6953.801,3869.157,0.2115
mixed,128,8,0.0625,4.0,2048,512,4096,16384,4864,4694.085,12534.638,6359.624,0.2124
mixed,128,8,0.0625,4.0,2048,1024,128,512,152,1802.209,2067.716,1848.994,0.1762
mixed,128,8,0.0625,4.0,2048,1024,256,1024,304,1912.419,2410.338,2017.793,0.2116
mixed,128,8,0.0625,4.0,2048,1024,512,2048,608,2130.721,3107.428,2318.082,0.1918
mixed,128,8,0.0625,4.0,2048,1024,1024,4096,1216,2545.955,4500.39,2952.547,0.208
mixed,128,8,0.0625,4.0,2048,1024,2048,8192,2432,3368.9,7311.078,4201.508,0.2112
mixed,128,8,0.0625,4.0,2048,1024,4096,16384,4864,5020.709,12855.819,6704.006,0.2148
mixed,128,8,0.0625,4.0,2048,2048,128,512,152,2348.673,2617.635,2393.923,0.1682
mixed,128,8,0.0625,4.0,2048,2048,256,1024,304,2460.037,2967.201,2565.378,0.2077
mixed,128,8,0.0625,4.0,2048,2048,512,2048,608,2682.914,3661.923,2878.819,0.2001
mixed,128,8,0.0625,4.0,2048,2048,1024,4096,1216,3111.555,5057.413,3494.372,0.1967
mixed,128,8,0.0625,4.0,2048,2048,2048,8192,2432,3933.892,7825.639,4770.692,0.215
mixed,128,8,0.0625,4.0,2048,2048,4096,16384,4864,5554.405,13412.62,7234.758,0.2138
mixed,128,8,0.0625,4.0,2048,4096,128,512,152,3443.139,3710.691,3507.075,0.239
mixed,128,8,0.0625,4.0,2048,4096,256,1024,304,3556.548,4053.027,3656.802,0.2019
mixed,128,8,0.0625,4.0,2048,4096,512,2048,608,3778.948,4758.979,3966.915,0.1918
mixed,128,8,0.0625,4.0,2048,4096,1024,4096,1216,4194.594,6132.71,4602.981,0.2107
mixed,128,8,0.0625,4.0,2048,4096,2048,8192,2432,5020.835,8934.438,5864.162,0.2155
mixed,128,8,0.0625,4.0,2048,4096,4096,16384,4864,6670.117,14476.201,8349.606,0.2152
mixed,128,8,0.0625,4.0,2048,8192,128,512,152,5645.507,5907.396,5693.414,0.1829
mixed,128,8,0.0625,4.0,2048,8192,256,1024,304,5755.901,6264.867,5858.339,0.2013
mixed,128,8,0.0625,4.0,2048,8192,512,2048,608,5980.355,6959.236,6163.844,0.1874
mixed,128,8,0.0625,4.0,2048,8192,1024,4096,1216,6383.779,8343.844,6803.94,0.2144
mixed,128,8,0.0625,4.0,2048,8192,2048,8192,2432,7225.763,11129.829,8043.043,0.2093
mixed,128,8,0.0625,4.0,2048,8192,4096,16384,4864,8883.012,16721.288,10560.709,0.214
pure,128,16,0.125,4.0,0,0,128,512,176,206.463,442.175,229.313,0.0969
pure,128,16,0.125,4.0,0,0,256,1024,352,329.569,790.623,400.033,0.1528
pure,128,16,0.125,4.0,0,0,512,2048,704,578.656,1482.368,720.287,0.1567
pure,128,16,0.125,4.0,0,0,1024,4096,1408,1051.2,2876.13,1363.072,0.1709
pure,128,16,0.125,4.0,0,0,2048,8192,2816,2010.624,5667.65,2688.767,0.1854
pure,128,16,0.125,4.0,0,0,4096,16384,5632,3911.202,11187.908,5272.096,0.187
mixed,128,16,0.125,4.0,16,0,128,512,176,213.76,447.01,262.174,0.2076
mixed,128,16,0.125,4.0,16,0,256,1024,352,341.024,802.913,445.534,0.2263
mixed,128,16,0.125,4.0,16,0,512,2048,704,591.904,1492.736,775.394,0.2037
mixed,128,16,0.125,4.0,16,0,1024,4096,1408,1060.127,2885.185,1463.551,0.221
mixed,128,16,0.125,4.0,16,0,2048,8192,2816,2009.888,5684.128,2859.007,0.2311
mixed,128,16,0.125,4.0,16,0,4096,16384,5632,3925.311,11217.824,5764.639,0.2522
mixed,128,16,0.125,4.0,16,512,128,512,176,249.854,487.232,297.824,0.2021
mixed,128,16,0.125,4.0,16,512,256,1024,352,371.615,834.175,478.462,0.231
mixed,128,16,0.125,4.0,16,512,512,2048,704,618.975,1534.657,809.022,0.2075
mixed,128,16,0.125,4.0,16,512,1024,4096,1408,1107.102,2907.615,1502.24,0.2195
mixed,128,16,0.125,4.0,16,512,2048,8192,2816,2048.192,5672.123,2884.766,0.2308
mixed,128,16,0.125,4.0,16,512,4096,16384,5632,3945.726,11215.488,5694.428,0.2405
mixed,128,16,0.125,4.0,16,1024,128,512,176,252.64,487.744,304.512,0.2206
mixed,128,16,0.125,4.0,16,1024,256,1024,352,375.774,836.511,479.392,0.2249
mixed,128,16,0.125,4.0,16,1024,512,2048,704,621.089,1533.506,814.144,0.2116
mixed,128,16,0.125,4.0,16,1024,1024,4096,1408,1098.336,2930.369,1509.664,0.2245
mixed,128,16,0.125,4.0,16,1024,2048,8192,2816,2051.807,5704.896,2885.632,0.2283
mixed,128,16,0.125,4.0,16,1024,4096,16384,5632,3965.502,11231.197,5690.817,0.2375
mixed,128,16,0.125,4.0,16,2048,128,512,176,257.153,489.056,303.04,0.1979
mixed,128,16,0.125,4.0,16,2048,256,1024,352,382.687,837.92,484.448,0.2235
mixed,128,16,0.125,4.0,16,2048,512,2048,704,626.112,1540.222,813.952,0.2055
mixed,128,16,0.125,4.0,16,2048,1024,4096,1408,1105.47,2930.624,1507.009,0.22
mixed,128,16,0.125,4.0,16,2048,2048,8192,2816,2057.92,5677.566,2966.334,0.251
mixed,128,16,0.125,4.0,16,2048,4096,16384,5632,3962.304,11215.834,5964.221,0.276
mixed,128,16,0.125,4.0,16,4096,128,512,176,265.92,502.144,312.737,0.1982
mixed,128,16,0.125,4.0,16,4096,256,1024,352,389.504,858.368,499.679,0.235
mixed,128,16,0.125,4.0,16,4096,512,2048,704,633.376,1556.958,842.43,0.2264
mixed,128,16,0.125,4.0,16,4096,1024,4096,1408,1107.84,2927.838,1519.68,0.2263
mixed,128,16,0.125,4.0,16,4096,2048,8192,2816,2071.837,5724.573,3002.494,0.2548
mixed,128,16,0.125,4.0,16,4096,4096,16384,5632,3951.773,11229.915,5817.564,0.2564
mixed,128,16,0.125,4.0,16,8192,128,512,176,306.079,537.761,353.698,0.2055
mixed,128,16,0.125,4.0,16,8192,256,1024,352,425.408,889.727,534.944,0.2359
mixed,128,16,0.125,4.0,16,8192,512,2048,704,670.306,1585.47,900.673,0.2517
mixed,128,16,0.125,4.0,16,8192,1024,4096,1408,1155.104,2973.405,1570.655,0.2285
mixed,128,16,0.125,4.0,16,8192,2048,8192,2816,2112.478,5764.379,3084.509,0.2662
mixed,128,16,0.125,4.0,16,8192,4096,16384,5632,4021.053,11303.386,5850.715,0.2512
mixed,128,16,0.125,4.0,32,0,128,512,176,246.977,480.352,290.111,0.1848
mixed,128,16,0.125,4.0,32,0,256,1024,352,370.24,831.616,465.664,0.2068
mixed,128,16,0.125,4.0,32,0,512,2048,704,615.937,1526.909,819.902,0.2239
mixed,128,16,0.125,4.0,32,0,1024,4096,1408,1093.567,2930.589,1492.447,0.2171
mixed,128,16,0.125,4.0,32,0,2048,8192,2816,2052.287,5685.597,2876.892,0.227
mixed,128,16,0.125,4.0,32,0,4096,16384,5632,3971.868,11258.295,5621.18,0.2264
mixed,128,16,0.125,4.0,32,512,128,512,176,275.489,508.766,319.519,0.1887
mixed,128,16,0.125,4.0,32,512,256,1024,352,398.497,856.928,491.233,0.2023
mixed,128,16,0.125,4.0,32,512,512,2048,704,643.616,1549.47,836.032,0.2124
mixed,128,16,0.125,4.0,32,512,1024,4096,1408,1116.478,2932.605,1525.79,0.2254
mixed,128,16,0.125,4.0,32,512,2048,8192,2816,2073.309,5702.458,2905.501,0.2293
mixed,128,16,0.125,4.0,32,512,4096,16384,5632,3974.908,11216.728,5710.94,0.2397
mixed,128,16,0.125,4.0,32,1024,128,512,176,276.737,514.783,320.864,0.1854
mixed,128,16,0.125,4.0,32,1024,256,1024,352,401.151,857.438,490.719,0.1963
mixed,128,16,0.125,4.0,32,1024,512,2048,704,640.735,1556.669,837.663,0.215
mixed,128,16,0.125,4.0,32,1024,1024,4096,1408,1119.329,2948.893,1531.454,0.2253
mixed,128,16,0.125,4.0,32,1024,2048,8192,2816,2078.688,5709.499,2906.332,0.228
mixed,128,16,0.125,4.0,32,1024,4096,16384,5632,3965.726,11266.773,5682.938,0.2352
mixed,128,16,0.125,4.0,32,2048,128,512,176,286.748,518.688,329.377,0.1838
mixed,128,16,0.125,4.0,32,2048,256,1024,352,408.609,863.837,499.041,0.1987
mixed,128,16,0.125,4.0,32,2048,512,2048,704,649.693,1567.519,841.152,0.2086
mixed,128,16,0.125,4.0,32,2048,1024,4096,1408,1135.007,2961.726,1534.781,0.2188
mixed,128,16,0.125,4.0,32,2048,2048,8192,2816,2084.127,5706.362,2909.309,0.2278
mixed,128,16,0.125,4.0,32,2048,4096,16384,5632,3988.667,11295.604,5708.826,0.2354
mixed,128,16,0.125,4.0,32,4096,128,512,176,303.168,538.432,346.305,0.1834
mixed,128,16,0.125,4.0,32,4096,256,1024,352,425.343,882.846,515.87,0.1979
mixed,128,16,0.125,4.0,32,4096,512,2048,704,669.439,1582.845,876.607,0.2268
mixed,128,16,0.125,4.0,32,4096,1024,4096,1408,1145.184,2957.437,1558.462,0.228
mixed,128,16,0.125,4.0,32,4096,2048,8192,2816,2101.887,5718.81,3013.691,0.2521
mixed,128,16,0.125,4.0,32,4096,4096,16384,5632,4000.731,11285.745,5718.041,0.2357
mixed,128,16,0.125,4.0,32,8192,128,512,176,393.856,625.504,433.472,0.171
mixed,128,16,0.125,4.0,32,8192,256,1024,352,515.934,978.913,606.719,0.1961
mixed,128,16,0.125,4.0,32,8192,512,2048,704,762.462,1663.038,970.304,0.2308
mixed,128,16,0.125,4.0,32,8192,1024,4096,1408,1227.68,3063.869,1637.596,0.2232
mixed,128,16,0.125,4.0,32,8192,2048,8192,2816,2186.269,5838.231,3019.805,0.2282
mixed,128,16,0.125,4.0,32,8192,4096,16384,5632,4100.444,11382.83,5805.306,0.2341
mixed,128,16,0.125,4.0,64,0,128,512,176,249.088,483.134,292.064,0.1836
mixed,128,16,0.125,4.0,64,0,256,1024,352,372.127,833.569,466.528,0.2046
mixed,128,16,0.125,4.0,64,0,512,2048,704,621.955,1523.357,826.4,0.2268
mixed,128,16,0.125,4.0,64,0,1024,4096,1408,1096.798,2928.315,1489.149,0.2142
mixed,128,16,0.125,4.0,64,0,2048,8192,2816,2049.372,5724.76,2885.083,0.2274
mixed,128,16,0.125,4.0,64,0,4096,16384,5632,3969.628,11264.177,5664.121,0.2323
mixed,128,16,0.125,4.0,64,512,128,512,176,283.712,519.583,327.645,0.1863
mixed,128,16,0.125,4.0,64,512,256,1024,352,408.383,874.592,510.112,0.2182
mixed,128,16,0.125,4.0,64,512,512,2048,704,651.197,1566.493,842.784,0.2093
mixed,128,16,0.125,4.0,64,512,1024,4096,1408,1129.822,2956.123,1540.928,0.2251
mixed,128,16,0.125,4.0,64,512,2048,8192,2816,2116.733,5734.167,3059.034,0.2605
mixed,128,16,0.125,4.0,64,512,4096,16384,5632,4006.81,11282.64,5717.783,0.2352
mixed,128,16,0.125,4.0,64,1024,128,512,176,293.695,527.743,337.407,0.1868
mixed,128,16,0.125,4.0,64,1024,256,1024,352,414.785,873.151,517.983,0.2251
mixed,128,16,0.125,4.0,64,1024,512,2048,704,661.566,1579.484,851.486,0.2069
mixed,128,16,0.125,4.0,64,1024,1024,4096,1408,1143.168,2979.549,1534.014,0.2128
mixed,128,16,0.125,4.0,64,1024,2048,8192,2816,2094.718,5746.135,3001.915,0.2485
mixed,128,16,0.125,4.0,64,1024,4096,16384,5632,4007.673,11325.326,5695.319,0.2306
mixed,128,16,0.125,4.0,64,2048,128,512,176,305.438,537.216,352.638,0.2036
mixed,128,16,0.125,4.0,64,2048,256,1024,352,428.511,889.216,521.151,0.2011
mixed,128,16,0.125,4.0,64,2048,512,2048,704,670.272,1584.573,861.436,0.2091
mixed,128,16,0.125,4.0,64,2048,1024,4096,1408,1144.573,2973.052,1578.078,0.2371
mixed,128,16,0.125,4.0,64,2048,2048,8192,2816,2111.355,5769.017,2932.252,0.2244
mixed,128,16,0.125,4.0,64,2048,4096,16384,5632,4023.737,11349.488,5709.334,0.2301
mixed,128,16,0.125,4.0,64,4096,128,512,176,381.15,619.167,424.255,0.1811
mixed,128,16,0.125,4.0,64,4096,256,1024,352,504.83,960.991,592.351,0.1919
mixed,128,16,0.125,4.0,64,4096,512,2048,704,748.35,1669.887,945.344,0.2138
mixed,128,16,0.125,4.0,64,4096,1024,4096,1408,1226.429,3058.074,1641.246,0.2265
mixed,128,16,0.125,4.0,64,4096,2048,8192,2816,2186.812,5845.684,3032.059,0.231
mixed,128,16,0.125,4.0,64,4096,4096,16384,5632,4116.922,11389.549,5784.952,0.2294
mixed,128,16,0.125,4.0,64,8192,128,512,176,462.782,697.212,509.279,0.1983
mixed,128,16,0.125,4.0,64,8192,256,1024,352,584.83,1044.894,675.391,0.1968
mixed,128,16,0.125,4.0,64,8192,512,2048,704,832.638,1741.917,1055.038,0.2446
mixed,128,16,0.125,4.0,64,8192,1024,4096,1408,1309.404,3131.58,1751.262,0.2425
mixed,128,16,0.125,4.0,64,8192,2048,8192,2816,2269.118,5929.974,3107.865,0.2291
mixed,128,16,0.125,4.0,64,8192,4096,16384,5632,4187.161,11466.091,5886.228,0.2334
mixed,128,16,0.125,4.0,128,0,128,512,176,266.301,502.24,309.727,0.1841
mixed,128,16,0.125,4.0,128,0,256,1024,352,388.16,850.045,482.239,0.2037
mixed,128,16,0.125,4.0,128,0,512,2048,704,632.479,1543.069,828.318,0.2151
mixed,128,16,0.125,4.0,128,0,1024,4096,1408,1105.821,2941.145,1517.246,0.2242
mixed,128,16,0.125,4.0,128,0,2048,8192,2816,2056.796,5739.861,2885.178,0.2249
mixed,128,16,0.125,4.0,128,0,4096,16384,5632,3970.553,11307.243,5686.357,0.2339
mixed,128,16,0.125,4.0,128,512,128,512,176,308.864,540.894,352.736,0.1891
mixed,128,16,0.125,4.0,128,512,256,1024,352,434.559,887.838,534.942,0.2215
mixed,128,16,0.125,4.0,128,512,512,2048,704,677.887,1584.156,866.333,0.2079
mixed,128,16,0.125,4.0,128,512,1024,4096,1408,1152.895,2976.474,1557.502,0.2219
mixed,128,16,0.125,4.0,128,512,2048,8192,2816,2109.532,5747.86,3018.49,0.2498
mixed,128,16,0.125,4.0,128,512,4096,16384,5632,4016.504,11322.219,5742.675,0.2363
mixed,128,16,0.125,4.0,128,1024,128,512,176,316.636,549.726,361.568,0.1928
mixed,128,16,0.125,4.0,128,1024,256,1024,352,439.712,903.615,559.266,0.2577
mixed,128,16,0.125,4.0,128,1024,512,2048,704,683.773,1605.565,871.518,0.2037
mixed,128,16,0.125,4.0,128,1024,1024,4096,1408,1163.55,2992.025,1576.734,0.226
mixed,128,16,0.125,4.0,128,1024,2048,8192,2816,2123.483,5765.878,3005.209,0.2421
mixed,128,16,0.125,4.0,128,1024,4096,16384,5632,4043.54,11376.678,5735.315,0.2307
mixed,128,16,0.125,4.0,128,2048,128,512,176,390.238,622.334,432.094,0.1803
mixed,128,16,0.125,4.0,128,2048,256,1024,352,514.59,973.342,614.139,0.217
mixed,128,16,0.125,4.0,128,2048,512,2048,704,760.768,1668.569,956.767,0.2159
mixed,128,16,0.125,4.0,128,2048,1024,4096,1408,1237.34,3069.082,1633.181,0.2161
mixed,128,16,0.125,4.0,128,2048,2048,8192,2816,2192.505,5847.155,3014.363,0.2249
mixed,128,16,0.125,4.0,128,2048,4096,16384,5632,4102.807,11393.672,5825.781,0.2363
mixed,128,16,0.125,4.0,128,4096,128,512,176,470.432,703.614,510.88,0.1735
mixed,128,16,0.125,4.0,128,4096,256,1024,352,593.918,1060.285,694.976,0.2167
mixed,128,16,0.125,4.0,128,4096,512,2048,704,835.645,1746.366,1050.848,0.2363
mixed,128,16,0.125,4.0,128,4096,1024,4096,1408,1316.351,3143.931,1710.202,0.2155
mixed,128,16,0.125,4.0,128,4096,2048,8192,2816,2279.226,5928.723,3107.543,0.227
mixed,128,16,0.125,4.0,128,4096,4096,16384,5632,4192.407,11478.597,5880.05,0.2316
mixed,128,16,0.125,4.0,128,8192,128,512,176,617.533,852.285,668.319,0.2163
mixed,128,16,0.125,4.0,128,8192,256,1024,352,742.558,1199.712,845.977,0.2262
mixed,128,16,0.125,4.0,128,8192,512,2048,704,990.783,1899.131,1182.141,0.2107
mixed,128,16,0.125,4.0,128,8192,1024,4096,1408,1462.334,3296.857,1874.173,0.2245
mixed,128,16,0.125,4.0,128,8192,2048,8192,2816,2416.445,6078.163,3264.409,0.2316
mixed,128,16,0.125,4.0,128,8192,4096,16384,5632,4330.454,11626.791,6028.083,0.2327
mixed,128,16,0.125,4.0,256,0,128,512,176,326.718,563.711,368.479,0.1762
mixed,128,16,0.125,4.0,256,0,256,1024,352,450.722,911.358,538.879,0.1914
mixed,128,16,0.125,4.0,256,0,512,2048,704,702.271,1607.387,885.281,0.2022
mixed,128,16,0.125,4.0,256,0,1024,4096,1408,1170.431,2991.994,1581.118,0.2255
mixed,128,16,0.125,4.0,256,0,2048,8192,2816,2136.922,5772.658,2957.786,0.2258
mixed,128,16,0.125,4.0,256,0,4096,16384,5632,4040.982,11365.126,5750.705,0.2334
mixed,128,16,0.125,4.0,256,512,128,512,176,393.856,628.926,432.384,0.1639
mixed,128,16,0.125,4.0,256,512,256,1024,352,515.71,980.222,608.734,0.2003
mixed,128,16,0.125,4.0,256,512,512,2048,704,767.23,1675.196,952.16,0.2037
mixed,128,16,0.125,4.0,256,512,1024,4096,1408,1236.793,3075.576,1654.364,0.2271
mixed,128,16,0.125,4.0,256,512,2048,8192,2816,2195.964,5838.517,3025.625,0.2278
mixed,128,16,0.125,4.0,256,512,4096,16384,5632,4104.759,11404.582,5807.407,0.2332
mixed,128,16,0.125,4.0,256,1024,128,512,176,443.934,681.054,489.76,0.1933
mixed,128,16,0.125,4.0,256,1024,256,1024,352,567.741,1028.704,660.542,0.2013
mixed,128,16,0.125,4.0,256,1024,512,2048,704,806.878,1732.475,1017.824,0.2279
mixed,128,16,0.125,4.0,256,1024,1024,4096,1408,1283.644,3129.272,1737.054,0.2457
mixed,128,16,0.125,4.0,256,1024,2048,8192,2816,2247.133,5912.082,3084.985,0.2286
mixed,128,16,0.125,4.0,256,1024,4096,16384,5632,4155.285,11478.756,5991.698,0.2508
mixed,128,16,0.125,4.0,256,2048,128,512,176,480.797,714.684,523.039,0.1806
mixed,128,16,0.125,4.0,256,2048,256,1024,352,601.854,1062.397,698.43,0.2097
mixed,128,16,0.125,4.0,256,2048,512,2048,704,848.894,1762.682,1060.861,0.232
mixed,128,16,0.125,4.0,256,2048,1024,4096,1408,1324.702,3163.928,1766.075,0.24
mixed,128,16,0.125,4.0,256,2048,2048,8192,2816,2291.58,5924.849,3185.721,0.2461
mixed,128,16,0.125,4.0,256,2048,4096,16384,5632,4202.39,11480.803,5853.268,0.2268
mixed,128,16,0.125,4.0,256,4096,128,512,176,624.19,860.094,671.455,0.2004
mixed,128,16,0.125,4.0,256,4096,256,1024,352,747.232,1208.734,845.47,0.2129
mixed,128,16,0.125,4.0,256,4096,512,2048,704,993.215,1911.961,1193.147,0.2176
mixed,128,16,0.125,4.0,256,4096,1024,4096,1408,1464.347,3307.832,1880.478,0.2257
mixed,128,16,0.125,4.0,256,4096,2048,8192,2816,2429.527,6077.649,3249.208,0.2247
mixed,128,16,0.125,4.0,256,4096,4096,16384,5632,4354.742,11638.18,6010.738,0.2274
mixed,128,16,0.125,4.0,256,8192,128,512,176,869.468,1106.781,913.502,0.1856
mixed,128,16,0.125,4.0,256,8192,256,1024,352,994.428,1457.532,1084.447,0.1944
mixed,128,16,0.125,4.0,256,8192,512,2048,704,1239.389,2147.322,1431.099,0.2111
mixed,128,16,0.125,4.0,256,8192,1024,4096,1408,1718.27,3534.262,2162.331,0.2445
mixed,128,16,0.125,4.0,256,8192,2048,8192,2816,2675.802,6331.695,3503.896,0.2265
mixed,128,16,0.125,4.0,256,8192,4096,16384,5632,4585.78,11907.973,6245.713,0.2267
mixed,128,16,0.125,4.0,512,0,128,512,176,443.164,675.422,485.375,0.1817
mixed,128,16,0.125,4.0,512,0,256,1024,352,564.127,1028.51,657.918,0.202
mixed,128,16,0.125,4.0,512,0,512,2048,704,810.526,1734.941,1003.711,0.209
mixed,128,16,0.125,4.0,512,0,1024,4096,1408,1293.117,3112.054,1691.834,0.2192
mixed,128,16,0.125,4.0,512,0,2048,8192,2816,2254.139,5915.217,3148.887,0.2444
mixed,128,16,0.125,4.0,512,0,4096,16384,5632,4163.606,11498.817,5845.937,0.2294
mixed,128,16,0.125,4.0,512,512,128,512,176,517.664,749.759,563.453,0.1973
mixed,128,16,0.125,4.0,512,512,256,1024,352,640.541,1104.67,740.061,0.2144
mixed,128,16,0.125,4.0,512,512,512,2048,704,881.692,1800.826,1073.504,0.2087
mixed,128,16,0.125,4.0,512,512,1024,4096,1408,1364.987,3193.946,1797.338,0.2364
mixed,128,16,0.125,4.0,512,512,2048,8192,2816,2319.768,6017.103,3170.582,0.2301
mixed,128,16,0.125,4.0,512,512,4096,16384,5632,4254.866,11494.305,5940.465,0.2328
mixed,128,16,0.125,4.0,512,1024,128,512,176,583.839,822.366,627.743,0.1841
mixed,128,16,0.125,4.0,512,1024,256,1024,352,708.06,1171.834,803.067,0.2049
mixed,128,16,0.125,4.0,512,1024,512,2048,704,958.268,1865.371,1167.101,0.2302
mixed,128,16,0.125,4.0,512,1024,1024,4096,1408,1426.045,3257.656,1830.939,0.2211
mixed,128,16,0.125,4.0,512,1024,2048,8192,2816,2387.162,6065.651,3288.089,0.2449
mixed,128,16,0.125,4.0,512,1024,4096,16384,5632,4307.955,11593.985,6036.755,0.2373
mixed,128,16,0.125,4.0,512,2048,128,512,176,729.567,960.987,778.108,0.2098
mixed,128,16,0.125,4.0,512,2048,256,1024,352,851.584,1308.701,959.648,0.2364
mixed,128,16,0.125,4.0,512,2048,512,2048,704,1099.39,2014.808,1293.982,0.2126
mixed,128,16,0.125,4.0,512,2048,1024,4096,1408,1575.419,3394.391,1977.915,0.2213
mixed,128,16,0.125,4.0,512,2048,2048,8192,2816,2545.786,6181.676,3418.134,0.2399
mixed,128,16,0.125,4.0,512,2048,4096,16384,5632,4457.106,11773.632,6129.678,0.2286
mixed,128,16,0.125,4.0,512,4096,128,512,176,1006.749,1241.022,1047.101,0.1722
mixed,128,16,0.125,4.0,512,4096,256,1024,352,1131.613,1585.47,1232.028,0.2212
mixed,128,16,0.125,4.0,512,4096,512,2048,704,1372.508,2290.875,1567.483,0.2123
mixed,128,16,0.125,4.0,512,4096,1024,4096,1408,1857.436,3669.111,2259.228,0.2218
mixed,128,16,0.125,4.0,512,4096,2048,8192,2816,2812.409,6454.286,3696.82,0.2428
mixed,128,16,0.125,4.0,512,4096,4096,16384,5632,4723.699,12030.912,6592.72,0.2558
mixed,128,16,0.125,4.0,512,8192,128,512,176,1559.932,1794.425,1601.208,0.176
mixed,128,16,0.125,4.0,512,8192,256,1024,352,1684.476,2148.888,1789.979,0.2272
mixed,128,16,0.125,4.0,512,8192,512,2048,704,1934.84,2847.383,2143.834,0.229
mixed,128,16,0.125,4.0,512,8192,1024,4096,1408,2402.747,4235.412,2808.504,0.2214
mixed,128,16,0.125,4.0,512,8192,2048,8192,2816,3370.807,7059.629,4181.877,0.2199
mixed,128,16,0.125,4.0,512,8192,4096,16384,5632,5289.137,12591.741,6958.83,0.2286
mixed,128,16,0.125,4.0,1024,0,128,512,176,699.585,933.564,742.685,0.1842
mixed,128,16,0.125,4.0,1024,0,256,1024,352,821.855,1293.341,912.924,0.1932
mixed,128,16,0.125,4.0,1024,0,512,2048,704,1065.819,1986.201,1260.988,0.2121
mixed,128,16,0.125,4.0,1024,0,1024,4096,1408,1550.234,3381.3,1973.499,0.2312
mixed,128,16,0.125,4.0,1024,0,2048,8192,2816,2500.122,6158.415,3407.799,0.2481
mixed,128,16,0.125,4.0,1024,0,4096,16384,5632,4410.837,11733.983,6122.254,0.2337
mixed,128,16,0.125,4.0,1024,512,128,512,176,876.542,1115.902,916.478,0.1668
mixed,128,16,0.125,4.0,1024,512,256,1024,352,999.741,1460.027,1093.852,0.2045
mixed,128,16,0.125,4.0,1024,512,512,2048,704,1246.142,2166.458,1459.612,0.232
mixed,128,16,0.125,4.0,1024,512,1024,4096,1408,1727.355,3540.024,2131.548,0.223
mixed,128,16,0.125,4.0,1024,512,2048,8192,2816,2681.305,6331.022,3491.64,0.222
mixed,128,16,0.125,4.0,1024,512,4096,16384,5632,4593.777,11895.453,6312.463,0.2354
mixed,128,16,0.125,4.0,1024,1024,128,512,176,1032.54,1272.862,1073.853,0.1719
mixed,128,16,0.125,4.0,1024,1024,256,1024,352,1156.284,1619.897,1246.716,0.1951
mixed,128,16,0.125,4.0,1024,1024,512,2048,704,1402.683,2313.53,1612.568,0.2304
mixed,128,16,0.125,4.0,1024,1024,1024,4096,1408,1888.282,3716.244,2332.025,0.2428
mixed,128,16,0.125,4.0,1024,1024,2048,8192,2816,2836.344,6481.709,3728.216,0.2447
mixed,128,16,0.125,4.0,1024,1024,4096,16384,5632,4759.158,12062.11,6433.07,0.2292
mixed,128,16,0.125,4.0,1024,2048,128,512,176,1312.414,1547.707,1362.459,0.2127
mixed,128,16,0.125,4.0,1024,2048,256,1024,352,1433.947,1892.954,1533.469,0.2168
mixed,128,16,0.125,4.0,1024,2048,512,2048,704,1680.572,2592.505,1872.187,0.2101
mixed,128,16,0.125,4.0,1024,2048,1024,4096,1408,2159.321,3991.541,2554.361,0.2156
mixed,128,16,0.125,4.0,1024,2048,2048,8192,2816,3112.534,6787.788,3951.542,0.2283
mixed,128,16,0.125,4.0,1024,2048,4096,16384,5632,5017.776,12334.717,6722.572,0.233
mixed,128,16,0.125,4.0,1024,4096,128,512,176,1865.305,2100.153,1911.674,0.1974
mixed,128,16,0.125,4.0,1024,4096,256,1024,352,1984.892,2451.865,2080.984,0.2058
mixed,128,16,0.125,4.0,1024,4096,512,2048,704,2237.85,3157.367,2448.442,0.229
mixed,128,16,0.125,4.0,1024,4096,1024,4096,1408,2698.618,4532.658,3140.503,0.2409
mixed,128,16,0.125,4.0,1024,4096,2048,8192,2816,3665.397,7316.012,4502.256,0.2292
mixed,128,16,0.125,4.0,1024,4096,4096,16384,5632,5587.501,12880.156,7237.161,0.2262
mixed,128,16,0.125,4.0,1024,8192,128,512,176,2957.399,3195.315,3001.945,0.1872
mixed,128,16,0.125,4.0,1024,8192,256,1024,352,3084.985,3550.071,3184.245,0.2134
mixed,128,16,0.125,4.0,1024,8192,512,2048,704,3327.413,4240.435,3524.82,0.2162
mixed,128,16,0.125,4.0,1024,8192,1024,4096,1408,3810.551,5633.07,4217.173,0.2231
mixed,128,16,0.125,4.0,1024,8192,2048,8192,2816,4763.954,8409.193,5593.426,0.2275
mixed,128,16,0.125,4.0,1024,8192,4096,16384,5632,6668.749,13963.255,8369.32,0.2331
mixed,128,16,0.125,4.0,2048,0,128,512,176,1157.5,1392.285,1208.604,0.2177
mixed,128,16,0.125,4.0,2048,0,256,1024,352,1279.933,1751.259,1385.053,0.223
mixed,128,16,0.125,4.0,2048,0,512,2048,704,1527.547,2440.793,1715.419,0.2057
mixed,128,16,0.125,4.0,2048,0,1024,4096,1408,2001.594,3842.484,2407.994,0.2208
mixed,128,16,0.125,4.0,2048,0,2048,8192,2816,2952.215,6624.458,3797.268,0.2301
mixed,128,16,0.125,4.0,2048,0,4096,16384,5632,4883.698,12182.845,6554.095,0.2288
mixed,128,16,0.125,4.0,2048,512,128,512,176,1487.994,1727.548,1541.34,0.2227
mixed,128,16,0.125,4.0,2048,512,256,1024,352,1615.131,2077.785,1714.876,0.2156
mixed,128,16,0.125,4.0,2048,512,512,2048,704,1863.13,2769.815,2052.858,0.2093
mixed,128,16,0.125,4.0,2048,512,1024,4096,1408,2341.753,4163.858,2729.752,0.2129
mixed,128,16,0.125,4.0,2048,512,2048,8192,2816,3298.583,6947.658,4119.219,0.2249
mixed,128,16,0.125,4.0,2048,512,4096,16384,5632,5200.432,12512.507,6908.972,0.2337
mixed,128,16,0.125,4.0,2048,1024,128,512,176,1829.532,2064.825,1870.459,0.1739
mixed,128,16,0.125,4.0,2048,1024,256,1024,352,1951.356,2416.824,2051.961,0.2161
mixed,128,16,0.125,4.0,2048,1024,512,2048,704,2190.939,3118.999,2388.154,0.2125
mixed,128,16,0.125,4.0,2048,1024,1024,4096,1408,2675.321,4498.932,3083.031,0.2236
mixed,128,16,0.125,4.0,2048,1024,2048,8192,2816,3637.683,7306.412,4449.652,0.2213
mixed,128,16,0.125,4.0,2048,1024,4096,16384,5632,5564.879,12896.348,7234.602,0.2277
mixed,128,16,0.125,4.0,2048,2048,128,512,176,2385.784,2616.568,2425.337,0.1714
mixed,128,16,0.125,4.0,2048,2048,256,1024,352,2501.242,2967.832,2597.304,0.2059
mixed,128,16,0.125,4.0,2048,2048,512,2048,704,2750.966,3660.214,2965.464,0.2359
mixed,128,16,0.125,4.0,2048,2048,1024,4096,1408,3225.848,5073.521,3639.83,0.2241
mixed,128,16,0.125,4.0,2048,2048,2048,8192,2816,4187.797,7838.538,5017.458,0.2273
mixed,128,16,0.125,4.0,2048,2048,4096,16384,5632,6103.536,13400.923,7796.841,0.232
mixed,128,16,0.125,4.0,2048,4096,128,512,176,3475.67,3712.34,3518.485,0.1809
mixed,128,16,0.125,4.0,2048,4096,256,1024,352,3597.461,4057.139,3692.629,0.207
mixed,128,16,0.125,4.0,2048,4096,512,2048,704,3848.181,4756.08,4053.14,0.2258
mixed,128,16,0.125,4.0,2048,4096,1024,4096,1408,4324.884,6162.925,4719.504,0.2147
mixed,128,16,0.125,4.0,2048,4096,2048,8192,2816,5278.289,8933.734,6175.982,0.2456
mixed,128,16,0.125,4.0,2048,4096,4096,16384,5632,7198.922,14517.493,9035.719,0.251
mixed,128,16,0.125,4.0,2048,8192,128,512,176,5678.257,5912.751,5715.664,0.1595
mixed,128,16,0.125,4.0,2048,8192,256,1024,352,5801.741,6260.526,5885.004,0.1815
mixed,128,16,0.125,4.0,2048,8192,512,2048,704,6038.383,6958.731,6227.019,0.205
mixed,128,16,0.125,4.0,2048,8192,1024,4096,1408,6522.446,8347.942,6919.083,0.2173
mixed,128,16,0.125,4.0,2048,8192,2048,8192,2816,7470.217,11139.523,8294.889,0.2247
mixed,128,16,0.125,4.0,2048,8192,4096,16384,5632,9392.068,16753.136,11072.512,0.2283
pure,128,32,0.25,4.0,0,0,128,512,224,240.511,441.757,284.416,0.2182
pure,128,32,0.25,4.0,0,0,256,1024,448,394.878,788.8,491.072,0.2442
pure,128,32,0.25,4.0,0,0,512,2048,896,702.047,1485.34,903.389,0.257
pure,128,32,0.25,4.0,0,0,1024,4096,1792,1311.357,2890.553,1712.636,0.2541
pure,128,32,0.25,4.0,0,0,2048,8192,3584,2531.29,5659.568,3341.846,0.2591
pure,128,32,0.25,4.0,0,0,4096,16384,7168,4957.104,11193.888,6586.477,0.2613
mixed,128,32,0.25,4.0,16,0,128,512,224,248.668,449.727,293.087,0.2209
mixed,128,32,0.25,4.0,16,0,256,1024,448,407.583,801.246,484.125,0.1944
mixed,128,32,0.25,4.0,16,0,512,2048,896,710.398,1494.747,907.71,0.2516
mixed,128,32,0.25,4.0,16,0,1024,4096,1792,1323.516,2891.0,1717.626,0.2514
mixed,128,32,0.25,4.0,16,0,2048,8192,3584,2543.384,5667.088,3378.71,0.2674
mixed,128,32,0.25,4.0,16,0,4096,16384,7168,4979.57,11248.448,6595.435,0.2578
mixed,128,32,0.25,4.0,16,512,128,512,224,284.607,481.951,324.608,0.2027
mixed,128,32,0.25,4.0,16,512,256,1024,448,441.15,829.662,529.726,0.228
mixed,128,32,0.25,4.0,16,512,512,2048,896,749.119,1528.38,917.565,0.2162
mixed,128,32,0.25,4.0,16,512,1024,4096,1792,1354.91,2923.577,1755.259,0.2552
mixed,128,32,0.25,4.0,16,512,2048,8192,3584,2566.392,5709.135,3366.742,0.2547
mixed,128,32,0.25,4.0,16,512,4096,16384,7168,5013.265,11232.478,6508.269,0.2404
mixed,128,32,0.25,4.0,16,1024,128,512,224,287.005,490.652,319.168,0.1579
mixed,128,32,0.25,4.0,16,1024,256,1024,448,449.119,834.622,531.262,0.2131
mixed,128,32,0.25,4.0,16,1024,512,2048,896,757.12,1535.995,944.67,0.2408
mixed,128,32,0.25,4.0,16,1024,1024,4096,1792,1359.291,2912.536,1752.123,0.2529
mixed,128,32,0.25,4.0,16,1024,2048,8192,3584,2583.45,5688.876,3354.715,0.2484
mixed,128,32,0.25,4.0,16,1024,4096,16384,7168,5000.432,11214.301,6483.213,0.2386
mixed,128,32,0.25,4.0,16,2048,128,512,224,292.222,492.062,323.454,0.1563
mixed,128,32,0.25,4.0,16,2048,256,1024,448,450.174,836.286,533.725,0.2164
mixed,128,32,0.25,4.0,16,2048,512,2048,896,754.174,1527.579,931.229,0.2289
mixed,128,32,0.25,4.0,16,2048,1024,4096,1792,1356.668,2937.399,1765.946,0.2589
mixed,128,32,0.25,4.0,16,2048,2048,8192,3584,2574.871,5687.407,3391.955,0.2625
mixed,128,32,0.25,4.0,16,2048,4096,16384,7168,5012.21,11245.086,6518.412,0.2417
mixed,128,32,0.25,4.0,16,4096,128,512,224,301.663,500.573,335.297,0.1691
mixed,128,32,0.25,4.0,16,4096,256,1024,448,459.197,852.128,547.552,0.2249
mixed,128,32,0.25,4.0,16,4096,512,2048,896,766.269,1550.234,931.229,0.2104
mixed,128,32,0.25,4.0,16,4096,1024,4096,1792,1376.477,2939.157,1745.275,0.236
mixed,128,32,0.25,4.0,16,4096,2048,8192,3584,2590.361,5715.31,3354.231,0.2444
mixed,128,32,0.25,4.0,16,4096,4096,16384,7168,5026.129,11233.118,6516.171,0.2401
mixed,128,32,0.25,4.0,16,8192,128,512,224,340.703,539.198,372.799,0.1617
mixed,128,32,0.25,4.0,16,8192,256,1024,448,496.575,886.587,581.727,0.2183
mixed,128,32,0.25,4.0,16,8192,512,2048,896,802.332,1594.523,1012.474,0.2653
mixed,128,32,0.25,4.0,16,8192,1024,4096,1792,1408.954,2975.479,1781.242,0.2377
mixed,128,32,0.25,4.0,16,8192,2048,8192,3584,2619.097,5743.63,3402.551,0.2507
mixed,128,32,0.25,4.0,16,8192,4096,16384,7168,5046.097,11294.27,6619.979,0.2519
mixed,128,32,0.25,4.0,32,0,128,512,224,282.846,479.71,320.636,0.192
mixed,128,32,0.25,4.0,32,0,256,1024,448,439.868,830.173,524.766,0.2175
mixed,128,32,0.25,4.0,32,0,512,2048,896,742.813,1544.73,953.982,0.2633
mixed,128,32,0.25,4.0,32,0,1024,4096,1792,1357.148,2934.967,1773.883,0.2641
mixed,128,32,0.25,4.0,32,0,2048,8192,3584,2584.279,5711.022,3408.823,0.2637
mixed,128,32,0.25,4.0,32,0,4096,16384,7168,5008.688,11284.608,6592.619,0.2524
mixed,128,32,0.25,4.0,32,512,128,512,224,307.934,504.992,341.408,0.1699
mixed,128,32,0.25,4.0,32,512,256,1024,448,464.959,855.84,550.524,0.2189
mixed,128,32,0.25,4.0,32,512,512,2048,896,767.23,1556.955,961.95,0.2466
mixed,128,32,0.25,4.0,32,512,1024,4096,1792,1380.474,2929.238,1766.299,0.2491
mixed,128,32,0.25,4.0,32,512,2048,8192,3584,2600.311,5702.031,3363.059,0.2459
mixed,128,32,0.25,4.0,32,512,4096,16384,7168,5004.145,11227.966,6675.306,0.2685
mixed,128,32,0.25,4.0,32,1024,128,512,224,311.903,511.421,350.557,0.1937
mixed,128,32,0.25,4.0,32,1024,256,1024,448,466.141,855.421,550.368,0.2164
mixed,128,32,0.25,4.0,32,1024,512,2048,896,773.246,1558.971,979.774,0.2629
mixed,128,32,0.25,4.0,32,1024,1024,4096,1792,1382.746,2953.752,1776.634,0.2507
mixed,128,32,0.25,4.0,32,1024,2048,8192,3584,2600.312,5707.471,3341.398,0.2385
mixed,128,32,0.25,4.0,32,1024,4096,16384,7168,5011.377,11252.127,6546.315,0.246
mixed,128,32,0.25,4.0,32,2048,128,512,224,319.487,522.142,351.423,0.1576
mixed,128,32,0.25,4.0,32,2048,256,1024,448,476.092,869.313,558.173,0.2087
mixed,128,32,0.25,4.0,32,2048,512,2048,896,791.485,1554.874,995.57,0.2673
mixed,128,32,0.25,4.0,32,2048,1024,4096,1792,1388.843,2940.849,1774.819,0.2487
mixed,128,32,0.25,4.0,32,2048,2048,8192,3584,2615.096,5733.194,3380.169,0.2454
mixed,128,32,0.25,4.0,32,2048,4096,16384,7168,5024.117,11269.429,6631.868,0.2574
mixed,128,32,0.25,4.0,32,4096,128,512,224,337.049,538.105,372.603,0.1768
mixed,128,32,0.25,4.0,32,4096,256,1024,448,491.192,886.93,591.959,0.2546
mixed,128,32,0.25,4.0,32,4096,512,2048,896,799.318,1585.386,979.09,0.2287
mixed,128,32,0.25,4.0,32,4096,1024,4096,1792,1407.404,2958.003,1785.606,0.2439
mixed,128,32,0.25,4.0,32,4096,2048,8192,3584,2617.691,5734.411,3407.503,0.2534
mixed,128,32,0.25,4.0,32,4096,4096,16384,7168,5040.053,11308.66,6604.253,0.2495
mixed,128,32,0.25,4.0,32,8192,128,512,224,428.315,624.693,460.665,0.1647
mixed,128,32,0.25,4.0,32,8192,256,1024,448,582.263,986.576,676.628,0.2334
mixed,128,32,0.25,4.0,32,8192,512,2048,896,888.34,1668.456,1095.57,0.2656
mixed,128,32,0.25,4.0,32,8192,1024,4096,1792,1496.97,3062.705,1876.454,0.2424
mixed,128,32,0.25,4.0,32,8192,2048,8192,3584,2702.809,5829.708,3463.566,0.2433
mixed,128,32,0.25,4.0,32,8192,4096,16384,7168,5136.503,11393.181,6698.624,0.2497
mixed,128,32,0.25,4.0,64,0,128,512,224,283.611,481.047,326.973,0.2196
mixed,128,32,0.25,4.0,64,0,256,1024,448,442.169,828.948,538.106,0.248
mixed,128,32,0.25,4.0,64,0,512,2048,896,746.614,1531.626,947.537,0.2559
mixed,128,32,0.25,4.0,64,0,1024,4096,1792,1357.481,2923.32,1767.432,0.2618
mixed,128,32,0.25,4.0,64,0,2048,8192,3584,2564.158,5714.288,3383.887,0.2602
mixed,128,32,0.25,4.0,64,0,4096,16384,7168,5001.69,11279.139,6593.156,0.2535
mixed,128,32,0.25,4.0,64,512,128,512,224,319.26,518.135,359.29,0.2013
mixed,128,32,0.25,4.0,64,512,256,1024,448,476.987,866.101,562.009,0.2185
mixed,128,32,0.25,4.0,64,512,512,2048,896,781.527,1573.448,989.971,0.2632
mixed,128,32,0.25,4.0,64,512,1024,4096,1792,1388.267,2963.032,1772.135,0.2438
mixed,128,32,0.25,4.0,64,512,2048,8192,3584,2623.614,5743.473,3414.769,0.2536
mixed,128,32,0.25,4.0,64,512,4096,16384,7168,5034.59,11313.157,6705.283,0.2661
mixed,128,32,0.25,4.0,64,1024,128,512,224,326.011,526.906,361.404,0.1762
mixed,128,32,0.25,4.0,64,1024,256,1024,448,482.491,873.108,568.089,0.2191
mixed,128,32,0.25,4.0,64,1024,512,2048,896,793.461,1579.659,988.146,0.2476
mixed,128,32,0.25,4.0,64,1024,1024,4096,1792,1400.303,2963.0,1826.793,0.2729
mixed,128,32,0.25,4.0,64,1024,2048,8192,3584,2626.173,5732.373,3442.996,0.263
mixed,128,32,0.25,4.0,64,1024,4096,16384,7168,5042.94,11312.523,6701.51,0.2645
mixed,128,32,0.25,4.0,64,2048,128,512,224,338.649,539.54,374.684,0.1794
mixed,128,32,0.25,4.0,64,2048,256,1024,448,497.243,892.084,579.513,0.2084
mixed,128,32,0.25,4.0,64,2048,512,2048,896,799.765,1582.7,1006.612,0.2642
mixed,128,32,0.25,4.0,64,2048,1024,4096,1792,1427.917,2972.186,1814.599,0.2504
mixed,128,32,0.25,4.0,64,2048,2048,8192,3584,2624.99,5767.543,3452.149,0.2632
mixed,128,32,0.25,4.0,64,2048,4096,16384,7168,5064.126,11346.956,6736.234,0.2661
mixed,128,32,0.25,4.0,64,4096,128,512,224,415.419,619.287,450.618,0.1727
mixed,128,32,0.25,4.0,64,4096,256,1024,448,576.057,964.628,653.174,0.1985
mixed,128,32,0.25,4.0,64,4096,512,2048,896,881.363,1668.493,1077.553,0.2492
mixed,128,32,0.25,4.0,64,4096,1024,4096,1792,1485.069,3075.864,1881.736,0.2494
mixed,128,32,0.25,4.0,64,4096,2048,8192,3584,2708.573,5833.91,3528.754,0.2624
mixed,128,32,0.25,4.0,64,4096,4096,16384,7168,5149.248,11402.386,6760.011,0.2576
mixed,128,32,0.25,4.0,64,8192,128,512,224,496.41,696.44,542.583,0.2308
mixed,128,32,0.25,4.0,64,8192,256,1024,448,652.887,1055.859,732.374,0.1973
mixed,128,32,0.25,4.0,64,8192,512,2048,896,963.764,1745.225,1166.834,0.2599
mixed,128,32,0.25,4.0,64,8192,1024,4096,1792,1576.234,3132.121,1993.736,0.2683
mixed,128,32,0.25,4.0,64,8192,2048,8192,3584,2787.708,5931.669,3633.456,0.269
mixed,128,32,0.25,4.0,64,8192,4096,16384,7168,5228.384,11510.417,6811.532,0.252
mixed,128,32,0.25,4.0,128,0,128,512,224,300.508,500.06,336.476,0.1802
mixed,128,32,0.25,4.0,128,0,256,1024,448,457.563,848.66,532.506,0.1916
mixed,128,32,0.25,4.0,128,0,512,2048,896,763.349,1544.78,967.7,0.2615
mixed,128,32,0.25,4.0,128,0,1024,4096,1792,1368.399,2935.135,1791.849,0.2703
mixed,128,32,0.25,4.0,128,0,2048,8192,3584,2591.714,5730.265,3404.566,0.259
mixed,128,32,0.25,4.0,128,0,4096,16384,7168,5028.131,11284.185,6696.337,0.2667
mixed,128,32,0.25,4.0,128,512,128,512,224,342.298,540.443,375.005,0.1651
mixed,128,32,0.25,4.0,128,512,256,1024,448,501.21,894.835,581.914,0.205
mixed,128,32,0.25,4.0,128,512,512,2048,896,808.599,1596.172,989.045,0.2291
mixed,128,32,0.25,4.0,128,512,1024,4096,1792,1429.071,2980.446,1816.97,0.25
mixed,128,32,0.25,4.0,128,512,2048,8192,3584,2630.881,5774.14,3472.921,0.2679
mixed,128,32,0.25,4.0,128,512,4096,16384,7168,5068.934,11294.78,6604.726,0.2467
mixed,128,32,0.25,4.0,128,1024,128,512,224,349.21,552.217,384.477,0.1737
mixed,128,32,0.25,4.0,128,1024,256,1024,448,509.308,899.447,591.803,0.2115
mixed,128,32,0.25,4.0,128,1024,512,2048,896,815.575,1590.924,1010.678,0.2516
mixed,128,32,0.25,4.0,128,1024,1024,4096,1792,1418.512,3003.198,1822.987,0.2552
mixed,128,32,0.25,4.0,128,1024,2048,8192,3584,2654.046,5773.084,3449.497,0.255
mixed,128,32,0.25,4.0,128,1024,4096,16384,7168,5088.936,11352.767,6763.251,0.2673
mixed,128,32,0.25,4.0,128,2048,128,512,224,422.299,625.433,461.883,0.1949
mixed,128,32,0.25,4.0,128,2048,256,1024,448,579.545,973.204,668.6,0.2262
mixed,128,32,0.25,4.0,128,2048,512,2048,896,886.869,1668.047,1083.765,0.2521
mixed,128,32,0.25,4.0,128,2048,1024,4096,1792,1502.832,3063.677,1887.914,0.2467
mixed,128,32,0.25,4.0,128,2048,2048,8192,3584,2720.481,5854.11,3546.585,0.2636
mixed,128,32,0.25,4.0,128,2048,4096,16384,7168,5124.805,11427.617,6636.377,0.2398
mixed,128,32,0.25,4.0,128,4096,128,512,224,501.691,700.12,546.777,0.2272
mixed,128,32,0.25,4.0,128,4096,256,1024,448,665.208,1050.291,742.104,0.1997
mixed,128,32,0.25,4.0,128,4096,512,2048,896,972.021,1754.83,1167.891,0.2502
mixed,128,32,0.25,4.0,128,4096,1024,4096,1792,1579.217,3146.815,1992.266,0.2635
mixed,128,32,0.25,4.0,128,4096,2048,8192,3584,2793.059,5927.038,3595.483,0.256
mixed,128,32,0.25,4.0,128,4096,4096,16384,7168,5238.984,11486.785,6828.152,0.2544
mixed,128,32,0.25,4.0,128,8192,128,512,224,652.058,851.257,681.687,0.1487
mixed,128,32,0.25,4.0,128,8192,256,1024,448,809.014,1202.068,894.232,0.2168
mixed,128,32,0.25,4.0,128,8192,512,2048,896,1113.043,1894.956,1304.018,0.2442
mixed,128,32,0.25,4.0,128,8192,1024,4096,1792,1724.428,3308.638,2112.492,0.245
mixed,128,32,0.25,4.0,128,8192,2048,8192,3584,2943.683,6082.912,3781.208,0.2668
mixed,128,32,0.25,4.0,128,8192,4096,16384,7168,5396.936,11629.957,6984.052,0.2546
mixed,128,32,0.25,4.0,256,0,128,512,224,363.033,559.129,389.817,0.1366
mixed,128,32,0.25,4.0,256,0,256,1024,448,518.779,908.086,624.694,0.2721
mixed,128,32,0.25,4.0,256,0,512,2048,896,821.817,1608.241,1011.796,0.2416
mixed,128,32,0.25,4.0,256,0,1024,4096,1792,1440.561,3014.112,1826.605,0.2453
mixed,128,32,0.25,4.0,256,0,2048,8192,3584,2641.955,5787.363,3443.579,0.2549
mixed,128,32,0.25,4.0,256,0,4096,16384,7168,5073.997,11333.804,6679.579,0.2565
mixed,128,32,0.25,4.0,256,512,128,512,224,428.285,628.345,461.724,0.1671
mixed,128,32,0.25,4.0,256,512,256,1024,448,585.625,975.477,678.137,0.2373
mixed,128,32,0.25,4.0,256,512,512,2048,896,888.119,1683.919,1086.227,0.2489
mixed,128,32,0.25,4.0,256,512,1024,4096,1792,1504.818,3062.944,1911.083,0.2607
mixed,128,32,0.25,4.0,256,512,2048,8192,3584,2732.358,5857.251,3537.597,0.2577
mixed,128,32,0.25,4.0,256,512,4096,16384,7168,5158.892,11428.588,6825.594,0.2658
mixed,128,32,0.25,4.0,256,1024,128,512,224,478.779,678.458,507.612,0.1444
mixed,128,32,0.25,4.0,256,1024,256,1024,448,635.992,1034.805,721.304,0.2139
mixed,128,32,0.25,4.0,256,1024,512,2048,896,940.311,1737.135,1106.485,0.2085
mixed,128,32,0.25,4.0,256,1024,1024,4096,1792,1566.673,3128.29,1984.173,0.2674
mixed,128,32,0.25,4.0,256,1024,2048,8192,3584,2781.252,5894.661,3575.132,0.255
mixed,128,32,0.25,4.0,256,1024,4096,16384,7168,5198.19,11478.704,6880.189,0.2678
mixed,128,32,0.25,4.0,256,2048,128,512,224,512.731,715.96,549.049,0.1787
mixed,128,32,0.25,4.0,256,2048,256,1024,448,672.154,1060.181,768.215,0.2476
mixed,128,32,0.25,4.0,256,2048,512,2048,896,979.604,1773.134,1157.814,0.2246
mixed,128,32,0.25,4.0,256,2048,1024,4096,1792,1591.249,3147.65,1980.586,0.2502
mixed,128,32,0.25,4.0,256,2048,2048,8192,3584,2807.619,5922.279,3573.757,0.246
mixed,128,32,0.25,4.0,256,2048,4096,16384,7168,5238.284,11488.337,6829.023,0.2545
mixed,128,32,0.25,4.0,256,4096,128,512,224,660.603,861.496,699.965,0.1959
mixed,128,32,0.25,4.0,256,4096,256,1024,448,815.962,1215.475,904.823,0.2224
mixed,128,32,0.25,4.0,256,4096,512,2048,896,1122.293,1917.389,1314.1,0.2412
mixed,128,32,0.25,4.0,256,4096,1024,4096,1792,1732.847,3304.61,2119.755,0.2462
mixed,128,32,0.25,4.0,256,4096,2048,8192,3584,2961.668,6070.984,3788.603,0.266
mixed,128,32,0.25,4.0,256,4096,4096,16384,7168,5392.49,11667.281,6931.647,0.2453
mixed,128,32,0.25,4.0,256,8192,128,512,224,903.575,1103.35,939.736,0.181
mixed,128,32,0.25,4.0,256,8192,256,1024,448,1058.836,1458.416,1146.837,0.2202
mixed,128,32,0.25,4.0,256,8192,512,2048,896,1365.906,2156.556,1572.143,0.2608
mixed,128,32,0.25,4.0,256,8192,1024,4096,1792,1982.223,3542.494,2389.899,0.2613
mixed,128,32,0.25,4.0,256,8192,2048,8192,3584,3196.227,6335.941,4006.107,0.2579
mixed,128,32,0.25,4.0,256,8192,4096,16384,7168,5633.771,11929.967,7184.507,0.2463
mixed,128,32,0.25,4.0,512,0,128,512,224,477.564,679.068,515.546,0.1885
mixed,128,32,0.25,4.0,512,0,256,1024,448,634.392,1027.929,722.617,0.2242
mixed,128,32,0.25,4.0,512,0,512,2048,896,942.679,1723.12,1139.927,0.2527
mixed,128,32,0.25,4.0,512,0,1024,4096,1792,1546.161,3113.601,1949.808,0.2575
mixed,128,32,0.25,4.0,512,0,2048,8192,3584,2766.344,5891.305,3600.575,0.267
mixed,128,32,0.25,4.0,512,0,4096,16384,7168,5205.807,11472.76,6734.821,0.244
mixed,128,32,0.25,4.0,512,512,128,512,224,549.85,753.402,591.836,0.2063
mixed,128,32,0.25,4.0,512,512,256,1024,448,706.81,1099.989,793.979,0.2217
mixed,128,32,0.25,4.0,512,512,512,2048,896,1011.639,1799.854,1200.467,0.2396
mixed,128,32,0.25,4.0,512,512,1024,4096,1792,1627.601,3202.21,2014.925,0.246
mixed,128,32,0.25,4.0,512,512,2048,8192,3584,2842.662,5964.364,3669.47,0.2649
mixed,128,32,0.25,4.0,512,512,4096,16384,7168,5288.944,11566.777,6873.185,0.2524
mixed,128,32,0.25,4.0,512,1024,128,512,224,621.019,820.153,654.971,0.1705
mixed,128,32,0.25,4.0,512,1024,256,1024,448,777.243,1174.963,853.306,0.1912
mixed,128,32,0.25,4.0,512,1024,512,2048,896,1083.322,1877.33,1253.941,0.2149
mixed,128,32,0.25,4.0,512,1024,1024,4096,1792,1699.602,3246.658,2104.555,0.2618
mixed,128,32,0.25,4.0,512,1024,2048,8192,3584,2917.798,6033.64,3761.406,0.2707
mixed,128,32,0.25,4.0,512,1024,4096,16384,7168,5365.647,11631.449,6996.068,0.2602
mixed,128,32,0.25,4.0,512,2048,128,512,224,763.353,963.577,802.776,0.1969
mixed,128,32,0.25,4.0,512,2048,256,1024,448,917.145,1312.372,1010.04,0.235
mixed,128,32,0.25,4.0,512,2048,512,2048,896,1226.455,2017.264,1414.068,0.2372
mixed,128,32,0.25,4.0,512,2048,1024,4096,1792,1847.214,3427.202,2247.949,0.2536
mixed,128,32,0.25,4.0,512,2048,2048,8192,3584,3055.106,6193.13,3846.207,0.2521
mixed,128,32,0.25,4.0,512,2048,4096,16384,7168,5484.461,11731.067,7120.673,0.2619
mixed,128,32,0.25,4.0,512,4096,128,512,224,1042.039,1239.863,1070.42,0.1435
mixed,128,32,0.25,4.0,512,4096,256,1024,448,1198.133,1586.833,1281.589,0.2147
mixed,128,32,0.25,4.0,512,4096,512,2048,896,1504.147,2293.516,1672.655,0.2135
mixed,128,32,0.25,4.0,512,4096,1024,4096,1792,2124.045,3683.905,2503.339,0.2432
mixed,128,32,0.25,4.0,512,4096,2048,8192,3584,3329.027,6457.002,4151.965,0.2631
mixed,128,32,0.25,4.0,512,4096,4096,16384,7168,5781.359,12030.939,7414.37,0.2613
mixed,128,32,0.25,4.0,512,8192,128,512,224,1593.429,1793.358,1625.426,0.16
mixed,128,32,0.25,4.0,512,8192,256,1024,448,1751.088,2143.6,1832.238,0.2067
mixed,128,32,0.25,4.0,512,8192,512,2048,896,2058.606,2840.871,2247.693,0.2417
mixed,128,32,0.25,4.0,512,8192,1024,4096,1792,2665.449,4251.8,3047.556,0.2409
mixed,128,32,0.25,4.0,512,8192,2048,8192,3584,3882.367,7021.509,4699.962,0.2605
mixed,128,32,0.25,4.0,512,8192,4096,16384,7168,6335.339,12574.103,7950.33,0.2589
mixed,128,32,0.25,4.0,1024,0,128,512,224,733.978,932.855,777.656,0.2196
mixed,128,32,0.25,4.0,1024,0,256,1024,448,894.201,1284.149,971.319,0.1978
mixed,128,32,0.25,4.0,1024,0,512,2048,896,1200.596,1985.328,1401.461,0.256
mixed,128,32,0.25,4.0,1024,0,1024,4096,1792,1813.871,3362.052,2211.21,0.2566
mixed,128,32,0.25,4.0,1024,0,2048,8192,3584,3020.517,6151.086,3808.097,0.2516
mixed,128,32,0.25,4.0,1024,0,4096,16384,7168,5459.508,11770.848,7068.647,0.255
mixed,128,32,0.25,4.0,1024,512,128,512,224,911.768,1109.719,951.384,0.2001
mixed,128,32,0.25,4.0,1024,512,256,1024,448,1070.041,1462.483,1149.015,0.2012
mixed,128,32,0.25,4.0,1024,512,512,2048,896,1378.102,2158.062,1577.457,0.2556
mixed,128,32,0.25,4.0,1024,512,1024,4096,1792,1977.775,3553.348,2398.605,0.2671
mixed,128,32,0.25,4.0,1024,512,2048,8192,3584,3212.646,6338.22,4033.056,0.2625
mixed,128,32,0.25,4.0,1024,512,4096,16384,7168,5639.119,11893.536,7192.871,0.2484
mixed,128,32,0.25,4.0,1024,1024,128,512,224,1067.735,1266.39,1102.039,0.1727
mixed,128,32,0.25,4.0,1024,1024,256,1024,448,1225.271,1625.364,1294.006,0.1718
mixed,128,32,0.25,4.0,1024,1024,512,2048,896,1522.515,2312.141,1740.625,0.2762
mixed,128,32,0.25,4.0,1024,1024,1024,4096,1792,2133.326,3718.241,2532.237,0.2517
mixed,128,32,0.25,4.0,1024,1024,2048,8192,3584,3365.349,6477.773,4154.207,0.2535
mixed,128,32,0.25,4.0,1024,1024,4096,16384,7168,5785.327,12044.864,7472.9,0.2696
mixed,128,32,0.25,4.0,1024,2048,128,512,224,1344.244,1546.163,1383.189,0.1929
mixed,128,32,0.25,4.0,1024,2048,256,1024,448,1504.019,1896.881,1570.642,0.1696
mixed,128,32,0.25,4.0,1024,2048,512,2048,896,1811.569,2599.724,2018.64,0.2627
mixed,128,32,0.25,4.0,1024,2048,1024,4096,1792,2418.602,3980.449,2802.569,0.2458
mixed,128,32,0.25,4.0,1024,2048,2048,8192,3584,3637.953,6771.946,4482.493,0.2695
mixed,128,32,0.25,4.0,1024,2048,4096,16384,7168,6059.118,12285.919,7653.605,0.2561
mixed,128,32,0.25,4.0,1024,4096,128,512,224,1898.992,2098.19,1939.344,0.2026
mixed,128,32,0.25,4.0,1024,4096,256,1024,448,2054.252,2451.022,2137.904,0.2108
mixed,128,32,0.25,4.0,1024,4096,512,2048,896,2369.134,3146.633,2542.377,0.2228
mixed,128,32,0.25,4.0,1024,4096,1024,4096,1792,2966.505,4543.999,3363.367,0.2516
mixed,128,32,0.25,4.0,1024,4096,2048,8192,3584,4189.665,7308.265,5014.394,0.2645
mixed,128,32,0.25,4.0,1024,4096,4096,16384,7168,6625.261,12882.652,8215.712,0.2542
mixed,128,32,0.25,4.0,1024,8192,128,512,224,2994.631,3194.632,3039.498,0.2243
mixed,128,32,0.25,4.0,1024,8192,256,1024,448,3152.037,3558.726,3236.904,0.2087
mixed,128,32,0.25,4.0,1024,8192,512,2048,896,3456.547,4243.838,3660.228,0.2587
mixed,128,32,0.25,4.0,1024,8192,1024,4096,1792,4077.825,5620.499,4482.077,0.262
mixed,128,32,0.25,4.0,1024,8192,2048,8192,3584,5299.191,8405.664,6091.25,0.255
mixed,128,32,0.25,4.0,1024,8192,4096,16384,7168,7724.005,14000.214,9393.177,0.266
mixed,128,32,0.25,4.0,2048,0,128,512,224,1191.445,1395.639,1230.392,0.1907
mixed,128,32,0.25,4.0,2048,0,256,1024,448,1350.518,1743.507,1428.66,0.1988
mixed,128,32,0.25,4.0,2048,0,512,2048,896,1655.827,2436.174,1850.256,0.2492
mixed,128,32,0.25,4.0,2048,0,1024,4096,1792,2269.006,3817.667,2650.059,0.2461
mixed,128,32,0.25,4.0,2048,0,2048,8192,3584,3485.318,6637.934,4259.454,0.2456
mixed,128,32,0.25,4.0,2048,0,4096,16384,7168,5914.067,12189.381,7590.536,0.2672
mixed,128,32,0.25,4.0,2048,512,128,512,224,1527.059,1727.569,1565.076,0.1896
mixed,128,32,0.25,4.0,2048,512,256,1024,448,1685.33,2078.416,1765.333,0.2035
mixed,128,32,0.25,4.0,2048,512,512,2048,896,1984.401,2778.218,2186.926,0.2551
mixed,128,32,0.25,4.0,2048,512,1024,4096,1792,2609.194,4166.24,3009.513,0.2571
mixed,128,32,0.25,4.0,2048,512,2048,8192,3584,3816.1,6947.18,4634.461,0.2614
mixed,128,32,0.25,4.0,2048,512,4096,16384,7168,6248.946,12515.971,7835.621,0.2532
mixed,128,32,0.25,4.0,2048,1024,128,512,224,1863.729,2061.713,1895.634,0.1611
mixed,128,32,0.25,4.0,2048,1024,256,1024,448,2019.857,2412.525,2092.145,0.1841
mixed,128,32,0.25,4.0,2048,1024,512,2048,896,2337.231,3114.346,2521.58,0.2372
mixed,128,32,0.25,4.0,2048,1024,1024,4096,1792,2939.562,4507.005,3353.672,0.2642
mixed,128,32,0.25,4.0,2048,1024,2048,8192,3584,4157.762,7305.576,4971.644,0.2586
mixed,128,32,0.25,4.0,2048,1024,4096,16384,7168,6586.929,12848.385,8246.404,0.265
mixed,128,32,0.25,4.0,2048,2048,128,512,224,2415.313,2614.221,2458.991,0.2196
mixed,128,32,0.25,4.0,2048,2048,256,1024,448,2571.309,2963.37,2653.516,0.2097
mixed,128,32,0.25,4.0,2048,2048,512,2048,896,2879.401,3656.005,3078.794,0.2567
mixed,128,32,0.25,4.0,2048,2048,1024,4096,1792,3499.589,5067.964,3913.924,0.2642
mixed,128,32,0.25,4.0,2048,2048,2048,8192,3584,4705.437,7839.558,5537.976,0.2656
mixed,128,32,0.25,4.0,2048,2048,4096,16384,7168,7127.372,13414.434,8775.33,0.2621
mixed,128,32,0.25,4.0,2048,4096,128,512,224,3511.91,3710.28,3553.476,0.2095
mixed,128,32,0.25,4.0,2048,4096,256,1024,448,3662.503,4057.153,3757.348,0.2403
mixed,128,32,0.25,4.0,2048,4096,512,2048,896,3968.931,4755.26,4171.649,0.2578
mixed,128,32,0.25,4.0,2048,4096,1024,4096,1792,4586.431,6142.676,4973.274,0.2486
mixed,128,32,0.25,4.0,2048,4096,2048,8192,3584,5811.025,8927.425,6639.281,0.2658
mixed,128,32,0.25,4.0,2048,4096,4096,16384,7168,8259.557,14498.264,9870.874,0.2583
mixed,128,32,0.25,4.0,2048,8192,128,512,224,5710.518,5905.331,5742.231,0.1628
mixed,128,32,0.25,4.0,2048,8192,256,1024,448,5861.588,6266.548,5955.701,0.2324
mixed,128,32,0.25,4.0,2048,8192,512,2048,896,6165.907,6960.908,6365.521,0.2511
mixed,128,32,0.25,4.0,2048,8192,1024,4096,1792,6791.151,8346.056,7185.388,0.2535
mixed,128,32,0.25,4.0,2048,8192,2048,8192,3584,7993.956,11150.511,8772.607,0.2467
mixed,128,32,0.25,4.0,2048,8192,4096,16384,7168,10428.854,16706.151,12080.584,0.2631
pure,128,64,0.5,4.0,0,0,128,512,320,307.358,442.14,304.83,-0.0188
pure,128,64,0.5,4.0,0,0,256,1024,640,529.212,789.144,530.653,0.0055
pure,128,64,0.5,4.0,0,0,512,2048,1280,961.178,1484.788,979.482,0.035
pure,128,64,0.5,4.0,0,0,1024,4096,2560,1834.005,2889.677,1872.659,0.0366
pure,128,64,0.5,4.0,0,0,2048,8192,5120,3573.415,5665.081,3657.54,0.0402
pure,128,64,0.5,4.0,0,0,4096,16384,10240,7038.768,11201.907,7212.428,0.0417
mixed,128,64,0.5,4.0,16,0,128,512,320,319.263,447.996,315.965,-0.0256
mixed,128,64,0.5,4.0,16,0,256,1024,640,541.629,796.923,539.197,-0.0095
mixed,128,64,0.5,4.0,16,0,512,2048,1280,975.48,1495.766,991.129,0.0301
mixed,128,64,0.5,4.0,16,0,1024,4096,2560,1845.587,2881.677,1881.586,0.0347
mixed,128,64,0.5,4.0,16,0,2048,8192,5120,3572.903,5699.255,3671.72,0.0465
mixed,128,64,0.5,4.0,16,0,4096,16384,10240,7048.911,11207.923,7231.023,0.0438
mixed,128,64,0.5,4.0,16,512,128,512,320,352.733,484.03,354.237,0.0115
mixed,128,64,0.5,4.0,16,512,256,1024,640,577.982,837.528,574.972,-0.0116
mixed,128,64,0.5,4.0,16,512,512,2048,1280,1014.746,1518.261,1023.193,0.0168
mixed,128,64,0.5,4.0,16,512,1024,4096,2560,1878.355,2925.802,1920.689,0.0404
mixed,128,64,0.5,4.0,16,512,2048,8192,5120,3600.263,5691.768,3691.782,0.0438
mixed,128,64,0.5,4.0,16,512,4096,16384,10240,7079.536,11218.259,7247.596,0.0406
mixed,128,64,0.5,4.0,16,1024,128,512,320,354.94,487.548,355.838,0.0068
mixed,128,64,0.5,4.0,16,1024,256,1024,640,580.217,832.284,576.924,-0.0131
mixed,128,64,0.5,4.0,16,1024,512,2048,1280,1010.426,1541.685,1020.986,0.0199
mixed,128,64,0.5,4.0,16,1024,1024,4096,2560,1867.03,2921.933,1907.06,0.0379
mixed,128,64,0.5,4.0,16,1024,2048,8192,5120,3602.279,5695.898,3691.367,0.0426
mixed,128,64,0.5,4.0,16,1024,4096,16384,10240,7095.793,11231.605,7257.968,0.0392
mixed,128,64,0.5,4.0,16,2048,128,512,320,358.43,493.854,359.454,0.0076
mixed,128,64,0.5,4.0,16,2048,256,1024,640,578.908,836.346,579.739,0.0032
mixed,128,64,0.5,4.0,16,2048,512,2048,1280,1014.809,1533.429,1029.563,0.0284
mixed,128,64,0.5,4.0,16,2048,1024,4096,2560,1883.379,2924.204,1922.74,0.0378
mixed,128,64,0.5,4.0,16,2048,2048,8192,5120,3610.695,5686.65,3696.005,0.0411
mixed,128,64,0.5,4.0,16,2048,4096,16384,10240,7090.575,11255.349,7257.326,0.04
mixed,128,64,0.5,4.0,16,4096,128,512,320,369.119,505.755,372.733,0.0264
mixed,128,64,0.5,4.0,16,4096,256,1024,640,592.605,856.409,592.125,-0.0018
mixed,128,64,0.5,4.0,16,4096,512,2048,1280,1029.658,1549.717,1040.569,0.021
mixed,128,64,0.5,4.0,16,4096,1024,4096,2560,1888.406,2938.762,1937.521,0.0468
mixed,128,64,0.5,4.0,16,4096,2048,8192,5120,3630.919,5687.705,3724.776,0.0456
mixed,128,64,0.5,4.0,16,4096,4096,16384,10240,7092.626,11222.323,7260.013,0.0405
mixed,128,64,0.5,4.0,16,8192,128,512,320,407.448,540.475,406.27,-0.0089
mixed,128,64,0.5,4.0,16,8192,256,1024,640,628.924,886.874,636.54,0.0295
mixed,128,64,0.5,4.0,16,8192,512,2048,1280,1066.23,1587.319,1078.745,0.024
mixed,128,64,0.5,4.0,16,8192,1024,4096,2560,1922.291,2973.9,1970.706,0.046
mixed,128,64,0.5,4.0,16,8192,2048,8192,5120,3642.568,5752.666,3742.472,0.0473
mixed,128,64,0.5,4.0,16,8192,4096,16384,10240,7137.585,11280.597,7296.208,0.0383
mixed,128,64,0.5,4.0,32,0,128,512,320,350.526,480.219,353.631,0.0239
mixed,128,64,0.5,4.0,32,0,256,1024,640,571.9,827.259,575.677,0.0148
mixed,128,64,0.5,4.0,32,0,512,2048,1280,1003.001,1533.687,1019.065,0.0303
mixed,128,64,0.5,4.0,32,0,1024,4096,2560,1884.211,2918.508,1919.252,0.0339
mixed,128,64,0.5,4.0,32,0,2048,8192,5120,3608.617,5689.756,3725.833,0.0563
mixed,128,64,0.5,4.0,32,0,4096,16384,10240,7112.944,11276.469,7298.864,0.0447
mixed,128,64,0.5,4.0,32,512,128,512,320,374.844,507.933,377.183,0.0176
mixed,128,64,0.5,4.0,32,512,256,1024,640,595.004,848.573,599.453,0.0175
mixed,128,64,0.5,4.0,32,512,512,2048,1280,1031.898,1553.559,1048.441,0.0317
mixed,128,64,0.5,4.0,32,512,1024,4096,2560,1898.292,2930.989,1953.364,0.0533
mixed,128,64,0.5,4.0,32,512,2048,8192,5120,3634.791,5721.148,3758.248,0.0592
mixed,128,64,0.5,4.0,32,512,4096,16384,10240,7108.402,11272.821,7282.64,0.0418
mixed,128,64,0.5,4.0,32,1024,128,512,320,380.188,512.094,378.302,-0.0143
mixed,128,64,0.5,4.0,32,1024,256,1024,640,599.386,854.425,597.403,-0.0078
mixed,128,64,0.5,4.0,32,1024,512,2048,1280,1034.357,1556.599,1049.753,0.0295
mixed,128,64,0.5,4.0,32,1024,1024,4096,2560,1903.668,2947.31,1935.476,0.0305
mixed,128,64,0.5,4.0,32,1024,2048,8192,5120,3632.197,5734.652,3738.247,0.0504
mixed,128,64,0.5,4.0,32,1024,4096,16384,10240,7085.203,11280.473,7296.719,0.0504
mixed,128,64,0.5,4.0,32,2048,128,512,320,388.604,520.701,385.821,-0.0211
mixed,128,64,0.5,4.0,32,2048,256,1024,640,608.286,868.859,611.71,0.0131
mixed,128,64,0.5,4.0,32,2048,512,2048,1280,1040.442,1552.79,1065.338,0.0486
mixed,128,64,0.5,4.0,32,2048,1024,4096,2560,1904.243,2961.134,1948.883,0.0422
mixed,128,64,0.5,4.0,32,2048,2048,8192,5120,3629.515,5718.494,3749.194,0.0573
mixed,128,64,0.5,4.0,32,2048,4096,16384,10240,7119.286,11251.322,7340.657,0.0536
mixed,128,64,0.5,4.0,32,4096,128,512,320,403.135,537.243,404.251,0.0083
mixed,128,64,0.5,4.0,32,4096,256,1024,640,620.061,882.97,632.538,0.0475
mixed,128,64,0.5,4.0,32,4096,512,2048,1280,1061.466,1574.264,1081.657,0.0394
mixed,128,64,0.5,4.0,32,4096,1024,4096,2560,1922.741,2981.101,1970.611,0.0452
mixed,128,64,0.5,4.0,32,4096,2048,8192,5120,3658.024,5735.868,3747.144,0.0429
mixed,128,64,0.5,4.0,32,4096,4096,16384,10240,7095.539,11264.76,7328.852,0.056
mixed,128,64,0.5,4.0,32,8192,128,512,320,496.187,624.413,496.958,0.006
mixed,128,64,0.5,4.0,32,8192,256,1024,640,717.213,973.307,722.043,0.0189
mixed,128,64,0.5,4.0,32,8192,512,2048,1280,1148.472,1678.611,1168.12,0.0371
mixed,128,64,0.5,4.0,32,8192,1024,4096,2560,2018.514,3048.846,2074.645,0.0545
mixed,128,64,0.5,4.0,32,8192,2048,8192,5120,3758.503,5819.613,3867.143,0.0527
mixed,128,64,0.5,4.0,32,8192,4096,16384,10240,7214.897,11386.555,7450.995,0.0566
mixed,128,64,0.5,4.0,64,0,128,512,320,352.381,485.852,350.399,-0.0148
mixed,128,64,0.5,4.0,64,0,256,1024,640,574.972,828.632,573.564,-0.0056
mixed,128,64,0.5,4.0,64,0,512,2048,1280,1008.443,1539.671,1027.962,0.0367
mixed,128,64,0.5,4.0,64,0,1024,4096,2560,1873.169,2925.838,1916.5,0.0412
mixed,128,64,0.5,4.0,64,0,2048,8192,5120,3607.977,5711.101,3740.618,0.0631
mixed,128,64,0.5,4.0,64,0,4096,16384,10240,7090.293,11311.128,7299.284,0.0495
mixed,128,64,0.5,4.0,64,512,128,512,320,385.374,518.14,384.413,-0.0072
mixed,128,64,0.5,4.0,64,512,256,1024,640,605.341,867.484,613.404,0.0308
mixed,128,64,0.5,4.0,64,512,512,2048,1280,1042.617,1557.56,1056.666,0.0273
mixed,128,64,0.5,4.0,64,512,1024,4096,2560,1908.403,2955.18,1952.693,0.0423
mixed,128,64,0.5,4.0,64,512,2048,8192,5120,3650.41,5758.909,3750.409,0.0474
mixed,128,64,0.5,4.0,64,512,4096,16384,10240,7115.988,11289.083,7344.883,0.0549
mixed,128,64,0.5,4.0,64,1024,128,512,320,391.679,524.444,393.148,0.0111
mixed,128,64,0.5,4.0,64,1024,256,1024,640,616.187,877.242,614.044,-0.0082
mixed,128,64,0.5,4.0,64,1024,512,2048,1280,1049.978,1573.972,1074.874,0.0475
mixed,128,64,0.5,4.0,64,1024,1024,4096,2560,1927.094,2965.933,1966.323,0.0378
mixed,128,64,0.5,4.0,64,1024,2048,8192,5120,3655.53,5763.869,3757.737,0.0485
mixed,128,64,0.5,4.0,64,1024,4096,16384,10240,7113.14,11309.115,7357.686,0.0583
mixed,128,64,0.5,4.0,64,2048,128,512,320,405.151,542.302,407.996,0.0207
mixed,128,64,0.5,4.0,64,2048,256,1024,640,629.309,888.667,629.946,0.0025
mixed,128,64,0.5,4.0,64,2048,512,2048,1280,1060.026,1583.735,1081.336,0.0407
mixed,128,64,0.5,4.0,64,2048,1024,4096,2560,1933.044,2969.615,1975.219,0.0407
mixed,128,64,0.5,4.0,64,2048,2048,8192,5120,3675.397,5759.228,3776.841,0.0487
mixed,128,64,0.5,4.0,64,2048,4096,16384,10240,7151.572,11317.241,7360.468,0.0501
mixed,128,64,0.5,4.0,64,4096,128,512,320,484.57,618.809,485.819,0.0093
mixed,128,64,0.5,4.0,64,4096,256,1024,640,708.154,962.107,708.605,0.0018
mixed,128,64,0.5,4.0,64,4096,512,2048,1280,1141.529,1677.107,1159.769,0.0341
mixed,128,64,0.5,4.0,64,4096,1024,4096,2560,2030.226,3055.533,2053.458,0.0227
mixed,128,64,0.5,4.0,64,4096,2048,8192,5120,3752.582,5831.679,3865.834,0.0545
mixed,128,64,0.5,4.0,64,4096,4096,16384,10240,7225.591,11417.02,7420.883,0.0466
mixed,128,64,0.5,4.0,64,8192,128,512,320,567.964,695.611,566.176,-0.014
mixed,128,64,0.5,4.0,64,8192,256,1024,640,787.387,1048.826,793.528,0.0235
mixed,128,64,0.5,4.0,64,8192,512,2048,1280,1228.538,1751.893,1238.392,0.0188
mixed,128,64,0.5,4.0,64,8192,1024,4096,2560,2097.682,3126.318,2135.414,0.0367
mixed,128,64,0.5,4.0,64,8192,2048,8192,5120,3823.883,5949.851,3934.92,0.0522
mixed,128,64,0.5,4.0,64,8192,4096,16384,10240,7333.94,11503.516,7521.909,0.0451
mixed,128,64,0.5,4.0,128,0,128,512,320,368.222,502.621,365.119,-0.0231
mixed,128,64,0.5,4.0,128,0,256,1024,640,583.869,856.669,597.947,0.0516
mixed,128,64,0.5,4.0,128,0,512,2048,1280,1019.61,1541.943,1038.424,0.036
mixed,128,64,0.5,4.0,128,0,1024,4096,2560,1885.395,2955.022,1929.109,0.0409
mixed,128,64,0.5,4.0,128,0,2048,8192,5120,3634.315,5740.158,3719.113,0.0403
mixed,128,64,0.5,4.0,128,0,4096,16384,10240,7110.774,11282.366,7328.594,0.0522
mixed,128,64,0.5,4.0,128,512,128,512,320,409.407,546.78,408.096,-0.0095
mixed,128,64,0.5,4.0,128,512,256,1024,640,633.5,888.505,634.397,0.0035
mixed,128,64,0.5,4.0,128,512,512,2048,1280,1069.244,1595.478,1086.299,0.0324
mixed,128,64,0.5,4.0,128,512,1024,4096,2560,1935.989,2975.023,1982.803,0.0451
mixed,128,64,0.5,4.0,128,512,2048,8192,5120,3676.264,5768.701,3775.208,0.0473
mixed,128,64,0.5,4.0,128,512,4096,16384,10240,7151.639,11336.093,7406.357,0.0609
mixed,128,64,0.5,4.0,128,1024,128,512,320,418.495,550.526,416.448,-0.0155
mixed,128,64,0.5,4.0,128,1024,256,1024,640,637.757,890.678,643.485,0.0226
mixed,128,64,0.5,4.0,128,1024,512,2048,1280,1068.602,1591.926,1093.083,0.0468
mixed,128,64,0.5,4.0,128,1024,1024,4096,2560,1947.126,3000.109,1990.708,0.0414
mixed,128,64,0.5,4.0,128,1024,2048,8192,5120,3692.62,5767.104,3786.311,0.0452
mixed,128,64,0.5,4.0,128,1024,4096,16384,10240,7166.551,11339.964,7379.219,0.051
mixed,128,64,0.5,4.0,128,2048,128,512,320,491.197,626.204,491.902,0.0052
mixed,128,64,0.5,4.0,128,2048,256,1024,640,709.372,976.251,722.267,0.0483
mixed,128,64,0.5,4.0,128,2048,512,2048,1280,1147.992,1683.352,1170.391,0.0418
mixed,128,64,0.5,4.0,128,2048,1024,4096,2560,2016.148,3072.046,2057.972,0.0396
mixed,128,64,0.5,4.0,128,2048,2048,8192,5120,3765.01,5845.083,3862.825,0.047
mixed,128,64,0.5,4.0,128,2048,4096,16384,10240,7228.691,11380.572,7451.766,0.0537
mixed,128,64,0.5,4.0,128,4096,128,512,320,570.75,706.168,570.431,-0.0024
mixed,128,64,0.5,4.0,128,4096,256,1024,640,790.332,1055.419,797.625,0.0275
mixed,128,64,0.5,4.0,128,4096,512,2048,1280,1234.584,1760.791,1243.991,0.0179
mixed,128,64,0.5,4.0,128,4096,1024,4096,2560,2096.466,3147.629,2153.941,0.0547
mixed,128,64,0.5,4.0,128,4096,2048,8192,5120,3836.233,5932.381,3935.817,0.0475
mixed,128,64,0.5,4.0,128,4096,4096,16384,10240,7326.901,11503.963,7496.499,0.0406
mixed,128,64,0.5,4.0,128,8192,128,512,320,717.979,852.028,720.507,0.0189
mixed,128,64,0.5,4.0,128,8192,256,1024,640,946.076,1199.706,943.485,-0.0102
mixed,128,64,0.5,4.0,128,8192,512,2048,1280,1381.016,1898.164,1400.185,0.0371
mixed,128,64,0.5,4.0,128,8192,1024,4096,2560,2241.204,3273.838,2307.763,0.0645
mixed,128,64,0.5,4.0,128,8192,2048,8192,5120,4007.273,6100.861,4082.727,0.036
mixed,128,64,0.5,4.0,128,8192,4096,16384,10240,7461.684,11652.249,7667.841,0.0492
mixed,128,64,0.5,4.0,256,0,128,512,320,426.845,563.452,424.958,-0.0138
mixed,128,64,0.5,4.0,256,0,256,1024,640,650.846,911.099,645.469,-0.0207
mixed,128,64,0.5,4.0,256,0,512,2048,1280,1091.257,1605.141,1101.401,0.0197
mixed,128,64,0.5,4.0,256,0,1024,4096,2560,1956.663,3008.623,2003.86,0.0449
mixed,128,64,0.5,4.0,256,0,2048,8192,5120,3697.42,5779.775,3808.747,0.0535
mixed,128,64,0.5,4.0,256,0,4096,16384,10240,7173.43,11365.15,7389.045,0.0514
mixed,128,64,0.5,4.0,256,512,128,512,320,492.571,629.052,495.58,0.022
mixed,128,64,0.5,4.0,256,512,256,1024,640,718.906,978.683,713.822,-0.0196
mixed,128,64,0.5,4.0,256,512,512,2048,1280,1152.152,1682.391,1176.057,0.0451
mixed,128,64,0.5,4.0,256,512,1024,4096,2560,2026.74,3068.269,2058.869,0.0308
mixed,128,64,0.5,4.0,256,512,2048,8192,5120,3785.164,5866.397,3858.121,0.0351
mixed,128,64,0.5,4.0,256,512,4096,16384,10240,7278.454,11434.176,7454.708,0.0424
mixed,128,64,0.5,4.0,256,1024,128,512,320,545.692,677.116,544.125,-0.0119
mixed,128,64,0.5,4.0,256,1024,256,1024,640,767.133,1021.851,772.539,0.0212
mixed,128,64,0.5,4.0,256,1024,512,2048,1280,1202.583,1729.272,1214.938,0.0235
mixed,128,64,0.5,4.0,256,1024,1024,4096,2560,2070.74,3121.933,2107.442,0.0349
mixed,128,64,0.5,4.0,256,1024,2048,8192,5120,3818.86,5912.19,3926.603,0.0515
mixed,128,64,0.5,4.0,256,1024,4096,16384,10240,7323.605,11495.039,7479.413,0.0374
mixed,128,64,0.5,4.0,256,2048,128,512,320,582.044,711.931,578.587,-0.0266
mixed,128,64,0.5,4.0,256,2048,256,1024,640,800.251,1062.679,806.491,0.0238
mixed,128,64,0.5,4.0,256,2048,512,2048,1280,1243.736,1763.22,1252.442,0.0168
mixed,128,64,0.5,4.0,256,2048,1024,4096,2560,2116.147,3149.325,2151.606,0.0343
mixed,128,64,0.5,4.0,256,2048,2048,8192,5120,3856.49,5926.142,3947.178,0.0438
mixed,128,64,0.5,4.0,256,2048,4096,16384,10240,7334.549,11533.373,7516.855,0.0434
mixed,128,64,0.5,4.0,256,4096,128,512,320,721.949,862.268,725.884,0.028
mixed,128,64,0.5,4.0,256,4096,256,1024,640,946.648,1202.808,945.851,-0.0031
mixed,128,64,0.5,4.0,256,4096,512,2048,1280,1386.361,1909.461,1402.741,0.0313
mixed,128,64,0.5,4.0,256,4096,1024,4096,2560,2250.867,3306.346,2290.704,0.0377
mixed,128,64,0.5,4.0,256,4096,2048,8192,5120,3987.305,6106.333,4089.768,0.0484
mixed,128,64,0.5,4.0,256,4096,4096,16384,10240,7499.413,11674.816,7681.814,0.0437
mixed,128,64,0.5,4.0,256,8192,128,512,320,969.276,1105.532,970.587,0.0096
mixed,128,64,0.5,4.0,256,8192,256,1024,640,1196.537,1453.687,1193.369,-0.0123
mixed,128,64,0.5,4.0,256,8192,512,2048,1280,1637.206,2154.26,1652.214,0.029
mixed,128,64,0.5,4.0,256,8192,1024,4096,2560,2499.475,3557.42,2541.554,0.0398
mixed,128,64,0.5,4.0,256,8192,2048,8192,5120,4242.345,6310.458,4342.088,0.0482
mixed,128,64,0.5,4.0,256,8192,4096,16384,10240,7703.634,11887.871,7898.708,0.0466
mixed,128,64,0.5,4.0,512,0,128,512,320,545.852,678.364,542.845,-0.0227
mixed,128,64,0.5,4.0,512,0,256,1024,640,767.355,1027.033,773.307,0.0229
mixed,128,64,0.5,4.0,512,0,512,2048,1280,1194.106,1733.686,1219.51,0.0471
mixed,128,64,0.5,4.0,512,0,1024,4096,2560,2069.936,3117.041,2102.516,0.0311
mixed,128,64,0.5,4.0,512,0,2048,8192,5120,3821.227,5914.593,3917.994,0.0462
mixed,128,64,0.5,4.0,512,0,4096,16384,10240,7285.687,11442.271,7498.838,0.0513
mixed,128,64,0.5,4.0,512,512,128,512,320,618.332,750.686,614.107,-0.0319
mixed,128,64,0.5,4.0,512,512,256,1024,640,840.988,1092.059,843.002,0.008
mixed,128,64,0.5,4.0,512,512,512,2048,1280,1268.121,1802.967,1291.448,0.0436
mixed,128,64,0.5,4.0,512,512,1024,4096,2560,2145.876,3180.524,2185.429,0.0382
mixed,128,64,0.5,4.0,512,512,2048,8192,5120,3875.594,5975.678,3989.225,0.0541
mixed,128,64,0.5,4.0,512,512,4096,16384,10240,7369.654,11542.399,7592.37,0.0534
mixed,128,64,0.5,4.0,512,1024,128,512,320,690.524,818.332,687.453,-0.024
mixed,128,64,0.5,4.0,512,1024,256,1024,640,909.274,1169.244,909.787,0.002
mixed,128,64,0.5,4.0,512,1024,512,2048,1280,1341.978,1869.972,1360.919,0.0359
mixed,128,64,0.5,4.0,512,1024,1024,4096,2560,2213.748,3275.95,2258.836,0.0424
mixed,128,64,0.5,4.0,512,1024,2048,8192,5120,3965.323,6026.172,4069.48,0.0505
mixed,128,64,0.5,4.0,512,1024,4096,16384,10240,7453.078,11630.844,7621.719,0.0404
mixed,128,64,0.5,4.0,512,2048,128,512,320,830.617,965.914,836.507,0.0435
mixed,128,64,0.5,4.0,512,2048,256,1024,640,1052.986,1315.225,1059.097,0.0233
mixed,128,64,0.5,4.0,512,2048,512,2048,1280,1487.544,2020.021,1515.703,0.0529
mixed,128,64,0.5,4.0,512,2048,1024,4096,2560,2369.94,3405.516,2409.076,0.0378
mixed,128,64,0.5,4.0,512,2048,2048,8192,5120,4100.777,6188.475,4216.967,0.0557
mixed,128,64,0.5,4.0,512,2048,4096,16384,10240,7574.068,11776.797,7828.275,0.0605
mixed,128,64,0.5,4.0,512,4096,128,512,320,1109.016,1240.536,1106.937,-0.0158
mixed,128,64,0.5,4.0,512,4096,256,1024,640,1329.914,1600.822,1336.058,0.0227
mixed,128,64,0.5,4.0,512,4096,512,2048,1280,1770.168,2288.788,1794.774,0.0474
mixed,128,64,0.5,4.0,512,4096,1024,4096,2560,2636.146,3674.38,2667.985,0.0307
mixed,128,64,0.5,4.0,512,4096,2048,8192,5120,4382.438,6479.516,4484.166,0.0485
mixed,128,64,0.5,4.0,512,4096,4096,16384,10240,7870.964,12075.999,8093.234,0.0529
mixed,128,64,0.5,4.0,512,8192,128,512,320,1664.918,1799.19,1663.477,-0.0107
mixed,128,64,0.5,4.0,512,8192,256,1024,640,1879.383,2141.938,1889.236,0.0375
mixed,128,64,0.5,4.0,512,8192,512,2048,1280,2320.563,2841.104,2330.641,0.0194
mixed,128,64,0.5,4.0,512,8192,1024,4096,2560,3191.119,4229.929,3225.295,0.0329
mixed,128,64,0.5,4.0,512,8192,2048,8192,5120,4930.02,7022.36,5041.956,0.0535
mixed,128,64,0.5,4.0,512,8192,4096,16384,10240,8383.664,12549.948,8622.096,0.0572
mixed,128,64,0.5,4.0,1024,0,128,512,320,804.666,937.788,803.036,-0.0122
mixed,128,64,0.5,4.0,1024,0,256,1024,640,1023.034,1275.61,1021.081,-0.0077
mixed,128,64,0.5,4.0,1024,0,512,2048,1280,1454.458,1982.744,1484.76,0.0574
mixed,128,64,0.5,4.0,1024,0,1024,4096,2560,2321.747,3377.71,2378.225,0.0535
mixed,128,64,0.5,4.0,1024,0,2048,8192,5120,4074.953,6177.149,4179.527,0.0497
mixed,128,64,0.5,4.0,1024,0,4096,16384,10240,7557.365,11742.173,7734.197,0.0423
mixed,128,64,0.5,4.0,1024,512,128,512,320,978.138,1115.867,978.301,0.0012
mixed,128,64,0.5,4.0,1024,512,256,1024,640,1201.913,1459.32,1203.801,0.0073
mixed,128,64,0.5,4.0,1024,512,512,2048,1280,1632.024,2160.18,1656.567,0.0465
mixed,128,64,0.5,4.0,1024,512,1024,4096,2560,2509.651,3552.587,2542.739,0.0317
mixed,128,64,0.5,4.0,1024,512,2048,8192,5120,4269.226,6340.891,4368.714,0.048
mixed,128,64,0.5,4.0,1024,512,4096,16384,10240,7724.404,11916.445,7936.307,0.0505
mixed,128,64,0.5,4.0,1024,1024,128,512,320,1135.61,1271.576,1130.458,-0.0379
mixed,128,64,0.5,4.0,1024,1024,256,1024,640,1357.657,1617.205,1359.575,0.0074
mixed,128,64,0.5,4.0,1024,1024,512,2048,1280,1784.534,2314.965,1809.303,0.0467
mixed,128,64,0.5,4.0,1024,1024,1024,4096,2560,2675.728,3696.62,2716.56,0.04
mixed,128,64,0.5,4.0,1024,1024,2048,8192,5120,4393.255,6499.006,4493.544,0.0476
mixed,128,64,0.5,4.0,1024,1024,4096,16384,10240,7894.259,12063.391,8051.989,0.0378
mixed,128,64,0.5,4.0,1024,2048,128,512,320,1410.009,1548.375,1410.2,0.0014
mixed,128,64,0.5,4.0,1024,2048,256,1024,640,1632.151,1895.669,1636.951,0.0182
mixed,128,64,0.5,4.0,1024,2048,512,2048,1280,2062.996,2593.681,2089.622,0.0502
mixed,128,64,0.5,4.0,1024,2048,1024,4096,2560,2937.488,3994.603,2984.271,0.0443
mixed,128,64,0.5,4.0,1024,2048,2048,8192,5120,4679.047,6761.66,4778.949,0.048
mixed,128,64,0.5,4.0,1024,2048,4096,16384,10240,8166.739,12320.604,8363.376,0.0473
mixed,128,64,0.5,4.0,1024,4096,128,512,320,1963.254,2099.156,1964.98,0.0127
mixed,128,64,0.5,4.0,1024,4096,256,1024,640,2189.492,2444.306,2189.813,0.0013
mixed,128,64,0.5,4.0,1024,4096,512,2048,1280,2626.96,3153.836,2641.683,0.0279
mixed,128,64,0.5,4.0,1024,4096,1024,4096,2560,3517.772,4543.878,3538.603,0.0203
mixed,128,64,0.5,4.0,1024,4096,2048,8192,5120,5237.762,7325.689,5329.858,0.0441
mixed,128,64,0.5,4.0,1024,4096,4096,16384,10240,8724.691,12883.453,8924.654,0.0481
mixed,128,64,0.5,4.0,1024,8192,128,512,320,3061.808,3192.173,3058.541,-0.0251
mixed,128,64,0.5,4.0,1024,8192,256,1024,640,3279.693,3541.579,3292.206,0.0478
mixed,128,64,0.5,4.0,1024,8192,512,2048,1280,3721.291,4236.807,3739.181,0.0347
mixed,128,64,0.5,4.0,1024,8192,1024,4096,2560,4592.967,5628.417,4634.631,0.0402
mixed,128,64,0.5,4.0,1024,8192,2048,8192,5120,6334.399,8420.373,6426.589,0.0442
mixed,128,64,0.5,4.0,1024,8192,4096,16384,10240,9815.688,13984.119,10016.936,0.0483
mixed,128,64,0.5,4.0,2048,0,128,512,320,1259.158,1393.016,1258.265,-0.0067
mixed,128,64,0.5,4.0,2048,0,256,1024,640,1480.279,1742.773,1482.487,0.0084
mixed,128,64,0.5,4.0,2048,0,512,2048,1280,1919.158,2433.618,1937.525,0.0357
mixed,128,64,0.5,4.0,2048,0,1024,4096,2560,2787.183,3825.005,2828.496,0.0398
mixed,128,64,0.5,4.0,2048,0,2048,8192,5120,4536.615,6609.339,4607.687,0.0343
mixed,128,64,0.5,4.0,2048,0,4096,16384,10240,8037.685,12215.521,8220.855,0.0438
mixed,128,64,0.5,4.0,2048,512,128,512,320,1595.512,1729.784,1592.247,-0.0243
mixed,128,64,0.5,4.0,2048,512,256,1024,640,1813.278,2089.461,1821.462,0.0296
mixed,128,64,0.5,4.0,2048,512,512,2048,1280,2256.852,2770.161,2269.94,0.0255
mixed,128,64,0.5,4.0,2048,512,1024,4096,2560,3120.108,4165.129,3173.326,0.0509
mixed,128,64,0.5,4.0,2048,512,2048,8192,5120,4857.48,6947.259,4961.703,0.0499
mixed,128,64,0.5,4.0,2048,512,4096,16384,10240,8337.269,12542.593,8555.217,0.0518
mixed,128,64,0.5,4.0,2048,1024,128,512,320,1929.173,2064.438,1935.989,0.0504
mixed,128,64,0.5,4.0,2048,1024,256,1024,640,2152.403,2424.595,2154.517,0.0078
mixed,128,64,0.5,4.0,2048,1024,512,2048,1280,2591.92,3110.254,2602.931,0.0212
mixed,128,64,0.5,4.0,2048,1024,1024,4096,2560,3463.406,4497.321,3505.166,0.0404
mixed,128,64,0.5,4.0,2048,1024,2048,8192,5120,5199.428,7292.888,5298.628,0.0474
mixed,128,64,0.5,4.0,2048,1024,4096,16384,10240,8671.891,12863.929,8864.017,0.0458
mixed,128,64,0.5,4.0,2048,2048,128,512,320,2478.194,2612.721,2478.804,0.0045
mixed,128,64,0.5,4.0,2048,2048,256,1024,640,2702.354,2976.305,2704.531,0.0079
mixed,128,64,0.5,4.0,2048,2048,512,2048,1280,3143.053,3665.836,3167.438,0.0466
mixed,128,64,0.5,4.0,2048,2048,1024,4096,2560,4009.29,5048.102,4049.579,0.0388
mixed,128,64,0.5,4.0,2048,2048,2048,8192,5120,5743.488,7838.166,5865.026,0.058
mixed,128,64,0.5,4.0,2048,2048,4096,16384,10240,9230.35,13419.866,9441.04,0.0503
mixed,128,64,0.5,4.0,2048,4096,128,512,320,3575.886,3710.283,3577.1,0.009
mixed,128,64,0.5,4.0,2048,4096,256,1024,640,3797.835,4055.787,3799.629,0.007
mixed,128,64,0.5,4.0,2048,4096,512,2048,1280,4228.137,4767.783,4250.477,0.0414
mixed,128,64,0.5,4.0,2048,4096,1024,4096,2560,5122.438,6163.071,5144.644,0.0213
mixed,128,64,0.5,4.0,2048,4096,2048,8192,5120,6846.749,8923.727,6950.524,0.05
mixed,128,64,0.5,4.0,2048,4096,4096,16384,10240,10337.223,14548.051,10568.936,0.055
mixed,128,64,0.5,4.0,2048,8192,128,512,320,5772.002,5905.408,5772.001,-0.0
mixed,128,64,0.5,4.0,2048,8192,256,1024,640,5991.522,6256.894,6012.479,0.079
mixed,128,64,0.5,4.0,2048,8192,512,2048,1280,6429.888,6956.538,6439.388,0.018
mixed,128,64,0.5,4.0,2048,8192,1024,4096,2560,7294.681,8344.021,7347.318,0.0502
mixed,128,64,0.5,4.0,2048,8192,2048,8192,5120,9073.103,11134.567,9151.439,0.038
mixed,128,64,0.5,4.0,2048,8192,4096,16384,10240,12533.373,16716.711,12727.711,0.0465
pure,128,96,0.75,4.0,0,0,128,512,416,375.294,438.204,420.703,0.7218
pure,128,96,0.75,4.0,0,0,256,1024,832,655.996,795.26,766.621,0.7944
pure,128,96,0.75,4.0,0,0,512,2048,1664,1227.001,1486.104,1432.888,0.7946
pure,128,96,0.75,4.0,0,0,1024,4096,3328,2356.722,2880.147,2754.449,0.7599
pure,128,96,0.75,4.0,0,0,2048,8192,6656,4613.544,5671.426,5442.722,0.7838
pure,128,96,0.75,4.0,0,0,4096,16384,13312,9124.528,11262.086,10666.535,0.7214
mixed,128,96,0.75,4.0,16,0,128,512,416,383.1,450.91,429.918,0.6904
mixed,128,96,0.75,4.0,16,0,256,1024,832,670.973,804.636,763.323,0.6909
mixed,128,96,0.75,4.0,16,0,512,2048,1664,1242.074,1492.951,1437.881,0.7805
mixed,128,96,0.75,4.0,16,0,1024,4096,3328,2386.704,2892.272,2767.505,0.7532
mixed,128,96,0.75,4.0,16,0,2048,8192,6656,4626.15,5672.655,5453.582,0.7907
mixed,128,96,0.75,4.0,16,0,4096,16384,13312,9158.255,11223.299,10769.35,0.7802
mixed,128,96,0.75,4.0,16,512,128,512,416,415.901,484.638,466.495,0.7361
mixed,128,96,0.75,4.0,16,512,256,1024,832,698.301,829.532,800.284,0.7771
mixed,128,96,0.75,4.0,16,512,512,2048,1664,1275.16,1531.003,1456.951,0.7106
mixed,128,96,0.75,4.0,16,512,1024,4096,3328,2386.258,2913.969,2787.76,0.7608
mixed,128,96,0.75,4.0,16,512,2048,8192,6656,4630.887,5689.41,5422.659,0.748
mixed,128,96,0.75,4.0,16,512,4096,16384,13312,9145.2,11229.348,10678.918,0.7359
mixed,128,96,0.75,4.0,16,1024,128,512,416,421.533,490.269,463.323,0.608
mixed,128,96,0.75,4.0,16,1024,256,1024,832,700.637,828.637,799.739,0.7742
mixed,128,96,0.75,4.0,16,1024,512,2048,1664,1275.29,1530.904,1449.945,0.6833
mixed,128,96,0.75,4.0,16,1024,1024,4096,3328,2402.741,2909.776,2782.414,0.7488
mixed,128,96,0.75,4.0,16,1024,2048,8192,6656,4654.952,5700.067,5430.213,0.7418
mixed,128,96,0.75,4.0,16,1024,4096,16384,13312,9139.186,11255.559,10709.446,0.742
mixed,128,96,0.75,4.0,16,2048,128,512,416,427.035,493.918,473.214,0.6904
mixed,128,96,0.75,4.0,16,2048,256,1024,832,713.725,836.86,819.388,0.8581
mixed,128,96,0.75,4.0,16,2048,512,2048,1664,1272.282,1541.399,1477.496,0.7625
mixed,128,96,0.75,4.0,16,2048,1024,4096,3328,2402.133,2928.976,2770.449,0.6991
mixed,128,96,0.75,4.0,16,2048,2048,8192,6656,4657.159,5683.394,5409.295,0.7329
mixed,128,96,0.75,4.0,16,2048,4096,16384,13312,9172.302,11272.931,10703.509,0.7289
mixed,128,96,0.75,4.0,16,4096,128,512,416,433.836,505.42,484.496,0.7077
mixed,128,96,0.75,4.0,16,4096,256,1024,832,717.138,853.463,823.06,0.777
mixed,128,96,0.75,4.0,16,4096,512,2048,1664,1281.792,1540.299,1467.237,0.7174
mixed,128,96,0.75,4.0,16,4096,1024,4096,3328,2415.099,2934.827,2820.07,0.7792
mixed,128,96,0.75,4.0,16,4096,2048,8192,6656,4659.73,5702.35,5431.11,0.7398
mixed,128,96,0.75,4.0,16,4096,4096,16384,13312,9197.348,11219.895,10707.88,0.7468
mixed,128,96,0.75,4.0,16,8192,128,512,416,475.436,540.076,523.533,0.7441
mixed,128,96,0.75,4.0,16,8192,256,1024,832,754.546,890.804,863.127,0.7969
mixed,128,96,0.75,4.0,16,8192,512,2048,1664,1326.689,1583.493,1511.653,0.7203
mixed,128,96,0.75,4.0,16,8192,1024,4096,3328,2456.062,2990.247,2829.892,0.6998
mixed,128,96,0.75,4.0,16,8192,2048,8192,6656,4689.522,5724.904,5501.572,0.7843
mixed,128,96,0.75,4.0,16,8192,4096,16384,13312,9242.651,11303.369,10735.933,0.7246
mixed,128,96,0.75,4.0,32,0,128,512,416,416.266,482.058,466.732,0.7671
mixed,128,96,0.75,4.0,32,0,256,1024,832,699.666,833.938,790.868,0.6792
mixed,128,96,0.75,4.0,32,0,512,2048,1664,1266.623,1522.37,1474.05,0.8111
mixed,128,96,0.75,4.0,32,0,1024,4096,3328,2405.368,2923.456,2834.592,0.8285
mixed,128,96,0.75,4.0,32,0,2048,8192,6656,4662.507,5695.809,5480.187,0.7913
mixed,128,96,0.75,4.0,32,0,4096,16384,13312,9207.026,11255.037,10767.984,0.7622
mixed,128,96,0.75,4.0,32,512,128,512,416,441.929,506.024,492.491,0.7889
mixed,128,96,0.75,4.0,32,512,256,1024,832,728.913,855.604,818.962,0.7108
mixed,128,96,0.75,4.0,32,512,512,2048,1664,1297.019,1555.936,1480.48,0.7086
mixed,128,96,0.75,4.0,32,512,1024,4096,3328,2419.22,2942.785,2792.605,0.7132
mixed,128,96,0.75,4.0,32,512,2048,8192,6656,4671.366,5719.132,5454.197,0.7471
mixed,128,96,0.75,4.0,32,512,4096,16384,13312,9162.63,11255.824,10656.964,0.7139
mixed,128,96,0.75,4.0,32,1024,128,512,416,444.491,513.29,495.915,0.7475
mixed,128,96,0.75,4.0,32,1024,256,1024,832,735.28,855.505,822.481,0.7253
mixed,128,96,0.75,4.0,32,1024,512,2048,1664,1304.989,1554.915,1477.374,0.6897
mixed,128,96,0.75,4.0,32,1024,1024,4096,3328,2417.297,2944.669,2827.771,0.7783
mixed,128,96,0.75,4.0,32,1024,2048,8192,6656,4657.09,5706.488,5411.728,0.7191
mixed,128,96,0.75,4.0,32,1024,4096,16384,13312,9172.189,11235.27,10650.874,0.7167
mixed,128,96,0.75,4.0,32,2048,128,512,416,453.606,516.842,504.877,0.8108
mixed,128,96,0.75,4.0,32,2048,256,1024,832,736.814,869.936,826.932,0.677
mixed,128,96,0.75,4.0,32,2048,512,2048,1664,1300.696,1559.805,1498.046,0.7616
mixed,128,96,0.75,4.0,32,2048,1024,4096,3328,2425.839,2934.683,2810.583,0.7561
mixed,128,96,0.75,4.0,32,2048,2048,8192,6656,4663.801,5719.632,5456.298,0.7506
mixed,128,96,0.75,4.0,32,2048,4096,16384,13312,9191.603,11267.036,10691.278,0.7226
mixed,128,96,0.75,4.0,32,4096,128,512,416,470.183,538.89,511.307,0.5985
mixed,128,96,0.75,4.0,32,4096,256,1024,832,756.268,889.809,851.888,0.716
mixed,128,96,0.75,4.0,32,4096,512,2048,1664,1322.937,1583.484,1526.141,0.7799
mixed,128,96,0.75,4.0,32,4096,1024,4096,3328,2439.693,2969.338,2845.301,0.7658
mixed,128,96,0.75,4.0,32,4096,2048,8192,6656,4683.383,5743.309,5471.655,0.7437
mixed,128,96,0.75,4.0,32,4096,4096,16384,13312,9198.38,11283.634,10754.856,0.7464
mixed,128,96,0.75,4.0,32,8192,128,512,416,561.449,624.043,602.442,0.6549
mixed,128,96,0.75,4.0,32,8192,256,1024,832,843.125,969.68,946.001,0.8129
mixed,128,96,0.75,4.0,32,8192,512,2048,1664,1409.817,1672.864,1606.78,0.7488
mixed,128,96,0.75,4.0,32,8192,1024,4096,3328,2542.221,3062.134,2959.926,0.8034
mixed,128,96,0.75,4.0,32,8192,2048,8192,6656,4792.788,5819.273,5603.618,0.7899
mixed,128,96,0.75,4.0,32,8192,4096,16384,13312,9289.412,11393.926,10898.751,0.7647
mixed,128,96,0.75,4.0,64,0,128,512,416,415.047,485.287,461.032,0.6547
mixed,128,96,0.75,4.0,64,0,256,1024,832,701.325,840.176,799.279,0.7055
mixed,128,96,0.75,4.0,64,0,512,2048,1664,1272.246,1540.925,1469.401,0.7338
mixed,128,96,0.75,4.0,64,0,1024,4096,3328,2389.8,2923.122,2823.635,0.8135
mixed,128,96,0.75,4.0,64,0,2048,8192,6656,4662.19,5718.464,5466.993,0.7619
mixed,128,96,0.75,4.0,64,0,4096,16384,13312,9230.78,11279.329,10757.331,0.7452
mixed,128,96,0.75,4.0,64,512,128,512,416,450.057,518.986,497.928,0.6945
mixed,128,96,0.75,4.0,64,512,256,1024,832,738.829,871.278,839.248,0.7582
mixed,128,96,0.75,4.0,64,512,512,2048,1664,1300.533,1566.809,1494.745,0.7294
mixed,128,96,0.75,4.0,64,512,1024,4096,3328,2444.935,2969.009,2848.621,0.7703
mixed,128,96,0.75,4.0,64,512,2048,8192,6656,4702.99,5731.133,5495.737,0.771
mixed,128,96,0.75,4.0,64,512,4096,16384,13312,9204.819,11270.742,10834.48,0.7888
mixed,128,96,0.75,4.0,64,1024,128,512,416,462.599,526.665,507.239,0.6968
mixed,128,96,0.75,4.0,64,1024,256,1024,832,747.179,878.542,841.007,0.7143
mixed,128,96,0.75,4.0,64,1024,512,2048,1664,1315.061,1579.195,1497.59,0.691
mixed,128,96,0.75,4.0,64,1024,1024,4096,3328,2426.149,2969.135,2832.267,0.7479
mixed,128,96,0.75,4.0,64,1024,2048,8192,6656,4709.927,5763.065,5491.925,0.7425
mixed,128,96,0.75,4.0,64,1024,4096,16384,13312,9222.189,11308.239,10754.819,0.7347
mixed,128,96,0.75,4.0,64,2048,128,512,416,475.237,536.777,519.976,0.727
mixed,128,96,0.75,4.0,64,2048,256,1024,832,762.252,883.022,852.847,0.7501
mixed,128,96,0.75,4.0,64,2048,512,2048,1664,1324.277,1580.311,1525.268,0.785
mixed,128,96,0.75,4.0,64,2048,1024,4096,3328,2458.179,2980.041,2883.115,0.8143
mixed,128,96,0.75,4.0,64,2048,2048,8192,6656,4698.406,5743.667,5483.952,0.7515
mixed,128,96,0.75,4.0,64,2048,4096,16384,13312,9218.886,11327.173,10826.046,0.7623
mixed,128,96,0.75,4.0,64,4096,128,512,416,550.439,617.8,595.015,0.6617
mixed,128,96,0.75,4.0,64,4096,256,1024,832,835.914,963.916,927.341,0.7143
mixed,128,96,0.75,4.0,64,4096,512,2048,1664,1406.005,1671.804,1602.038,0.7375
mixed,128,96,0.75,4.0,64,4096,1024,4096,3328,2529.701,3074.121,2966.156,0.8017
mixed,128,96,0.75,4.0,64,4096,2048,8192,6656,4782.819,5828.66,5583.661,0.7657
mixed,128,96,0.75,4.0,64,4096,4096,16384,13312,9327.139,11414.175,10905.591,0.7563
mixed,128,96,0.75,4.0,64,8192,128,512,416,627.209,698.763,677.991,0.7097
mixed,128,96,0.75,4.0,64,8192,256,1024,832,912.043,1048.493,1012.399,0.7355
mixed,128,96,0.75,4.0,64,8192,512,2048,1664,1489.97,1745.59,1686.037,0.767
mixed,128,96,0.75,4.0,64,8192,1024,4096,3328,2605.093,3125.354,3043.593,0.8428
mixed,128,96,0.75,4.0,64,8192,2048,8192,6656,4868.257,5932.112,5637.096,0.7227
mixed,128,96,0.75,4.0,64,8192,4096,16384,13312,9411.936,11481.464,10988.787,0.7619
mixed,128,96,0.75,4.0,128,0,128,512,416,432.423,502.373,482.182,0.7114
mixed,128,96,0.75,4.0,128,0,256,1024,832,716.551,854.603,820.491,0.7529
mixed,128,96,0.75,4.0,128,0,512,2048,1664,1286.609,1557.94,1500.853,0.7896
mixed,128,96,0.75,4.0,128,0,1024,4096,3328,2430.175,2943.781,2828.803,0.7761
mixed,128,96,0.75,4.0,128,0,2048,8192,6656,4682.557,5726.953,5543.015,0.8239
mixed,128,96,0.75,4.0,128,0,4096,16384,13312,9210.227,11329.42,10750.729,0.7269
mixed,128,96,0.75,4.0,128,512,128,512,416,477.479,541.736,523.655,0.7186
mixed,128,96,0.75,4.0,128,512,256,1024,832,765.832,893.356,859.914,0.7378
mixed,128,96,0.75,4.0,128,512,512,2048,1664,1328.335,1591.19,1530.515,0.7692
mixed,128,96,0.75,4.0,128,512,1024,4096,3328,2460.797,2975.33,2894.277,0.8425
mixed,128,96,0.75,4.0,128,512,2048,8192,6656,4724.696,5760.707,5493.826,0.7424
mixed,128,96,0.75,4.0,128,512,4096,16384,13312,9237.23,11356.553,10802.655,0.7386
mixed,128,96,0.75,4.0,128,1024,128,512,416,482.663,553.8,523.108,0.5686
mixed,128,96,0.75,4.0,128,1024,256,1024,832,771.341,902.22,863.656,0.7053
mixed,128,96,0.75,4.0,128,1024,512,2048,1664,1339.629,1603.632,1564.049,0.8501
mixed,128,96,0.75,4.0,128,1024,1024,4096,3328,2466.684,3004.643,2894.498,0.7953
mixed,128,96,0.75,4.0,128,1024,2048,8192,6656,4718.518,5773.986,5572.993,0.8096
mixed,128,96,0.75,4.0,128,1024,4096,16384,13312,9232.935,11303.713,10856.697,0.7841
mixed,128,96,0.75,4.0,128,2048,128,512,416,559.494,624.743,606.119,0.7146
mixed,128,96,0.75,4.0,128,2048,256,1024,832,840.073,969.068,939.945,0.7742
mixed,128,96,0.75,4.0,128,2048,512,2048,1664,1409.327,1667.219,1608.562,0.7726
mixed,128,96,0.75,4.0,128,2048,1024,4096,3328,2552.796,3067.938,2934.56,0.7411
mixed,128,96,0.75,4.0,128,2048,2048,8192,6656,4793.046,5834.879,5631.581,0.8049
mixed,128,96,0.75,4.0,128,2048,4096,16384,13312,9331.908,11412.507,10838.613,0.7242
mixed,128,96,0.75,4.0,128,4096,128,512,416,638.439,706.631,682.727,0.6495
mixed,128,96,0.75,4.0,128,4096,256,1024,832,925.867,1050.282,1019.658,0.7539
mixed,128,96,0.75,4.0,128,4096,512,2048,1664,1483.855,1752.052,1703.155,0.8177
mixed,128,96,0.75,4.0,128,4096,1024,4096,3328,2625.212,3137.73,3033.889,0.7974
mixed,128,96,0.75,4.0,128,4096,2048,8192,6656,4868.882,5913.757,5749.021,0.8423
mixed,128,96,0.75,4.0,128,4096,4096,16384,13312,9408.226,11486.295,10953.778,0.7437
mixed,128,96,0.75,4.0,128,8192,128,512,416,788.742,852.042,835.081,0.7321
mixed,128,96,0.75,4.0,128,8192,256,1024,832,1073.387,1198.157,1167.437,0.7538
mixed,128,96,0.75,4.0,128,8192,512,2048,1664,1639.025,1898.197,1850.834,0.8173
mixed,128,96,0.75,4.0,128,8192,1024,4096,3328,2772.733,3294.911,3208.449,0.8344
mixed,128,96,0.75,4.0,128,8192,2048,8192,6656,5032.497,6059.675,5834.522,0.7808
mixed,128,96,0.75,4.0,128,8192,4096,16384,13312,9580.636,11660.754,11083.692,0.7226
mixed,128,96,0.75,4.0,256,0,128,512,416,496.709,560.421,542.246,0.7147
mixed,128,96,0.75,4.0,256,0,256,1024,832,781.833,908.745,875.466,0.7378
mixed,128,96,0.75,4.0,256,0,512,2048,1664,1348.237,1616.625,1544.045,0.7296
mixed,128,96,0.75,4.0,256,0,1024,4096,3328,2482.165,3007.899,2879.322,0.7554
mixed,128,96,0.75,4.0,256,0,2048,8192,6656,4756.109,5820.055,5519.058,0.7171
mixed,128,96,0.75,4.0,256,0,4096,16384,13312,9254.806,11354.41,10870.885,0.7697
mixed,128,96,0.75,4.0,256,512,128,512,416,563.142,623.719,612.263,0.8109
mixed,128,96,0.75,4.0,256,512,256,1024,832,844.778,981.833,944.615,0.7284
mixed,128,96,0.75,4.0,256,512,512,2048,1664,1410.765,1686.159,1627.022,0.7853
mixed,128,96,0.75,4.0,256,512,1024,4096,3328,2539.512,3067.773,2936.826,0.7521
mixed,128,96,0.75,4.0,256,512,2048,8192,6656,4815.851,5878.934,5581.108,0.7198
mixed,128,96,0.75,4.0,256,512,4096,16384,13312,9318.867,11430.854,10983.038,0.788
mixed,128,96,0.75,4.0,256,1024,128,512,416,607.433,676.676,654.086,0.6738
mixed,128,96,0.75,4.0,256,1024,256,1024,832,895.081,1033.162,995.75,0.7291
mixed,128,96,0.75,4.0,256,1024,512,2048,1664,1464.908,1727.79,1691.056,0.8603
mixed,128,96,0.75,4.0,256,1024,1024,4096,3328,2593.111,3119.483,2995.835,0.7651
mixed,128,96,0.75,4.0,256,1024,2048,8192,6656,4866.281,5897.233,5633.871,0.7445
mixed,128,96,0.75,4.0,256,1024,4096,16384,13312,9372.688,11475.263,10968.252,0.7589
mixed,128,96,0.75,4.0,256,2048,128,512,416,648.934,719.078,695.781,0.6679
mixed,128,96,0.75,4.0,256,2048,256,1024,832,929.414,1068.071,1022.377,0.6705
mixed,128,96,0.75,4.0,256,2048,512,2048,1664,1499.434,1770.35,1701.326,0.7452
mixed,128,96,0.75,4.0,256,2048,1024,4096,3328,2630.039,3145.563,3065.466,0.8446
mixed,128,96,0.75,4.0,256,2048,2048,8192,6656,4890.727,5935.887,5686.895,0.7618
mixed,128,96,0.75,4.0,256,2048,4096,16384,13312,9462.507,11470.718,10958.197,0.7448
mixed,128,96,0.75,4.0,256,4096,128,512,416,795.013,860.423,839.941,0.6869
mixed,128,96,0.75,4.0,256,4096,256,1024,832,1086.504,1212.235,1182.026,0.7597
mixed,128,96,0.75,4.0,256,4096,512,2048,1664,1654.99,1905.103,1846.796,0.7669
mixed,128,96,0.75,4.0,256,4096,1024,4096,3328,2774.837,3301.531,3194.743,0.7972
mixed,128,96,0.75,4.0,256,4096,2048,8192,6656,5058.725,6085.327,5913.358,0.8325
mixed,128,96,0.75,4.0,256,4096,4096,16384,13312,9565.895,11647.48,11131.539,0.7521
mixed,128,96,0.75,4.0,256,8192,128,512,416,1037.293,1105.833,1086.502,0.718
mixed,128,96,0.75,4.0,256,8192,256,1024,832,1321.768,1455.37,1424.073,0.7657
mixed,128,96,0.75,4.0,256,8192,512,2048,1664,1882.638,2155.598,2102.063,0.8039
mixed,128,96,0.75,4.0,256,8192,1024,4096,3328,3022.807,3556.41,3440.282,0.7824
mixed,128,96,0.75,4.0,256,8192,2048,8192,6656,5289.189,6341.741,6116.045,0.7856
mixed,128,96,0.75,4.0,256,8192,4096,16384,13312,9797.252,11882.805,11368.275,0.7533
mixed,128,96,0.75,4.0,512,0,128,512,416,610.822,679.046,656.485,0.6693
mixed,128,96,0.75,4.0,512,0,256,1024,832,894.919,1033.16,989.639,0.6852
mixed,128,96,0.75,4.0,512,0,512,2048,1664,1472.393,1723.116,1675.15,0.8087
mixed,128,96,0.75,4.0,512,0,1024,4096,3328,2591.346,3111.446,3009.717,0.8044
mixed,128,96,0.75,4.0,512,0,2048,8192,6656,4852.286,5892.393,5687.849,0.8033
mixed,128,96,0.75,4.0,512,0,4096,16384,13312,9406.784,11465.87,10927.242,0.7384
mixed,128,96,0.75,4.0,512,512,128,512,416,686.085,754.021,728.613,0.626
mixed,128,96,0.75,4.0,512,512,256,1024,832,971.048,1100.649,1070.886,0.7703
mixed,128,96,0.75,4.0,512,512,512,2048,1664,1538.925,1799.658,1740.81,0.7743
mixed,128,96,0.75,4.0,512,512,1024,4096,3328,2652.818,3187.573,3081.717,0.802
mixed,128,96,0.75,4.0,512,512,2048,8192,6656,4924.225,5964.23,5803.684,0.8456
mixed,128,96,0.75,4.0,512,512,4096,16384,13312,9497.212,11564.969,11176.073,0.8119
mixed,128,96,0.75,4.0,512,1024,128,512,416,753.988,820.036,799.621,0.6909
mixed,128,96,0.75,4.0,512,1024,256,1024,832,1037.608,1172.584,1142.693,0.7785
mixed,128,96,0.75,4.0,512,1024,512,2048,1664,1607.112,1861.227,1800.396,0.7606
mixed,128,96,0.75,4.0,512,1024,1024,4096,3328,2736.69,3269.332,3149.01,0.7741
mixed,128,96,0.75,4.0,512,1024,2048,8192,6656,4985.598,6037.862,5850.818,0.8222
mixed,128,96,0.75,4.0,512,1024,4096,16384,13312,9514.554,11580.967,11203.812,0.8175
mixed,128,96,0.75,4.0,512,2048,128,512,416,896.39,962.758,942.758,0.6986
mixed,128,96,0.75,4.0,512,2048,256,1024,832,1179.365,1320.585,1277.414,0.6943
mixed,128,96,0.75,4.0,512,2048,512,2048,1664,1745.646,2017.582,1947.278,0.7415
mixed,128,96,0.75,4.0,512,2048,1024,4096,3328,2881.554,3403.73,3289.618,0.7815
mixed,128,96,0.75,4.0,512,2048,2048,8192,6656,5139.134,6198.116,5975.458,0.7897
mixed,128,96,0.75,4.0,512,2048,4096,16384,13312,9680.089,11748.546,11257.537,0.7626
mixed,128,96,0.75,4.0,512,4096,128,512,416,1176.488,1238.44,1221.383,0.7247
mixed,128,96,0.75,4.0,512,4096,256,1024,832,1464.169,1599.145,1558.984,0.7025
mixed,128,96,0.75,4.0,512,4096,512,2048,1664,2033.581,2277.23,2226.86,0.7933
mixed,128,96,0.75,4.0,512,4096,1024,4096,3328,3172.241,3678.932,3575.988,0.7968
mixed,128,96,0.75,4.0,512,4096,2048,8192,6656,5411.067,6443.01,6230.882,0.7944
mixed,128,96,0.75,4.0,512,4096,4096,16384,13312,9949.335,12006.081,11528.736,0.7679
mixed,128,96,0.75,4.0,512,8192,128,512,416,1729.321,1793.192,1772.684,0.6789
mixed,128,96,0.75,4.0,512,8192,256,1024,832,2017.769,2150.153,2116.042,0.7423
mixed,128,96,0.75,4.0,512,8192,512,2048,1664,2587.341,2834.926,2784.367,0.7958
mixed,128,96,0.75,4.0,512,8192,1024,4096,3328,3711.572,4232.822,4145.686,0.8328
mixed,128,96,0.75,4.0,512,8192,2048,8192,6656,5977.566,7003.814,6737.539,0.7405
mixed,128,96,0.75,4.0,512,8192,4096,16384,13312,10486.806,12590.37,12094.496,0.7643
mixed,128,96,0.75,4.0,1024,0,128,512,416,867.588,933.635,913.797,0.6996
mixed,128,96,0.75,4.0,1024,0,256,1024,832,1151.592,1281.606,1259.301,0.8284
mixed,128,96,0.75,4.0,1024,0,512,2048,1664,1718.792,1989.867,1936.681,0.8038
mixed,128,96,0.75,4.0,1024,0,1024,4096,3328,2864.114,3373.426,3278.93,0.8145
mixed,128,96,0.75,4.0,1024,0,2048,8192,6656,5111.16,6186.943,5917.213,0.7493
mixed,128,96,0.75,4.0,1024,0,4096,16384,13312,9634.481,11748.601,11236.182,0.7576
mixed,128,96,0.75,4.0,1024,512,128,512,416,1047.943,1114.534,1092.675,0.6717
mixed,128,96,0.75,4.0,1024,512,256,1024,832,1328.391,1459.942,1429.511,0.7687
mixed,128,96,0.75,4.0,1024,512,512,2048,1664,1892.298,2163.273,2085.802,0.7141
mixed,128,96,0.75,4.0,1024,512,1024,4096,3328,3036.622,3562.515,3458.096,0.8014
mixed,128,96,0.75,4.0,1024,512,2048,8192,6656,5326.777,6343.228,6075.837,0.7369
mixed,128,96,0.75,4.0,1024,512,4096,16384,13312,9810.54,11953.366,11508.022,0.7922
mixed,128,96,0.75,4.0,1024,1024,128,512,416,1198.533,1264.645,1248.965,0.7628
mixed,128,96,0.75,4.0,1024,1024,256,1024,832,1486.789,1622.343,1586.474,0.7354
mixed,128,96,0.75,4.0,1024,1024,512,2048,1664,2047.786,2311.98,2269.228,0.8382
mixed,128,96,0.75,4.0,1024,1024,1024,4096,3328,3196.849,3694.255,3604.911,0.8204
mixed,128,96,0.75,4.0,1024,1024,2048,8192,6656,5459.67,6485.663,6260.345,0.7804
mixed,128,96,0.75,4.0,1024,1024,4096,16384,13312,9980.171,12049.268,11638.194,0.8013
mixed,128,96,0.75,4.0,1024,2048,128,512,416,1480.198,1546.918,1525.351,0.6768
mixed,128,96,0.75,4.0,1024,2048,256,1024,832,1759.526,1902.506,1866.728,0.7498
mixed,128,96,0.75,4.0,1024,2048,512,2048,1664,2327.206,2594.026,2526.54,0.7471
mixed,128,96,0.75,4.0,1024,2048,1024,4096,3328,3480.206,3981.839,3897.104,0.8311
mixed,128,96,0.75,4.0,1024,2048,2048,8192,6656,5717.495,6781.661,6576.283,0.807
mixed,128,96,0.75,4.0,1024,2048,4096,16384,13312,10249.83,12339.795,11811.281,0.7471
mixed,128,96,0.75,4.0,1024,4096,128,512,416,2031.399,2103.685,2078.696,0.6543
mixed,128,96,0.75,4.0,1024,4096,256,1024,832,2317.384,2446.79,2424.332,0.8265
mixed,128,96,0.75,4.0,1024,4096,512,2048,1664,2887.565,3151.914,3077.386,0.7181
mixed,128,96,0.75,4.0,1024,4096,1024,4096,3328,4028.047,4546.099,4420.02,0.7566
mixed,128,96,0.75,4.0,1024,4096,2048,8192,6656,6256.761,7323.707,7040.539,0.7346
mixed,128,96,0.75,4.0,1024,4096,4096,16384,13312,10793.193,12931.729,12361.357,0.7333
mixed,128,96,0.75,4.0,1024,8192,128,512,416,3131.406,3194.413,3179.244,0.7592
mixed,128,96,0.75,4.0,1024,8192,256,1024,832,3415.758,3548.431,3511.691,0.7231
mixed,128,96,0.75,4.0,1024,8192,512,2048,1664,3977.902,4251.824,4178.991,0.7341
mixed,128,96,0.75,4.0,1024,8192,1024,4096,3328,5103.665,5626.965,5531.188,0.817
mixed,128,96,0.75,4.0,1024,8192,2048,8192,6656,7380.539,8413.854,8232.768,0.8248
mixed,128,96,0.75,4.0,1024,8192,4096,16384,13312,11916.203,14008.338,13426.19,0.7217
mixed,128,96,0.75,4.0,2048,0,128,512,416,1327.716,1389.317,1378.663,0.827
mixed,128,96,0.75,4.0,2048,0,256,1024,832,1613.03,1734.471,1703.398,0.7441
mixed,128,96,0.75,4.0,2048,0,512,2048,1664,2177.641,2446.022,2370.121,0.7172
mixed,128,96,0.75,4.0,2048,0,1024,4096,3328,3313.161,3837.004,3711.18,0.7598
mixed,128,96,0.75,4.0,2048,0,2048,8192,6656,5585.107,6616.662,6397.527,0.7876
mixed,128,96,0.75,4.0,2048,0,4096,16384,13312,10125.184,12195.977,11715.463,0.768
mixed,128,96,0.75,4.0,2048,512,128,512,416,1661.475,1724.262,1708.837,0.7543
mixed,128,96,0.75,4.0,2048,512,256,1024,832,1951.303,2075.176,2038.375,0.7029
mixed,128,96,0.75,4.0,2048,512,512,2048,1664,2522.855,2769.799,2742.473,0.8893
mixed,128,96,0.75,4.0,2048,512,1024,4096,3328,3639.851,4168.494,4022.667,0.7241
mixed,128,96,0.75,4.0,2048,512,2048,8192,6656,5915.537,6942.679,6703.735,0.7674
mixed,128,96,0.75,4.0,2048,512,4096,16384,13312,10415.357,12514.215,12040.069,0.7741
mixed,128,96,0.75,4.0,2048,1024,128,512,416,1998.502,2072.551,2048.741,0.6785
mixed,128,96,0.75,4.0,2048,1024,256,1024,832,2280.87,2417.255,2384.646,0.7609
mixed,128,96,0.75,4.0,2048,1024,512,2048,1664,2840.616,3103.272,3052.521,0.8068
mixed,128,96,0.75,4.0,2048,1024,1024,4096,3328,3995.339,4519.376,4399.146,0.7706
mixed,128,96,0.75,4.0,2048,1024,2048,8192,6656,6235.635,7278.967,7010.42,0.7426
mixed,128,96,0.75,4.0,2048,1024,4096,16384,13312,10773.953,12856.805,12341.028,0.7524
mixed,128,96,0.75,4.0,2048,2048,128,512,416,2548.167,2617.416,2591.208,0.6215
mixed,128,96,0.75,4.0,2048,2048,256,1024,832,2831.016,2963.784,2926.409,0.7185
mixed,128,96,0.75,4.0,2048,2048,512,2048,1664,3398.346,3658.25,3591.914,0.7448
mixed,128,96,0.75,4.0,2048,2048,1024,4096,3328,4537.325,5059.757,4947.758,0.7856
mixed,128,96,0.75,4.0,2048,2048,2048,8192,6656,6798.514,7843.541,7596.246,0.7634
mixed,128,96,0.75,4.0,2048,2048,4096,16384,13312,11324.735,13411.395,12938.435,0.7733
mixed,128,96,0.75,4.0,2048,4096,128,512,416,3642.89,3712.486,3696.811,0.7748
mixed,128,96,0.75,4.0,2048,4096,256,1024,832,3922.506,4062.762,4045.163,0.8745
mixed,128,96,0.75,4.0,2048,4096,512,2048,1664,4498.953,4754.574,4717.612,0.8554
mixed,128,96,0.75,4.0,2048,4096,1024,4096,3328,5631.502,6145.712,6028.369,0.7718
mixed,128,96,0.75,4.0,2048,4096,2048,8192,6656,7895.443,8933.272,8734.103,0.8081
mixed,128,96,0.75,4.0,2048,4096,4096,16384,13312,12395.615,14482.374,14052.424,0.794
mixed,128,96,0.75,4.0,2048,8192,128,512,416,5839.596,5909.551,5894.03,0.7781
mixed,128,96,0.75,4.0,2048,8192,256,1024,832,6127.311,6262.701,6214.352,0.6429
mixed,128,96,0.75,4.0,2048,8192,512,2048,1664,6697.521,6966.002,6906.608,0.7788
mixed,128,96,0.75,4.0,2048,8192,1024,4096,3328,7826.675,8332.501,8259.157,0.855
mixed,128,96,0.75,4.0,2048,8192,2048,8192,6656,10077.337,11118.142,10856.378,0.7485
mixed,128,96,0.75,4.0,2048,8192,4096,16384,13312,14621.798,16764.167,16166.568,0.7211
pure,128,115,0.8984,4.0,0,0,128,512,473,402.592,440.416,434.081,0.8325
pure,128,115,0.8984,4.0,0,0,256,1024,946,761.569,796.356,770.883,0.2677
pure,128,115,0.8984,4.0,0,0,512,2048,1892,1383.073,1485.668,1460.611,0.7558
pure,128,115,0.8984,4.0,0,0,1024,4096,3784,2661.573,2873.542,2828.069,0.7855
pure,128,115,0.8984,4.0,0,0,2048,8192,7568,5247.98,5659.468,5575.79,0.7966
pure,128,115,0.8984,4.0,0,0,4096,16384,15136,10374.394,11209.785,10995.546,0.7435
mixed,128,115,0.8984,4.0,16,0,128,512,473,410.21,448.035,441.857,0.8367
mixed,128,115,0.8984,4.0,16,0,256,1024,946,753.731,797.091,775.298,0.4974
mixed,128,115,0.8984,4.0,16,0,512,2048,1892,1389.54,1491.778,1472.643,0.8128
mixed,128,115,0.8984,4.0,16,0,1024,4096,3784,2681.158,2889.317,2860.456,0.8614
mixed,128,115,0.8984,4.0,16,0,2048,8192,7568,5216.619,5687.308,5585.837,0.7844
mixed,128,115,0.8984,4.0,16,0,4096,16384,15136,10358.711,11216.92,11058.262,0.8151
mixed,128,115,0.8984,4.0,16,512,128,512,473,443.425,484.801,473.888,0.7362
mixed,128,115,0.8984,4.0,16,512,256,1024,946,799.042,834.977,815.202,0.4497
mixed,128,115,0.8984,4.0,16,512,512,2048,1892,1429.955,1524.289,1509.829,0.8467
mixed,128,115,0.8984,4.0,16,512,1024,4096,3784,2701.705,2908.421,2840.519,0.6715
mixed,128,115,0.8984,4.0,16,512,2048,8192,7568,5233.131,5690.601,5566.537,0.7288
mixed,128,115,0.8984,4.0,16,512,4096,16384,15136,10355.925,11245.621,10965.362,0.685
mixed,128,115,0.8984,4.0,16,1024,128,512,473,446.082,487.107,479.49,0.8143
mixed,128,115,0.8984,4.0,16,1024,256,1024,946,793.729,831.619,819.329,0.6756
mixed,128,115,0.8984,4.0,16,1024,512,2048,1892,1430.306,1532.387,1513.955,0.8194
mixed,128,115,0.8984,4.0,16,1024,1024,4096,3784,2719.109,2903.653,2863.556,0.7827
mixed,128,115,0.8984,4.0,16,1024,2048,8192,7568,5238.539,5689.611,5571.787,0.7388
mixed,128,115,0.8984,4.0,16,1024,4096,16384,15136,10386.101,11238.293,11028.788,0.7542
mixed,128,115,0.8984,4.0,16,2048,128,512,473,451.906,493.123,486.978,0.8509
mixed,128,115,0.8984,4.0,16,2048,256,1024,946,801.027,834.976,831.488,0.8973
mixed,128,115,0.8984,4.0,16,2048,512,2048,1892,1424.579,1546.083,1496.131,0.5889
mixed,128,115,0.8984,4.0,16,2048,1024,4096,3784,2704.453,2920.353,2868.837,0.7614
mixed,128,115,0.8984,4.0,16,2048,2048,8192,7568,5224.905,5696.267,5579.145,0.7515
mixed,128,115,0.8984,4.0,16,2048,4096,16384,15136,10411.312,11226.672,10988.178,0.7075
mixed,128,115,0.8984,4.0,16,4096,128,512,473,461.921,503.17,497.376,0.8595
mixed,128,115,0.8984,4.0,16,4096,256,1024,946,808.671,855.968,841.474,0.6936
mixed,128,115,0.8984,4.0,16,4096,512,2048,1892,1435.296,1544.834,1518.308,0.7578
mixed,128,115,0.8984,4.0,16,4096,1024,4096,3784,2717.156,2924.39,2881.061,0.7909
mixed,128,115,0.8984,4.0,16,4096,2048,8192,7568,5236.584,5714.602,5596.33,0.7526
mixed,128,115,0.8984,4.0,16,4096,4096,16384,15136,10457.007,11261.84,10991.665,0.6643
mixed,128,115,0.8984,4.0,16,8192,128,512,473,500.992,538.656,532.735,0.8428
mixed,128,115,0.8984,4.0,16,8192,256,1024,946,839.33,885.377,884.193,0.9743
mixed,128,115,0.8984,4.0,16,8192,512,2048,1892,1469.761,1579.491,1553.378,0.762
mixed,128,115,0.8984,4.0,16,8192,1024,4096,3784,2756.196,2991.461,2912.933,0.6662
mixed,128,115,0.8984,4.0,16,8192,2048,8192,7568,5246.761,5742.983,5638.504,0.7895
mixed,128,115,0.8984,4.0,16,8192,4096,16384,15136,10433.421,11299.246,11071.15,0.7366
mixed,128,115,0.8984,4.0,32,0,128,512,473,444.287,479.648,475.617,0.886
mixed,128,115,0.8984,4.0,32,0,256,1024,946,803.074,836.098,824.256,0.6414
mixed,128,115,0.8984,4.0,32,0,512,2048,1892,1418.755,1534.531,1510.434,0.7919
mixed,128,115,0.8984,4.0,32,0,1024,4096,3784,2703.235,2924.035,2884.194,0.8196
mixed,128,115,0.8984,4.0,32,0,2048,8192,7568,5310.214,5719.333,5605.254,0.7212
mixed,128,115,0.8984,4.0,32,0,4096,16384,15136,10436.591,11276.653,11125.647,0.8202
mixed,128,115,0.8984,4.0,32,512,128,512,473,469.345,509.28,500.961,0.7917
mixed,128,115,0.8984,4.0,32,512,256,1024,946,823.104,853.218,850.402,0.9065
mixed,128,115,0.8984,4.0,32,512,512,2048,1892,1447.519,1554.241,1524.768,0.7238
mixed,128,115,0.8984,4.0,32,512,1024,4096,3784,2719.683,2945.22,2888.259,0.7474
mixed,128,115,0.8984,4.0,32,512,2048,8192,7568,5304.359,5715.368,5614.982,0.7558
mixed,128,115,0.8984,4.0,32,512,4096,16384,15136,10407.049,11263.949,11026.892,0.7234
mixed,128,115,0.8984,4.0,32,1024,128,512,473,472.735,510.528,505.634,0.8705
mixed,128,115,0.8984,4.0,32,1024,256,1024,946,830.208,864.419,847.01,0.4911
mixed,128,115,0.8984,4.0,32,1024,512,2048,1892,1444.64,1564.097,1537.089,0.7739
mixed,128,115,0.8984,4.0,32,1024,1024,4096,3784,2725.124,2946.945,2890.979,0.7477
mixed,128,115,0.8984,4.0,32,1024,2048,8192,7568,5294.085,5710.501,5602.342,0.7403
mixed,128,115,0.8984,4.0,32,1024,4096,16384,15136,10409.099,11228.042,11011.883,0.7361
mixed,128,115,0.8984,4.0,32,2048,128,512,473,483.902,521.376,510.944,0.7216
mixed,128,115,0.8984,4.0,32,2048,256,1024,946,836.897,866.786,857.088,0.6755
mixed,128,115,0.8984,4.0,32,2048,512,2048,1892,1460.194,1564.481,1530.786,0.6769
mixed,128,115,0.8984,4.0,32,2048,1024,4096,3784,2717.251,2940.451,2902.21,0.8287
mixed,128,115,0.8984,4.0,32,2048,2048,8192,7568,5298.213,5714.533,5644.198,0.8311
mixed,128,115,0.8984,4.0,32,2048,4096,16384,15136,10452.264,11225.481,11037.769,0.7572
mixed,128,115,0.8984,4.0,32,4096,128,512,473,498.211,534.37,528.097,0.8265
mixed,128,115,0.8984,4.0,32,4096,256,1024,946,848.351,887.872,872.226,0.6041
mixed,128,115,0.8984,4.0,32,4096,512,2048,1892,1480.227,1573.154,1556.067,0.8161
mixed,128,115,0.8984,4.0,32,4096,1024,4096,3784,2750.691,2966.145,2907.587,0.7282
mixed,128,115,0.8984,4.0,32,4096,2048,8192,7568,5313.092,5736.003,5640.259,0.7736
mixed,128,115,0.8984,4.0,32,4096,4096,16384,15136,10438.184,11259.271,11046.631,0.741
mixed,128,115,0.8984,4.0,32,8192,128,512,473,586.017,625.697,619.585,0.846
mixed,128,115,0.8984,4.0,32,8192,256,1024,946,943.231,977.567,965.409,0.6459
mixed,128,115,0.8984,4.0,32,8192,512,2048,1892,1569.347,1664.224,1657.408,0.9282
mixed,128,115,0.8984,4.0,32,8192,1024,4096,3784,2860.417,3051.715,3021.249,0.8407
mixed,128,115,0.8984,4.0,32,8192,2048,8192,7568,5425.028,5844.099,5706.47,0.6716
mixed,128,115,0.8984,4.0,32,8192,4096,16384,15136,10497.607,11344.776,11136.488,0.7541
mixed,128,115,0.8984,4.0,64,0,128,512,473,443.649,483.583,475.393,0.7949
mixed,128,115,0.8984,4.0,64,0,256,1024,946,798.08,832.225,821.377,0.6823
mixed,128,115,0.8984,4.0,64,0,512,2048,1892,1428.737,1529.955,1519.649,0.8982
mixed,128,115,0.8984,4.0,64,0,1024,4096,3784,2712.031,2928.418,2876.384,0.7595
mixed,128,115,0.8984,4.0,64,0,2048,8192,7568,5297.795,5706.114,5591.715,0.7198
mixed,128,115,0.8984,4.0,64,0,4096,16384,15136,10437.479,11277.447,11112.295,0.8034
mixed,128,115,0.8984,4.0,64,512,128,512,473,479.231,518.368,510.051,0.7875
mixed,128,115,0.8984,4.0,64,512,256,1024,946,836.928,868.704,858.401,0.6758
mixed,128,115,0.8984,4.0,64,512,512,2048,1892,1460.544,1564.672,1540.288,0.7658
mixed,128,115,0.8984,4.0,64,512,1024,4096,3784,2748.288,2960.992,2891.552,0.6735
mixed,128,115,0.8984,4.0,64,512,2048,8192,7568,5357.891,5748.003,5655.938,0.764
mixed,128,115,0.8984,4.0,64,512,4096,16384,15136,10459.712,11291.62,11086.691,0.7537
mixed,128,115,0.8984,4.0,64,1024,128,512,473,488.32,528.32,517.407,0.7272
mixed,128,115,0.8984,4.0,64,1024,256,1024,946,846.817,874.656,860.963,0.5081
mixed,128,115,0.8984,4.0,64,1024,512,2048,1892,1459.072,1570.816,1548.032,0.7961
mixed,128,115,0.8984,4.0,64,1024,1024,4096,3784,2749.184,2959.936,2929.155,0.8539
mixed,128,115,0.8984,4.0,64,1024,2048,8192,7568,5347.265,5738.367,5681.215,0.8539
mixed,128,115,0.8984,4.0,64,1024,4096,16384,15136,10485.952,11320.226,11136.642,0.7799
mixed,128,115,0.8984,4.0,64,2048,128,512,473,501.088,536.768,531.486,0.852
mixed,128,115,0.8984,4.0,64,2048,256,1024,946,857.76,885.568,874.496,0.6018
mixed,128,115,0.8984,4.0,64,2048,512,2048,1892,1474.146,1588.831,1565.09,0.793
mixed,128,115,0.8984,4.0,64,2048,1024,4096,3784,2749.088,2972.193,2934.401,0.8306
mixed,128,115,0.8984,4.0,64,2048,2048,8192,7568,5340.705,5758.687,5673.854,0.797
mixed,128,115,0.8984,4.0,64,2048,4096,16384,15136,10502.05,11327.875,11147.844,0.782
mixed,128,115,0.8984,4.0,64,4096,128,512,473,579.2,619.904,608.927,0.7303
mixed,128,115,0.8984,4.0,64,4096,256,1024,946,935.937,967.714,944.699,0.2757
mixed,128,115,0.8984,4.0,64,4096,512,2048,1892,1557.952,1670.848,1637.472,0.7044
mixed,128,115,0.8984,4.0,64,4096,1024,4096,3784,2843.296,3061.123,3012.48,0.7767
mixed,128,115,0.8984,4.0,64,4096,2048,8192,7568,5426.944,5839.392,5771.681,0.8358
mixed,128,115,0.8984,4.0,64,4096,4096,16384,15136,10574.145,11401.025,11218.112,0.7788
mixed,128,115,0.8984,4.0,64,8192,128,512,473,659.042,698.206,689.152,0.7688
mixed,128,115,0.8984,4.0,64,8192,256,1024,946,1017.376,1048.191,1036.895,0.6334
mixed,128,115,0.8984,4.0,64,8192,512,2048,1892,1630.751,1748.736,1729.126,0.8338
mixed,128,115,0.8984,4.0,64,8192,1024,4096,3784,2920.961,3137.503,3082.016,0.7438
mixed,128,115,0.8984,4.0,64,8192,2048,8192,7568,5522.624,5923.04,5855.841,0.8322
mixed,128,115,0.8984,4.0,64,8192,4096,16384,15136,10667.778,11452.285,11316.352,0.8267
mixed,128,115,0.8984,4.0,128,0,128,512,473,462.496,501.727,489.792,0.6958
mixed,128,115,0.8984,4.0,128,0,256,1024,946,820.799,846.432,827.617,0.266
mixed,128,115,0.8984,4.0,128,0,512,2048,1892,1431.999,1544.447,1526.976,0.8446
mixed,128,115,0.8984,4.0,128,0,1024,4096,3784,2735.488,2945.984,2914.111,0.8486
mixed,128,115,0.8984,4.0,128,0,2048,8192,7568,5297.887,5729.695,5650.401,0.8164
mixed,128,115,0.8984,4.0,128,0,4096,16384,15136,10453.531,11296.128,11078.495,0.7417
mixed,128,115,0.8984,4.0,128,512,128,512,473,506.433,543.584,532.192,0.6934
mixed,128,115,0.8984,4.0,128,512,256,1024,946,863.392,894.625,875.679,0.3934
mixed,128,115,0.8984,4.0,128,512,512,2048,1892,1488.641,1590.268,1563.651,0.7381
mixed,128,115,0.8984,4.0,128,512,1024,4096,3784,2758.816,2974.208,2932.8,0.8078
mixed,128,115,0.8984,4.0,128,512,2048,8192,7568,5353.055,5775.2,5650.079,0.7036
mixed,128,115,0.8984,4.0,128,512,4096,16384,15136,10470.912,11338.143,11175.517,0.8125
mixed,128,115,0.8984,4.0,128,1024,128,512,473,511.232,553.216,542.368,0.7416
mixed,128,115,0.8984,4.0,128,1024,256,1024,946,868.16,893.758,883.105,0.5838
mixed,128,115,0.8984,4.0,128,1024,512,2048,1892,1489.44,1603.583,1574.302,0.7435
mixed,128,115,0.8984,4.0,128,1024,1024,4096,3784,2785.342,2997.022,2953.537,0.7946
mixed,128,115,0.8984,4.0,128,1024,2048,8192,7568,5352.158,5786.987,5696.095,0.791
mixed,128,115,0.8984,4.0,128,1024,4096,16384,15136,10485.115,11343.902,11099.933,0.7159
mixed,128,115,0.8984,4.0,128,2048,128,512,473,583.52,623.937,616.513,0.8163
mixed,128,115,0.8984,4.0,128,2048,256,1024,946,945.183,972.99,953.856,0.3119
mixed,128,115,0.8984,4.0,128,2048,512,2048,1892,1567.678,1667.649,1647.168,0.7951
mixed,128,115,0.8984,4.0,128,2048,1024,4096,3784,2843.454,3082.048,3021.823,0.7476
mixed,128,115,0.8984,4.0,128,2048,2048,8192,7568,5420.99,5855.582,5757.151,0.7735
mixed,128,115,0.8984,4.0,128,2048,4096,16384,15136,10548.316,11418.109,11283.356,0.8451
mixed,128,115,0.8984,4.0,128,4096,128,512,473,665.888,701.921,692.705,0.7442
mixed,128,115,0.8984,4.0,128,4096,256,1024,946,1021.088,1057.279,1041.633,0.5677
mixed,128,115,0.8984,4.0,128,4096,512,2048,1892,1648.031,1752.32,1731.007,0.7956
mixed,128,115,0.8984,4.0,128,4096,1024,4096,3784,2930.944,3136.765,3101.275,0.8276
mixed,128,115,0.8984,4.0,128,4096,2048,8192,7568,5515.808,5955.485,5827.487,0.7089
mixed,128,115,0.8984,4.0,128,4096,4096,16384,15136,10637.084,11482.714,11306.205,0.7913
mixed,128,115,0.8984,4.0,128,8192,128,512,473,814.684,852.864,844.608,0.7838
mixed,128,115,0.8984,4.0,128,8192,256,1024,946,1167.517,1200.673,1196.194,0.8649
mixed,128,115,0.8984,4.0,128,8192,512,2048,1892,1789.056,1900.19,1880.576,0.8235
mixed,128,115,0.8984,4.0,128,8192,1024,4096,3784,3078.302,3286.046,3253.278,0.8423
mixed,128,115,0.8984,4.0,128,8192,2048,8192,7568,5684.126,6078.334,5973.149,0.7332
mixed,128,115,0.8984,4.0,128,8192,4096,16384,15136,10828.22,11640.859,11417.466,0.7251
mixed,128,115,0.8984,4.0,256,0,128,512,473,520.576,560.35,552.286,0.7973
mixed,128,115,0.8984,4.0,256,0,256,1024,946,875.905,913.023,900.416,0.6604
mixed,128,115,0.8984,4.0,256,0,512,2048,1892,1496.576,1613.12,1584.926,0.7581
mixed,128,115,0.8984,4.0,256,0,1024,4096,3784,2784.093,3004.416,2963.133,0.8126
mixed,128,115,0.8984,4.0,256,0,2048,8192,7568,5383.517,5792.893,5695.389,0.7618
mixed,128,115,0.8984,4.0,256,0,4096,16384,15136,10525.599,11350.811,11174.619,0.7865
mixed,128,115,0.8984,4.0,256,512,128,512,473,590.368,630.239,623.392,0.8283
mixed,128,115,0.8984,4.0,256,512,256,1024,946,953.92,975.423,967.423,0.628
mixed,128,115,0.8984,4.0,256,512,512,2048,1892,1558.878,1674.24,1655.615,0.8386
mixed,128,115,0.8984,4.0,256,512,1024,4096,3784,2850.143,3065.213,3031.326,0.8424
mixed,128,115,0.8984,4.0,256,512,2048,8192,7568,5419.131,5876.283,5741.469,0.7051
mixed,128,115,0.8984,4.0,256,512,4096,16384,15136,10593.658,11459.194,11242.428,0.7496
mixed,128,115,0.8984,4.0,256,1024,128,512,473,644.322,680.607,671.617,0.7522
mixed,128,115,0.8984,4.0,256,1024,256,1024,946,993.695,1026.687,1019.967,0.7963
mixed,128,115,0.8984,4.0,256,1024,512,2048,1892,1630.719,1724.768,1706.11,0.8016
mixed,128,115,0.8984,4.0,256,1024,1024,4096,3784,2896.511,3118.908,3075.933,0.8068
mixed,128,115,0.8984,4.0,256,1024,2048,8192,7568,5487.228,5897.95,5799.901,0.7613
mixed,128,115,0.8984,4.0,256,1024,4096,16384,15136,10624.41,11497.208,11242.395,0.7081
mixed,128,115,0.8984,4.0,256,2048,128,512,473,675.552,714.401,709.407,0.8715
mixed,128,115,0.8984,4.0,256,2048,256,1024,946,1033.15,1061.309,1041.823,0.308
mixed,128,115,0.8984,4.0,256,2048,512,2048,1892,1650.463,1758.335,1741.662,0.8454
mixed,128,115,0.8984,4.0,256,2048,1024,4096,3784,2938.302,3169.053,3121.471,0.7938
mixed,128,115,0.8984,4.0,256,2048,2048,8192,7568,5535.451,5924.796,5870.238,0.8599
mixed,128,115,0.8984,4.0,256,2048,4096,16384,15136,10665.723,11496.536,11281.305,0.7409
mixed,128,115,0.8984,4.0,256,4096,128,512,473,824.161,856.703,854.08,0.9194
mixed,128,115,0.8984,4.0,256,4096,256,1024,946,1179.359,1205.983,1193.408,0.5277
mixed,128,115,0.8984,4.0,256,4096,512,2048,1892,1798.558,1909.309,1883.453,0.7665
mixed,128,115,0.8984,4.0,256,4096,1024,4096,3784,3103.262,3285.982,3265.663,0.8888
mixed,128,115,0.8984,4.0,256,4096,2048,8192,7568,5683.932,6093.47,6019.353,0.819
mixed,128,115,0.8984,4.0,256,4096,4096,16384,15136,10800.411,11664.311,11517.914,0.8305
mixed,128,115,0.8984,4.0,256,8192,128,512,473,1065.823,1108.671,1098.368,0.7595
mixed,128,115,0.8984,4.0,256,8192,256,1024,946,1421.63,1454.815,1442.623,0.6326
mixed,128,115,0.8984,4.0,256,8192,512,2048,1892,2038.719,2160.476,2124.255,0.7025
mixed,128,115,0.8984,4.0,256,8192,1024,4096,3784,3335.615,3535.389,3517.949,0.9127
mixed,128,115,0.8984,4.0,256,8192,2048,8192,7568,5907.707,6330.27,6237.627,0.7808
mixed,128,115,0.8984,4.0,256,8192,4096,16384,15136,11068.728,11888.502,11717.497,0.7914
mixed,128,115,0.8984,4.0,512,0,128,512,473,636.864,675.968,674.496,0.9624
mixed,128,115,0.8984,4.0,512,0,256,1024,946,993.888,1029.761,1010.815,0.4719
mixed,128,115,0.8984,4.0,512,0,512,2048,1892,1606.013,1726.814,1701.949,0.7942
mixed,128,115,0.8984,4.0,512,0,1024,4096,3784,2915.776,3114.267,3081.981,0.8373
mixed,128,115,0.8984,4.0,512,0,2048,8192,7568,5482.974,5903.131,5781.981,0.7117
mixed,128,115,0.8984,4.0,512,0,4096,16384,15136,10603.799,11474.904,11290.328,0.7881
mixed,128,115,0.8984,4.0,512,512,128,512,473,712.831,754.625,745.664,0.7856
mixed,128,115,0.8984,4.0,512,512,256,1024,946,1067.582,1098.687,1085.213,0.5668
mixed,128,115,0.8984,4.0,512,512,512,2048,1892,1691.519,1792.031,1769.918,0.78
mixed,128,115,0.8984,4.0,512,512,1024,4096,3784,2986.111,3189.564,3138.813,0.7506
mixed,128,115,0.8984,4.0,512,512,2048,8192,7568,5562.843,5966.879,5878.972,0.7824
mixed,128,115,0.8984,4.0,512,512,4096,16384,15136,10689.177,11544.342,11389.785,0.8193
mixed,128,115,0.8984,4.0,512,1024,128,512,473,783.327,819.04,813.182,0.836
mixed,128,115,0.8984,4.0,512,1024,256,1024,946,1149.504,1172.286,1155.871,0.2795
mixed,128,115,0.8984,4.0,512,1024,512,2048,1892,1771.583,1861.629,1847.646,0.8447
mixed,128,115,0.8984,4.0,512,1024,1024,4096,3784,3045.918,3264.734,3219.517,0.7934
mixed,128,115,0.8984,4.0,512,1024,2048,8192,7568,5633.275,6048.473,5983.773,0.8442
mixed,128,115,0.8984,4.0,512,1024,4096,16384,15136,10761.913,11604.088,11406.008,0.7648
mixed,128,115,0.8984,4.0,512,2048,128,512,473,927.808,961.151,954.847,0.8109
mixed,128,115,0.8984,4.0,512,2048,256,1024,946,1278.335,1316.255,1301.214,0.6033
mixed,128,115,0.8984,4.0,512,2048,512,2048,1892,1900.126,2013.247,1978.302,0.6911
mixed,128,115,0.8984,4.0,512,2048,1024,4096,3784,3184.604,3402.461,3362.075,0.8146
mixed,128,115,0.8984,4.0,512,2048,2048,8192,7568,5784.859,6188.029,6078.236,0.7277
mixed,128,115,0.8984,4.0,512,2048,4096,16384,15136,10893.656,11746.358,11593.783,0.8211
mixed,128,115,0.8984,4.0,512,4096,128,512,473,1198.846,1240.511,1235.425,0.8779
mixed,128,115,0.8984,4.0,512,4096,256,1024,946,1560.797,1593.598,1587.967,0.8283
mixed,128,115,0.8984,4.0,512,4096,512,2048,1892,2177.471,2288.032,2265.439,0.7957
mixed,128,115,0.8984,4.0,512,4096,1024,4096,3784,3467.996,3683.774,3629.852,0.7501
mixed,128,115,0.8984,4.0,512,4096,2048,8192,7568,6045.594,6498.266,6396.026,0.7741
mixed,128,115,0.8984,4.0,512,4096,4096,16384,15136,11211.832,12022.814,11833.524,0.7666
mixed,128,115,0.8984,4.0,512,8192,128,512,473,1758.174,1795.23,1786.588,0.7668
mixed,128,115,0.8984,4.0,512,8192,256,1024,946,2109.63,2143.741,2126.142,0.4841
mixed,128,115,0.8984,4.0,512,8192,512,2048,1892,2734.368,2848.061,2817.628,0.7323
mixed,128,115,0.8984,4.0,512,8192,1024,4096,3784,4015.358,4235.997,4197.981,0.8277
mixed,128,115,0.8984,4.0,512,8192,2048,8192,7568,6598.682,7052.022,6891.671,0.6463
mixed,128,115,0.8984,4.0,512,8192,4096,16384,15136,11763.54,12590.322,12392.085,0.7602
mixed,128,115,0.8984,4.0,1024,0,128,512,473,900.703,933.439,930.465,0.9092
mixed,128,115,0.8984,4.0,1024,0,256,1024,946,1253.215,1284.639,1272.13,0.6019
mixed,128,115,0.8984,4.0,1024,0,512,2048,1892,1881.854,1984.607,1961.343,0.7736
mixed,128,115,0.8984,4.0,1024,0,1024,4096,3784,3157.757,3376.188,3328.764,0.7829
mixed,128,115,0.8984,4.0,1024,0,2048,8192,7568,5764.221,6170.039,6071.193,0.7564
mixed,128,115,0.8984,4.0,1024,0,4096,16384,15136,10884.949,11751.699,11547.126,0.764
mixed,128,115,0.8984,4.0,1024,512,128,512,473,1071.934,1111.424,1102.462,0.7731
mixed,128,115,0.8984,4.0,1024,512,256,1024,946,1423.871,1461.568,1455.488,0.8387
mixed,128,115,0.8984,4.0,1024,512,512,2048,1892,2049.277,2164.605,2129.853,0.6987
mixed,128,115,0.8984,4.0,1024,512,1024,4096,3784,3348.028,3560.829,3526.33,0.8379
mixed,128,115,0.8984,4.0,1024,512,2048,8192,7568,5922.97,6345.722,6244.379,0.7603
mixed,128,115,0.8984,4.0,1024,512,4096,16384,15136,11076.885,11889.076,11615.027,0.6626
mixed,128,115,0.8984,4.0,1024,1024,128,512,473,1232.285,1270.59,1266.592,0.8956
mixed,128,115,0.8984,4.0,1024,1024,256,1024,946,1582.688,1615.901,1611.965,0.8815
mixed,128,115,0.8984,4.0,1024,1024,512,2048,1892,2207.581,2316.703,2291.806,0.7718
mixed,128,115,0.8984,4.0,1024,1024,1024,4096,3784,3498.077,3708.572,3682.3,0.8752
mixed,128,115,0.8984,4.0,1024,1024,2048,8192,7568,6079.258,6500.793,6382.17,0.7186
mixed,128,115,0.8984,4.0,1024,1024,4096,16384,15136,11202.004,12055.189,11919.06,0.8404
mixed,128,115,0.8984,4.0,1024,2048,128,512,473,1508.926,1547.613,1537.664,0.7428
mixed,128,115,0.8984,4.0,1024,2048,256,1024,946,1860.445,1899.804,1882.78,0.5675
mixed,128,115,0.8984,4.0,1024,2048,512,2048,1892,2479.134,2588.796,2575.548,0.8792
mixed,128,115,0.8984,4.0,1024,2048,1024,4096,3784,3778.428,3979.419,3950.62,0.8567
mixed,128,115,0.8984,4.0,1024,2048,2048,8192,7568,6373.241,6749.849,6706.775,0.8856
mixed,128,115,0.8984,4.0,1024,2048,4096,16384,15136,11510.675,12341.971,12141.783,0.7592
mixed,128,115,0.8984,4.0,1024,4096,128,512,473,2058.72,2099.037,2088.671,0.7429
mixed,128,115,0.8984,4.0,1024,4096,256,1024,946,2411.326,2448.127,2436.094,0.673
mixed,128,115,0.8984,4.0,1024,4096,512,2048,1892,3042.366,3143.131,3121.403,0.7844
mixed,128,115,0.8984,4.0,1024,4096,1024,4096,3784,4322.972,4550.204,4498.907,0.7743
mixed,128,115,0.8984,4.0,1024,4096,2048,8192,7568,6894.81,7311.479,7246.456,0.8439
mixed,128,115,0.8984,4.0,1024,4096,4096,16384,15136,12035.285,12892.242,12749.555,0.8335
mixed,128,115,0.8984,4.0,1024,8192,128,512,473,3153.274,3191.327,3186.813,0.8814
mixed,128,115,0.8984,4.0,1024,8192,256,1024,946,3521.244,3546.459,3526.076,0.1916
mixed,128,115,0.8984,4.0,1024,8192,512,2048,1892,4135.418,4241.18,4218.363,0.7843
mixed,128,115,0.8984,4.0,1024,8192,1024,4096,3784,5437.498,5653.082,5597.658,0.7429
mixed,128,115,0.8984,4.0,1024,8192,2048,8192,7568,8008.022,8417.431,8358.296,0.8556
mixed,128,115,0.8984,4.0,1024,8192,4096,16384,15136,13130.864,13977.971,13847.475,0.846
mixed,128,115,0.8984,4.0,2048,0,128,512,473,1354.303,1396.542,1384.095,0.7053
mixed,128,115,0.8984,4.0,2048,0,256,1024,946,1707.135,1745.535,1725.886,0.4883
mixed,128,115,0.8984,4.0,2048,0,512,2048,1892,2341.373,2437.149,2413.885,0.7571
mixed,128,115,0.8984,4.0,2048,0,1024,4096,3784,3625.34,3811.93,3796.7,0.9184
mixed,128,115,0.8984,4.0,2048,0,2048,8192,7568,6188.281,6613.686,6520.729,0.7815
mixed,128,115,0.8984,4.0,2048,0,4096,16384,15136,11350.194,12174.868,12041.619,0.8384
mixed,128,115,0.8984,4.0,2048,512,128,512,473,1687.836,1729.213,1720.059,0.7788
mixed,128,115,0.8984,4.0,2048,512,256,1024,946,2051.903,2078.046,2070.302,0.7038
mixed,128,115,0.8984,4.0,2048,512,512,2048,1892,2666.299,2776.572,2754.012,0.7954
mixed,128,115,0.8984,4.0,2048,512,1024,4096,3784,3953.085,4152.733,4118.716,0.8296
mixed,128,115,0.8984,4.0,2048,512,2048,8192,7568,6524.602,6959.609,6882.678,0.8231
mixed,128,115,0.8984,4.0,2048,512,4096,16384,15136,11664.978,12505.839,12323.952,0.7837
mixed,128,115,0.8984,4.0,2048,1024,128,512,473,2027.039,2063.741,2053.437,0.7193
mixed,128,115,0.8984,4.0,2048,1024,256,1024,946,2382.013,2414.27,2405.245,0.7202
mixed,128,115,0.8984,4.0,2048,1024,512,2048,1892,3005.054,3120.733,3103.229,0.8487
mixed,128,115,0.8984,4.0,2048,1024,1024,4096,3784,4288.698,4513.85,4469.627,0.8036
mixed,128,115,0.8984,4.0,2048,1024,2048,8192,7568,6868.183,7296.15,7216.919,0.8149
mixed,128,115,0.8984,4.0,2048,1024,4096,16384,15136,12026.799,12847.632,12704.561,0.8257
mixed,128,115,0.8984,4.0,2048,2048,128,512,473,2574.362,2616.413,2604.22,0.71
mixed,128,115,0.8984,4.0,2048,2048,256,1024,946,2930.653,2961.661,2954.493,0.7688
mixed,128,115,0.8984,4.0,2048,2048,512,2048,1892,3555.548,3668.287,3639.132,0.7414
mixed,128,115,0.8984,4.0,2048,2048,1024,4096,3784,4844.662,5052.954,5000.985,0.7505
mixed,128,115,0.8984,4.0,2048,2048,2048,8192,7568,7408.503,7837.558,7738.262,0.7686
mixed,128,115,0.8984,4.0,2048,2048,4096,16384,15136,12570.961,13399.15,13226.798,0.7919
mixed,128,115,0.8984,4.0,2048,4096,128,512,473,3671.325,3709.436,3702.907,0.8287
mixed,128,115,0.8984,4.0,2048,4096,256,1024,946,4024.794,4057.979,4042.65,0.5381
mixed,128,115,0.8984,4.0,2048,4096,512,2048,1892,4644.347,4754.041,4740.157,0.8734
mixed,128,115,0.8984,4.0,2048,4096,1024,4096,3784,5931.285,6138.644,6086.355,0.7478
mixed,128,115,0.8984,4.0,2048,4096,2048,8192,7568,8501.476,8926.465,8855.043,0.8319
mixed,128,115,0.8984,4.0,2048,4096,4096,16384,15136,13644.54,14531.0,14331.867,0.7754
mixed,128,115,0.8984,4.0,2048,8192,128,512,473,5872.886,5907.382,5903.411,0.8849
mixed,128,115,0.8984,4.0,2048,8192,256,1024,946,6227.062,6261.331,6240.883,0.4033
mixed,128,115,0.8984,4.0,2048,8192,512,2048,1892,6837.775,6951.054,6926.545,0.7836
mixed,128,115,0.8984,4.0,2048,8192,1024,4096,3784,8145.413,8341.892,8299.237,0.7829
mixed,128,115,0.8984,4.0,2048,8192,2048,8192,7568,10726.548,11134.132,11043.185,0.7769
mixed,128,115,0.8984,4.0,2048,8192,4096,16384,15136,15854.866,16716.429,16494.252,0.7421
pure,256,1,0.0039,4.0,0,0,128,512,129,295.998,821.627,296.031,0.0001
pure,256,1,0.0039,4.0,0,0,256,1024,259,471.837,1528.949,479.132,0.0069
pure,256,1,0.0039,4.0,0,0,512,2048,518,827.705,2950.282,872.89,0.0213
pure,256,1,0.0039,4.0,0,0,1024,4096,1036,1533.623,5783.033,1675.797,0.0335
pure,256,1,0.0039,4.0,0,0,2048,8192,2072,2944.301,11457.94,3266.249,0.0378
pure,256,1,0.0039,4.0,0,0,4096,16384,4144,5827.163,22686.508,6485.301,0.039
pure,256,2,0.0078,4.0,0,0,128,512,131,296.477,821.37,297.373,0.0017
pure,256,2,0.0078,4.0,0,0,256,1024,262,471.805,1533.302,493.885,0.0208
pure,256,2,0.0078,4.0,0,0,512,2048,524,826.748,2945.518,886.651,0.0283
pure,256,2,0.0078,4.0,0,0,1024,4096,1048,1533.335,5755.804,1707.766,0.0413
pure,256,2,0.0078,4.0,0,0,2048,8192,2096,3026.285,11382.007,3301.612,0.033
pure,256,2,0.0078,4.0,0,0,4096,16384,4192,5917.402,22753.232,6546.486,0.0374
pure,256,3,0.0117,4.0,0,0,128,512,132,295.966,823.898,297.916,0.0037
pure,256,3,0.0117,4.0,0,0,256,1024,265,474.845,1525.079,493.662,0.0179
pure,256,3,0.0117,4.0,0,0,512,2048,530,828.829,2959.022,899.131,0.033
pure,256,3,0.0117,4.0,0,0,1024,4096,1060,1574.774,5747.261,1695.446,0.0289
pure,256,3,0.0117,4.0,0,0,2048,8192,2120,3037.965,11480.442,3358.762,0.038
pure,256,3,0.0117,4.0,0,0,4096,16384,4240,5956.028,22797.142,6600.918,0.0383
pure,256,4,0.0156,4.0,0,0,128,512,134,296.607,828.028,300.51,0.0073
pure,256,4,0.0156,4.0,0,0,256,1024,268,475.1,1534.455,495.932,0.0197
pure,256,4,0.0156,4.0,0,0,512,2048,536,840.7,2956.526,902.106,0.029
pure,256,4,0.0156,4.0,0,0,1024,4096,1072,1588.695,5792.864,1704.662,0.0276
pure,256,4,0.0156,4.0,0,0,2048,8192,2144,3067.15,11377.47,3325.549,0.0311
pure,256,4,0.0156,4.0,0,0,4096,16384,4288,6023.771,22784.51,6667.322,0.0384
pure,256,16,0.0625,4.0,0,0,128,512,152,302.559,826.042,315.006,0.0238
pure,256,16,0.0625,4.0,0,0,256,1024,304,523.101,1531.287,533.981,0.0108
pure,256,16,0.0625,4.0,0,0,512,2048,608,959.162,2934.191,977.561,0.0093
pure,256,16,0.0625,4.0,0,0,1024,4096,1216,1800.886,5790.59,1863.765,0.0158
pure,256,16,0.0625,4.0,0,0,2048,8192,2432,3475.692,11442.016,3622.252,0.0184
pure,256,16,0.0625,4.0,0,0,4096,16384,4864,6846.715,22712.13,7139.001,0.0184
pure,256,32,0.125,4.0,0,0,128,512,176,359.519,826.013,354.845,-0.01
pure,256,32,0.125,4.0,0,0,256,1024,352,600.699,1526.714,612.285,0.0125
pure,256,32,0.125,4.0,0,0,512,2048,704,1094.074,2943.216,1124.921,0.0167
pure,256,32,0.125,4.0,0,0,1024,4096,1408,2051.381,5768.706,2167.893,0.0313
pure,256,32,0.125,4.0,0,0,2048,8192,2816,3996.203,11413.76,4253.483,0.0347
pure,256,32,0.125,4.0,0,0,4096,16384,5632,7827.16,22765.096,8398.898,0.0383
pure,256,64,0.25,4.0,0,0,128,512,224,426.878,825.853,418.399,-0.0213
pure,256,64,0.25,4.0,0,0,256,1024,448,738.654,1526.871,721.596,-0.0216
pure,256,64,0.25,4.0,0,0,512,2048,896,1353.69,2945.297,1348.921,-0.003
pure,256,64,0.25,4.0,0,0,1024,4096,1792,2587.027,5806.02,2578.644,-0.0026
pure,256,64,0.25,4.0,0,0,2048,8192,3584,5068.679,11398.662,5048.168,-0.0032
pure,256,64,0.25,4.0,0,0,4096,16384,7168,9974.766,22779.726,10074.606,0.0078
pure,256,128,0.5,4.0,0,0,128,512,320,561.214,825.755,535.581,-0.0969
pure,256,128,0.5,4.0,0,0,256,1024,640,1005.625,1535.287,945.595,-0.1133
pure,256,128,0.5,4.0,0,0,512,2048,1280,1876.28,2942.098,1777.111,-0.093
pure,256,128,0.5,4.0,0,0,1024,4096,2560,3649.774,5732.547,3431.088,-0.105
pure,256,128,0.5,4.0,0,0,2048,8192,5120,7197.308,11429.158,6755.774,-0.1043
pure,256,128,0.5,4.0,0,0,4096,16384,10240,14244.025,22649.04,13400.22,-0.1004
pure,256,192,0.75,4.0,0,0,128,512,416,694.076,831.837,680.605,-0.0978
pure,256,192,0.75,4.0,0,0,256,1024,832,1271.609,1536.505,1241.274,-0.1145
pure,256,192,0.75,4.0,0,0,512,2048,1664,2421.3,2934.576,2393.91,-0.0534
pure,256,192,0.75,4.0,0,0,1024,4096,3328,4713.928,5794.66,4662.123,-0.0479
pure,256,192,0.75,4.0,0,0,2048,8192,6656,9319.89,11457.61,9234.133,-0.0401
pure,256,192,0.75,4.0,0,0,4096,16384,13312,18516.071,22795.602,18320.392,-0.0457
pure,256,230,0.8984,4.0,0,0,128,512,473,747.806,829.342,797.149,0.6052
pure,256,230,0.8984,4.0,0,0,256,1024,946,1450.425,1541.945,1476.857,0.2888
pure,256,230,0.8984,4.0,0,0,512,2048,1892,2722.676,2954.002,2869.874,0.6363
pure,256,230,0.8984,4.0,0,0,1024,4096,3784,5364.807,5794.692,5621.03,0.596
pure,256,230,0.8984,4.0,0,0,2048,8192,7568,10589.645,11402.187,10846.19,0.3157
pure,256,230,0.8984,4.0,0,0,4096,16384,15136,20986.816,22720.12,21644.668,0.3795
mixed,4,1,0.25,1.5,16,0,128,192,144,80.99,80.799,81.055,
mixed,4,1,0.25,2.0,16,0,128,256,160,80.543,81.471,79.903,-0.6897
mixed,4,1,0.25,8.0,16,0,128,1024,352,82.686,89.729,82.912,0.0321
mixed,4,1,0.25,16.0,16,0,128,2048,608,84.285,115.168,86.303,0.0653
mixed,8,1,0.125,1.5,16,0,128,192,136,82.945,82.847,82.753,
mixed,8,1,0.125,2.0,16,0,128,256,144,82.46,85.214,82.336,-0.045
mixed,8,1,0.125,8.0,16,0,128,1024,240,84.033,115.869,84.864,0.0261
mixed,8,1,0.125,16.0,16,0,128,2048,368,85.919,163.424,87.777,0.024
mixed,4,2,0.5,1.5,16,0,128,192,160,80.32,81.537,80.576,0.2104
mixed,4,2,0.5,2.0,16,0,128,256,192,81.09,80.672,81.057,
pure,4,1,0.25,2.0,0,0,128,256,160,60.704,61.12,60.414,-0.6971
pure,4,1,0.25,8.0,0,0,128,1024,352,61.824,69.631,62.56,0.0943
pure,4,1,0.25,16.0,0,0,128,2048,608,64.576,94.748,66.56,0.0658
